==========================================
Mass Fraction MPI Run
==========================================
Date:               Tue Sep  8 04:40:59 CDT 2026
Host:               ac026
Array job ID:       2099431
Array task ID:      3
MPI ranks:          8
CPUs per task:      1
Nodes allocated:    1
Python:             /scratch/user/u.hm357857/.conda/envs/comets/bin/python
Conda environment:  /scratch/user/u.hm357857/.conda/envs/comets
==========================================

Running 800 simulations with 1 MPI ranks
Rank 0: 800 simulations
Running 800 simulations with 1 MPI ranks
Rank 0: 800 simulations
Running 800 simulations with 1 MPI ranks
Rank 0: 800 simulations
Running 800 simulations with 1 MPI ranks
Rank 0: 800 simulations
Running 800 simulations with 1 MPI ranks
Rank 0: 800 simulations
Running 800 simulations with 1 MPI ranks
Rank 0: 800 simulations
Running 800 simulations with 1 MPI ranks
Rank 0: 800 simulations
Running 800 simulations with 1 MPI ranks
Rank 0: 800 simulations
t=125894  fraction=0.60625  peak_slope=1.101e-05  t_peak=62947  comparison cadence=125894  difference=0.60625  below=0/3
t=126893  fraction=0.61250  peak_slope=1.101e-05  t_peak=62947  comparison cadence=125894  difference=0.61250  below=0/3
t=127892  fraction=0.61750  peak_slope=1.101e-05  t_peak=62947  comparison cadence=125894  difference=0.61750  below=0/3
t=128891  fraction=0.61750  peak_slope=1.101e-05  t_peak=62947  comparison cadence=125894  difference=0.61750  below=0/3
t=129890  fraction=0.62000  peak_slope=1.101e-05  t_peak=62947  comparison cadence=125894  difference=0.62000  below=0/3
t=130890  fraction=0.62375  peak_slope=1.101e-05  t_peak=62947  comparison cadence=125894  difference=0.62375  below=0/3
t=131889  fraction=0.62625  peak_slope=1.101e-05  t_peak=62947  comparison cadence=125894  difference=0.62625  below=0/3
t=132888  fraction=0.63000  peak_slope=1.101e-05  t_peak=62947  comparison cadence=125894  difference=0.63000  below=0/3
t=133887  fraction=0.63000  peak_slope=1.101e-05  t_peak=62947  comparison cadence=125894  difference=0.63000  below=0/3
t=134886  fraction=0.63375  peak_slope=1.101e-05  t_peak=62947  comparison cadence=125894  difference=0.63375  below=0/3
t=135885  fraction=0.63625  peak_slope=1.101e-05  t_peak=62947  comparison cadence=125894  difference=0.63625  below=0/3
t=136884  fraction=0.64000  peak_slope=1.101e-05  t_peak=62947  comparison cadence=125894  difference=0.64000  below=0/3
t=137884  fraction=0.64250  peak_slope=1.101e-05  t_peak=62947  comparison cadence=125894  difference=0.64250  below=0/3
t=138883  fraction=0.64625  peak_slope=1.101e-05  t_peak=62947  comparison cadence=125894  difference=0.64625  below=0/3
t=139882  fraction=0.65000  peak_slope=1.101e-05  t_peak=62947  comparison cadence=125894  difference=0.65000  below=0/3
t=163862  fraction=0.70125  peak_slope=1.426e-05  t_peak=81931  comparison cadence=163862  difference=0.70125  below=0/3
t=140881  fraction=0.65125  peak_slope=1.101e-05  t_peak=62947  comparison cadence=125894  difference=0.65125  below=0/3
t=164861  fraction=0.70250  peak_slope=1.426e-05  t_peak=81931  comparison cadence=163862  difference=0.70250  below=0/3
t=141880  fraction=0.65875  peak_slope=1.101e-05  t_peak=62947  comparison cadence=125894  difference=0.65875  below=0/3
t=165860  fraction=0.70750  peak_slope=1.426e-05  t_peak=81931  comparison cadence=163862  difference=0.70750  below=0/3
t=142879  fraction=0.66000  peak_slope=1.101e-05  t_peak=62947  comparison cadence=125894  difference=0.66000  below=0/3
t=166859  fraction=0.70750  peak_slope=1.426e-05  t_peak=81931  comparison cadence=163862  difference=0.70750  below=0/3
t=143879  fraction=0.66125  peak_slope=1.101e-05  t_peak=62947  comparison cadence=125894  difference=0.66125  below=0/3
t=167858  fraction=0.71000  peak_slope=1.426e-05  t_peak=81931  comparison cadence=163862  difference=0.71000  below=0/3
t=145877  fraction=0.63125  peak_slope=1.426e-05  t_peak=72938  comparison cadence=145877  difference=0.63125  below=0/3
t=144878  fraction=0.66125  peak_slope=1.101e-05  t_peak=62947  comparison cadence=125894  difference=0.66125  below=0/3
t=168857  fraction=0.71375  peak_slope=1.426e-05  t_peak=81931  comparison cadence=163862  difference=0.71375  below=0/3
t=146876  fraction=0.63375  peak_slope=1.426e-05  t_peak=72938  comparison cadence=145877  difference=0.63375  below=0/3
t=145877  fraction=0.66500  peak_slope=1.101e-05  t_peak=62947  comparison cadence=125894  difference=0.66500  below=0/3
t=169857  fraction=0.71375  peak_slope=1.426e-05  t_peak=81931  comparison cadence=163862  difference=0.71375  below=0/3
t=147875  fraction=0.63625  peak_slope=1.426e-05  t_peak=72938  comparison cadence=145877  difference=0.63625  below=0/3
t=141880  fraction=0.62125  peak_slope=1.276e-05  t_peak=70940  comparison cadence=141880  difference=0.62125  below=0/3
t=170856  fraction=0.71375  peak_slope=1.426e-05  t_peak=81931  comparison cadence=163862  difference=0.71375  below=0/3
t=146876  fraction=0.66750  peak_slope=1.101e-05  t_peak=62947  comparison cadence=125894  difference=0.66750  below=0/3
t=148874  fraction=0.64000  peak_slope=1.426e-05  t_peak=72938  comparison cadence=145877  difference=0.64000  below=0/3
t=171855  fraction=0.71625  peak_slope=1.426e-05  t_peak=81931  comparison cadence=163862  difference=0.71625  below=0/3
t=142879  fraction=0.62500  peak_slope=1.276e-05  t_peak=70940  comparison cadence=141880  difference=0.62500  below=0/3
t=147875  fraction=0.67125  peak_slope=1.101e-05  t_peak=62947  comparison cadence=125894  difference=0.67125  below=0/3
t=149874  fraction=0.64125  peak_slope=1.426e-05  t_peak=72938  comparison cadence=145877  difference=0.64125  below=0/3
t=172854  fraction=0.72125  peak_slope=1.426e-05  t_peak=81931  comparison cadence=163862  difference=0.72125  below=0/3
t=148874  fraction=0.67500  peak_slope=1.101e-05  t_peak=62947  comparison cadence=125894  difference=0.67500  below=0/3
t=143879  fraction=0.62625  peak_slope=1.276e-05  t_peak=70940  comparison cadence=141880  difference=0.62625  below=0/3
t=173853  fraction=0.72250  peak_slope=1.426e-05  t_peak=81931  comparison cadence=163862  difference=0.72250  below=0/3
t=150873  fraction=0.64250  peak_slope=1.426e-05  t_peak=72938  comparison cadence=145877  difference=0.64250  below=0/3
t=149874  fraction=0.67875  peak_slope=1.101e-05  t_peak=62947  comparison cadence=125894  difference=0.67875  below=0/3
t=144878  fraction=0.62750  peak_slope=1.276e-05  t_peak=70940  comparison cadence=141880  difference=0.62750  below=0/3
t=174852  fraction=0.72500  peak_slope=1.426e-05  t_peak=81931  comparison cadence=163862  difference=0.72500  below=0/3
t=151872  fraction=0.64625  peak_slope=1.426e-05  t_peak=72938  comparison cadence=145877  difference=0.64625  below=0/3
t=150873  fraction=0.68000  peak_slope=1.101e-05  t_peak=62947  comparison cadence=125894  difference=0.68000  below=0/3
t=145877  fraction=0.63000  peak_slope=1.276e-05  t_peak=70940  comparison cadence=141880  difference=0.63000  below=0/3
t=175852  fraction=0.72500  peak_slope=1.426e-05  t_peak=81931  comparison cadence=163862  difference=0.72500  below=0/3
t=152871  fraction=0.64750  peak_slope=1.426e-05  t_peak=72938  comparison cadence=145877  difference=0.64750  below=0/3
t=151872  fraction=0.68125  peak_slope=1.101e-05  t_peak=62947  comparison cadence=125894  difference=0.68125  below=0/3
t=176851  fraction=0.72625  peak_slope=1.426e-05  t_peak=81931  comparison cadence=163862  difference=0.72625  below=0/3
t=146876  fraction=0.63000  peak_slope=1.276e-05  t_peak=70940  comparison cadence=141880  difference=0.63000  below=0/3
t=153870  fraction=0.64875  peak_slope=1.426e-05  t_peak=72938  comparison cadence=145877  difference=0.64875  below=0/3
t=152871  fraction=0.68375  peak_slope=1.101e-05  t_peak=62947  comparison cadence=125894  difference=0.68375  below=0/3
t=177850  fraction=0.72625  peak_slope=1.426e-05  t_peak=81931  comparison cadence=163862  difference=0.72625  below=0/3
t=147875  fraction=0.63375  peak_slope=1.276e-05  t_peak=70940  comparison cadence=141880  difference=0.63375  below=0/3
t=154869  fraction=0.65125  peak_slope=1.426e-05  t_peak=72938  comparison cadence=145877  difference=0.65125  below=0/3
t=178849  fraction=0.72750  peak_slope=1.426e-05  t_peak=81931  comparison cadence=163862  difference=0.72750  below=0/3
t=153870  fraction=0.68750  peak_slope=1.101e-05  t_peak=62947  comparison cadence=125894  difference=0.68750  below=0/3
t=148874  fraction=0.63500  peak_slope=1.276e-05  t_peak=70940  comparison cadence=141880  difference=0.63500  below=0/3
t=155868  fraction=0.65125  peak_slope=1.426e-05  t_peak=72938  comparison cadence=145877  difference=0.65125  below=0/3
t=179848  fraction=0.72750  peak_slope=1.426e-05  t_peak=81931  comparison cadence=163862  difference=0.72750  below=0/3
t=154869  fraction=0.68875  peak_slope=1.101e-05  t_peak=62947  comparison cadence=125894  difference=0.68875  below=0/3
t=149874  fraction=0.63875  peak_slope=1.276e-05  t_peak=70940  comparison cadence=141880  difference=0.63875  below=0/3
t=180847  fraction=0.72875  peak_slope=1.426e-05  t_peak=81931  comparison cadence=163862  difference=0.72875  below=0/3
t=156868  fraction=0.65250  peak_slope=1.426e-05  t_peak=72938  comparison cadence=145877  difference=0.65250  below=0/3
t=155868  fraction=0.68875  peak_slope=1.101e-05  t_peak=62947  comparison cadence=125894  difference=0.68875  below=0/3
t=181847  fraction=0.73000  peak_slope=1.426e-05  t_peak=81931  comparison cadence=163862  difference=0.73000  below=0/3
t=150873  fraction=0.64000  peak_slope=1.276e-05  t_peak=70940  comparison cadence=141880  difference=0.64000  below=0/3
t=157867  fraction=0.65375  peak_slope=1.426e-05  t_peak=72938  comparison cadence=145877  difference=0.65375  below=0/3
t=156868  fraction=0.69250  peak_slope=1.101e-05  t_peak=62947  comparison cadence=125894  difference=0.69250  below=0/3
t=182846  fraction=0.73250  peak_slope=1.426e-05  t_peak=81931  comparison cadence=163862  difference=0.73250  below=0/3
t=151872  fraction=0.64250  peak_slope=1.276e-05  t_peak=70940  comparison cadence=141880  difference=0.64250  below=0/3
t=158866  fraction=0.66000  peak_slope=1.426e-05  t_peak=72938  comparison cadence=145877  difference=0.66000  below=0/3
t=157867  fraction=0.69375  peak_slope=1.101e-05  t_peak=62947  comparison cadence=125894  difference=0.69375  below=0/3
t=183845  fraction=0.73250  peak_slope=1.426e-05  t_peak=81931  comparison cadence=163862  difference=0.73250  below=0/3
t=159865  fraction=0.66250  peak_slope=1.426e-05  t_peak=72938  comparison cadence=145877  difference=0.66250  below=0/3
t=152871  fraction=0.64375  peak_slope=1.276e-05  t_peak=70940  comparison cadence=141880  difference=0.64375  below=0/3
t=158866  fraction=0.69625  peak_slope=1.101e-05  t_peak=62947  comparison cadence=125894  difference=0.69625  below=0/3
t=184844  fraction=0.73500  peak_slope=1.426e-05  t_peak=81931  comparison cadence=163862  difference=0.73500  below=0/3
t=160864  fraction=0.66500  peak_slope=1.426e-05  t_peak=72938  comparison cadence=145877  difference=0.66500  below=0/3
t=153870  fraction=0.64500  peak_slope=1.276e-05  t_peak=70940  comparison cadence=141880  difference=0.64500  below=0/3
t=159865  fraction=0.69750  peak_slope=1.101e-05  t_peak=62947  comparison cadence=125894  difference=0.69750  below=0/3
t=185843  fraction=0.73500  peak_slope=1.426e-05  t_peak=81931  comparison cadence=163862  difference=0.73500  below=0/3
t=161863  fraction=0.66750  peak_slope=1.426e-05  t_peak=72938  comparison cadence=145877  difference=0.66750  below=0/3
t=186842  fraction=0.73750  peak_slope=1.426e-05  t_peak=81931  comparison cadence=163862  difference=0.73750  below=0/3
t=160864  fraction=0.69875  peak_slope=1.101e-05  t_peak=62947  comparison cadence=125894  difference=0.69875  below=0/3
t=154869  fraction=0.64875  peak_slope=1.276e-05  t_peak=70940  comparison cadence=141880  difference=0.64875  below=0/3
t=187841  fraction=0.74000  peak_slope=1.426e-05  t_peak=81931  comparison cadence=163862  difference=0.74000  below=0/3
t=162863  fraction=0.66750  peak_slope=1.426e-05  t_peak=72938  comparison cadence=145877  difference=0.66750  below=0/3
t=161863  fraction=0.70125  peak_slope=1.101e-05  t_peak=62947  comparison cadence=125894  difference=0.70125  below=0/3
t=155868  fraction=0.65000  peak_slope=1.276e-05  t_peak=70940  comparison cadence=141880  difference=0.65000  below=0/3
t=188841  fraction=0.74125  peak_slope=1.426e-05  t_peak=81931  comparison cadence=163862  difference=0.74125  below=0/3
t=163862  fraction=0.66875  peak_slope=1.426e-05  t_peak=72938  comparison cadence=145877  difference=0.66875  below=0/3
t=162863  fraction=0.70375  peak_slope=1.101e-05  t_peak=62947  comparison cadence=125894  difference=0.70375  below=0/3
t=156868  fraction=0.65375  peak_slope=1.276e-05  t_peak=70940  comparison cadence=141880  difference=0.65375  below=0/3
t=189840  fraction=0.74375  peak_slope=1.426e-05  t_peak=81931  comparison cadence=163862  difference=0.74375  below=0/3
t=164861  fraction=0.67250  peak_slope=1.426e-05  t_peak=72938  comparison cadence=145877  difference=0.67250  below=0/3
t=163862  fraction=0.70625  peak_slope=1.101e-05  t_peak=62947  comparison cadence=125894  difference=0.70500  below=0/3
t=157867  fraction=0.65375  peak_slope=1.276e-05  t_peak=70940  comparison cadence=141880  difference=0.65375  below=0/3
t=190839  fraction=0.74625  peak_slope=1.426e-05  t_peak=81931  comparison cadence=163862  difference=0.74625  below=0/3
t=165860  fraction=0.67500  peak_slope=1.426e-05  t_peak=72938  comparison cadence=145877  difference=0.67500  below=0/3
t=164861  fraction=0.70625  peak_slope=1.101e-05  t_peak=62947  comparison cadence=125894  difference=0.70375  below=0/3
t=151872  fraction=0.63875  peak_slope=1.001e-05  t_peak=75936  comparison cadence=151872  difference=0.63875  below=0/3
t=191838  fraction=0.74750  peak_slope=1.426e-05  t_peak=81931  comparison cadence=163862  difference=0.74750  below=0/3
t=158866  fraction=0.65375  peak_slope=1.276e-05  t_peak=70940  comparison cadence=141880  difference=0.65375  below=0/3
t=166859  fraction=0.67500  peak_slope=1.426e-05  t_peak=72938  comparison cadence=145877  difference=0.67500  below=0/3
t=165860  fraction=0.70625  peak_slope=1.101e-05  t_peak=62947  comparison cadence=125894  difference=0.70375  below=0/3
t=192837  fraction=0.74750  peak_slope=1.426e-05  t_peak=81931  comparison cadence=163862  difference=0.74750  below=0/3
t=152871  fraction=0.64125  peak_slope=1.001e-05  t_peak=75936  comparison cadence=151872  difference=0.64125  below=0/3
t=159865  fraction=0.65750  peak_slope=1.276e-05  t_peak=79933  comparison cadence=159865  difference=0.65750  below=0/3
t=159865  fraction=0.65500  peak_slope=1.276e-05  t_peak=70940  comparison cadence=141880  difference=0.65500  below=0/3
t=193836  fraction=0.74750  peak_slope=1.426e-05  t_peak=81931  comparison cadence=163862  difference=0.74750  below=0/3
t=166859  fraction=0.70625  peak_slope=1.101e-05  t_peak=62947  comparison cadence=125894  difference=0.70250  below=0/3
t=167858  fraction=0.67875  peak_slope=1.426e-05  t_peak=72938  comparison cadence=145877  difference=0.67875  below=0/3
t=153870  fraction=0.64375  peak_slope=1.001e-05  t_peak=75936  comparison cadence=151872  difference=0.64375  below=0/3
t=160864  fraction=0.65875  peak_slope=1.276e-05  t_peak=79933  comparison cadence=159865  difference=0.65875  below=0/3
t=160864  fraction=0.65750  peak_slope=1.276e-05  t_peak=70940  comparison cadence=141880  difference=0.65750  below=0/3
t=194836  fraction=0.75000  peak_slope=1.426e-05  t_peak=81931  comparison cadence=163862  difference=0.75000  below=0/3
t=167858  fraction=0.70625  peak_slope=1.101e-05  t_peak=62947  comparison cadence=125894  difference=0.70125  below=0/3
t=168857  fraction=0.68000  peak_slope=1.426e-05  t_peak=72938  comparison cadence=145877  difference=0.68000  below=0/3
t=154869  fraction=0.64500  peak_slope=1.001e-05  t_peak=75936  comparison cadence=151872  difference=0.64500  below=0/3
t=137884  fraction=0.59500  peak_slope=1.051e-05  t_peak=68942  comparison cadence=137884  difference=0.59500  below=0/3
t=161863  fraction=0.66125  peak_slope=1.276e-05  t_peak=79933  comparison cadence=159865  difference=0.66125  below=0/3
t=161863  fraction=0.66125  peak_slope=1.276e-05  t_peak=70940  comparison cadence=141880  difference=0.66125  below=0/3
t=195835  fraction=0.75125  peak_slope=1.426e-05  t_peak=81931  comparison cadence=163862  difference=0.75125  below=0/3
t=168857  fraction=0.71000  peak_slope=1.101e-05  t_peak=62947  comparison cadence=125894  difference=0.70375  below=0/3
t=169857  fraction=0.68250  peak_slope=1.426e-05  t_peak=72938  comparison cadence=145877  difference=0.68250  below=0/3
t=155868  fraction=0.64500  peak_slope=1.001e-05  t_peak=75936  comparison cadence=151872  difference=0.64500  below=0/3
t=196834  fraction=0.75375  peak_slope=1.426e-05  t_peak=81931  comparison cadence=163862  difference=0.75375  below=0/3
t=162863  fraction=0.66375  peak_slope=1.276e-05  t_peak=79933  comparison cadence=159865  difference=0.66375  below=0/3
t=138883  fraction=0.59750  peak_slope=1.051e-05  t_peak=68942  comparison cadence=137884  difference=0.59750  below=0/3
t=162863  fraction=0.66250  peak_slope=1.276e-05  t_peak=70940  comparison cadence=141880  difference=0.66250  below=0/3
t=169857  fraction=0.71375  peak_slope=1.101e-05  t_peak=62947  comparison cadence=125894  difference=0.70625  below=0/3
t=170856  fraction=0.68500  peak_slope=1.426e-05  t_peak=72938  comparison cadence=145877  difference=0.68500  below=0/3
t=156868  fraction=0.64750  peak_slope=1.001e-05  t_peak=75936  comparison cadence=151872  difference=0.64750  below=0/3
t=197833  fraction=0.75375  peak_slope=1.426e-05  t_peak=81931  comparison cadence=163862  difference=0.75375  below=0/3
t=163862  fraction=0.66625  peak_slope=1.276e-05  t_peak=79933  comparison cadence=159865  difference=0.66625  below=0/3
t=139882  fraction=0.59750  peak_slope=1.051e-05  t_peak=68942  comparison cadence=137884  difference=0.59750  below=0/3
t=163862  fraction=0.66375  peak_slope=1.276e-05  t_peak=70940  comparison cadence=141880  difference=0.66375  below=0/3
t=170856  fraction=0.71500  peak_slope=1.101e-05  t_peak=62947  comparison cadence=125894  difference=0.69875  below=0/3
t=171855  fraction=0.68500  peak_slope=1.426e-05  t_peak=72938  comparison cadence=145877  difference=0.68500  below=0/3
t=198832  fraction=0.75625  peak_slope=1.426e-05  t_peak=81931  comparison cadence=163862  difference=0.75625  below=0/3
t=157867  fraction=0.65125  peak_slope=1.001e-05  t_peak=75936  comparison cadence=151872  difference=0.65125  below=0/3
t=164861  fraction=0.66875  peak_slope=1.276e-05  t_peak=79933  comparison cadence=159865  difference=0.66875  below=0/3
t=164861  fraction=0.66500  peak_slope=1.276e-05  t_peak=70940  comparison cadence=141880  difference=0.66500  below=0/3
t=140881  fraction=0.59750  peak_slope=1.051e-05  t_peak=68942  comparison cadence=137884  difference=0.59750  below=0/3
t=171855  fraction=0.71875  peak_slope=1.101e-05  t_peak=62947  comparison cadence=125894  difference=0.69875  below=0/3
t=172854  fraction=0.68500  peak_slope=1.426e-05  t_peak=72938  comparison cadence=145877  difference=0.68500  below=0/3
t=199831  fraction=0.75875  peak_slope=1.426e-05  t_peak=81931  comparison cadence=163862  difference=0.75625  below=0/3
t=158866  fraction=0.65500  peak_slope=1.001e-05  t_peak=75936  comparison cadence=151872  difference=0.65500  below=0/3
t=165860  fraction=0.67000  peak_slope=1.276e-05  t_peak=79933  comparison cadence=159865  difference=0.67000  below=0/3
t=172854  fraction=0.72375  peak_slope=1.101e-05  t_peak=62947  comparison cadence=125894  difference=0.69500  below=0/3
t=165860  fraction=0.66500  peak_slope=1.276e-05  t_peak=70940  comparison cadence=141880  difference=0.66500  below=0/3
t=200831  fraction=0.76000  peak_slope=1.426e-05  t_peak=81931  comparison cadence=163862  difference=0.75750  below=0/3
t=141880  fraction=0.60000  peak_slope=1.051e-05  t_peak=68942  comparison cadence=137884  difference=0.60000  below=0/3
t=173853  fraction=0.68500  peak_slope=1.426e-05  t_peak=72938  comparison cadence=145877  difference=0.68500  below=0/3
t=159865  fraction=0.65750  peak_slope=1.001e-05  t_peak=75936  comparison cadence=151872  difference=0.65750  below=0/3
t=166859  fraction=0.67250  peak_slope=1.276e-05  t_peak=79933  comparison cadence=159865  difference=0.67250  below=0/3
t=201830  fraction=0.76000  peak_slope=1.426e-05  t_peak=81931  comparison cadence=163862  difference=0.75500  below=0/3
t=173853  fraction=0.72625  peak_slope=1.101e-05  t_peak=62947  comparison cadence=125894  difference=0.69000  below=0/3
t=166859  fraction=0.66625  peak_slope=1.276e-05  t_peak=70940  comparison cadence=141880  difference=0.66625  below=0/3
t=174852  fraction=0.68625  peak_slope=1.426e-05  t_peak=72938  comparison cadence=145877  difference=0.68625  below=0/3
t=142879  fraction=0.60125  peak_slope=1.051e-05  t_peak=68942  comparison cadence=137884  difference=0.60125  below=0/3
t=160864  fraction=0.66250  peak_slope=1.001e-05  t_peak=75936  comparison cadence=151872  difference=0.66250  below=0/3
t=202829  fraction=0.76000  peak_slope=1.426e-05  t_peak=81931  comparison cadence=163862  difference=0.75500  below=0/3
t=167858  fraction=0.67500  peak_slope=1.276e-05  t_peak=79933  comparison cadence=159865  difference=0.67500  below=0/3
t=174852  fraction=0.72625  peak_slope=1.101e-05  t_peak=62947  comparison cadence=125894  difference=0.68500  below=0/3
t=167858  fraction=0.66625  peak_slope=1.276e-05  t_peak=70940  comparison cadence=141880  difference=0.66625  below=0/3
t=175852  fraction=0.68875  peak_slope=1.426e-05  t_peak=72938  comparison cadence=145877  difference=0.68875  below=0/3
t=143879  fraction=0.60250  peak_slope=1.051e-05  t_peak=68942  comparison cadence=137884  difference=0.60250  below=0/3
t=161863  fraction=0.66250  peak_slope=1.001e-05  t_peak=75936  comparison cadence=151872  difference=0.66250  below=0/3
t=203828  fraction=0.76500  peak_slope=1.426e-05  t_peak=81931  comparison cadence=163862  difference=0.76000  below=0/3
t=168857  fraction=0.67875  peak_slope=1.276e-05  t_peak=79933  comparison cadence=159865  difference=0.67875  below=0/3
t=175852  fraction=0.72625  peak_slope=1.101e-05  t_peak=62947  comparison cadence=125894  difference=0.68250  below=0/3
t=176851  fraction=0.69375  peak_slope=1.426e-05  t_peak=72938  comparison cadence=145877  difference=0.69375  below=0/3
t=168857  fraction=0.66750  peak_slope=1.276e-05  t_peak=70940  comparison cadence=141880  difference=0.66750  below=0/3
t=204827  fraction=0.76500  peak_slope=1.426e-05  t_peak=81931  comparison cadence=163862  difference=0.76000  below=0/3
t=162863  fraction=0.66625  peak_slope=1.001e-05  t_peak=75936  comparison cadence=151872  difference=0.66625  below=0/3
t=144878  fraction=0.60625  peak_slope=1.051e-05  t_peak=68942  comparison cadence=137884  difference=0.60625  below=0/3
t=169857  fraction=0.68125  peak_slope=1.276e-05  t_peak=79933  comparison cadence=159865  difference=0.68125  below=0/3
t=176851  fraction=0.72625  peak_slope=1.101e-05  t_peak=62947  comparison cadence=125894  difference=0.67625  below=0/3
t=177850  fraction=0.69750  peak_slope=1.426e-05  t_peak=72938  comparison cadence=145877  difference=0.69750  below=0/3
t=205826  fraction=0.76750  peak_slope=1.426e-05  t_peak=81931  comparison cadence=163862  difference=0.76000  below=0/3
t=169857  fraction=0.66875  peak_slope=1.276e-05  t_peak=70940  comparison cadence=141880  difference=0.66875  below=0/3
t=163862  fraction=0.66875  peak_slope=1.001e-05  t_peak=75936  comparison cadence=151872  difference=0.66875  below=0/3
t=145877  fraction=0.60750  peak_slope=1.051e-05  t_peak=68942  comparison cadence=137884  difference=0.60750  below=0/3
t=170856  fraction=0.68375  peak_slope=1.276e-05  t_peak=79933  comparison cadence=159865  difference=0.68375  below=0/3
t=177850  fraction=0.72750  peak_slope=1.101e-05  t_peak=62947  comparison cadence=125894  difference=0.66875  below=0/3
t=206825  fraction=0.77000  peak_slope=1.426e-05  t_peak=81931  comparison cadence=163862  difference=0.75875  below=0/3
t=178849  fraction=0.70000  peak_slope=1.426e-05  t_peak=72938  comparison cadence=145877  difference=0.70000  below=0/3
t=170856  fraction=0.67125  peak_slope=1.276e-05  t_peak=70940  comparison cadence=141880  difference=0.67125  below=0/3
t=164861  fraction=0.67000  peak_slope=1.001e-05  t_peak=75936  comparison cadence=151872  difference=0.67000  below=0/3
t=146876  fraction=0.61375  peak_slope=1.051e-05  t_peak=68942  comparison cadence=137884  difference=0.61375  below=0/3
t=171855  fraction=0.68500  peak_slope=1.276e-05  t_peak=79933  comparison cadence=159865  difference=0.68500  below=0/3
t=178849  fraction=0.72875  peak_slope=1.101e-05  t_peak=62947  comparison cadence=125894  difference=0.66500  below=0/3
t=207825  fraction=0.77000  peak_slope=1.426e-05  t_peak=81931  comparison cadence=163862  difference=0.75625  below=0/3
t=179848  fraction=0.70250  peak_slope=1.426e-05  t_peak=72938  comparison cadence=145877  difference=0.70250  below=0/3
t=171855  fraction=0.67125  peak_slope=1.276e-05  t_peak=70940  comparison cadence=141880  difference=0.67125  below=0/3
t=165860  fraction=0.67000  peak_slope=1.001e-05  t_peak=75936  comparison cadence=151872  difference=0.67000  below=0/3
t=208824  fraction=0.77000  peak_slope=1.426e-05  t_peak=81931  comparison cadence=163862  difference=0.75375  below=0/3
t=147875  fraction=0.61375  peak_slope=1.051e-05  t_peak=68942  comparison cadence=137884  difference=0.61375  below=0/3
t=179848  fraction=0.73000  peak_slope=1.101e-05  t_peak=62947  comparison cadence=125894  difference=0.66125  below=0/3
t=172854  fraction=0.68625  peak_slope=1.276e-05  t_peak=79933  comparison cadence=159865  difference=0.68625  below=0/3
t=180847  fraction=0.70375  peak_slope=1.426e-05  t_peak=72938  comparison cadence=145877  difference=0.70375  below=0/3
t=172854  fraction=0.67250  peak_slope=1.276e-05  t_peak=70940  comparison cadence=141880  difference=0.67250  below=0/3
t=166859  fraction=0.67125  peak_slope=1.001e-05  t_peak=75936  comparison cadence=151872  difference=0.67125  below=0/3
t=209823  fraction=0.77125  peak_slope=1.426e-05  t_peak=81931  comparison cadence=163862  difference=0.75000  below=0/3
t=180847  fraction=0.73125  peak_slope=1.101e-05  t_peak=62947  comparison cadence=125894  difference=0.66000  below=0/3
t=173853  fraction=0.68625  peak_slope=1.276e-05  t_peak=79933  comparison cadence=159865  difference=0.68625  below=0/3
t=148874  fraction=0.61375  peak_slope=1.051e-05  t_peak=68942  comparison cadence=137884  difference=0.61375  below=0/3
t=181847  fraction=0.70375  peak_slope=1.426e-05  t_peak=72938  comparison cadence=145877  difference=0.70375  below=0/3
t=210822  fraction=0.77125  peak_slope=1.426e-05  t_peak=81931  comparison cadence=163862  difference=0.74625  below=0/3
t=167858  fraction=0.67375  peak_slope=1.001e-05  t_peak=75936  comparison cadence=151872  difference=0.67375  below=0/3
t=173853  fraction=0.67250  peak_slope=1.276e-05  t_peak=70940  comparison cadence=141880  difference=0.67250  below=0/3
t=181847  fraction=0.73250  peak_slope=1.101e-05  t_peak=62947  comparison cadence=125894  difference=0.65500  below=0/3
t=174852  fraction=0.68875  peak_slope=1.276e-05  t_peak=79933  comparison cadence=159865  difference=0.68875  below=0/3
t=149874  fraction=0.61500  peak_slope=1.051e-05  t_peak=68942  comparison cadence=137884  difference=0.61500  below=0/3
t=182846  fraction=0.70500  peak_slope=1.426e-05  t_peak=72938  comparison cadence=145877  difference=0.70500  below=0/3
t=211821  fraction=0.77250  peak_slope=1.426e-05  t_peak=81931  comparison cadence=163862  difference=0.74375  below=0/3
t=168857  fraction=0.67625  peak_slope=1.001e-05  t_peak=75936  comparison cadence=151872  difference=0.67625  below=0/3
t=174852  fraction=0.67500  peak_slope=1.276e-05  t_peak=70940  comparison cadence=141880  difference=0.67500  below=0/3
t=182846  fraction=0.73250  peak_slope=1.101e-05  t_peak=62947  comparison cadence=125894  difference=0.65125  below=0/3
t=175852  fraction=0.69125  peak_slope=1.276e-05  t_peak=79933  comparison cadence=159865  difference=0.69125  below=0/3
t=183845  fraction=0.70625  peak_slope=1.426e-05  t_peak=72938  comparison cadence=145877  difference=0.70500  below=0/3
t=212820  fraction=0.77375  peak_slope=1.426e-05  t_peak=81931  comparison cadence=163862  difference=0.74250  below=0/3
t=150873  fraction=0.61750  peak_slope=1.051e-05  t_peak=68942  comparison cadence=137884  difference=0.61750  below=0/3
t=169857  fraction=0.67750  peak_slope=1.001e-05  t_peak=75936  comparison cadence=151872  difference=0.67750  below=0/3
t=175852  fraction=0.67500  peak_slope=1.276e-05  t_peak=70940  comparison cadence=141880  difference=0.67500  below=0/3
t=183845  fraction=0.73250  peak_slope=1.101e-05  t_peak=62947  comparison cadence=125894  difference=0.64625  below=0/3
t=176851  fraction=0.69250  peak_slope=1.276e-05  t_peak=79933  comparison cadence=159865  difference=0.69250  below=0/3
t=213820  fraction=0.77500  peak_slope=1.426e-05  t_peak=81931  comparison cadence=163862  difference=0.73375  below=0/3
t=184844  fraction=0.70750  peak_slope=1.426e-05  t_peak=72938  comparison cadence=145877  difference=0.70625  below=0/3
t=151872  fraction=0.61875  peak_slope=1.051e-05  t_peak=68942  comparison cadence=137884  difference=0.61875  below=0/3
t=170856  fraction=0.67875  peak_slope=1.001e-05  t_peak=75936  comparison cadence=151872  difference=0.67875  below=0/3
t=176851  fraction=0.67750  peak_slope=1.276e-05  t_peak=70940  comparison cadence=141880  difference=0.67625  below=0/3
t=184844  fraction=0.73625  peak_slope=1.101e-05  t_peak=62947  comparison cadence=125894  difference=0.63625  below=0/3
t=214819  fraction=0.77625  peak_slope=1.426e-05  t_peak=81931  comparison cadence=163862  difference=0.73375  below=0/3
t=177850  fraction=0.69375  peak_slope=1.276e-05  t_peak=79933  comparison cadence=159865  difference=0.69375  below=0/3
t=185843  fraction=0.70750  peak_slope=1.426e-05  t_peak=72938  comparison cadence=145877  difference=0.70625  below=0/3
t=152871  fraction=0.62250  peak_slope=1.051e-05  t_peak=68942  comparison cadence=137884  difference=0.62250  below=0/3
t=171855  fraction=0.68000  peak_slope=1.001e-05  t_peak=75936  comparison cadence=151872  difference=0.68000  below=0/3
t=215818  fraction=0.77625  peak_slope=1.426e-05  t_peak=81931  comparison cadence=163862  difference=0.72875  below=0/3
t=185843  fraction=0.73750  peak_slope=1.101e-05  t_peak=62947  comparison cadence=125894  difference=0.62875  below=0/3
t=177850  fraction=0.68250  peak_slope=1.276e-05  t_peak=70940  comparison cadence=141880  difference=0.68125  below=0/3
t=178849  fraction=0.69500  peak_slope=1.276e-05  t_peak=79933  comparison cadence=159865  difference=0.69500  below=0/3
t=186842  fraction=0.71000  peak_slope=1.426e-05  t_peak=72938  comparison cadence=145877  difference=0.70750  below=0/3
t=216817  fraction=0.77625  peak_slope=1.426e-05  t_peak=81931  comparison cadence=163862  difference=0.72000  below=0/3
t=153870  fraction=0.62250  peak_slope=1.051e-05  t_peak=68942  comparison cadence=137884  difference=0.62250  below=0/3
t=172854  fraction=0.68125  peak_slope=1.001e-05  t_peak=75936  comparison cadence=151872  difference=0.68125  below=0/3
t=186842  fraction=0.73750  peak_slope=1.101e-05  t_peak=62947  comparison cadence=125894  difference=0.61875  below=0/3
t=178849  fraction=0.68625  peak_slope=1.276e-05  t_peak=70940  comparison cadence=141880  difference=0.68500  below=0/3
t=179848  fraction=0.69625  peak_slope=1.276e-05  t_peak=79933  comparison cadence=159865  difference=0.69625  below=0/3
t=187841  fraction=0.71375  peak_slope=1.426e-05  t_peak=72938  comparison cadence=145877  difference=0.70500  below=0/3
t=217816  fraction=0.77625  peak_slope=1.426e-05  t_peak=81931  comparison cadence=163862  difference=0.71750  below=0/3
t=173853  fraction=0.68500  peak_slope=1.001e-05  t_peak=75936  comparison cadence=151872  difference=0.68500  below=0/3
t=154869  fraction=0.62375  peak_slope=1.051e-05  t_peak=68942  comparison cadence=137884  difference=0.62375  below=0/3
t=187841  fraction=0.73750  peak_slope=1.101e-05  t_peak=62947  comparison cadence=125894  difference=0.61125  below=0/3
t=179848  fraction=0.68750  peak_slope=1.276e-05  t_peak=70940  comparison cadence=141880  difference=0.68500  below=0/3
t=180847  fraction=0.69625  peak_slope=1.276e-05  t_peak=79933  comparison cadence=159865  difference=0.69625  below=0/3
t=188841  fraction=0.71375  peak_slope=1.426e-05  t_peak=72938  comparison cadence=145877  difference=0.70250  below=0/3
t=218815  fraction=0.77750  peak_slope=1.426e-05  t_peak=81931  comparison cadence=163862  difference=0.70750  below=0/3
t=174852  fraction=0.68875  peak_slope=1.001e-05  t_peak=75936  comparison cadence=151872  difference=0.68875  below=0/3
t=188841  fraction=0.73750  peak_slope=1.101e-05  t_peak=62947  comparison cadence=125894  difference=0.59625  below=0/3
t=155868  fraction=0.62625  peak_slope=1.051e-05  t_peak=68942  comparison cadence=137884  difference=0.62625  below=0/3
t=180847  fraction=0.68875  peak_slope=1.276e-05  t_peak=70940  comparison cadence=141880  difference=0.68625  below=0/3
t=219814  fraction=0.77875  peak_slope=1.426e-05  t_peak=81931  comparison cadence=163862  difference=0.69875  below=0/3
t=189840  fraction=0.71625  peak_slope=1.426e-05  t_peak=72938  comparison cadence=145877  difference=0.70250  below=0/3
t=181847  fraction=0.69750  peak_slope=1.276e-05  t_peak=79933  comparison cadence=159865  difference=0.69750  below=0/3
t=175852  fraction=0.69125  peak_slope=1.001e-05  t_peak=75936  comparison cadence=151872  difference=0.69125  below=0/3
t=189840  fraction=0.73750  peak_slope=1.101e-05  t_peak=62947  comparison cadence=125894  difference=0.58500  below=0/3
t=156868  fraction=0.62875  peak_slope=1.051e-05  t_peak=68942  comparison cadence=137884  difference=0.62875  below=0/3
t=220814  fraction=0.78125  peak_slope=1.426e-05  t_peak=81931  comparison cadence=163862  difference=0.69500  below=0/3
t=181847  fraction=0.68875  peak_slope=1.276e-05  t_peak=70940  comparison cadence=141880  difference=0.68500  below=0/3
t=190839  fraction=0.71625  peak_slope=1.426e-05  t_peak=72938  comparison cadence=145877  difference=0.70125  below=0/3
t=182846  fraction=0.69875  peak_slope=1.276e-05  t_peak=79933  comparison cadence=159865  difference=0.69875  below=0/3
t=190839  fraction=0.74000  peak_slope=1.101e-05  t_peak=62947  comparison cadence=125894  difference=0.57750  below=0/3
t=176851  fraction=0.69250  peak_slope=1.001e-05  t_peak=75936  comparison cadence=151872  difference=0.69250  below=0/3
t=221813  fraction=0.78250  peak_slope=1.426e-05  t_peak=81931  comparison cadence=163862  difference=0.68750  below=0/3
t=157867  fraction=0.63250  peak_slope=1.051e-05  t_peak=68942  comparison cadence=137884  difference=0.63250  below=0/3
t=191838  fraction=0.71750  peak_slope=1.426e-05  t_peak=72938  comparison cadence=145877  difference=0.70125  below=0/3
t=182846  fraction=0.68875  peak_slope=1.276e-05  t_peak=70940  comparison cadence=141880  difference=0.68500  below=0/3
t=183845  fraction=0.70000  peak_slope=1.276e-05  t_peak=79933  comparison cadence=159865  difference=0.70000  below=0/3
t=222812  fraction=0.78500  peak_slope=1.426e-05  t_peak=81931  comparison cadence=163862  difference=0.68375  below=0/3
t=191838  fraction=0.74125  peak_slope=1.101e-05  t_peak=62947  comparison cadence=125894  difference=0.56875  below=0/3
t=177850  fraction=0.69250  peak_slope=1.001e-05  t_peak=75936  comparison cadence=151872  difference=0.69250  below=0/3
t=192837  fraction=0.71750  peak_slope=1.426e-05  t_peak=72938  comparison cadence=145877  difference=0.69375  below=0/3
t=158866  fraction=0.63375  peak_slope=1.051e-05  t_peak=68942  comparison cadence=137884  difference=0.63375  below=0/3
t=183845  fraction=0.69750  peak_slope=1.276e-05  t_peak=70940  comparison cadence=141880  difference=0.69375  below=0/3
t=184844  fraction=0.70375  peak_slope=1.276e-05  t_peak=79933  comparison cadence=159865  difference=0.70375  below=0/3
t=223811  fraction=0.78500  peak_slope=1.426e-05  t_peak=81931  comparison cadence=163862  difference=0.67250  below=0/3
t=192837  fraction=0.74375  peak_slope=1.101e-05  t_peak=62947  comparison cadence=125894  difference=0.56625  below=0/3
t=178849  fraction=0.69375  peak_slope=1.001e-05  t_peak=75936  comparison cadence=151872  difference=0.69375  below=0/3
t=193836  fraction=0.71875  peak_slope=1.426e-05  t_peak=72938  comparison cadence=145877  difference=0.68875  below=0/3
t=185843  fraction=0.70500  peak_slope=1.276e-05  t_peak=79933  comparison cadence=159865  difference=0.70500  below=0/3
t=159865  fraction=0.63500  peak_slope=1.051e-05  t_peak=68942  comparison cadence=137884  difference=0.63500  below=0/3
t=184844  fraction=0.70000  peak_slope=1.276e-05  t_peak=70940  comparison cadence=141880  difference=0.69250  below=0/3
t=224810  fraction=0.78500  peak_slope=1.426e-05  t_peak=81931  comparison cadence=163862  difference=0.66625  below=0/3
t=193836  fraction=0.74375  peak_slope=1.101e-05  t_peak=62947  comparison cadence=125894  difference=0.55375  below=0/3
t=179848  fraction=0.69500  peak_slope=1.001e-05  t_peak=75936  comparison cadence=151872  difference=0.69500  below=0/3
t=194836  fraction=0.72000  peak_slope=1.426e-05  t_peak=72938  comparison cadence=145877  difference=0.68375  below=0/3
t=225809  fraction=0.78625  peak_slope=1.426e-05  t_peak=81931  comparison cadence=163862  difference=0.66000  below=0/3
t=186842  fraction=0.70625  peak_slope=1.276e-05  t_peak=79933  comparison cadence=159865  difference=0.70625  below=0/3
t=185843  fraction=0.70000  peak_slope=1.276e-05  t_peak=70940  comparison cadence=141880  difference=0.69250  below=0/3
t=160864  fraction=0.63500  peak_slope=1.051e-05  t_peak=68942  comparison cadence=137884  difference=0.63500  below=0/3
t=194836  fraction=0.74500  peak_slope=1.101e-05  t_peak=62947  comparison cadence=125894  difference=0.54375  below=0/3
t=180847  fraction=0.69500  peak_slope=1.001e-05  t_peak=75936  comparison cadence=151872  difference=0.69500  below=0/3
t=226809  fraction=0.78750  peak_slope=1.426e-05  t_peak=81931  comparison cadence=163862  difference=0.65125  below=0/3
t=195835  fraction=0.72375  peak_slope=1.426e-05  t_peak=72938  comparison cadence=145877  difference=0.68125  below=0/3
t=187841  fraction=0.70875  peak_slope=1.276e-05  t_peak=79933  comparison cadence=159865  difference=0.70875  below=0/3
t=186842  fraction=0.70250  peak_slope=1.276e-05  t_peak=70940  comparison cadence=141880  difference=0.69125  below=0/3
t=161863  fraction=0.63750  peak_slope=1.051e-05  t_peak=68942  comparison cadence=137884  difference=0.63750  below=0/3
t=195835  fraction=0.74500  peak_slope=1.101e-05  t_peak=62947  comparison cadence=125894  difference=0.53625  below=0/3
t=181847  fraction=0.69625  peak_slope=1.001e-05  t_peak=75936  comparison cadence=151872  difference=0.69625  below=0/3
t=227808  fraction=0.78875  peak_slope=1.426e-05  t_peak=81931  comparison cadence=163862  difference=0.64375  below=0/3
t=196834  fraction=0.72375  peak_slope=1.426e-05  t_peak=72938  comparison cadence=145877  difference=0.67875  below=0/3
t=188841  fraction=0.71000  peak_slope=1.276e-05  t_peak=79933  comparison cadence=159865  difference=0.71000  below=0/3
t=187841  fraction=0.70375  peak_slope=1.276e-05  t_peak=70940  comparison cadence=141880  difference=0.68875  below=0/3
t=196834  fraction=0.74500  peak_slope=1.101e-05  t_peak=62947  comparison cadence=125894  difference=0.53125  below=0/3
t=162863  fraction=0.64125  peak_slope=1.051e-05  t_peak=68942  comparison cadence=137884  difference=0.64125  below=0/3
t=228807  fraction=0.78875  peak_slope=1.426e-05  t_peak=81931  comparison cadence=163862  difference=0.62875  below=0/3
t=182846  fraction=0.69750  peak_slope=1.001e-05  t_peak=75936  comparison cadence=151872  difference=0.69750  below=0/3
t=197833  fraction=0.72500  peak_slope=1.426e-05  t_peak=72938  comparison cadence=145877  difference=0.67500  below=0/3
t=189840  fraction=0.71000  peak_slope=1.276e-05  t_peak=79933  comparison cadence=159865  difference=0.71000  below=0/3
t=229806  fraction=0.79000  peak_slope=1.426e-05  t_peak=81931  comparison cadence=163862  difference=0.62125  below=0/3
t=188841  fraction=0.70375  peak_slope=1.276e-05  t_peak=70940  comparison cadence=141880  difference=0.68375  below=0/3
t=197833  fraction=0.74625  peak_slope=1.101e-05  t_peak=62947  comparison cadence=125894  difference=0.52375  below=0/3
t=163862  fraction=0.64375  peak_slope=1.051e-05  t_peak=68942  comparison cadence=137884  difference=0.64375  below=0/3
t=183845  fraction=0.70000  peak_slope=1.001e-05  t_peak=75936  comparison cadence=151872  difference=0.70000  below=0/3
t=198832  fraction=0.72500  peak_slope=1.426e-05  t_peak=72938  comparison cadence=145877  difference=0.66625  below=0/3
t=230805  fraction=0.79000  peak_slope=1.426e-05  t_peak=81931  comparison cadence=163862  difference=0.60500  below=0/3
t=190839  fraction=0.71000  peak_slope=1.276e-05  t_peak=79933  comparison cadence=159865  difference=0.71000  below=0/3
t=198832  fraction=0.74875  peak_slope=1.101e-05  t_peak=62947  comparison cadence=125894  difference=0.52000  below=0/3
t=189840  fraction=0.70625  peak_slope=1.276e-05  t_peak=70940  comparison cadence=141880  difference=0.68250  below=0/3
t=184844  fraction=0.70000  peak_slope=1.001e-05  t_peak=75936  comparison cadence=151872  difference=0.70000  below=0/3
t=164861  fraction=0.64375  peak_slope=1.051e-05  t_peak=68942  comparison cadence=137884  difference=0.64375  below=0/3
t=199831  fraction=0.72750  peak_slope=1.426e-05  t_peak=72938  comparison cadence=145877  difference=0.66375  below=0/3
t=231804  fraction=0.79000  peak_slope=1.426e-05  t_peak=81931  comparison cadence=163862  difference=0.59500  below=0/3
t=191838  fraction=0.71000  peak_slope=1.276e-05  t_peak=79933  comparison cadence=159865  difference=0.71000  below=0/3
t=199831  fraction=0.74875  peak_slope=1.101e-05  t_peak=62947  comparison cadence=125894  difference=0.50500  below=0/3
t=190839  fraction=0.70625  peak_slope=1.276e-05  t_peak=70940  comparison cadence=141880  difference=0.67750  below=0/3
t=185843  fraction=0.70375  peak_slope=1.001e-05  t_peak=75936  comparison cadence=151872  difference=0.70375  below=0/3
t=165860  fraction=0.64500  peak_slope=1.051e-05  t_peak=68942  comparison cadence=137884  difference=0.64500  below=0/3
t=232804  fraction=0.79125  peak_slope=1.426e-05  t_peak=81931  comparison cadence=163862  difference=0.59125  below=0/3
t=200831  fraction=0.73000  peak_slope=1.426e-05  t_peak=72938  comparison cadence=145877  difference=0.66125  below=0/3
t=192837  fraction=0.71000  peak_slope=1.276e-05  t_peak=79933  comparison cadence=159865  difference=0.71000  below=0/3
t=200831  fraction=0.74875  peak_slope=1.101e-05  t_peak=62947  comparison cadence=125894  difference=0.49375  below=0/3
t=191838  fraction=0.70750  peak_slope=1.276e-05  t_peak=70940  comparison cadence=141880  difference=0.67500  below=0/3
t=233803  fraction=0.79375  peak_slope=1.426e-05  t_peak=81931  comparison cadence=163862  difference=0.58250  below=0/3
t=186842  fraction=0.70500  peak_slope=1.001e-05  t_peak=75936  comparison cadence=151872  difference=0.70500  below=0/3
t=201830  fraction=0.73000  peak_slope=1.426e-05  t_peak=72938  comparison cadence=145877  difference=0.65250  below=0/3
t=166859  fraction=0.64625  peak_slope=1.051e-05  t_peak=68942  comparison cadence=137884  difference=0.64625  below=0/3
t=193836  fraction=0.71125  peak_slope=1.276e-05  t_peak=79933  comparison cadence=159865  difference=0.71125  below=0/3
t=201830  fraction=0.75125  peak_slope=1.101e-05  t_peak=62947  comparison cadence=125894  difference=0.48875  below=0/3
t=234802  fraction=0.79625  peak_slope=1.426e-05  t_peak=81931  comparison cadence=163862  difference=0.57750  below=0/3
t=192837  fraction=0.71000  peak_slope=1.276e-05  t_peak=70940  comparison cadence=141880  difference=0.66875  below=0/3
t=187841  fraction=0.70750  peak_slope=1.001e-05  t_peak=75936  comparison cadence=151872  difference=0.70625  below=0/3
t=202829  fraction=0.73125  peak_slope=1.426e-05  t_peak=72938  comparison cadence=145877  difference=0.64875  below=0/3
t=167858  fraction=0.65125  peak_slope=1.051e-05  t_peak=68942  comparison cadence=137884  difference=0.65125  below=0/3
t=194836  fraction=0.71250  peak_slope=1.276e-05  t_peak=79933  comparison cadence=159865  difference=0.71250  below=0/3
t=202829  fraction=0.75250  peak_slope=1.101e-05  t_peak=62947  comparison cadence=125894  difference=0.48125  below=0/3
t=235801  fraction=0.79750  peak_slope=1.426e-05  t_peak=81931  comparison cadence=163862  difference=0.57375  below=0/3
t=193836  fraction=0.71000  peak_slope=1.276e-05  t_peak=70940  comparison cadence=141880  difference=0.66500  below=0/3
t=188841  fraction=0.71000  peak_slope=1.001e-05  t_peak=75936  comparison cadence=151872  difference=0.70750  below=0/3
t=203828  fraction=0.73250  peak_slope=1.426e-05  t_peak=72938  comparison cadence=145877  difference=0.64500  below=0/3
t=168857  fraction=0.65125  peak_slope=1.051e-05  t_peak=68942  comparison cadence=137884  difference=0.65125  below=0/3
t=236800  fraction=0.79750  peak_slope=1.426e-05  t_peak=81931  comparison cadence=163862  difference=0.56875  below=0/3
t=203828  fraction=0.75250  peak_slope=1.101e-05  t_peak=62947  comparison cadence=125894  difference=0.47250  below=0/3
t=195835  fraction=0.71625  peak_slope=1.276e-05  t_peak=79933  comparison cadence=159865  difference=0.71625  below=0/3
t=194836  fraction=0.71125  peak_slope=1.276e-05  t_peak=70940  comparison cadence=141880  difference=0.65875  below=0/3
t=189840  fraction=0.71125  peak_slope=1.001e-05  t_peak=75936  comparison cadence=151872  difference=0.70875  below=0/3
t=204827  fraction=0.73250  peak_slope=1.426e-05  t_peak=72938  comparison cadence=145877  difference=0.63625  below=0/3
t=237799  fraction=0.79750  peak_slope=1.426e-05  t_peak=81931  comparison cadence=163862  difference=0.55750  below=0/3
t=204827  fraction=0.75250  peak_slope=1.101e-05  t_peak=62947  comparison cadence=125894  difference=0.46125  below=0/3
t=169857  fraction=0.65250  peak_slope=1.051e-05  t_peak=68942  comparison cadence=137884  difference=0.65250  below=0/3
t=196834  fraction=0.71875  peak_slope=1.276e-05  t_peak=79933  comparison cadence=159865  difference=0.71875  below=0/3
t=190839  fraction=0.71375  peak_slope=1.001e-05  t_peak=75936  comparison cadence=151872  difference=0.71125  below=0/3
t=195835  fraction=0.71250  peak_slope=1.276e-05  t_peak=70940  comparison cadence=141880  difference=0.64875  below=0/3
t=205826  fraction=0.73375  peak_slope=1.426e-05  t_peak=72938  comparison cadence=145877  difference=0.62750  below=0/3
t=238798  fraction=0.79875  peak_slope=1.426e-05  t_peak=81931  comparison cadence=163862  difference=0.54750  below=0/3
t=205826  fraction=0.75375  peak_slope=1.101e-05  t_peak=62947  comparison cadence=125894  difference=0.45500  below=0/3
t=197833  fraction=0.72000  peak_slope=1.276e-05  t_peak=79933  comparison cadence=159865  difference=0.72000  below=0/3
t=170856  fraction=0.65500  peak_slope=1.051e-05  t_peak=68942  comparison cadence=137884  difference=0.65500  below=0/3
t=239798  fraction=0.80000  peak_slope=1.426e-05  t_peak=81931  comparison cadence=163862  difference=0.53875  below=0/3
t=191838  fraction=0.71500  peak_slope=1.001e-05  t_peak=75936  comparison cadence=151872  difference=0.70875  below=0/3
t=196834  fraction=0.71500  peak_slope=1.276e-05  t_peak=70940  comparison cadence=141880  difference=0.64750  below=0/3
t=206825  fraction=0.73500  peak_slope=1.426e-05  t_peak=72938  comparison cadence=145877  difference=0.62125  below=0/3
t=206825  fraction=0.75625  peak_slope=1.101e-05  t_peak=62947  comparison cadence=125894  difference=0.45250  below=0/3
t=198832  fraction=0.72125  peak_slope=1.276e-05  t_peak=79933  comparison cadence=159865  difference=0.72125  below=0/3
t=171855  fraction=0.65750  peak_slope=1.051e-05  t_peak=68942  comparison cadence=137884  difference=0.65750  below=0/3
t=240797  fraction=0.80000  peak_slope=1.426e-05  t_peak=81931  comparison cadence=163862  difference=0.52375  below=0/3
t=192837  fraction=0.71875  peak_slope=1.001e-05  t_peak=75936  comparison cadence=151872  difference=0.70875  below=0/3
t=207825  fraction=0.73500  peak_slope=1.426e-05  t_peak=72938  comparison cadence=145877  difference=0.60625  below=0/3
t=197833  fraction=0.71625  peak_slope=1.276e-05  t_peak=70940  comparison cadence=141880  difference=0.63875  below=0/3
t=207825  fraction=0.75875  peak_slope=1.101e-05  t_peak=62947  comparison cadence=125894  difference=0.45000  below=0/3
t=199831  fraction=0.72250  peak_slope=1.276e-05  t_peak=79933  comparison cadence=159865  difference=0.72000  below=0/3
t=241796  fraction=0.80125  peak_slope=1.426e-05  t_peak=81931  comparison cadence=163862  difference=0.51250  below=0/3
t=172854  fraction=0.66000  peak_slope=1.051e-05  t_peak=68942  comparison cadence=137884  difference=0.66000  below=0/3
t=193836  fraction=0.72000  peak_slope=1.001e-05  t_peak=75936  comparison cadence=151872  difference=0.70625  below=0/3
t=208824  fraction=0.73625  peak_slope=1.426e-05  t_peak=72938  comparison cadence=145877  difference=0.60125  below=0/3
t=198832  fraction=0.71750  peak_slope=1.276e-05  t_peak=70940  comparison cadence=141880  difference=0.63375  below=0/3
t=208824  fraction=0.75875  peak_slope=1.101e-05  t_peak=62947  comparison cadence=125894  difference=0.43625  below=0/3
t=242795  fraction=0.80375  peak_slope=1.426e-05  t_peak=81931  comparison cadence=163862  difference=0.49375  below=0/3
t=200831  fraction=0.72625  peak_slope=1.276e-05  t_peak=79933  comparison cadence=159865  difference=0.71750  below=0/3
t=173853  fraction=0.66250  peak_slope=1.051e-05  t_peak=68942  comparison cadence=137884  difference=0.66250  below=0/3
t=209823  fraction=0.73625  peak_slope=1.426e-05  t_peak=72938  comparison cadence=145877  difference=0.59375  below=0/3
t=194836  fraction=0.72250  peak_slope=1.001e-05  t_peak=75936  comparison cadence=151872  difference=0.70500  below=0/3
t=199831  fraction=0.71750  peak_slope=1.276e-05  t_peak=70940  comparison cadence=141880  difference=0.61875  below=0/3
t=243794  fraction=0.80500  peak_slope=1.426e-05  t_peak=81931  comparison cadence=163862  difference=0.48375  below=0/3
t=209823  fraction=0.76000  peak_slope=1.101e-05  t_peak=62947  comparison cadence=125894  difference=0.42500  below=0/3
t=201830  fraction=0.72875  peak_slope=1.276e-05  t_peak=79933  comparison cadence=159865  difference=0.72000  below=0/3
t=210822  fraction=0.73750  peak_slope=1.426e-05  t_peak=72938  comparison cadence=145877  difference=0.58750  below=0/3
t=195835  fraction=0.72250  peak_slope=1.001e-05  t_peak=75936  comparison cadence=151872  difference=0.70375  below=0/3
t=174852  fraction=0.66625  peak_slope=1.051e-05  t_peak=68942  comparison cadence=137884  difference=0.66625  below=0/3
t=244793  fraction=0.80625  peak_slope=1.426e-05  t_peak=81931  comparison cadence=163862  difference=0.47500  below=0/3
t=210822  fraction=0.76000  peak_slope=1.101e-05  t_peak=62947  comparison cadence=125894  difference=0.42125  below=0/3
t=200831  fraction=0.71875  peak_slope=1.276e-05  t_peak=70940  comparison cadence=141880  difference=0.61125  below=0/3
t=202829  fraction=0.72875  peak_slope=1.276e-05  t_peak=79933  comparison cadence=159865  difference=0.71875  below=0/3
t=245793  fraction=0.80625  peak_slope=1.426e-05  t_peak=81931  comparison cadence=163862  difference=0.45875  below=0/3
t=211821  fraction=0.74125  peak_slope=1.426e-05  t_peak=72938  comparison cadence=145877  difference=0.58125  below=0/3
t=196834  fraction=0.72500  peak_slope=1.001e-05  t_peak=75936  comparison cadence=151872  difference=0.69750  below=0/3
t=175852  fraction=0.66875  peak_slope=1.051e-05  t_peak=68942  comparison cadence=137884  difference=0.66750  below=0/3
t=211821  fraction=0.76000  peak_slope=1.101e-05  t_peak=62947  comparison cadence=125894  difference=0.41625  below=0/3
t=201830  fraction=0.72250  peak_slope=1.276e-05  t_peak=70940  comparison cadence=141880  difference=0.60750  below=0/3
t=203828  fraction=0.73000  peak_slope=1.276e-05  t_peak=79933  comparison cadence=159865  difference=0.71625  below=0/3
t=246792  fraction=0.80750  peak_slope=1.426e-05  t_peak=81931  comparison cadence=163862  difference=0.45125  below=0/3
t=212820  fraction=0.74125  peak_slope=1.426e-05  t_peak=72938  comparison cadence=145877  difference=0.56875  below=0/3
t=197833  fraction=0.72750  peak_slope=1.001e-05  t_peak=75936  comparison cadence=151872  difference=0.69750  below=0/3
t=212820  fraction=0.76250  peak_slope=1.101e-05  t_peak=62947  comparison cadence=125894  difference=0.41375  below=0/3
t=176851  fraction=0.66875  peak_slope=1.051e-05  t_peak=68942  comparison cadence=137884  difference=0.66625  below=0/3
t=202829  fraction=0.72375  peak_slope=1.276e-05  t_peak=70940  comparison cadence=141880  difference=0.60125  below=0/3
t=247791  fraction=0.80875  peak_slope=1.426e-05  t_peak=81931  comparison cadence=163862  difference=0.45000  below=0/3
t=204827  fraction=0.73250  peak_slope=1.276e-05  t_peak=79933  comparison cadence=159865  difference=0.71250  below=0/3
t=213820  fraction=0.74125  peak_slope=1.426e-05  t_peak=72938  comparison cadence=145877  difference=0.56000  below=0/3
t=198832  fraction=0.73125  peak_slope=1.001e-05  t_peak=75936  comparison cadence=151872  difference=0.69375  below=0/3
t=213820  fraction=0.76250  peak_slope=1.101e-05  t_peak=62947  comparison cadence=125894  difference=0.40500  below=0/3
t=177850  fraction=0.66875  peak_slope=1.051e-05  t_peak=68942  comparison cadence=137884  difference=0.66625  below=0/3
t=203828  fraction=0.72375  peak_slope=1.276e-05  t_peak=70940  comparison cadence=141880  difference=0.58625  below=0/3
t=248790  fraction=0.81000  peak_slope=1.426e-05  t_peak=81931  comparison cadence=163862  difference=0.43750  below=0/3
t=205826  fraction=0.73375  peak_slope=1.276e-05  t_peak=79933  comparison cadence=159865  difference=0.71125  below=0/3
t=214819  fraction=0.74125  peak_slope=1.426e-05  t_peak=72938  comparison cadence=145877  difference=0.53875  below=0/3
t=199831  fraction=0.73250  peak_slope=1.001e-05  t_peak=75936  comparison cadence=151872  difference=0.68875  below=0/3
t=214819  fraction=0.76375  peak_slope=1.101e-05  t_peak=62947  comparison cadence=125894  difference=0.39750  below=0/3
t=249789  fraction=0.81000  peak_slope=1.426e-05  t_peak=81931  comparison cadence=163862  difference=0.42750  below=0/3
t=204827  fraction=0.72625  peak_slope=1.276e-05  t_peak=70940  comparison cadence=141880  difference=0.58000  below=0/3
t=178849  fraction=0.67250  peak_slope=1.051e-05  t_peak=68942  comparison cadence=137884  difference=0.67000  below=0/3
t=206825  fraction=0.73500  peak_slope=1.276e-05  t_peak=79933  comparison cadence=159865  difference=0.71000  below=0/3
t=215818  fraction=0.74250  peak_slope=1.426e-05  t_peak=72938  comparison cadence=145877  difference=0.53000  below=0/3
t=200831  fraction=0.73250  peak_slope=1.001e-05  t_peak=75936  comparison cadence=151872  difference=0.68250  below=0/3
t=215818  fraction=0.76375  peak_slope=1.101e-05  t_peak=62947  comparison cadence=125894  difference=0.38875  below=0/3
t=250788  fraction=0.81000  peak_slope=1.426e-05  t_peak=81931  comparison cadence=163862  difference=0.41500  below=0/3
t=205826  fraction=0.72625  peak_slope=1.276e-05  t_peak=70940  comparison cadence=141880  difference=0.56500  below=0/3
t=179848  fraction=0.67375  peak_slope=1.051e-05  t_peak=68942  comparison cadence=137884  difference=0.67000  below=0/3
t=207825  fraction=0.74000  peak_slope=1.276e-05  t_peak=79933  comparison cadence=159865  difference=0.71000  below=0/3
t=216817  fraction=0.74250  peak_slope=1.426e-05  t_peak=72938  comparison cadence=145877  difference=0.51375  below=0/3
t=251788  fraction=0.81000  peak_slope=1.426e-05  t_peak=81931  comparison cadence=163862  difference=0.40250  below=0/3
t=201830  fraction=0.73375  peak_slope=1.001e-05  t_peak=75936  comparison cadence=151872  difference=0.68000  below=0/3
t=216817  fraction=0.76375  peak_slope=1.101e-05  t_peak=62947  comparison cadence=125894  difference=0.37750  below=0/3
t=206825  fraction=0.72625  peak_slope=1.276e-05  t_peak=70940  comparison cadence=141880  difference=0.55500  below=0/3
t=208824  fraction=0.74000  peak_slope=1.276e-05  t_peak=79933  comparison cadence=159865  difference=0.70125  below=0/3
t=180847  fraction=0.67625  peak_slope=1.051e-05  t_peak=68942  comparison cadence=137884  difference=0.67000  below=0/3
t=252787  fraction=0.81125  peak_slope=1.426e-05  t_peak=81931  comparison cadence=163862  difference=0.39250  below=0/3
t=217816  fraction=0.74250  peak_slope=1.426e-05  t_peak=72938  comparison cadence=145877  difference=0.50875  below=0/3
t=217816  fraction=0.76500  peak_slope=1.101e-05  t_peak=62947  comparison cadence=125894  difference=0.36625  below=0/3
t=202829  fraction=0.73500  peak_slope=1.001e-05  t_peak=75936  comparison cadence=151872  difference=0.67500  below=0/3
t=253786  fraction=0.81250  peak_slope=1.426e-05  t_peak=81931  comparison cadence=163862  difference=0.38625  below=0/3
t=207825  fraction=0.72625  peak_slope=1.276e-05  t_peak=70940  comparison cadence=141880  difference=0.54375  below=0/3
t=209823  fraction=0.74125  peak_slope=1.276e-05  t_peak=79933  comparison cadence=159865  difference=0.70125  below=0/3
t=218815  fraction=0.74375  peak_slope=1.426e-05  t_peak=72938  comparison cadence=145877  difference=0.49125  below=0/3
t=181847  fraction=0.67875  peak_slope=1.051e-05  t_peak=68942  comparison cadence=137884  difference=0.66375  below=0/3
t=218815  fraction=0.76500  peak_slope=1.101e-05  t_peak=62947  comparison cadence=125894  difference=0.35625  below=0/3
t=203828  fraction=0.73625  peak_slope=1.001e-05  t_peak=75936  comparison cadence=151872  difference=0.66750  below=0/3
t=254785  fraction=0.81250  peak_slope=1.426e-05  t_peak=81931  comparison cadence=163862  difference=0.37875  below=0/3
t=208824  fraction=0.72875  peak_slope=1.276e-05  t_peak=70940  comparison cadence=141880  difference=0.54000  below=0/3
t=210822  fraction=0.74125  peak_slope=1.276e-05  t_peak=79933  comparison cadence=159865  difference=0.69250  below=0/3
t=219814  fraction=0.74500  peak_slope=1.426e-05  t_peak=72938  comparison cadence=145877  difference=0.48250  below=0/3
t=219814  fraction=0.76750  peak_slope=1.101e-05  t_peak=62947  comparison cadence=125894  difference=0.35000  below=0/3
t=182846  fraction=0.68125  peak_slope=1.051e-05  t_peak=68942  comparison cadence=137884  difference=0.66250  below=0/3
t=204827  fraction=0.73625  peak_slope=1.001e-05  t_peak=75936  comparison cadence=151872  difference=0.66250  below=0/3
t=255784  fraction=0.81375  peak_slope=1.426e-05  t_peak=81931  comparison cadence=163862  difference=0.36875  below=0/3
t=209823  fraction=0.73125  peak_slope=1.276e-05  t_peak=70940  comparison cadence=141880  difference=0.52750  below=0/3
t=211821  fraction=0.74250  peak_slope=1.276e-05  t_peak=79933  comparison cadence=159865  difference=0.69250  below=0/3
t=220814  fraction=0.74500  peak_slope=1.426e-05  t_peak=72938  comparison cadence=145877  difference=0.47375  below=0/3
t=220814  fraction=0.76750  peak_slope=1.101e-05  t_peak=62947  comparison cadence=125894  difference=0.34250  below=0/3
t=205826  fraction=0.74000  peak_slope=1.001e-05  t_peak=75936  comparison cadence=151872  difference=0.65625  below=0/3
t=183845  fraction=0.68125  peak_slope=1.051e-05  t_peak=68942  comparison cadence=137884  difference=0.66250  below=0/3
t=256783  fraction=0.81375  peak_slope=1.426e-05  t_peak=81931  comparison cadence=163862  difference=0.36375  below=0/3
t=212820  fraction=0.74250  peak_slope=1.276e-05  t_peak=79933  comparison cadence=159865  difference=0.68625  below=0/3
t=210822  fraction=0.73250  peak_slope=1.276e-05  t_peak=70940  comparison cadence=141880  difference=0.51125  below=0/3
t=221813  fraction=0.74500  peak_slope=1.426e-05  t_peak=72938  comparison cadence=145877  difference=0.46875  below=0/3
t=221813  fraction=0.76875  peak_slope=1.101e-05  t_peak=62947  comparison cadence=125894  difference=0.33125  below=0/3
t=257782  fraction=0.81500  peak_slope=1.426e-05  t_peak=81931  comparison cadence=163862  difference=0.35875  below=0/3
t=206825  fraction=0.74000  peak_slope=1.001e-05  t_peak=75936  comparison cadence=151872  difference=0.64875  below=0/3
t=184844  fraction=0.68250  peak_slope=1.051e-05  t_peak=68942  comparison cadence=137884  difference=0.66250  below=0/3
t=258782  fraction=0.81500  peak_slope=1.426e-05  t_peak=81931  comparison cadence=163862  difference=0.35375  below=0/3
t=213820  fraction=0.74375  peak_slope=1.276e-05  t_peak=79933  comparison cadence=159865  difference=0.67750  below=0/3
t=222812  fraction=0.74625  peak_slope=1.426e-05  t_peak=72938  comparison cadence=145877  difference=0.46500  below=0/3
t=211821  fraction=0.73375  peak_slope=1.276e-05  t_peak=70940  comparison cadence=141880  difference=0.50000  below=0/3
t=222812  fraction=0.77000  peak_slope=1.101e-05  t_peak=62947  comparison cadence=125894  difference=0.32375  below=0/3
t=207825  fraction=0.74125  peak_slope=1.001e-05  t_peak=75936  comparison cadence=151872  difference=0.64125  below=0/3
t=185843  fraction=0.68375  peak_slope=1.051e-05  t_peak=68942  comparison cadence=137884  difference=0.66250  below=0/3
t=155868  fraction=0.65000  peak_slope=1.026e-05  t_peak=77934  comparison cadence=155868  difference=0.65000  below=0/3
t=259781  fraction=0.81500  peak_slope=1.426e-05  t_peak=81931  comparison cadence=163862  difference=0.34500  below=0/3
t=223811  fraction=0.74625  peak_slope=1.426e-05  t_peak=72938  comparison cadence=145877  difference=0.45750  below=0/3
t=214819  fraction=0.74375  peak_slope=1.276e-05  t_peak=79933  comparison cadence=159865  difference=0.67250  below=0/3
t=223811  fraction=0.77250  peak_slope=1.101e-05  t_peak=62947  comparison cadence=125894  difference=0.32125  below=0/3
t=212820  fraction=0.73375  peak_slope=1.276e-05  t_peak=70940  comparison cadence=141880  difference=0.48750  below=0/3
t=208824  fraction=0.74375  peak_slope=1.001e-05  t_peak=75936  comparison cadence=151872  difference=0.63500  below=0/3
t=260780  fraction=0.81500  peak_slope=1.426e-05  t_peak=81931  comparison cadence=163862  difference=0.33750  below=0/3
t=186842  fraction=0.68625  peak_slope=1.051e-05  t_peak=68942  comparison cadence=137884  difference=0.66000  below=0/3
t=224810  fraction=0.74875  peak_slope=1.426e-05  t_peak=72938  comparison cadence=145877  difference=0.45375  below=0/3
t=215818  fraction=0.74375  peak_slope=1.276e-05  t_peak=79933  comparison cadence=159865  difference=0.66250  below=0/3
t=224810  fraction=0.77625  peak_slope=1.101e-05  t_peak=62947  comparison cadence=125894  difference=0.32000  below=0/3
t=156868  fraction=0.65125  peak_slope=1.026e-05  t_peak=77934  comparison cadence=155868  difference=0.65125  below=0/3
t=213820  fraction=0.73625  peak_slope=1.276e-05  t_peak=70940  comparison cadence=141880  difference=0.48375  below=0/3
t=209823  fraction=0.74500  peak_slope=1.001e-05  t_peak=75936  comparison cadence=151872  difference=0.63250  below=0/3
t=261779  fraction=0.81500  peak_slope=1.426e-05  t_peak=81931  comparison cadence=163862  difference=0.33375  below=0/3
t=187841  fraction=0.68875  peak_slope=1.051e-05  t_peak=68942  comparison cadence=137884  difference=0.66000  below=0/3
t=225809  fraction=0.75000  peak_slope=1.426e-05  t_peak=72938  comparison cadence=145877  difference=0.44125  below=0/3
t=225809  fraction=0.77750  peak_slope=1.101e-05  t_peak=62947  comparison cadence=125894  difference=0.31375  below=0/3
t=216817  fraction=0.74375  peak_slope=1.276e-05  t_peak=79933  comparison cadence=159865  difference=0.65000  below=0/3
t=214819  fraction=0.73625  peak_slope=1.276e-05  t_peak=70940  comparison cadence=141880  difference=0.47625  below=0/3
t=262778  fraction=0.81500  peak_slope=1.426e-05  t_peak=81931  comparison cadence=163862  difference=0.32625  below=0/3
t=210822  fraction=0.74625  peak_slope=1.001e-05  t_peak=75936  comparison cadence=151872  difference=0.62000  below=0/3
t=157867  fraction=0.65500  peak_slope=1.026e-05  t_peak=77934  comparison cadence=155868  difference=0.65500  below=0/3
t=188841  fraction=0.68875  peak_slope=1.051e-05  t_peak=68942  comparison cadence=137884  difference=0.65750  below=0/3
t=226809  fraction=0.75000  peak_slope=1.426e-05  t_peak=72938  comparison cadence=145877  difference=0.43250  below=0/3
t=226809  fraction=0.77875  peak_slope=1.101e-05  t_peak=62947  comparison cadence=125894  difference=0.30625  below=0/3
t=217816  fraction=0.74500  peak_slope=1.276e-05  t_peak=79933  comparison cadence=159865  difference=0.64500  below=0/3
t=263777  fraction=0.81750  peak_slope=1.426e-05  t_peak=81931  comparison cadence=163862  difference=0.32625  below=0/3
t=215818  fraction=0.73750  peak_slope=1.276e-05  t_peak=70940  comparison cadence=141880  difference=0.47000  below=0/3
t=211821  fraction=0.75000  peak_slope=1.001e-05  t_peak=75936  comparison cadence=151872  difference=0.61500  below=0/3
t=158866  fraction=0.65750  peak_slope=1.026e-05  t_peak=77934  comparison cadence=155868  difference=0.65750  below=0/3
t=227808  fraction=0.75000  peak_slope=1.426e-05  t_peak=72938  comparison cadence=145877  difference=0.42625  below=0/3
t=227808  fraction=0.77875  peak_slope=1.101e-05  t_peak=62947  comparison cadence=125894  difference=0.30125  below=0/3
t=189840  fraction=0.68875  peak_slope=1.051e-05  t_peak=68942  comparison cadence=137884  difference=0.65000  below=0/3
t=264777  fraction=0.81875  peak_slope=1.426e-05  t_peak=81931  comparison cadence=163862  difference=0.32375  below=0/3
t=218815  fraction=0.74750  peak_slope=1.276e-05  t_peak=79933  comparison cadence=159865  difference=0.63750  below=0/3
t=216817  fraction=0.73750  peak_slope=1.276e-05  t_peak=70940  comparison cadence=141880  difference=0.46125  below=0/3
t=212820  fraction=0.75000  peak_slope=1.001e-05  t_peak=75936  comparison cadence=151872  difference=0.60500  below=0/3
t=265776  fraction=0.81875  peak_slope=1.426e-05  t_peak=81931  comparison cadence=163862  difference=0.32000  below=0/3
t=228807  fraction=0.77875  peak_slope=1.101e-05  t_peak=62947  comparison cadence=125894  difference=0.29250  below=0/3
t=228807  fraction=0.75000  peak_slope=1.426e-05  t_peak=72938  comparison cadence=145877  difference=0.41500  below=0/3
t=219814  fraction=0.74750  peak_slope=1.276e-05  t_peak=79933  comparison cadence=159865  difference=0.63125  below=0/3
t=190839  fraction=0.69125  peak_slope=1.051e-05  t_peak=68942  comparison cadence=137884  difference=0.64750  below=0/3
t=159865  fraction=0.66125  peak_slope=1.026e-05  t_peak=77934  comparison cadence=155868  difference=0.66125  below=0/3
t=217816  fraction=0.74000  peak_slope=1.276e-05  t_peak=70940  comparison cadence=141880  difference=0.45750  below=0/3
t=213820  fraction=0.75125  peak_slope=1.001e-05  t_peak=75936  comparison cadence=151872  difference=0.59625  below=0/3
t=266775  fraction=0.82000  peak_slope=1.426e-05  t_peak=81931  comparison cadence=163862  difference=0.31875  below=0/3
t=229806  fraction=0.78000  peak_slope=1.101e-05  t_peak=62947  comparison cadence=125894  difference=0.28625  below=0/3
t=229806  fraction=0.75125  peak_slope=1.426e-05  t_peak=72938  comparison cadence=145877  difference=0.41250  below=0/3
t=220814  fraction=0.75000  peak_slope=1.276e-05  t_peak=79933  comparison cadence=159865  difference=0.62375  below=0/3
t=191838  fraction=0.69125  peak_slope=1.051e-05  t_peak=68942  comparison cadence=137884  difference=0.64000  below=0/3
t=214819  fraction=0.75375  peak_slope=1.001e-05  t_peak=75936  comparison cadence=151872  difference=0.59250  below=0/3
t=218815  fraction=0.74125  peak_slope=1.276e-05  t_peak=70940  comparison cadence=141880  difference=0.45375  below=0/3
t=267774  fraction=0.82000  peak_slope=1.426e-05  t_peak=81931  comparison cadence=163862  difference=0.31750  below=0/3
t=160864  fraction=0.66875  peak_slope=1.026e-05  t_peak=77934  comparison cadence=155868  difference=0.66875  below=0/3
t=230805  fraction=0.78125  peak_slope=1.101e-05  t_peak=62947  comparison cadence=125894  difference=0.28250  below=0/3
t=230805  fraction=0.75125  peak_slope=1.426e-05  t_peak=72938  comparison cadence=145877  difference=0.40750  below=0/3
t=221813  fraction=0.75125  peak_slope=1.276e-05  t_peak=79933  comparison cadence=159865  difference=0.61875  below=0/3
t=192837  fraction=0.69500  peak_slope=1.051e-05  t_peak=68942  comparison cadence=137884  difference=0.63750  below=0/3
t=215818  fraction=0.75500  peak_slope=1.001e-05  t_peak=75936  comparison cadence=151872  difference=0.58500  below=0/3
t=268773  fraction=0.82000  peak_slope=1.426e-05  t_peak=81931  comparison cadence=163862  difference=0.31000  below=0/3
t=219814  fraction=0.74125  peak_slope=1.276e-05  t_peak=70940  comparison cadence=141880  difference=0.44125  below=0/3
t=231804  fraction=0.78250  peak_slope=1.101e-05  t_peak=62947  comparison cadence=125894  difference=0.27625  below=0/3
t=231804  fraction=0.75250  peak_slope=1.426e-05  t_peak=72938  comparison cadence=145877  difference=0.40375  below=0/3
t=222812  fraction=0.75375  peak_slope=1.276e-05  t_peak=79933  comparison cadence=159865  difference=0.61500  below=0/3
t=161863  fraction=0.66875  peak_slope=1.026e-05  t_peak=77934  comparison cadence=155868  difference=0.66875  below=0/3
t=269772  fraction=0.82000  peak_slope=1.426e-05  t_peak=81931  comparison cadence=163862  difference=0.30875  below=0/3
t=216817  fraction=0.75875  peak_slope=1.001e-05  t_peak=75936  comparison cadence=151872  difference=0.57875  below=0/3
t=193836  fraction=0.69500  peak_slope=1.051e-05  t_peak=68942  comparison cadence=137884  difference=0.63000  below=0/3
t=220814  fraction=0.74250  peak_slope=1.276e-05  t_peak=70940  comparison cadence=141880  difference=0.43625  below=0/3
t=232804  fraction=0.78375  peak_slope=1.101e-05  t_peak=62947  comparison cadence=125894  difference=0.27000  below=0/3
t=232804  fraction=0.75500  peak_slope=1.426e-05  t_peak=72938  comparison cadence=145877  difference=0.40125  below=0/3
t=270771  fraction=0.82000  peak_slope=1.426e-05  t_peak=81931  comparison cadence=163862  difference=0.30625  below=0/3
t=223811  fraction=0.75500  peak_slope=1.276e-05  t_peak=79933  comparison cadence=159865  difference=0.61125  below=0/3
t=217816  fraction=0.76000  peak_slope=1.001e-05  t_peak=75936  comparison cadence=151872  difference=0.57500  below=0/3
t=221813  fraction=0.74500  peak_slope=1.276e-05  t_peak=70940  comparison cadence=141880  difference=0.43000  below=0/3
t=194836  fraction=0.69750  peak_slope=1.051e-05  t_peak=68942  comparison cadence=137884  difference=0.62875  below=0/3
t=162863  fraction=0.67250  peak_slope=1.026e-05  t_peak=77934  comparison cadence=155868  difference=0.67250  below=0/3
t=233803  fraction=0.78500  peak_slope=1.101e-05  t_peak=62947  comparison cadence=125894  difference=0.27125  below=0/3
t=233803  fraction=0.75625  peak_slope=1.426e-05  t_peak=72938  comparison cadence=145877  difference=0.38875  below=0/3
t=271771  fraction=0.82125  peak_slope=1.426e-05  t_peak=81931  comparison cadence=163862  difference=0.30500  below=0/3
t=224810  fraction=0.75500  peak_slope=1.276e-05  t_peak=79933  comparison cadence=159865  difference=0.60375  below=0/3
t=218815  fraction=0.76125  peak_slope=1.001e-05  t_peak=75936  comparison cadence=151872  difference=0.57250  below=0/3
t=222812  fraction=0.74625  peak_slope=1.276e-05  t_peak=70940  comparison cadence=141880  difference=0.42625  below=0/3
t=195835  fraction=0.70000  peak_slope=1.051e-05  t_peak=68942  comparison cadence=137884  difference=0.61875  below=0/3
t=234802  fraction=0.78875  peak_slope=1.101e-05  t_peak=62947  comparison cadence=125894  difference=0.26750  below=0/3
t=272770  fraction=0.82125  peak_slope=1.426e-05  t_peak=81931  comparison cadence=163862  difference=0.30250  below=0/3
t=234802  fraction=0.75625  peak_slope=1.426e-05  t_peak=72938  comparison cadence=145877  difference=0.38000  below=0/3
t=163862  fraction=0.67250  peak_slope=1.026e-05  t_peak=77934  comparison cadence=155868  difference=0.67250  below=0/3
t=225809  fraction=0.75500  peak_slope=1.276e-05  t_peak=79933  comparison cadence=159865  difference=0.59500  below=0/3
t=219814  fraction=0.76375  peak_slope=1.001e-05  t_peak=75936  comparison cadence=151872  difference=0.56625  below=0/3
t=273769  fraction=0.82125  peak_slope=1.426e-05  t_peak=81931  comparison cadence=163862  difference=0.29750  below=0/3
t=223811  fraction=0.74750  peak_slope=1.276e-05  t_peak=70940  comparison cadence=141880  difference=0.41875  below=0/3
t=235801  fraction=0.79000  peak_slope=1.101e-05  t_peak=62947  comparison cadence=125894  difference=0.26375  below=0/3
t=235801  fraction=0.75625  peak_slope=1.426e-05  t_peak=72938  comparison cadence=145877  difference=0.36750  below=0/3
t=196834  fraction=0.70000  peak_slope=1.051e-05  t_peak=68942  comparison cadence=137884  difference=0.61375  below=0/3
t=226809  fraction=0.75500  peak_slope=1.276e-05  t_peak=79933  comparison cadence=159865  difference=0.58625  below=0/3
t=164861  fraction=0.67625  peak_slope=1.026e-05  t_peak=77934  comparison cadence=155868  difference=0.67625  below=0/3
t=220814  fraction=0.76500  peak_slope=1.001e-05  t_peak=75936  comparison cadence=151872  difference=0.56250  below=0/3
t=274768  fraction=0.82125  peak_slope=1.426e-05  t_peak=81931  comparison cadence=163862  difference=0.29125  below=0/3
t=236800  fraction=0.79125  peak_slope=1.101e-05  t_peak=62947  comparison cadence=125894  difference=0.25875  below=0/3
t=236800  fraction=0.75625  peak_slope=1.426e-05  t_peak=72938  comparison cadence=145877  difference=0.36375  below=0/3
t=224810  fraction=0.74750  peak_slope=1.276e-05  t_peak=70940  comparison cadence=141880  difference=0.41625  below=0/3
t=197833  fraction=0.70000  peak_slope=1.051e-05  t_peak=68942  comparison cadence=137884  difference=0.60625  below=0/3
t=227808  fraction=0.75750  peak_slope=1.276e-05  t_peak=79933  comparison cadence=159865  difference=0.58250  below=0/3
t=275767  fraction=0.82125  peak_slope=1.426e-05  t_peak=81931  comparison cadence=163862  difference=0.28750  below=0/3
t=221813  fraction=0.76750  peak_slope=1.001e-05  t_peak=75936  comparison cadence=151872  difference=0.56000  below=0/3
t=237799  fraction=0.79125  peak_slope=1.101e-05  t_peak=62947  comparison cadence=125894  difference=0.25375  below=0/3
t=237799  fraction=0.75750  peak_slope=1.426e-05  t_peak=72938  comparison cadence=145877  difference=0.35625  below=0/3
t=225809  fraction=0.75000  peak_slope=1.276e-05  t_peak=70940  comparison cadence=141880  difference=0.41375  below=0/3
t=165860  fraction=0.67875  peak_slope=1.026e-05  t_peak=77934  comparison cadence=155868  difference=0.67875  below=0/3
t=198832  fraction=0.70000  peak_slope=1.051e-05  t_peak=68942  comparison cadence=137884  difference=0.59500  below=0/3
t=276766  fraction=0.82125  peak_slope=1.426e-05  t_peak=81931  comparison cadence=163862  difference=0.28375  below=0/3
t=228807  fraction=0.75875  peak_slope=1.276e-05  t_peak=79933  comparison cadence=159865  difference=0.57125  below=0/3
t=222812  fraction=0.76750  peak_slope=1.001e-05  t_peak=75936  comparison cadence=151872  difference=0.55250  below=0/3
t=238798  fraction=0.79250  peak_slope=1.101e-05  t_peak=62947  comparison cadence=125894  difference=0.24875  below=0/3
t=238798  fraction=0.75875  peak_slope=1.426e-05  t_peak=72938  comparison cadence=145877  difference=0.35250  below=0/3
t=226809  fraction=0.75000  peak_slope=1.276e-05  t_peak=70940  comparison cadence=141880  difference=0.40625  below=0/3
t=277766  fraction=0.82125  peak_slope=1.426e-05  t_peak=81931  comparison cadence=163862  difference=0.27750  below=0/3
t=199831  fraction=0.70250  peak_slope=1.051e-05  t_peak=68942  comparison cadence=137884  difference=0.58875  below=0/3
t=229806  fraction=0.76000  peak_slope=1.276e-05  t_peak=79933  comparison cadence=159865  difference=0.56500  below=0/3
t=166859  fraction=0.68000  peak_slope=1.026e-05  t_peak=77934  comparison cadence=155868  difference=0.68000  below=0/3
t=223811  fraction=0.76875  peak_slope=1.001e-05  t_peak=75936  comparison cadence=151872  difference=0.54250  below=0/3
t=239798  fraction=0.79250  peak_slope=1.101e-05  t_peak=62947  comparison cadence=125894  difference=0.23875  below=0/3
t=239798  fraction=0.76000  peak_slope=1.426e-05  t_peak=72938  comparison cadence=145877  difference=0.34750  below=0/3
t=278765  fraction=0.82125  peak_slope=1.426e-05  t_peak=81931  comparison cadence=163862  difference=0.27375  below=0/3
t=227808  fraction=0.75000  peak_slope=1.276e-05  t_peak=70940  comparison cadence=141880  difference=0.39625  below=0/3
t=230805  fraction=0.76000  peak_slope=1.276e-05  t_peak=79933  comparison cadence=159865  difference=0.55625  below=0/3
t=200831  fraction=0.70250  peak_slope=1.051e-05  t_peak=68942  comparison cadence=137884  difference=0.58000  below=0/3
t=224810  fraction=0.77000  peak_slope=1.001e-05  t_peak=75936  comparison cadence=151872  difference=0.53625  below=0/3
t=240797  fraction=0.79250  peak_slope=1.101e-05  t_peak=62947  comparison cadence=125894  difference=0.23375  below=0/3
t=240797  fraction=0.76125  peak_slope=1.426e-05  t_peak=72938  comparison cadence=145877  difference=0.34625  below=0/3
t=167858  fraction=0.68125  peak_slope=1.026e-05  t_peak=77934  comparison cadence=155868  difference=0.68125  below=0/3
t=279764  fraction=0.82250  peak_slope=1.426e-05  t_peak=81931  comparison cadence=163862  difference=0.27125  below=0/3
t=228807  fraction=0.75125  peak_slope=1.276e-05  t_peak=70940  comparison cadence=141880  difference=0.38375  below=0/3
t=231804  fraction=0.76125  peak_slope=1.276e-05  t_peak=79933  comparison cadence=159865  difference=0.55125  below=0/3
t=201830  fraction=0.70625  peak_slope=1.051e-05  t_peak=68942  comparison cadence=137884  difference=0.57875  below=0/3
t=225809  fraction=0.77000  peak_slope=1.001e-05  t_peak=75936  comparison cadence=151872  difference=0.52125  below=0/3
t=241796  fraction=0.79375  peak_slope=1.101e-05  t_peak=62947  comparison cadence=125894  difference=0.22875  below=0/3
t=280763  fraction=0.82375  peak_slope=1.426e-05  t_peak=81931  comparison cadence=163862  difference=0.27000  below=0/3
t=241796  fraction=0.76250  peak_slope=1.426e-05  t_peak=72938  comparison cadence=145877  difference=0.34375  below=0/3
t=229806  fraction=0.75250  peak_slope=1.276e-05  t_peak=70940  comparison cadence=141880  difference=0.37750  below=0/3
t=168857  fraction=0.68500  peak_slope=1.026e-05  t_peak=77934  comparison cadence=155868  difference=0.68500  below=0/3
t=232804  fraction=0.76250  peak_slope=1.276e-05  t_peak=79933  comparison cadence=159865  difference=0.54625  below=0/3
t=281762  fraction=0.82375  peak_slope=1.426e-05  t_peak=81931  comparison cadence=163862  difference=0.26500  below=0/3
t=242795  fraction=0.79500  peak_slope=1.101e-05  t_peak=62947  comparison cadence=125894  difference=0.22875  below=0/3
t=226809  fraction=0.77250  peak_slope=1.001e-05  t_peak=75936  comparison cadence=151872  difference=0.51750  below=0/3
t=202829  fraction=0.70625  peak_slope=1.051e-05  t_peak=68942  comparison cadence=137884  difference=0.56750  below=0/3
t=242795  fraction=0.76375  peak_slope=1.426e-05  t_peak=72938  comparison cadence=145877  difference=0.33875  below=0/3
t=230805  fraction=0.75250  peak_slope=1.276e-05  t_peak=70940  comparison cadence=141880  difference=0.36750  below=0/3
t=282761  fraction=0.82375  peak_slope=1.426e-05  t_peak=81931  comparison cadence=163862  difference=0.26375  below=0/3
t=233803  fraction=0.76375  peak_slope=1.276e-05  t_peak=79933  comparison cadence=159865  difference=0.53250  below=0/3
t=243794  fraction=0.79500  peak_slope=1.101e-05  t_peak=62947  comparison cadence=125894  difference=0.22750  below=0/3
t=227808  fraction=0.77250  peak_slope=1.001e-05  t_peak=75936  comparison cadence=151872  difference=0.50750  below=0/3
t=243794  fraction=0.76375  peak_slope=1.426e-05  t_peak=72938  comparison cadence=145877  difference=0.33125  below=0/3
t=169857  fraction=0.68500  peak_slope=1.026e-05  t_peak=77934  comparison cadence=155868  difference=0.68500  below=0/3
t=203828  fraction=0.70625  peak_slope=1.051e-05  t_peak=68942  comparison cadence=137884  difference=0.55875  below=0/3
t=283761  fraction=0.82500  peak_slope=1.426e-05  t_peak=81931  comparison cadence=163862  difference=0.25875  below=0/3
t=231804  fraction=0.75250  peak_slope=1.276e-05  t_peak=70940  comparison cadence=141880  difference=0.36125  below=0/3
t=234802  fraction=0.76625  peak_slope=1.276e-05  t_peak=79933  comparison cadence=159865  difference=0.53125  below=0/3
t=244793  fraction=0.79625  peak_slope=1.101e-05  t_peak=62947  comparison cadence=125894  difference=0.22375  below=0/3
t=244793  fraction=0.76750  peak_slope=1.426e-05  t_peak=72938  comparison cadence=145877  difference=0.32750  below=0/3
t=228807  fraction=0.77375  peak_slope=1.001e-05  t_peak=75936  comparison cadence=151872  difference=0.50000  below=0/3
t=204827  fraction=0.70625  peak_slope=1.051e-05  t_peak=68942  comparison cadence=137884  difference=0.54875  below=0/3
t=284760  fraction=0.82625  peak_slope=1.426e-05  t_peak=81931  comparison cadence=163862  difference=0.25750  below=0/3
t=170856  fraction=0.68500  peak_slope=1.026e-05  t_peak=77934  comparison cadence=155868  difference=0.68500  below=0/3
t=232804  fraction=0.75375  peak_slope=1.276e-05  t_peak=70940  comparison cadence=141880  difference=0.36125  below=0/3
t=235801  fraction=0.76625  peak_slope=1.276e-05  t_peak=79933  comparison cadence=159865  difference=0.52000  below=0/3
t=245793  fraction=0.79750  peak_slope=1.101e-05  t_peak=62947  comparison cadence=125894  difference=0.22125  below=0/3
t=245793  fraction=0.76750  peak_slope=1.426e-05  t_peak=72938  comparison cadence=145877  difference=0.32500  below=0/3
t=229806  fraction=0.77500  peak_slope=1.001e-05  t_peak=75936  comparison cadence=151872  difference=0.49500  below=0/3
t=285759  fraction=0.82625  peak_slope=1.426e-05  t_peak=81931  comparison cadence=163862  difference=0.25250  below=0/3
t=205826  fraction=0.70750  peak_slope=1.051e-05  t_peak=68942  comparison cadence=137884  difference=0.54125  below=0/3
t=233803  fraction=0.75500  peak_slope=1.276e-05  t_peak=70940  comparison cadence=141880  difference=0.35500  below=0/3
t=236800  fraction=0.76625  peak_slope=1.276e-05  t_peak=79933  comparison cadence=159865  difference=0.50875  below=0/3
t=246792  fraction=0.79750  peak_slope=1.101e-05  t_peak=62947  comparison cadence=125894  difference=0.21750  below=0/3
t=171855  fraction=0.68625  peak_slope=1.026e-05  t_peak=77934  comparison cadence=155868  difference=0.68625  below=0/3
t=246792  fraction=0.77000  peak_slope=1.426e-05  t_peak=72938  comparison cadence=145877  difference=0.32500  below=0/3
t=230805  fraction=0.77500  peak_slope=1.001e-05  t_peak=75936  comparison cadence=151872  difference=0.49125  below=0/3
t=286758  fraction=0.82750  peak_slope=1.426e-05  t_peak=81931  comparison cadence=163862  difference=0.24875  below=0/3
t=206825  fraction=0.71000  peak_slope=1.051e-05  t_peak=68942  comparison cadence=137884  difference=0.53000  below=0/3
t=234802  fraction=0.75625  peak_slope=1.276e-05  t_peak=70940  comparison cadence=141880  difference=0.35125  below=0/3
t=247791  fraction=0.79750  peak_slope=1.101e-05  t_peak=62947  comparison cadence=125894  difference=0.21125  below=0/3
t=237799  fraction=0.77125  peak_slope=1.276e-05  t_peak=79933  comparison cadence=159865  difference=0.49875  below=0/3
t=247791  fraction=0.77000  peak_slope=1.426e-05  t_peak=72938  comparison cadence=145877  difference=0.31625  below=0/3
t=287757  fraction=0.82750  peak_slope=1.426e-05  t_peak=81931  comparison cadence=163862  difference=0.24750  below=0/3
t=231804  fraction=0.77625  peak_slope=1.001e-05  t_peak=75936  comparison cadence=151872  difference=0.48125  below=0/3
t=172854  fraction=0.68750  peak_slope=1.026e-05  t_peak=77934  comparison cadence=155868  difference=0.68750  below=0/3
t=207825  fraction=0.71250  peak_slope=1.051e-05  t_peak=68942  comparison cadence=137884  difference=0.52500  below=0/3
t=248790  fraction=0.79875  peak_slope=1.101e-05  t_peak=62947  comparison cadence=125894  difference=0.20625  below=0/3
t=288756  fraction=0.82875  peak_slope=1.426e-05  t_peak=81931  comparison cadence=163862  difference=0.24625  below=0/3
t=235801  fraction=0.75625  peak_slope=1.276e-05  t_peak=70940  comparison cadence=141880  difference=0.34875  below=0/3
t=238798  fraction=0.77375  peak_slope=1.276e-05  t_peak=79933  comparison cadence=159865  difference=0.49125  below=0/3
t=248790  fraction=0.77125  peak_slope=1.426e-05  t_peak=72938  comparison cadence=145877  difference=0.31125  below=0/3
t=232804  fraction=0.77625  peak_slope=1.001e-05  t_peak=75936  comparison cadence=151872  difference=0.47500  below=0/3
t=289755  fraction=0.82875  peak_slope=1.426e-05  t_peak=81931  comparison cadence=163862  difference=0.24250  below=0/3
t=208824  fraction=0.71250  peak_slope=1.051e-05  t_peak=68942  comparison cadence=137884  difference=0.51750  below=0/3
t=173853  fraction=0.68875  peak_slope=1.026e-05  t_peak=77934  comparison cadence=155868  difference=0.68875  below=0/3
t=249789  fraction=0.79875  peak_slope=1.101e-05  t_peak=62947  comparison cadence=125894  difference=0.20125  below=0/3
t=249789  fraction=0.77125  peak_slope=1.426e-05  t_peak=72938  comparison cadence=145877  difference=0.30000  below=0/3
t=236800  fraction=0.75625  peak_slope=1.276e-05  t_peak=70940  comparison cadence=141880  difference=0.34250  below=0/3
t=239798  fraction=0.77500  peak_slope=1.276e-05  t_peak=79933  comparison cadence=159865  difference=0.47625  below=0/3
t=233803  fraction=0.77750  peak_slope=1.001e-05  t_peak=75936  comparison cadence=151872  difference=0.46875  below=0/3
t=290755  fraction=0.82875  peak_slope=1.426e-05  t_peak=81931  comparison cadence=163862  difference=0.23625  below=0/3
t=250788  fraction=0.80000  peak_slope=1.101e-05  t_peak=62947  comparison cadence=125894  difference=0.19750  below=0/3
t=209823  fraction=0.71250  peak_slope=1.051e-05  t_peak=68942  comparison cadence=137884  difference=0.51000  below=0/3
t=250788  fraction=0.77125  peak_slope=1.426e-05  t_peak=72938  comparison cadence=145877  difference=0.29125  below=0/3
t=240797  fraction=0.77625  peak_slope=1.276e-05  t_peak=79933  comparison cadence=159865  difference=0.46750  below=0/3
t=237799  fraction=0.75750  peak_slope=1.276e-05  t_peak=70940  comparison cadence=141880  difference=0.33250  below=0/3
t=234802  fraction=0.77750  peak_slope=1.001e-05  t_peak=75936  comparison cadence=151872  difference=0.45875  below=0/3
t=174852  fraction=0.69000  peak_slope=1.026e-05  t_peak=77934  comparison cadence=155868  difference=0.69000  below=0/3
t=291754  fraction=0.82875  peak_slope=1.426e-05  t_peak=81931  comparison cadence=163862  difference=0.23000  below=0/3
t=251788  fraction=0.80125  peak_slope=1.101e-05  t_peak=62947  comparison cadence=125894  difference=0.19500  below=0/3
t=251788  fraction=0.77250  peak_slope=1.426e-05  t_peak=72938  comparison cadence=145877  difference=0.29000  below=0/3
t=241796  fraction=0.77750  peak_slope=1.276e-05  t_peak=79933  comparison cadence=159865  difference=0.45625  below=0/3
t=210822  fraction=0.71375  peak_slope=1.051e-05  t_peak=68942  comparison cadence=137884  difference=0.50125  below=0/3
t=238798  fraction=0.75750  peak_slope=1.276e-05  t_peak=70940  comparison cadence=141880  difference=0.32250  below=0/3
t=235801  fraction=0.77875  peak_slope=1.001e-05  t_peak=75936  comparison cadence=151872  difference=0.45000  below=0/3
t=292753  fraction=0.82875  peak_slope=1.426e-05  t_peak=81931  comparison cadence=163862  difference=0.22625  below=0/3
t=175852  fraction=0.69125  peak_slope=1.026e-05  t_peak=77934  comparison cadence=155868  difference=0.69125  below=0/3
t=252787  fraction=0.80250  peak_slope=1.101e-05  t_peak=62947  comparison cadence=125894  difference=0.19000  below=0/3
t=252787  fraction=0.77375  peak_slope=1.426e-05  t_peak=72938  comparison cadence=145877  difference=0.28625  below=0/3
t=242795  fraction=0.77750  peak_slope=1.276e-05  t_peak=79933  comparison cadence=159865  difference=0.44625  below=0/3
t=211821  fraction=0.71375  peak_slope=1.051e-05  t_peak=68942  comparison cadence=137884  difference=0.49250  below=0/3
t=293752  fraction=0.82875  peak_slope=1.426e-05  t_peak=81931  comparison cadence=163862  difference=0.22375  below=0/3
t=239798  fraction=0.75875  peak_slope=1.276e-05  t_peak=70940  comparison cadence=141880  difference=0.31875  below=0/3
t=236800  fraction=0.77875  peak_slope=1.001e-05  t_peak=75936  comparison cadence=151872  difference=0.44000  below=0/3
t=253786  fraction=0.80375  peak_slope=1.101e-05  t_peak=62947  comparison cadence=125894  difference=0.18625  below=0/3
t=253786  fraction=0.77375  peak_slope=1.426e-05  t_peak=72938  comparison cadence=145877  difference=0.28000  below=0/3
t=294751  fraction=0.82875  peak_slope=1.426e-05  t_peak=81931  comparison cadence=163862  difference=0.22000  below=0/3
t=243794  fraction=0.77750  peak_slope=1.276e-05  t_peak=79933  comparison cadence=159865  difference=0.44375  below=0/3
t=176851  fraction=0.69375  peak_slope=1.026e-05  t_peak=77934  comparison cadence=155868  difference=0.69375  below=0/3
t=237799  fraction=0.77875  peak_slope=1.001e-05  t_peak=75936  comparison cadence=151872  difference=0.43625  below=0/3
t=240797  fraction=0.76000  peak_slope=1.276e-05  t_peak=70940  comparison cadence=141880  difference=0.31250  below=0/3
t=212820  fraction=0.71375  peak_slope=1.051e-05  t_peak=68942  comparison cadence=137884  difference=0.48500  below=0/3
t=254785  fraction=0.80375  peak_slope=1.101e-05  t_peak=62947  comparison cadence=125894  difference=0.18625  below=0/3
t=254785  fraction=0.77375  peak_slope=1.426e-05  t_peak=72938  comparison cadence=145877  difference=0.27375  below=0/3
t=295750  fraction=0.83125  peak_slope=1.426e-05  t_peak=81931  comparison cadence=163862  difference=0.21875  below=0/3
t=244793  fraction=0.77875  peak_slope=1.276e-05  t_peak=79933  comparison cadence=159865  difference=0.43875  below=0/3
t=238798  fraction=0.78125  peak_slope=1.001e-05  t_peak=75936  comparison cadence=151872  difference=0.43375  below=0/3
t=241796  fraction=0.76000  peak_slope=1.276e-05  t_peak=70940  comparison cadence=141880  difference=0.31125  below=0/3
t=213820  fraction=0.71625  peak_slope=1.051e-05  t_peak=68942  comparison cadence=137884  difference=0.47875  below=0/3
t=177850  fraction=0.69375  peak_slope=1.026e-05  t_peak=77934  comparison cadence=155868  difference=0.69375  below=0/3
t=255784  fraction=0.80500  peak_slope=1.101e-05  t_peak=62947  comparison cadence=125894  difference=0.18500  below=0/3
t=296750  fraction=0.83125  peak_slope=1.426e-05  t_peak=81931  comparison cadence=163862  difference=0.21875  below=0/3
t=255784  fraction=0.77375  peak_slope=1.426e-05  t_peak=72938  comparison cadence=145877  difference=0.27125  below=0/3
t=245793  fraction=0.78000  peak_slope=1.276e-05  t_peak=79933  comparison cadence=159865  difference=0.43500  below=0/3
t=239798  fraction=0.78250  peak_slope=1.001e-05  t_peak=75936  comparison cadence=151872  difference=0.42250  below=0/3
t=242795  fraction=0.76250  peak_slope=1.276e-05  t_peak=70940  comparison cadence=141880  difference=0.30625  below=0/3
t=214819  fraction=0.71625  peak_slope=1.051e-05  t_peak=68942  comparison cadence=137884  difference=0.47000  below=0/3
t=297749  fraction=0.83125  peak_slope=1.426e-05  t_peak=81931  comparison cadence=163862  difference=0.21500  below=0/3
t=256783  fraction=0.80500  peak_slope=1.101e-05  t_peak=62947  comparison cadence=125894  difference=0.18125  below=0/3
t=256783  fraction=0.77375  peak_slope=1.426e-05  t_peak=72938  comparison cadence=145877  difference=0.26875  below=0/3
t=178849  fraction=0.69375  peak_slope=1.026e-05  t_peak=77934  comparison cadence=155868  difference=0.69375  below=0/3
t=246792  fraction=0.78000  peak_slope=1.276e-05  t_peak=79933  comparison cadence=159865  difference=0.42625  below=0/3
t=240797  fraction=0.78250  peak_slope=1.001e-05  t_peak=75936  comparison cadence=151872  difference=0.41750  below=0/3
t=298748  fraction=0.83125  peak_slope=1.426e-05  t_peak=81931  comparison cadence=163862  difference=0.20750  below=0/3
t=243794  fraction=0.76250  peak_slope=1.276e-05  t_peak=70940  comparison cadence=141880  difference=0.29625  below=0/3
t=257782  fraction=0.80625  peak_slope=1.101e-05  t_peak=62947  comparison cadence=125894  difference=0.18000  below=0/3
t=215818  fraction=0.71625  peak_slope=1.051e-05  t_peak=68942  comparison cadence=137884  difference=0.45625  below=0/3
t=257782  fraction=0.77375  peak_slope=1.426e-05  t_peak=72938  comparison cadence=145877  difference=0.26750  below=0/3
t=247791  fraction=0.78125  peak_slope=1.276e-05  t_peak=79933  comparison cadence=159865  difference=0.42000  below=0/3
t=241796  fraction=0.78500  peak_slope=1.001e-05  t_peak=75936  comparison cadence=151872  difference=0.41000  below=0/3
t=299747  fraction=0.83375  peak_slope=1.426e-05  t_peak=81931  comparison cadence=163862  difference=0.20625  below=0/3
t=179848  fraction=0.69750  peak_slope=1.026e-05  t_peak=77934  comparison cadence=155868  difference=0.69750  below=0/3
t=244793  fraction=0.76250  peak_slope=1.276e-05  t_peak=70940  comparison cadence=141880  difference=0.29500  below=0/3
t=258782  fraction=0.80750  peak_slope=1.101e-05  t_peak=62947  comparison cadence=125894  difference=0.17750  below=0/3
t=258782  fraction=0.77500  peak_slope=1.426e-05  t_peak=72938  comparison cadence=145877  difference=0.26375  below=0/3
t=216817  fraction=0.71625  peak_slope=1.051e-05  t_peak=68942  comparison cadence=137884  difference=0.44875  below=0/3
t=300746  fraction=0.83625  peak_slope=1.426e-05  t_peak=81931  comparison cadence=163862  difference=0.20125  below=0/3
t=248790  fraction=0.78125  peak_slope=1.276e-05  t_peak=79933  comparison cadence=159865  difference=0.41500  below=0/3
t=242795  fraction=0.78750  peak_slope=1.001e-05  t_peak=75936  comparison cadence=151872  difference=0.40000  below=0/3
t=245793  fraction=0.76250  peak_slope=1.276e-05  t_peak=70940  comparison cadence=141880  difference=0.29000  below=0/3
t=259781  fraction=0.80750  peak_slope=1.101e-05  t_peak=62947  comparison cadence=125894  difference=0.17750  below=0/3
t=259781  fraction=0.77750  peak_slope=1.426e-05  t_peak=72938  comparison cadence=145877  difference=0.26625  below=0/3
t=217816  fraction=0.71875  peak_slope=1.051e-05  t_peak=68942  comparison cadence=137884  difference=0.44500  below=0/3
t=180847  fraction=0.69875  peak_slope=1.026e-05  t_peak=77934  comparison cadence=155868  difference=0.69875  below=0/3
t=301745  fraction=0.83750  peak_slope=1.426e-05  t_peak=81931  comparison cadence=163862  difference=0.20125  below=0/3
t=249789  fraction=0.78125  peak_slope=1.276e-05  t_peak=79933  comparison cadence=159865  difference=0.41375  below=0/3
t=243794  fraction=0.78875  peak_slope=1.001e-05  t_peak=75936  comparison cadence=151872  difference=0.39625  below=0/3
t=260780  fraction=0.80750  peak_slope=1.101e-05  t_peak=62947  comparison cadence=125894  difference=0.17375  below=0/3
t=246792  fraction=0.76375  peak_slope=1.276e-05  t_peak=70940  comparison cadence=141880  difference=0.28750  below=0/3
t=260780  fraction=0.77875  peak_slope=1.426e-05  t_peak=72938  comparison cadence=145877  difference=0.26500  below=0/3
t=302745  fraction=0.83750  peak_slope=1.426e-05  t_peak=81931  comparison cadence=163862  difference=0.19625  below=0/3
t=218815  fraction=0.72000  peak_slope=1.051e-05  t_peak=68942  comparison cadence=137884  difference=0.43875  below=0/3
t=250788  fraction=0.78250  peak_slope=1.276e-05  t_peak=79933  comparison cadence=159865  difference=0.41250  below=0/3
t=244793  fraction=0.78875  peak_slope=1.001e-05  t_peak=75936  comparison cadence=151872  difference=0.38750  below=0/3
t=181847  fraction=0.70125  peak_slope=1.026e-05  t_peak=77934  comparison cadence=155868  difference=0.70125  below=0/3
t=261779  fraction=0.80750  peak_slope=1.101e-05  t_peak=62947  comparison cadence=125894  difference=0.17125  below=0/3
t=261779  fraction=0.78000  peak_slope=1.426e-05  t_peak=72938  comparison cadence=145877  difference=0.26375  below=0/3
t=247791  fraction=0.76500  peak_slope=1.276e-05  t_peak=70940  comparison cadence=141880  difference=0.28000  below=0/3
t=303744  fraction=0.83750  peak_slope=1.426e-05  t_peak=81931  comparison cadence=163862  difference=0.19000  below=0/3
t=219814  fraction=0.72125  peak_slope=1.051e-05  t_peak=68942  comparison cadence=137884  difference=0.43375  below=0/3
t=251788  fraction=0.78250  peak_slope=1.276e-05  t_peak=79933  comparison cadence=159865  difference=0.40625  below=0/3
t=245793  fraction=0.79000  peak_slope=1.001e-05  t_peak=75936  comparison cadence=151872  difference=0.38375  below=0/3
t=262778  fraction=0.80875  peak_slope=1.101e-05  t_peak=62947  comparison cadence=125894  difference=0.16875  below=0/3
t=304743  fraction=0.83750  peak_slope=1.426e-05  t_peak=81931  comparison cadence=163862  difference=0.18625  below=0/3
t=262778  fraction=0.78000  peak_slope=1.426e-05  t_peak=72938  comparison cadence=145877  difference=0.26125  below=0/3
t=248790  fraction=0.76500  peak_slope=1.276e-05  t_peak=70940  comparison cadence=141880  difference=0.27750  below=0/3
t=182846  fraction=0.70250  peak_slope=1.026e-05  t_peak=77934  comparison cadence=155868  difference=0.70250  below=0/3
t=220814  fraction=0.72375  peak_slope=1.051e-05  t_peak=68942  comparison cadence=137884  difference=0.42875  below=0/3
t=252787  fraction=0.78250  peak_slope=1.276e-05  t_peak=79933  comparison cadence=159865  difference=0.40375  below=0/3
t=246792  fraction=0.79000  peak_slope=1.001e-05  t_peak=75936  comparison cadence=151872  difference=0.37750  below=0/3
t=305742  fraction=0.83750  peak_slope=1.426e-05  t_peak=81931  comparison cadence=163862  difference=0.18125  below=0/3
t=263777  fraction=0.80875  peak_slope=1.101e-05  t_peak=62947  comparison cadence=125894  difference=0.16625  below=0/3
t=263777  fraction=0.78000  peak_slope=1.426e-05  t_peak=72938  comparison cadence=145877  difference=0.25625  below=0/3
t=249789  fraction=0.76750  peak_slope=1.276e-05  t_peak=70940  comparison cadence=141880  difference=0.27375  below=0/3
t=183845  fraction=0.70625  peak_slope=1.026e-05  t_peak=77934  comparison cadence=155868  difference=0.70625  below=0/3
t=306741  fraction=0.84125  peak_slope=1.426e-05  t_peak=81931  comparison cadence=163862  difference=0.18125  below=0/3
t=253786  fraction=0.78375  peak_slope=1.276e-05  t_peak=79933  comparison cadence=159865  difference=0.39625  below=0/3
t=247791  fraction=0.79000  peak_slope=1.001e-05  t_peak=75936  comparison cadence=151872  difference=0.37750  below=0/3
t=221813  fraction=0.72500  peak_slope=1.051e-05  t_peak=68942  comparison cadence=137884  difference=0.41750  below=0/3
t=264777  fraction=0.81000  peak_slope=1.101e-05  t_peak=62947  comparison cadence=125894  difference=0.16375  below=0/3
t=264777  fraction=0.78250  peak_slope=1.426e-05  t_peak=72938  comparison cadence=145877  difference=0.25000  below=0/3
t=250788  fraction=0.76750  peak_slope=1.276e-05  t_peak=70940  comparison cadence=141880  difference=0.26750  below=0/3
t=307740  fraction=0.84250  peak_slope=1.426e-05  t_peak=81931  comparison cadence=163862  difference=0.18000  below=0/3
t=254785  fraction=0.78500  peak_slope=1.276e-05  t_peak=79933  comparison cadence=159865  difference=0.39375  below=0/3
t=248790  fraction=0.79000  peak_slope=1.001e-05  t_peak=75936  comparison cadence=151872  difference=0.37250  below=0/3
t=265776  fraction=0.81000  peak_slope=1.101e-05  t_peak=62947  comparison cadence=125894  difference=0.16000  below=0/3
t=222812  fraction=0.72625  peak_slope=1.051e-05  t_peak=68942  comparison cadence=137884  difference=0.41000  below=0/3
t=184844  fraction=0.70750  peak_slope=1.026e-05  t_peak=77934  comparison cadence=155868  difference=0.70750  below=0/3
t=265776  fraction=0.78250  peak_slope=1.426e-05  t_peak=72938  comparison cadence=145877  difference=0.24250  below=0/3
t=251788  fraction=0.77125  peak_slope=1.276e-05  t_peak=70940  comparison cadence=141880  difference=0.26500  below=0/3
t=308739  fraction=0.84250  peak_slope=1.426e-05  t_peak=81931  comparison cadence=163862  difference=0.17750  below=0/3
t=255784  fraction=0.78625  peak_slope=1.276e-05  t_peak=79933  comparison cadence=159865  difference=0.38125  below=0/3
t=249789  fraction=0.79000  peak_slope=1.001e-05  t_peak=75936  comparison cadence=151872  difference=0.36625  below=0/3
t=266775  fraction=0.81000  peak_slope=1.101e-05  t_peak=62947  comparison cadence=125894  difference=0.15875  below=0/3
t=266775  fraction=0.78250  peak_slope=1.426e-05  t_peak=72938  comparison cadence=145877  difference=0.24125  below=0/3
t=223811  fraction=0.72750  peak_slope=1.051e-05  t_peak=68942  comparison cadence=137884  difference=0.40125  below=0/3
t=309739  fraction=0.84375  peak_slope=1.426e-05  t_peak=81931  comparison cadence=163862  difference=0.17250  below=0/3
t=185843  fraction=0.70875  peak_slope=1.026e-05  t_peak=77934  comparison cadence=155868  difference=0.70875  below=0/3
t=252787  fraction=0.77125  peak_slope=1.276e-05  t_peak=70940  comparison cadence=141880  difference=0.25625  below=0/3
t=256783  fraction=0.78625  peak_slope=1.276e-05  t_peak=79933  comparison cadence=159865  difference=0.37750  below=0/3
t=250788  fraction=0.79000  peak_slope=1.001e-05  t_peak=75936  comparison cadence=151872  difference=0.35750  below=0/3
t=267774  fraction=0.81000  peak_slope=1.101e-05  t_peak=62947  comparison cadence=125894  difference=0.15125  below=0/3
t=267774  fraction=0.78250  peak_slope=1.426e-05  t_peak=72938  comparison cadence=145877  difference=0.23875  below=0/3
t=310738  fraction=0.84375  peak_slope=1.426e-05  t_peak=81931  comparison cadence=163862  difference=0.17000  below=0/3
t=224810  fraction=0.72750  peak_slope=1.051e-05  t_peak=68942  comparison cadence=137884  difference=0.39125  below=0/3
t=253786  fraction=0.77375  peak_slope=1.276e-05  t_peak=70940  comparison cadence=141880  difference=0.25500  below=0/3
t=186842  fraction=0.71000  peak_slope=1.026e-05  t_peak=77934  comparison cadence=155868  difference=0.71000  below=0/3
t=257782  fraction=0.78625  peak_slope=1.276e-05  t_peak=79933  comparison cadence=159865  difference=0.37125  below=0/3
t=251788  fraction=0.79125  peak_slope=1.001e-05  t_peak=75936  comparison cadence=151872  difference=0.35125  below=0/3
t=268773  fraction=0.81125  peak_slope=1.101e-05  t_peak=62947  comparison cadence=125894  difference=0.15125  below=0/3
t=311737  fraction=0.84500  peak_slope=1.426e-05  t_peak=81931  comparison cadence=163862  difference=0.17000  below=0/3
t=268773  fraction=0.78250  peak_slope=1.426e-05  t_peak=72938  comparison cadence=145877  difference=0.23750  below=0/3
t=225809  fraction=0.73125  peak_slope=1.051e-05  t_peak=68942  comparison cadence=137884  difference=0.39000  below=0/3
t=254785  fraction=0.77625  peak_slope=1.276e-05  t_peak=70940  comparison cadence=141880  difference=0.25375  below=0/3
t=312736  fraction=0.84625  peak_slope=1.426e-05  t_peak=81931  comparison cadence=163862  difference=0.17000  below=0/3
t=258782  fraction=0.78750  peak_slope=1.276e-05  t_peak=79933  comparison cadence=159865  difference=0.36500  below=0/3
t=252787  fraction=0.79250  peak_slope=1.001e-05  t_peak=75936  comparison cadence=151872  difference=0.34750  below=0/3
t=269772  fraction=0.81125  peak_slope=1.101e-05  t_peak=62947  comparison cadence=125894  difference=0.15000  below=0/3
t=269772  fraction=0.78250  peak_slope=1.426e-05  t_peak=72938  comparison cadence=145877  difference=0.23625  below=0/3
t=187841  fraction=0.71250  peak_slope=1.026e-05  t_peak=77934  comparison cadence=155868  difference=0.71250  below=0/3
t=226809  fraction=0.73125  peak_slope=1.051e-05  t_peak=68942  comparison cadence=137884  difference=0.38125  below=0/3
t=255784  fraction=0.77750  peak_slope=1.276e-05  t_peak=70940  comparison cadence=141880  difference=0.25250  below=0/3
t=313735  fraction=0.84625  peak_slope=1.426e-05  t_peak=81931  comparison cadence=163862  difference=0.16875  below=0/3
t=259781  fraction=0.78750  peak_slope=1.276e-05  t_peak=79933  comparison cadence=159865  difference=0.35250  below=0/3
t=253786  fraction=0.79250  peak_slope=1.001e-05  t_peak=75936  comparison cadence=151872  difference=0.34125  below=0/3
t=270771  fraction=0.81125  peak_slope=1.101e-05  t_peak=62947  comparison cadence=125894  difference=0.15000  below=0/3
t=270771  fraction=0.78375  peak_slope=1.426e-05  t_peak=72938  comparison cadence=145877  difference=0.23125  below=0/3
t=314734  fraction=0.84625  peak_slope=1.426e-05  t_peak=81931  comparison cadence=163862  difference=0.16875  below=0/3
t=188841  fraction=0.71250  peak_slope=1.026e-05  t_peak=77934  comparison cadence=155868  difference=0.71250  below=0/3
t=227808  fraction=0.73125  peak_slope=1.051e-05  t_peak=68942  comparison cadence=137884  difference=0.37500  below=0/3
t=256783  fraction=0.77750  peak_slope=1.276e-05  t_peak=70940  comparison cadence=141880  difference=0.25000  below=0/3
t=271771  fraction=0.81375  peak_slope=1.101e-05  t_peak=62947  comparison cadence=125894  difference=0.14875  below=0/3
t=254785  fraction=0.79375  peak_slope=1.001e-05  t_peak=75936  comparison cadence=151872  difference=0.33750  below=0/3
t=260780  fraction=0.78750  peak_slope=1.276e-05  t_peak=79933  comparison cadence=159865  difference=0.34875  below=0/3
t=271771  fraction=0.78625  peak_slope=1.426e-05  t_peak=72938  comparison cadence=145877  difference=0.23125  below=0/3
t=315734  fraction=0.84625  peak_slope=1.426e-05  t_peak=81931  comparison cadence=163862  difference=0.16750  below=0/3
t=228807  fraction=0.73250  peak_slope=1.051e-05  t_peak=68942  comparison cadence=137884  difference=0.36875  below=0/3
t=257782  fraction=0.77750  peak_slope=1.276e-05  t_peak=70940  comparison cadence=141880  difference=0.24625  below=0/3
t=272770  fraction=0.81375  peak_slope=1.101e-05  t_peak=62947  comparison cadence=125894  difference=0.14625  below=0/3
t=255784  fraction=0.79375  peak_slope=1.001e-05  t_peak=75936  comparison cadence=151872  difference=0.33125  below=0/3
t=261779  fraction=0.78750  peak_slope=1.276e-05  t_peak=79933  comparison cadence=159865  difference=0.34375  below=0/3
t=189840  fraction=0.71250  peak_slope=1.026e-05  t_peak=77934  comparison cadence=155868  difference=0.71250  below=0/3
t=272770  fraction=0.79000  peak_slope=1.426e-05  t_peak=72938  comparison cadence=145877  difference=0.22750  below=0/3
t=316733  fraction=0.84625  peak_slope=1.426e-05  t_peak=81931  comparison cadence=163862  difference=0.16750  below=0/3
t=229806  fraction=0.73375  peak_slope=1.051e-05  t_peak=68942  comparison cadence=137884  difference=0.36375  below=0/3
t=258782  fraction=0.77875  peak_slope=1.276e-05  t_peak=70940  comparison cadence=141880  difference=0.24125  below=0/3
t=273769  fraction=0.81375  peak_slope=1.101e-05  t_peak=62947  comparison cadence=125894  difference=0.14250  below=0/3
t=256783  fraction=0.79625  peak_slope=1.001e-05  t_peak=75936  comparison cadence=151872  difference=0.32750  below=0/3
t=262778  fraction=0.78750  peak_slope=1.276e-05  t_peak=79933  comparison cadence=159865  difference=0.34250  below=0/3
t=273769  fraction=0.79125  peak_slope=1.426e-05  t_peak=72938  comparison cadence=145877  difference=0.22750  below=0/3
t=317732  fraction=0.84625  peak_slope=1.426e-05  t_peak=81931  comparison cadence=163862  difference=0.16625  below=0/3
t=190839  fraction=0.71250  peak_slope=1.026e-05  t_peak=77934  comparison cadence=155868  difference=0.71250  below=0/3
t=274768  fraction=0.81375  peak_slope=1.101e-05  t_peak=62947  comparison cadence=125894  difference=0.13875  below=0/3
t=259781  fraction=0.78000  peak_slope=1.276e-05  t_peak=70940  comparison cadence=141880  difference=0.24125  below=0/3
t=318731  fraction=0.84625  peak_slope=1.426e-05  t_peak=81931  comparison cadence=163862  difference=0.16500  below=0/3
t=257782  fraction=0.79625  peak_slope=1.001e-05  t_peak=75936  comparison cadence=151872  difference=0.32500  below=0/3
t=230805  fraction=0.73375  peak_slope=1.051e-05  t_peak=68942  comparison cadence=137884  difference=0.35500  below=0/3
t=274768  fraction=0.79125  peak_slope=1.426e-05  t_peak=72938  comparison cadence=145877  difference=0.22250  below=0/3
t=263777  fraction=0.78875  peak_slope=1.276e-05  t_peak=79933  comparison cadence=159865  difference=0.33500  below=0/3
t=191838  fraction=0.71375  peak_slope=1.026e-05  t_peak=77934  comparison cadence=155868  difference=0.71375  below=0/3
t=319730  fraction=0.84625  peak_slope=1.426e-05  t_peak=81931  comparison cadence=163862  difference=0.16375  below=0/3
t=275767  fraction=0.81500  peak_slope=1.101e-05  t_peak=62947  comparison cadence=125894  difference=0.13625  below=0/3
t=275767  fraction=0.79375  peak_slope=1.426e-05  t_peak=72938  comparison cadence=145877  difference=0.21875  below=0/3
t=258782  fraction=0.79625  peak_slope=1.001e-05  t_peak=75936  comparison cadence=151872  difference=0.32250  below=0/3
t=260780  fraction=0.78125  peak_slope=1.276e-05  t_peak=70940  comparison cadence=141880  difference=0.24250  below=0/3
t=264777  fraction=0.78875  peak_slope=1.276e-05  t_peak=79933  comparison cadence=159865  difference=0.32625  below=0/3
t=231804  fraction=0.73625  peak_slope=1.051e-05  t_peak=68942  comparison cadence=137884  difference=0.35000  below=0/3
t=320729  fraction=0.84625  peak_slope=1.426e-05  t_peak=81931  comparison cadence=163862  difference=0.16250  below=0/3
t=276766  fraction=0.81500  peak_slope=1.101e-05  t_peak=62947  comparison cadence=125894  difference=0.13500  below=0/3
t=276766  fraction=0.79625  peak_slope=1.426e-05  t_peak=72938  comparison cadence=145877  difference=0.21625  below=0/3
t=259781  fraction=0.79625  peak_slope=1.001e-05  t_peak=75936  comparison cadence=151872  difference=0.31375  below=0/3
t=261779  fraction=0.78125  peak_slope=1.276e-05  t_peak=70940  comparison cadence=141880  difference=0.23875  below=0/3
t=265776  fraction=0.78875  peak_slope=1.276e-05  t_peak=79933  comparison cadence=159865  difference=0.31500  below=0/3
t=192837  fraction=0.71375  peak_slope=1.026e-05  t_peak=77934  comparison cadence=155868  difference=0.71250  below=0/3
t=232804  fraction=0.73875  peak_slope=1.051e-05  t_peak=68942  comparison cadence=137884  difference=0.34625  below=0/3
t=321728  fraction=0.84625  peak_slope=1.426e-05  t_peak=81931  comparison cadence=163862  difference=0.15750  below=0/3
t=277766  fraction=0.81625  peak_slope=1.101e-05  t_peak=62947  comparison cadence=125894  difference=0.13500  below=0/3
t=277766  fraction=0.79750  peak_slope=1.426e-05  t_peak=72938  comparison cadence=145877  difference=0.21250  below=0/3
t=260780  fraction=0.79875  peak_slope=1.001e-05  t_peak=75936  comparison cadence=151872  difference=0.30875  below=0/3
t=266775  fraction=0.79000  peak_slope=1.276e-05  t_peak=79933  comparison cadence=159865  difference=0.30750  below=0/3
t=262778  fraction=0.78125  peak_slope=1.276e-05  t_peak=70940  comparison cadence=141880  difference=0.23750  below=0/3
t=322728  fraction=0.84750  peak_slope=1.426e-05  t_peak=81931  comparison cadence=163862  difference=0.15875  below=0/3
t=233803  fraction=0.73875  peak_slope=1.051e-05  t_peak=68942  comparison cadence=137884  difference=0.33875  below=0/3
t=193836  fraction=0.71625  peak_slope=1.026e-05  t_peak=77934  comparison cadence=155868  difference=0.71500  below=0/3
t=278765  fraction=0.81875  peak_slope=1.101e-05  t_peak=62947  comparison cadence=125894  difference=0.13500  below=0/3
t=278765  fraction=0.79875  peak_slope=1.426e-05  t_peak=72938  comparison cadence=145877  difference=0.21250  below=0/3
t=261779  fraction=0.79875  peak_slope=1.001e-05  t_peak=75936  comparison cadence=151872  difference=0.30125  below=0/3
t=267774  fraction=0.79250  peak_slope=1.276e-05  t_peak=79933  comparison cadence=159865  difference=0.30500  below=0/3
t=323727  fraction=0.84750  peak_slope=1.426e-05  t_peak=81931  comparison cadence=163862  difference=0.15250  below=0/3
t=263777  fraction=0.78375  peak_slope=1.276e-05  t_peak=70940  comparison cadence=141880  difference=0.23500  below=0/3
t=234802  fraction=0.74000  peak_slope=1.051e-05  t_peak=68942  comparison cadence=137884  difference=0.33500  below=0/3
t=279764  fraction=0.81875  peak_slope=1.101e-05  t_peak=62947  comparison cadence=125894  difference=0.13125  below=0/3
t=194836  fraction=0.71625  peak_slope=1.026e-05  t_peak=77934  comparison cadence=155868  difference=0.71375  below=0/3
t=279764  fraction=0.79875  peak_slope=1.426e-05  t_peak=72938  comparison cadence=145877  difference=0.21000  below=0/3
t=324726  fraction=0.84875  peak_slope=1.426e-05  t_peak=81931  comparison cadence=163862  difference=0.15125  below=0/3
t=262778  fraction=0.80000  peak_slope=1.001e-05  t_peak=75936  comparison cadence=151872  difference=0.29750  below=0/3
t=268773  fraction=0.79250  peak_slope=1.276e-05  t_peak=79933  comparison cadence=159865  difference=0.29875  below=0/3
t=264777  fraction=0.78625  peak_slope=1.276e-05  t_peak=70940  comparison cadence=141880  difference=0.22875  below=0/3
t=235801  fraction=0.74125  peak_slope=1.051e-05  t_peak=68942  comparison cadence=137884  difference=0.33125  below=0/3
t=280763  fraction=0.82000  peak_slope=1.101e-05  t_peak=62947  comparison cadence=125894  difference=0.13125  below=0/3
t=325725  fraction=0.84875  peak_slope=1.426e-05  t_peak=81931  comparison cadence=163862  difference=0.15000  below=0/3
t=280763  fraction=0.79875  peak_slope=1.426e-05  t_peak=72938  comparison cadence=145877  difference=0.20500  below=0/3
t=263777  fraction=0.80000  peak_slope=1.001e-05  t_peak=75936  comparison cadence=151872  difference=0.29625  below=0/3
t=269772  fraction=0.79250  peak_slope=1.276e-05  t_peak=79933  comparison cadence=159865  difference=0.29750  below=0/3
t=195835  fraction=0.71750  peak_slope=1.026e-05  t_peak=77934  comparison cadence=155868  difference=0.71500  below=0/3
t=265776  fraction=0.78750  peak_slope=1.276e-05  t_peak=70940  comparison cadence=141880  difference=0.22375  below=0/3
t=236800  fraction=0.74250  peak_slope=1.051e-05  t_peak=68942  comparison cadence=137884  difference=0.32875  below=0/3
t=326724  fraction=0.84875  peak_slope=1.426e-05  t_peak=81931  comparison cadence=163862  difference=0.14750  below=0/3
t=281762  fraction=0.82000  peak_slope=1.101e-05  t_peak=62947  comparison cadence=125894  difference=0.13125  below=0/3
t=281762  fraction=0.79875  peak_slope=1.426e-05  t_peak=72938  comparison cadence=145877  difference=0.20250  below=0/3
t=264777  fraction=0.80125  peak_slope=1.001e-05  t_peak=75936  comparison cadence=151872  difference=0.29500  below=0/3
t=270771  fraction=0.79250  peak_slope=1.276e-05  t_peak=79933  comparison cadence=159865  difference=0.29375  below=0/3
t=266775  fraction=0.78875  peak_slope=1.276e-05  t_peak=70940  comparison cadence=141880  difference=0.22500  below=0/3
t=327723  fraction=0.85000  peak_slope=1.426e-05  t_peak=81931  comparison cadence=163862  difference=0.14875  below=0/3
t=196834  fraction=0.71750  peak_slope=1.026e-05  t_peak=77934  comparison cadence=155868  difference=0.71250  below=0/3
t=282761  fraction=0.82000  peak_slope=1.101e-05  t_peak=62947  comparison cadence=125894  difference=0.12750  below=0/3
t=237799  fraction=0.74375  peak_slope=1.051e-05  t_peak=68942  comparison cadence=137884  difference=0.32125  below=0/3
t=282761  fraction=0.80000  peak_slope=1.426e-05  t_peak=72938  comparison cadence=145877  difference=0.19875  below=0/3
t=265776  fraction=0.80125  peak_slope=1.001e-05  t_peak=75936  comparison cadence=151872  difference=0.29000  below=0/3
t=271771  fraction=0.79375  peak_slope=1.276e-05  t_peak=79933  comparison cadence=159865  difference=0.29500  below=0/3
t=328723  fraction=0.85125  peak_slope=1.426e-05  t_peak=81931  comparison cadence=163862  difference=0.14875  below=0/3
t=267774  fraction=0.79125  peak_slope=1.276e-05  t_peak=70940  comparison cadence=141880  difference=0.22625  below=0/3
t=283761  fraction=0.82000  peak_slope=1.101e-05  t_peak=62947  comparison cadence=125894  difference=0.12625  below=0/3
t=283761  fraction=0.80000  peak_slope=1.426e-05  t_peak=72938  comparison cadence=145877  difference=0.19500  below=0/3
t=238798  fraction=0.74625  peak_slope=1.051e-05  t_peak=68942  comparison cadence=137884  difference=0.31750  below=0/3
t=197833  fraction=0.71750  peak_slope=1.026e-05  t_peak=77934  comparison cadence=155868  difference=0.71250  below=0/3
t=266775  fraction=0.80125  peak_slope=1.001e-05  t_peak=75936  comparison cadence=151872  difference=0.28750  below=0/3
t=329722  fraction=0.85125  peak_slope=1.426e-05  t_peak=81931  comparison cadence=163862  difference=0.14375  below=0/3
t=272770  fraction=0.79375  peak_slope=1.276e-05  t_peak=79933  comparison cadence=159865  difference=0.28750  below=0/3
t=268773  fraction=0.79125  peak_slope=1.276e-05  t_peak=70940  comparison cadence=141880  difference=0.21875  below=0/3
t=284760  fraction=0.82250  peak_slope=1.101e-05  t_peak=62947  comparison cadence=125894  difference=0.12625  below=0/3
t=284760  fraction=0.80125  peak_slope=1.426e-05  t_peak=72938  comparison cadence=145877  difference=0.19125  below=0/3
t=239798  fraction=0.74750  peak_slope=1.051e-05  t_peak=68942  comparison cadence=137884  difference=0.31500  below=0/3
t=330721  fraction=0.85125  peak_slope=1.426e-05  t_peak=81931  comparison cadence=163862  difference=0.14375  below=0/3
t=267774  fraction=0.80125  peak_slope=1.001e-05  t_peak=75936  comparison cadence=151872  difference=0.28000  below=0/3
t=273769  fraction=0.79500  peak_slope=1.276e-05  t_peak=79933  comparison cadence=159865  difference=0.28500  below=0/3
t=198832  fraction=0.72000  peak_slope=1.026e-05  t_peak=77934  comparison cadence=155868  difference=0.71250  below=0/3
t=269772  fraction=0.79375  peak_slope=1.276e-05  t_peak=70940  comparison cadence=141880  difference=0.21875  below=0/3
t=285759  fraction=0.82375  peak_slope=1.101e-05  t_peak=62947  comparison cadence=125894  difference=0.12625  below=0/3
t=285759  fraction=0.80375  peak_slope=1.426e-05  t_peak=72938  comparison cadence=145877  difference=0.19000  below=0/3
t=331720  fraction=0.85250  peak_slope=1.426e-05  t_peak=81931  comparison cadence=163862  difference=0.14250  below=0/3
t=240797  fraction=0.74750  peak_slope=1.051e-05  t_peak=68942  comparison cadence=137884  difference=0.30625  below=0/3
t=268773  fraction=0.80125  peak_slope=1.001e-05  t_peak=75936  comparison cadence=151872  difference=0.27500  below=0/3
t=274768  fraction=0.79500  peak_slope=1.276e-05  t_peak=79933  comparison cadence=159865  difference=0.27750  below=0/3
t=286758  fraction=0.82500  peak_slope=1.101e-05  t_peak=62947  comparison cadence=125894  difference=0.12625  below=0/3
t=270771  fraction=0.79375  peak_slope=1.276e-05  t_peak=70940  comparison cadence=141880  difference=0.21375  below=0/3
t=199831  fraction=0.72125  peak_slope=1.026e-05  t_peak=77934  comparison cadence=155868  difference=0.71250  below=0/3
t=286758  fraction=0.80375  peak_slope=1.426e-05  t_peak=72938  comparison cadence=145877  difference=0.18500  below=0/3
t=332719  fraction=0.85500  peak_slope=1.426e-05  t_peak=81931  comparison cadence=163862  difference=0.14125  below=0/3
t=269772  fraction=0.80250  peak_slope=1.001e-05  t_peak=75936  comparison cadence=151872  difference=0.27500  below=0/3
t=241796  fraction=0.74750  peak_slope=1.051e-05  t_peak=68942  comparison cadence=137884  difference=0.29625  below=0/3
t=275767  fraction=0.79625  peak_slope=1.276e-05  t_peak=79933  comparison cadence=159865  difference=0.27875  below=0/3
t=333718  fraction=0.85750  peak_slope=1.426e-05  t_peak=81931  comparison cadence=163862  difference=0.14375  below=0/3
t=287757  fraction=0.82500  peak_slope=1.101e-05  t_peak=62947  comparison cadence=125894  difference=0.12375  below=0/3
t=271771  fraction=0.79375  peak_slope=1.276e-05  t_peak=70940  comparison cadence=141880  difference=0.20875  below=0/3
t=287757  fraction=0.80625  peak_slope=1.426e-05  t_peak=72938  comparison cadence=145877  difference=0.18500  below=0/3
t=200831  fraction=0.72250  peak_slope=1.026e-05  t_peak=77934  comparison cadence=155868  difference=0.71000  below=0/3
t=270771  fraction=0.80375  peak_slope=1.001e-05  t_peak=75936  comparison cadence=151872  difference=0.26625  below=0/3
t=242795  fraction=0.74875  peak_slope=1.051e-05  t_peak=68942  comparison cadence=137884  difference=0.29375  below=0/3
t=276766  fraction=0.79625  peak_slope=1.276e-05  t_peak=79933  comparison cadence=159865  difference=0.27375  below=0/3
t=334718  fraction=0.85750  peak_slope=1.426e-05  t_peak=81931  comparison cadence=163862  difference=0.14375  below=0/3
t=288756  fraction=0.82500  peak_slope=1.101e-05  t_peak=62947  comparison cadence=125894  difference=0.12125  below=0/3
t=288756  fraction=0.80625  peak_slope=1.426e-05  t_peak=72938  comparison cadence=145877  difference=0.18125  below=0/3
t=272770  fraction=0.79625  peak_slope=1.276e-05  t_peak=70940  comparison cadence=141880  difference=0.21000  below=0/3
t=271771  fraction=0.80375  peak_slope=1.001e-05  t_peak=75936  comparison cadence=151872  difference=0.26500  below=0/3
t=335717  fraction=0.85875  peak_slope=1.426e-05  t_peak=81931  comparison cadence=163862  difference=0.14250  below=0/3
t=277766  fraction=0.79750  peak_slope=1.276e-05  t_peak=79933  comparison cadence=159865  difference=0.27250  below=0/3
t=201830  fraction=0.72250  peak_slope=1.026e-05  t_peak=77934  comparison cadence=155868  difference=0.70750  below=0/3
t=243794  fraction=0.75000  peak_slope=1.051e-05  t_peak=68942  comparison cadence=137884  difference=0.29250  below=0/3
t=289755  fraction=0.82500  peak_slope=1.101e-05  t_peak=62947  comparison cadence=125894  difference=0.11875  below=0/3
t=289755  fraction=0.80625  peak_slope=1.426e-05  t_peak=72938  comparison cadence=145877  difference=0.17875  below=0/3
t=273769  fraction=0.79625  peak_slope=1.276e-05  t_peak=70940  comparison cadence=141880  difference=0.20875  below=0/3
t=272770  fraction=0.80375  peak_slope=1.001e-05  t_peak=75936  comparison cadence=151872  difference=0.26125  below=0/3
t=336716  fraction=0.85875  peak_slope=1.426e-05  t_peak=81931  comparison cadence=163862  difference=0.13750  below=0/3
t=278765  fraction=0.79875  peak_slope=1.276e-05  t_peak=79933  comparison cadence=159865  difference=0.26625  below=0/3
t=290755  fraction=0.82500  peak_slope=1.101e-05  t_peak=62947  comparison cadence=125894  difference=0.11875  below=0/3
t=244793  fraction=0.75000  peak_slope=1.051e-05  t_peak=68942  comparison cadence=137884  difference=0.28875  below=0/3
t=290755  fraction=0.80625  peak_slope=1.426e-05  t_peak=72938  comparison cadence=145877  difference=0.17500  below=0/3
t=202829  fraction=0.72375  peak_slope=1.026e-05  t_peak=77934  comparison cadence=155868  difference=0.70750  below=0/3
t=274768  fraction=0.79750  peak_slope=1.276e-05  t_peak=70940  comparison cadence=141880  difference=0.20875  below=0/3
t=337715  fraction=0.86125  peak_slope=1.426e-05  t_peak=81931  comparison cadence=163862  difference=0.13875  below=0/3
t=273769  fraction=0.80500  peak_slope=1.001e-05  t_peak=75936  comparison cadence=151872  difference=0.25750  below=0/3
t=279764  fraction=0.80000  peak_slope=1.276e-05  t_peak=79933  comparison cadence=159865  difference=0.26500  below=0/3
t=291754  fraction=0.82750  peak_slope=1.101e-05  t_peak=62947  comparison cadence=125894  difference=0.12125  below=0/3
t=291754  fraction=0.80625  peak_slope=1.426e-05  t_peak=72938  comparison cadence=145877  difference=0.17500  below=0/3
t=245793  fraction=0.75000  peak_slope=1.051e-05  t_peak=68942  comparison cadence=137884  difference=0.28750  below=0/3
t=338714  fraction=0.86125  peak_slope=1.426e-05  t_peak=81931  comparison cadence=163862  difference=0.13625  below=0/3
t=275767  fraction=0.79875  peak_slope=1.276e-05  t_peak=70940  comparison cadence=141880  difference=0.21000  below=0/3
t=203828  fraction=0.72625  peak_slope=1.026e-05  t_peak=77934  comparison cadence=155868  difference=0.70500  below=0/3
t=274768  fraction=0.80625  peak_slope=1.001e-05  t_peak=75936  comparison cadence=151872  difference=0.25125  below=0/3
t=280763  fraction=0.80125  peak_slope=1.276e-05  t_peak=79933  comparison cadence=159865  difference=0.26000  below=0/3
t=292753  fraction=0.82875  peak_slope=1.101e-05  t_peak=62947  comparison cadence=125894  difference=0.12250  below=0/3
t=292753  fraction=0.80625  peak_slope=1.426e-05  t_peak=72938  comparison cadence=145877  difference=0.17250  below=0/3
t=339713  fraction=0.86125  peak_slope=1.426e-05  t_peak=81931  comparison cadence=163862  difference=0.13625  below=0/3
t=246792  fraction=0.75125  peak_slope=1.051e-05  t_peak=68942  comparison cadence=137884  difference=0.28375  below=0/3
t=276766  fraction=0.80000  peak_slope=1.276e-05  t_peak=70940  comparison cadence=141880  difference=0.20625  below=0/3
t=275767  fraction=0.80750  peak_slope=1.001e-05  t_peak=75936  comparison cadence=151872  difference=0.25000  below=0/3
t=293752  fraction=0.82875  peak_slope=1.101e-05  t_peak=62947  comparison cadence=125894  difference=0.12250  below=0/3
t=281762  fraction=0.80125  peak_slope=1.276e-05  t_peak=79933  comparison cadence=159865  difference=0.25625  below=0/3
t=204827  fraction=0.72750  peak_slope=1.026e-05  t_peak=77934  comparison cadence=155868  difference=0.70500  below=0/3
t=340712  fraction=0.86125  peak_slope=1.426e-05  t_peak=81931  comparison cadence=163862  difference=0.13500  below=0/3
t=293752  fraction=0.80750  peak_slope=1.426e-05  t_peak=72938  comparison cadence=145877  difference=0.17125  below=0/3
t=247791  fraction=0.75125  peak_slope=1.051e-05  t_peak=68942  comparison cadence=137884  difference=0.28000  below=0/3
t=277766  fraction=0.80000  peak_slope=1.276e-05  t_peak=70940  comparison cadence=141880  difference=0.20250  below=0/3
t=276766  fraction=0.80750  peak_slope=1.001e-05  t_peak=75936  comparison cadence=151872  difference=0.24500  below=0/3
t=341712  fraction=0.86125  peak_slope=1.426e-05  t_peak=81931  comparison cadence=163862  difference=0.13500  below=0/3
t=294751  fraction=0.83000  peak_slope=1.101e-05  t_peak=62947  comparison cadence=125894  difference=0.12000  below=0/3
t=282761  fraction=0.80250  peak_slope=1.276e-05  t_peak=79933  comparison cadence=159865  difference=0.25500  below=0/3
t=294751  fraction=0.80750  peak_slope=1.426e-05  t_peak=72938  comparison cadence=145877  difference=0.16750  below=0/3
t=205826  fraction=0.73000  peak_slope=1.026e-05  t_peak=77934  comparison cadence=155868  difference=0.70000  below=0/3
t=248790  fraction=0.75250  peak_slope=1.051e-05  t_peak=68942  comparison cadence=137884  difference=0.27750  below=0/3
t=278765  fraction=0.80125  peak_slope=1.276e-05  t_peak=70940  comparison cadence=141880  difference=0.20000  below=0/3
t=277766  fraction=0.80875  peak_slope=1.001e-05  t_peak=75936  comparison cadence=151872  difference=0.24500  below=0/3
t=342711  fraction=0.86125  peak_slope=1.426e-05  t_peak=81931  comparison cadence=163862  difference=0.13375  below=0/3
t=295750  fraction=0.83000  peak_slope=1.101e-05  t_peak=62947  comparison cadence=125894  difference=0.11625  below=0/3
t=295750  fraction=0.80750  peak_slope=1.426e-05  t_peak=72938  comparison cadence=145877  difference=0.16625  below=0/3
t=283761  fraction=0.80250  peak_slope=1.276e-05  t_peak=79933  comparison cadence=159865  difference=0.25125  below=0/3
t=249789  fraction=0.75500  peak_slope=1.051e-05  t_peak=68942  comparison cadence=137884  difference=0.27625  below=0/3
t=343710  fraction=0.86125  peak_slope=1.426e-05  t_peak=81931  comparison cadence=163862  difference=0.13375  below=0/3
t=278765  fraction=0.80875  peak_slope=1.001e-05  t_peak=75936  comparison cadence=151872  difference=0.24125  below=0/3
t=279764  fraction=0.80125  peak_slope=1.276e-05  t_peak=70940  comparison cadence=141880  difference=0.19750  below=0/3
t=206825  fraction=0.73375  peak_slope=1.026e-05  t_peak=77934  comparison cadence=155868  difference=0.69875  below=0/3
t=296750  fraction=0.83000  peak_slope=1.101e-05  t_peak=62947  comparison cadence=125894  difference=0.11500  below=0/3
t=296750  fraction=0.80750  peak_slope=1.426e-05  t_peak=72938  comparison cadence=145877  difference=0.16500  below=0/3
t=284760  fraction=0.80375  peak_slope=1.276e-05  t_peak=79933  comparison cadence=159865  difference=0.25250  below=0/3
t=344709  fraction=0.86125  peak_slope=1.426e-05  t_peak=81931  comparison cadence=163862  difference=0.13250  below=0/3
t=279764  fraction=0.80875  peak_slope=1.001e-05  t_peak=75936  comparison cadence=151872  difference=0.23500  below=0/3
t=250788  fraction=0.75500  peak_slope=1.051e-05  t_peak=68942  comparison cadence=137884  difference=0.27125  below=0/3
t=280763  fraction=0.80125  peak_slope=1.276e-05  t_peak=70940  comparison cadence=141880  difference=0.19250  below=0/3
t=297749  fraction=0.83000  peak_slope=1.101e-05  t_peak=62947  comparison cadence=125894  difference=0.11125  below=0/3
t=297749  fraction=0.80750  peak_slope=1.426e-05  t_peak=72938  comparison cadence=145877  difference=0.16125  below=0/3
t=285759  fraction=0.80375  peak_slope=1.276e-05  t_peak=79933  comparison cadence=159865  difference=0.24375  below=0/3
t=207825  fraction=0.73500  peak_slope=1.026e-05  t_peak=77934  comparison cadence=155868  difference=0.69000  below=0/3
t=345708  fraction=0.86125  peak_slope=1.426e-05  t_peak=81931  comparison cadence=163862  difference=0.13125  below=0/3
t=280763  fraction=0.80875  peak_slope=1.001e-05  t_peak=75936  comparison cadence=151872  difference=0.23375  below=0/3
t=251788  fraction=0.75500  peak_slope=1.051e-05  t_peak=68942  comparison cadence=137884  difference=0.26625  below=0/3
t=298748  fraction=0.83000  peak_slope=1.101e-05  t_peak=62947  comparison cadence=125894  difference=0.10625  below=0/3
t=281762  fraction=0.80125  peak_slope=1.276e-05  t_peak=70940  comparison cadence=141880  difference=0.18625  below=0/3
t=298748  fraction=0.80875  peak_slope=1.426e-05  t_peak=72938  comparison cadence=145877  difference=0.16125  below=0/3
t=286758  fraction=0.80500  peak_slope=1.276e-05  t_peak=79933  comparison cadence=159865  difference=0.24125  below=0/3
t=346707  fraction=0.86125  peak_slope=1.426e-05  t_peak=81931  comparison cadence=163862  difference=0.12875  below=0/3
t=208824  fraction=0.73500  peak_slope=1.026e-05  t_peak=77934  comparison cadence=155868  difference=0.68625  below=0/3
t=281762  fraction=0.80875  peak_slope=1.001e-05  t_peak=75936  comparison cadence=151872  difference=0.22875  below=0/3
t=299747  fraction=0.83000  peak_slope=1.101e-05  t_peak=62947  comparison cadence=125894  difference=0.10375  below=0/3
t=282761  fraction=0.80125  peak_slope=1.276e-05  t_peak=70940  comparison cadence=141880  difference=0.18250  below=0/3
t=252787  fraction=0.75500  peak_slope=1.051e-05  t_peak=68942  comparison cadence=137884  difference=0.26000  below=0/3
t=299747  fraction=0.80875  peak_slope=1.426e-05  t_peak=72938  comparison cadence=145877  difference=0.16000  below=0/3
t=347707  fraction=0.86125  peak_slope=1.426e-05  t_peak=81931  comparison cadence=163862  difference=0.12875  below=0/3
t=287757  fraction=0.80500  peak_slope=1.276e-05  t_peak=79933  comparison cadence=159865  difference=0.23875  below=0/3
t=282761  fraction=0.81000  peak_slope=1.001e-05  t_peak=75936  comparison cadence=151872  difference=0.22625  below=0/3
t=300746  fraction=0.83000  peak_slope=1.101e-05  t_peak=62947  comparison cadence=125894  difference=0.10375  below=0/3
t=209823  fraction=0.73625  peak_slope=1.026e-05  t_peak=77934  comparison cadence=155868  difference=0.68125  below=0/3
t=348706  fraction=0.86375  peak_slope=1.426e-05  t_peak=81931  comparison cadence=163862  difference=0.12875  below=0/3
t=300746  fraction=0.81000  peak_slope=1.426e-05  t_peak=72938  comparison cadence=145877  difference=0.15875  below=0/3
t=283761  fraction=0.80250  peak_slope=1.276e-05  t_peak=70940  comparison cadence=141880  difference=0.18125  below=0/3
t=253786  fraction=0.75500  peak_slope=1.051e-05  t_peak=68942  comparison cadence=137884  difference=0.25125  below=0/3
t=288756  fraction=0.80625  peak_slope=1.276e-05  t_peak=79933  comparison cadence=159865  difference=0.23750  below=0/3
t=283761  fraction=0.81125  peak_slope=1.001e-05  t_peak=75936  comparison cadence=151872  difference=0.22375  below=0/3
t=301745  fraction=0.83000  peak_slope=1.101e-05  t_peak=62947  comparison cadence=125894  difference=0.10375  below=0/3
t=349705  fraction=0.86375  peak_slope=1.426e-05  t_peak=81931  comparison cadence=163862  difference=0.12875  below=0/3
t=301745  fraction=0.81125  peak_slope=1.426e-05  t_peak=72938  comparison cadence=145877  difference=0.16000  below=0/3
t=284760  fraction=0.80250  peak_slope=1.276e-05  t_peak=70940  comparison cadence=141880  difference=0.17750  below=0/3
t=254785  fraction=0.75500  peak_slope=1.051e-05  t_peak=68942  comparison cadence=137884  difference=0.25000  below=0/3
t=289755  fraction=0.80625  peak_slope=1.276e-05  t_peak=79933  comparison cadence=159865  difference=0.23500  below=0/3
t=210822  fraction=0.74000  peak_slope=1.026e-05  t_peak=77934  comparison cadence=155868  difference=0.67375  below=0/3
t=350704  fraction=0.86375  peak_slope=1.426e-05  t_peak=81931  comparison cadence=163862  difference=0.12625  below=0/3
t=284760  fraction=0.81250  peak_slope=1.001e-05  t_peak=75936  comparison cadence=151872  difference=0.22125  below=0/3
t=302745  fraction=0.83000  peak_slope=1.101e-05  t_peak=62947  comparison cadence=125894  difference=0.10375  below=0/3
t=302745  fraction=0.81375  peak_slope=1.426e-05  t_peak=72938  comparison cadence=145877  difference=0.16125  below=0/3
t=285759  fraction=0.80250  peak_slope=1.276e-05  t_peak=70940  comparison cadence=141880  difference=0.17625  below=0/3
t=290755  fraction=0.80750  peak_slope=1.276e-05  t_peak=79933  comparison cadence=159865  difference=0.23250  below=0/3
t=255784  fraction=0.75500  peak_slope=1.051e-05  t_peak=68942  comparison cadence=137884  difference=0.24375  below=0/3
t=351703  fraction=0.86375  peak_slope=1.426e-05  t_peak=81931  comparison cadence=163862  difference=0.12375  below=0/3
t=211821  fraction=0.74000  peak_slope=1.026e-05  t_peak=77934  comparison cadence=155868  difference=0.66500  below=0/3
t=285759  fraction=0.81250  peak_slope=1.001e-05  t_peak=75936  comparison cadence=151872  difference=0.21625  below=0/3
t=303744  fraction=0.83250  peak_slope=1.101e-05  t_peak=62947  comparison cadence=125894  difference=0.10500  below=0/3
t=303744  fraction=0.81500  peak_slope=1.426e-05  t_peak=72938  comparison cadence=145877  difference=0.16125  below=0/3
t=286758  fraction=0.80250  peak_slope=1.276e-05  t_peak=70940  comparison cadence=141880  difference=0.17500  below=0/3
t=291754  fraction=0.80750  peak_slope=1.276e-05  t_peak=79933  comparison cadence=159865  difference=0.22875  below=0/3
t=352702  fraction=0.86375  peak_slope=1.426e-05  t_peak=81931  comparison cadence=163862  difference=0.12250  below=0/3
t=256783  fraction=0.75625  peak_slope=1.051e-05  t_peak=68942  comparison cadence=137884  difference=0.24375  below=0/3
t=286758  fraction=0.81250  peak_slope=1.001e-05  t_peak=75936  comparison cadence=151872  difference=0.21375  below=0/3
t=304743  fraction=0.83250  peak_slope=1.101e-05  t_peak=62947  comparison cadence=125894  difference=0.10375  below=0/3
t=304743  fraction=0.81500  peak_slope=1.426e-05  t_peak=72938  comparison cadence=145877  difference=0.15500  below=0/3
t=212820  fraction=0.74000  peak_slope=1.026e-05  t_peak=77934  comparison cadence=155868  difference=0.65875  below=0/3
t=353702  fraction=0.86375  peak_slope=1.426e-05  t_peak=81931  comparison cadence=163862  difference=0.12000  below=0/3
t=287757  fraction=0.80250  peak_slope=1.276e-05  t_peak=70940  comparison cadence=141880  difference=0.17250  below=0/3
t=292753  fraction=0.80750  peak_slope=1.276e-05  t_peak=79933  comparison cadence=159865  difference=0.22625  below=0/3
t=257782  fraction=0.75750  peak_slope=1.051e-05  t_peak=68942  comparison cadence=137884  difference=0.24000  below=0/3
t=287757  fraction=0.81250  peak_slope=1.001e-05  t_peak=75936  comparison cadence=151872  difference=0.21250  below=0/3
t=305742  fraction=0.83250  peak_slope=1.101e-05  t_peak=62947  comparison cadence=125894  difference=0.10250  below=0/3
t=305742  fraction=0.81500  peak_slope=1.426e-05  t_peak=72938  comparison cadence=145877  difference=0.15250  below=0/3
t=354701  fraction=0.86500  peak_slope=1.426e-05  t_peak=81931  comparison cadence=163862  difference=0.11875  below=0/3
t=288756  fraction=0.80500  peak_slope=1.276e-05  t_peak=70940  comparison cadence=141880  difference=0.17500  below=0/3
t=293752  fraction=0.80750  peak_slope=1.276e-05  t_peak=79933  comparison cadence=159865  difference=0.22625  below=0/3
t=213820  fraction=0.74000  peak_slope=1.026e-05  t_peak=77934  comparison cadence=155868  difference=0.65250  below=0/3
t=258782  fraction=0.76000  peak_slope=1.051e-05  t_peak=68942  comparison cadence=137884  difference=0.23375  below=0/3
t=306741  fraction=0.83375  peak_slope=1.101e-05  t_peak=62947  comparison cadence=125894  difference=0.10250  below=0/3
t=288756  fraction=0.81250  peak_slope=1.001e-05  t_peak=75936  comparison cadence=151872  difference=0.21125  below=0/3
t=306741  fraction=0.81500  peak_slope=1.426e-05  t_peak=72938  comparison cadence=145877  difference=0.15000  below=0/3
t=355700  fraction=0.86500  peak_slope=1.426e-05  t_peak=81931  comparison cadence=163862  difference=0.11750  below=0/3
t=294751  fraction=0.80750  peak_slope=1.276e-05  t_peak=79933  comparison cadence=159865  difference=0.22000  below=0/3
t=289755  fraction=0.80500  peak_slope=1.276e-05  t_peak=70940  comparison cadence=141880  difference=0.17125  below=0/3
t=307740  fraction=0.83625  peak_slope=1.101e-05  t_peak=62947  comparison cadence=125894  difference=0.10375  below=0/3
t=289755  fraction=0.81375  peak_slope=1.001e-05  t_peak=75936  comparison cadence=151872  difference=0.21125  below=0/3
t=214819  fraction=0.74125  peak_slope=1.026e-05  t_peak=77934  comparison cadence=155868  difference=0.64875  below=0/3
t=259781  fraction=0.76125  peak_slope=1.051e-05  t_peak=68942  comparison cadence=137884  difference=0.23375  below=0/3
t=356699  fraction=0.86500  peak_slope=1.426e-05  t_peak=81931  comparison cadence=163862  difference=0.11750  below=0/3
t=307740  fraction=0.81500  peak_slope=1.426e-05  t_peak=72938  comparison cadence=145877  difference=0.14750  below=0/3
t=295750  fraction=0.80875  peak_slope=1.276e-05  t_peak=79933  comparison cadence=159865  difference=0.21750  below=0/3
t=290755  fraction=0.80625  peak_slope=1.276e-05  t_peak=70940  comparison cadence=141880  difference=0.17125  below=0/3
t=357698  fraction=0.86500  peak_slope=1.426e-05  t_peak=81931  comparison cadence=163862  difference=0.11750  below=0/3
t=308739  fraction=0.83625  peak_slope=1.101e-05  t_peak=62947  comparison cadence=125894  difference=0.10375  below=0/3
t=290755  fraction=0.81500  peak_slope=1.001e-05  t_peak=75936  comparison cadence=151872  difference=0.21000  below=0/3
t=308739  fraction=0.81625  peak_slope=1.426e-05  t_peak=72938  comparison cadence=145877  difference=0.14875  below=0/3
t=260780  fraction=0.76250  peak_slope=1.051e-05  t_peak=68942  comparison cadence=137884  difference=0.23125  below=0/3
t=215818  fraction=0.74250  peak_slope=1.026e-05  t_peak=77934  comparison cadence=155868  difference=0.64250  below=0/3
t=296750  fraction=0.80875  peak_slope=1.276e-05  t_peak=79933  comparison cadence=159865  difference=0.21750  below=0/3
t=358697  fraction=0.86500  peak_slope=1.426e-05  t_peak=81931  comparison cadence=163862  difference=0.11500  below=0/3
t=291754  fraction=0.80750  peak_slope=1.276e-05  t_peak=70940  comparison cadence=141880  difference=0.16875  below=0/3
t=309739  fraction=0.83750  peak_slope=1.101e-05  t_peak=62947  comparison cadence=125894  difference=0.10500  below=0/3
t=291754  fraction=0.81500  peak_slope=1.001e-05  t_peak=75936  comparison cadence=151872  difference=0.20875  below=0/3
t=309739  fraction=0.81750  peak_slope=1.426e-05  t_peak=72938  comparison cadence=145877  difference=0.14875  below=0/3
t=261779  fraction=0.76250  peak_slope=1.051e-05  t_peak=68942  comparison cadence=137884  difference=0.22750  below=0/3
t=359696  fraction=0.86500  peak_slope=1.426e-05  t_peak=81931  comparison cadence=163862  difference=0.11375  below=0/3
t=297749  fraction=0.80875  peak_slope=1.276e-05  t_peak=79933  comparison cadence=159865  difference=0.21625  below=0/3
t=216817  fraction=0.74250  peak_slope=1.026e-05  t_peak=77934  comparison cadence=155868  difference=0.63625  below=0/3
t=292753  fraction=0.80875  peak_slope=1.276e-05  t_peak=70940  comparison cadence=141880  difference=0.16875  below=0/3
t=310738  fraction=0.83750  peak_slope=1.101e-05  t_peak=62947  comparison cadence=125894  difference=0.10125  below=0/3
t=292753  fraction=0.81625  peak_slope=1.001e-05  t_peak=75936  comparison cadence=151872  difference=0.20875  below=0/3
t=310738  fraction=0.81750  peak_slope=1.426e-05  t_peak=72938  comparison cadence=145877  difference=0.14500  below=0/3
t=262778  fraction=0.76250  peak_slope=1.051e-05  t_peak=68942  comparison cadence=137884  difference=0.22625  below=0/3
t=360696  fraction=0.86500  peak_slope=1.426e-05  t_peak=81931  comparison cadence=163862  difference=0.11125  below=0/3
t=298748  fraction=0.81000  peak_slope=1.276e-05  t_peak=79933  comparison cadence=159865  difference=0.21250  below=0/3
t=311737  fraction=0.83875  peak_slope=1.101e-05  t_peak=62947  comparison cadence=125894  difference=0.10125  below=0/3
t=293752  fraction=0.80875  peak_slope=1.276e-05  t_peak=70940  comparison cadence=141880  difference=0.16625  below=0/3
t=293752  fraction=0.81625  peak_slope=1.001e-05  t_peak=75936  comparison cadence=151872  difference=0.20875  below=0/3
t=311737  fraction=0.81750  peak_slope=1.426e-05  t_peak=72938  comparison cadence=145877  difference=0.14250  below=0/3
t=217816  fraction=0.74375  peak_slope=1.026e-05  t_peak=77934  comparison cadence=155868  difference=0.62625  below=0/3
t=361695  fraction=0.86500  peak_slope=1.426e-05  t_peak=81931  comparison cadence=163862  difference=0.11125  below=0/3
t=263777  fraction=0.76250  peak_slope=1.051e-05  t_peak=68942  comparison cadence=137884  difference=0.22250  below=0/3
t=299747  fraction=0.81000  peak_slope=1.276e-05  t_peak=79933  comparison cadence=159865  difference=0.21000  below=0/3
t=312736  fraction=0.83875  peak_slope=1.101e-05  t_peak=62947  comparison cadence=125894  difference=0.10125  below=0/3
t=294751  fraction=0.81000  peak_slope=1.276e-05  t_peak=70940  comparison cadence=141880  difference=0.16625  below=0/3
t=294751  fraction=0.81625  peak_slope=1.001e-05  t_peak=75936  comparison cadence=151872  difference=0.20500  below=0/3
t=312736  fraction=0.81750  peak_slope=1.426e-05  t_peak=72938  comparison cadence=145877  difference=0.14250  below=0/3
t=362694  fraction=0.86500  peak_slope=1.426e-05  t_peak=81931  comparison cadence=163862  difference=0.10875  below=0/3
t=218815  fraction=0.74375  peak_slope=1.026e-05  t_peak=77934  comparison cadence=155868  difference=0.61750  below=0/3
t=264777  fraction=0.76500  peak_slope=1.051e-05  t_peak=68942  comparison cadence=137884  difference=0.22250  below=0/3
t=300746  fraction=0.81000  peak_slope=1.276e-05  t_peak=79933  comparison cadence=159865  difference=0.20750  below=0/3
t=313735  fraction=0.83875  peak_slope=1.101e-05  t_peak=62947  comparison cadence=125894  difference=0.10125  below=0/3
t=313735  fraction=0.81875  peak_slope=1.426e-05  t_peak=72938  comparison cadence=145877  difference=0.14000  below=0/3
t=295750  fraction=0.81625  peak_slope=1.001e-05  t_peak=75936  comparison cadence=151872  difference=0.20125  below=0/3
t=295750  fraction=0.81250  peak_slope=1.276e-05  t_peak=70940  comparison cadence=141880  difference=0.16750  below=0/3
t=363693  fraction=0.86500  peak_slope=1.426e-05  t_peak=81931  comparison cadence=163862  difference=0.10625  below=0/3
t=265776  fraction=0.76625  peak_slope=1.051e-05  t_peak=68942  comparison cadence=137884  difference=0.21875  below=0/3
t=314734  fraction=0.83875  peak_slope=1.101e-05  t_peak=62947  comparison cadence=125894  difference=0.10125  below=0/3
t=301745  fraction=0.81125  peak_slope=1.276e-05  t_peak=79933  comparison cadence=159865  difference=0.20625  below=0/3
t=219814  fraction=0.74375  peak_slope=1.026e-05  t_peak=77934  comparison cadence=155868  difference=0.61125  below=0/3
t=364692  fraction=0.86500  peak_slope=1.426e-05  t_peak=81931  comparison cadence=163862  difference=0.10500  below=0/3
t=314734  fraction=0.82000  peak_slope=1.426e-05  t_peak=72938  comparison cadence=145877  difference=0.14000  below=0/3
t=296750  fraction=0.81625  peak_slope=1.001e-05  t_peak=75936  comparison cadence=151872  difference=0.20000  below=0/3
t=296750  fraction=0.81375  peak_slope=1.276e-05  t_peak=70940  comparison cadence=141880  difference=0.16500  below=0/3
t=365691  fraction=0.86625  peak_slope=1.426e-05  t_peak=81931  comparison cadence=163862  difference=0.10625  below=0/3
t=315734  fraction=0.84000  peak_slope=1.101e-05  t_peak=62947  comparison cadence=125894  difference=0.10250  below=0/3
t=302745  fraction=0.81250  peak_slope=1.276e-05  t_peak=79933  comparison cadence=159865  difference=0.20375  below=0/3
t=266775  fraction=0.76625  peak_slope=1.051e-05  t_peak=68942  comparison cadence=137884  difference=0.21500  below=0/3
t=315734  fraction=0.82000  peak_slope=1.426e-05  t_peak=72938  comparison cadence=145877  difference=0.13750  below=0/3
t=297749  fraction=0.81625  peak_slope=1.001e-05  t_peak=75936  comparison cadence=151872  difference=0.19500  below=0/3
t=297749  fraction=0.81375  peak_slope=1.276e-05  t_peak=70940  comparison cadence=141880  difference=0.16375  below=0/3
t=220814  fraction=0.74500  peak_slope=1.026e-05  t_peak=77934  comparison cadence=155868  difference=0.60500  below=0/3
t=366691  fraction=0.86750  peak_slope=1.426e-05  t_peak=81931  comparison cadence=163862  difference=0.10750  below=0/3
t=316733  fraction=0.84125  peak_slope=1.101e-05  t_peak=62947  comparison cadence=125894  difference=0.10125  below=0/3
t=303744  fraction=0.81250  peak_slope=1.276e-05  t_peak=79933  comparison cadence=159865  difference=0.20375  below=0/3
t=316733  fraction=0.82125  peak_slope=1.426e-05  t_peak=72938  comparison cadence=145877  difference=0.13625  below=0/3
t=267774  fraction=0.76750  peak_slope=1.051e-05  t_peak=68942  comparison cadence=137884  difference=0.21125  below=0/3
t=298748  fraction=0.81750  peak_slope=1.001e-05  t_peak=75936  comparison cadence=151872  difference=0.19250  below=0/3
t=298748  fraction=0.81625  peak_slope=1.276e-05  t_peak=70940  comparison cadence=141880  difference=0.16250  below=0/3
t=367690  fraction=0.86750  peak_slope=1.426e-05  t_peak=81931  comparison cadence=163862  difference=0.10250  below=0/3
t=221813  fraction=0.74625  peak_slope=1.026e-05  t_peak=77934  comparison cadence=155868  difference=0.59875  below=0/3
t=317732  fraction=0.84250  peak_slope=1.101e-05  t_peak=62947  comparison cadence=125894  difference=0.10125  below=0/3
t=317732  fraction=0.82125  peak_slope=1.426e-05  t_peak=72938  comparison cadence=145877  difference=0.13625  below=0/3
t=304743  fraction=0.81250  peak_slope=1.276e-05  t_peak=79933  comparison cadence=159865  difference=0.20000  below=0/3
t=299747  fraction=0.82000  peak_slope=1.001e-05  t_peak=75936  comparison cadence=151872  difference=0.19250  below=0/3
t=268773  fraction=0.76750  peak_slope=1.051e-05  t_peak=68942  comparison cadence=137884  difference=0.20625  below=0/3
t=299747  fraction=0.81625  peak_slope=1.276e-05  t_peak=70940  comparison cadence=141880  difference=0.16250  below=0/3
t=368689  fraction=0.86750  peak_slope=1.426e-05  t_peak=81931  comparison cadence=163862  difference=0.10250  below=0/3
t=318731  fraction=0.84250  peak_slope=1.101e-05  t_peak=62947  comparison cadence=125894  difference=0.09875  below=0/3
t=318731  fraction=0.82250  peak_slope=1.426e-05  t_peak=72938  comparison cadence=145877  difference=0.13750  below=0/3
t=305742  fraction=0.81375  peak_slope=1.276e-05  t_peak=79933  comparison cadence=159865  difference=0.20125  below=0/3
t=222812  fraction=0.74750  peak_slope=1.026e-05  t_peak=77934  comparison cadence=155868  difference=0.59375  below=0/3
t=300746  fraction=0.82250  peak_slope=1.001e-05  t_peak=75936  comparison cadence=151872  difference=0.19375  below=0/3
t=369688  fraction=0.86750  peak_slope=1.426e-05  t_peak=81931  comparison cadence=163862  difference=0.10000  below=0/3
t=269772  fraction=0.77000  peak_slope=1.051e-05  t_peak=68942  comparison cadence=137884  difference=0.20250  below=0/3
t=300746  fraction=0.81750  peak_slope=1.276e-05  t_peak=70940  comparison cadence=141880  difference=0.16375  below=0/3
t=319730  fraction=0.84250  peak_slope=1.101e-05  t_peak=62947  comparison cadence=125894  difference=0.09875  below=0/3
t=319730  fraction=0.82500  peak_slope=1.426e-05  t_peak=72938  comparison cadence=145877  difference=0.14000  below=0/3
t=306741  fraction=0.81625  peak_slope=1.276e-05  t_peak=79933  comparison cadence=159865  difference=0.20000  below=0/3
t=301745  fraction=0.82375  peak_slope=1.001e-05  t_peak=75936  comparison cadence=151872  difference=0.19250  below=0/3
t=370687  fraction=0.86875  peak_slope=1.426e-05  t_peak=81931  comparison cadence=163862  difference=0.09875  below=0/3
t=223811  fraction=0.74875  peak_slope=1.026e-05  t_peak=77934  comparison cadence=155868  difference=0.58500  below=0/3
t=270771  fraction=0.77250  peak_slope=1.051e-05  t_peak=68942  comparison cadence=137884  difference=0.19875  below=0/3
t=301745  fraction=0.81875  peak_slope=1.276e-05  t_peak=70940  comparison cadence=141880  difference=0.16375  below=0/3
t=320729  fraction=0.84250  peak_slope=1.101e-05  t_peak=62947  comparison cadence=125894  difference=0.09750  below=0/3
t=320729  fraction=0.82500  peak_slope=1.426e-05  t_peak=72938  comparison cadence=145877  difference=0.13875  below=0/3
t=371686  fraction=0.86875  peak_slope=1.426e-05  t_peak=81931  comparison cadence=163862  difference=0.09875  below=0/3
t=307740  fraction=0.81625  peak_slope=1.276e-05  t_peak=79933  comparison cadence=159865  difference=0.19750  below=0/3
t=302745  fraction=0.82500  peak_slope=1.001e-05  t_peak=75936  comparison cadence=151872  difference=0.19125  below=0/3
t=271771  fraction=0.77375  peak_slope=1.051e-05  t_peak=68942  comparison cadence=137884  difference=0.19750  below=0/3
t=302745  fraction=0.82000  peak_slope=1.276e-05  t_peak=70940  comparison cadence=141880  difference=0.16250  below=0/3
t=321728  fraction=0.84250  peak_slope=1.101e-05  t_peak=62947  comparison cadence=125894  difference=0.09750  below=0/3
t=224810  fraction=0.74875  peak_slope=1.026e-05  t_peak=77934  comparison cadence=155868  difference=0.57375  below=0/3
t=372685  fraction=0.86875  peak_slope=1.426e-05  t_peak=81931  comparison cadence=163862  difference=0.09875  below=0/3
t=321728  fraction=0.82500  peak_slope=1.426e-05  t_peak=72938  comparison cadence=145877  difference=0.13625  below=0/3
t=303744  fraction=0.82500  peak_slope=1.001e-05  t_peak=75936  comparison cadence=151872  difference=0.18625  below=0/3
t=308739  fraction=0.81750  peak_slope=1.276e-05  t_peak=79933  comparison cadence=159865  difference=0.19500  below=0/3
t=303744  fraction=0.82000  peak_slope=1.276e-05  t_peak=70940  comparison cadence=141880  difference=0.15875  below=0/3
t=272770  fraction=0.77500  peak_slope=1.051e-05  t_peak=68942  comparison cadence=137884  difference=0.19250  below=0/3
t=373685  fraction=0.86875  peak_slope=1.426e-05  t_peak=81931  comparison cadence=163862  difference=0.09750  below=0/3
t=322728  fraction=0.84250  peak_slope=1.101e-05  t_peak=62947  comparison cadence=125894  difference=0.09750  below=0/3
t=322728  fraction=0.82625  peak_slope=1.426e-05  t_peak=72938  comparison cadence=145877  difference=0.13250  below=0/3
t=304743  fraction=0.82500  peak_slope=1.001e-05  t_peak=75936  comparison cadence=151872  difference=0.18375  below=0/3
t=309739  fraction=0.81875  peak_slope=1.276e-05  t_peak=79933  comparison cadence=159865  difference=0.19500  below=0/3
t=225809  fraction=0.75250  peak_slope=1.026e-05  t_peak=77934  comparison cadence=155868  difference=0.57125  below=0/3
t=374684  fraction=0.86875  peak_slope=1.426e-05  t_peak=81931  comparison cadence=163862  difference=0.09750  below=0/3
t=323727  fraction=0.84250  peak_slope=1.101e-05  t_peak=62947  comparison cadence=125894  difference=0.09625  below=0/3
t=304743  fraction=0.82125  peak_slope=1.276e-05  t_peak=70940  comparison cadence=141880  difference=0.15875  below=0/3
t=273769  fraction=0.77625  peak_slope=1.051e-05  t_peak=68942  comparison cadence=137884  difference=0.19250  below=0/3
t=323727  fraction=0.82625  peak_slope=1.426e-05  t_peak=72938  comparison cadence=145877  difference=0.12875  below=0/3
t=305742  fraction=0.82500  peak_slope=1.001e-05  t_peak=75936  comparison cadence=151872  difference=0.18125  below=0/3
t=310738  fraction=0.82000  peak_slope=1.276e-05  t_peak=79933  comparison cadence=159865  difference=0.19125  below=0/3
t=375683  fraction=0.86875  peak_slope=1.426e-05  t_peak=81931  comparison cadence=163862  difference=0.09625  below=0/3
t=226809  fraction=0.75250  peak_slope=1.026e-05  t_peak=77934  comparison cadence=155868  difference=0.56125  below=0/3
t=324726  fraction=0.84375  peak_slope=1.101e-05  t_peak=62947  comparison cadence=125894  difference=0.09500  below=0/3
t=305742  fraction=0.82125  peak_slope=1.276e-05  t_peak=70940  comparison cadence=141880  difference=0.15750  below=0/3
t=324726  fraction=0.82625  peak_slope=1.426e-05  t_peak=72938  comparison cadence=145877  difference=0.12625  below=0/3
t=274768  fraction=0.77625  peak_slope=1.051e-05  t_peak=68942  comparison cadence=137884  difference=0.18500  below=0/3
t=306741  fraction=0.82625  peak_slope=1.001e-05  t_peak=75936  comparison cadence=151872  difference=0.18125  below=0/3
t=311737  fraction=0.82000  peak_slope=1.276e-05  t_peak=79933  comparison cadence=159865  difference=0.18750  below=0/3
t=376682  fraction=0.86875  peak_slope=1.426e-05  t_peak=81931  comparison cadence=163862  difference=0.09500  below=0/3
t=325725  fraction=0.84375  peak_slope=1.101e-05  t_peak=62947  comparison cadence=125894  difference=0.09500  below=0/3
t=325725  fraction=0.82625  peak_slope=1.426e-05  t_peak=72938  comparison cadence=145877  difference=0.12375  below=0/3
t=306741  fraction=0.82125  peak_slope=1.276e-05  t_peak=70940  comparison cadence=141880  difference=0.15625  below=0/3
t=227808  fraction=0.75250  peak_slope=1.026e-05  t_peak=77934  comparison cadence=155868  difference=0.55125  below=0/3
t=275767  fraction=0.77625  peak_slope=1.051e-05  t_peak=68942  comparison cadence=137884  difference=0.18125  below=0/3
t=307740  fraction=0.82750  peak_slope=1.001e-05  t_peak=75936  comparison cadence=151872  difference=0.18250  below=0/3
t=377681  fraction=0.86875  peak_slope=1.426e-05  t_peak=81931  comparison cadence=163862  difference=0.09375  below=0/3
t=312736  fraction=0.82000  peak_slope=1.276e-05  t_peak=79933  comparison cadence=159865  difference=0.18625  below=0/3
t=326724  fraction=0.84750  peak_slope=1.101e-05  t_peak=62947  comparison cadence=125894  difference=0.09875  below=0/3
t=326724  fraction=0.82625  peak_slope=1.426e-05  t_peak=72938  comparison cadence=145877  difference=0.12250  below=0/3
t=307740  fraction=0.82125  peak_slope=1.276e-05  t_peak=70940  comparison cadence=141880  difference=0.15625  below=0/3
t=378680  fraction=0.86875  peak_slope=1.426e-05  t_peak=81931  comparison cadence=163862  difference=0.09250  below=0/3
t=308739  fraction=0.83000  peak_slope=1.001e-05  t_peak=75936  comparison cadence=151872  difference=0.18250  below=0/3
t=276766  fraction=0.77750  peak_slope=1.051e-05  t_peak=68942  comparison cadence=137884  difference=0.18000  below=0/3
t=313735  fraction=0.82125  peak_slope=1.276e-05  t_peak=79933  comparison cadence=159865  difference=0.18000  below=0/3
t=228807  fraction=0.75375  peak_slope=1.026e-05  t_peak=77934  comparison cadence=155868  difference=0.54750  below=0/3
t=327723  fraction=0.85000  peak_slope=1.101e-05  t_peak=62947  comparison cadence=125894  difference=0.09875  below=0/3
t=327723  fraction=0.82625  peak_slope=1.426e-05  t_peak=72938  comparison cadence=145877  difference=0.12250  below=0/3
t=379680  fraction=0.86875  peak_slope=1.426e-05  t_peak=81931  comparison cadence=163862  difference=0.09250  below=0/3
t=308739  fraction=0.82125  peak_slope=1.276e-05  t_peak=70940  comparison cadence=141880  difference=0.15500  below=0/3
t=309739  fraction=0.83000  peak_slope=1.001e-05  t_peak=75936  comparison cadence=151872  difference=0.17875  below=0/3
t=314734  fraction=0.82125  peak_slope=1.276e-05  t_peak=79933  comparison cadence=159865  difference=0.17750  below=0/3
t=277766  fraction=0.77750  peak_slope=1.051e-05  t_peak=68942  comparison cadence=137884  difference=0.18000  below=0/3
t=328723  fraction=0.85000  peak_slope=1.101e-05  t_peak=62947  comparison cadence=125894  difference=0.09750  below=0/3
t=229806  fraction=0.75500  peak_slope=1.026e-05  t_peak=77934  comparison cadence=155868  difference=0.53500  below=0/3
t=380679  fraction=0.86875  peak_slope=1.426e-05  t_peak=81931  comparison cadence=163862  difference=0.09250  below=0/3
t=328723  fraction=0.82625  peak_slope=1.426e-05  t_peak=72938  comparison cadence=145877  difference=0.12125  below=0/3
t=309739  fraction=0.82250  peak_slope=1.276e-05  t_peak=70940  comparison cadence=141880  difference=0.15625  below=0/3
t=310738  fraction=0.83000  peak_slope=1.001e-05  t_peak=75936  comparison cadence=151872  difference=0.17500  below=0/3
t=315734  fraction=0.82250  peak_slope=1.276e-05  t_peak=79933  comparison cadence=159865  difference=0.17750  below=0/3
t=278765  fraction=0.77750  peak_slope=1.051e-05  t_peak=68942  comparison cadence=137884  difference=0.18000  below=0/3
t=381678  fraction=0.86875  peak_slope=1.426e-05  t_peak=81931  comparison cadence=163862  difference=0.09250  below=0/3
t=329722  fraction=0.85000  peak_slope=1.101e-05  t_peak=62947  comparison cadence=125894  difference=0.09750  below=0/3
t=329722  fraction=0.82750  peak_slope=1.426e-05  t_peak=72938  comparison cadence=145877  difference=0.12125  below=0/3
t=230805  fraction=0.75750  peak_slope=1.026e-05  t_peak=77934  comparison cadence=155868  difference=0.53125  below=0/3
t=310738  fraction=0.82250  peak_slope=1.276e-05  t_peak=70940  comparison cadence=141880  difference=0.15500  below=0/3
t=311737  fraction=0.83000  peak_slope=1.001e-05  t_peak=75936  comparison cadence=151872  difference=0.17250  below=0/3
t=316733  fraction=0.82250  peak_slope=1.276e-05  t_peak=79933  comparison cadence=159865  difference=0.17625  below=0/3
t=382677  fraction=0.87000  peak_slope=1.426e-05  t_peak=81931  comparison cadence=163862  difference=0.09250  below=0/3
t=330721  fraction=0.85250  peak_slope=1.101e-05  t_peak=62947  comparison cadence=125894  difference=0.10000  below=0/3
t=279764  fraction=0.77875  peak_slope=1.051e-05  t_peak=68942  comparison cadence=137884  difference=0.17875  below=0/3
t=330721  fraction=0.82750  peak_slope=1.426e-05  t_peak=72938  comparison cadence=145877  difference=0.12000  below=0/3
t=312736  fraction=0.83000  peak_slope=1.001e-05  t_peak=75936  comparison cadence=151872  difference=0.16750  below=0/3
t=311737  fraction=0.82250  peak_slope=1.276e-05  t_peak=70940  comparison cadence=141880  difference=0.15375  below=0/3
t=383676  fraction=0.87000  peak_slope=1.426e-05  t_peak=81931  comparison cadence=163862  difference=0.09125  below=0/3
t=317732  fraction=0.82375  peak_slope=1.276e-05  t_peak=79933  comparison cadence=159865  difference=0.17375  below=0/3
t=231804  fraction=0.76000  peak_slope=1.026e-05  t_peak=77934  comparison cadence=155868  difference=0.52375  below=0/3
t=331720  fraction=0.85250  peak_slope=1.101e-05  t_peak=62947  comparison cadence=125894  difference=0.09875  below=0/3
t=331720  fraction=0.82750  peak_slope=1.426e-05  t_peak=72938  comparison cadence=145877  difference=0.12000  below=0/3
t=280763  fraction=0.77875  peak_slope=1.051e-05  t_peak=68942  comparison cadence=137884  difference=0.17750  below=0/3
t=384675  fraction=0.87000  peak_slope=1.426e-05  t_peak=81931  comparison cadence=163862  difference=0.08875  below=0/3
t=313735  fraction=0.83000  peak_slope=1.001e-05  t_peak=75936  comparison cadence=151872  difference=0.16750  below=0/3
t=312736  fraction=0.82250  peak_slope=1.276e-05  t_peak=70940  comparison cadence=141880  difference=0.15125  below=0/3
t=318731  fraction=0.82375  peak_slope=1.276e-05  t_peak=79933  comparison cadence=159865  difference=0.17000  below=0/3
t=332719  fraction=0.85250  peak_slope=1.101e-05  t_peak=62947  comparison cadence=125894  difference=0.09625  below=0/3
t=332719  fraction=0.82875  peak_slope=1.426e-05  t_peak=72938  comparison cadence=145877  difference=0.11875  below=0/3
t=232804  fraction=0.76000  peak_slope=1.026e-05  t_peak=77934  comparison cadence=155868  difference=0.50875  below=0/3
t=281762  fraction=0.77875  peak_slope=1.051e-05  t_peak=68942  comparison cadence=137884  difference=0.17625  below=0/3
t=385675  fraction=0.87000  peak_slope=1.426e-05  t_peak=81931  comparison cadence=163862  difference=0.08750  below=0/3
t=314734  fraction=0.83000  peak_slope=1.001e-05  t_peak=75936  comparison cadence=151872  difference=0.16375  below=0/3
t=313735  fraction=0.82250  peak_slope=1.276e-05  t_peak=70940  comparison cadence=141880  difference=0.15125  below=0/3
t=319730  fraction=0.82500  peak_slope=1.276e-05  t_peak=79933  comparison cadence=159865  difference=0.16750  below=0/3
t=333718  fraction=0.85250  peak_slope=1.101e-05  t_peak=62947  comparison cadence=125894  difference=0.09375  below=0/3
t=333718  fraction=0.82875  peak_slope=1.426e-05  t_peak=72938  comparison cadence=145877  difference=0.11500  below=0/3
t=386674  fraction=0.87000  peak_slope=1.426e-05  t_peak=81931  comparison cadence=163862  difference=0.08500  below=0/3
t=282761  fraction=0.77875  peak_slope=1.051e-05  t_peak=68942  comparison cadence=137884  difference=0.17250  below=0/3
t=233803  fraction=0.76375  peak_slope=1.026e-05  t_peak=77934  comparison cadence=155868  difference=0.50625  below=0/3
t=315734  fraction=0.83000  peak_slope=1.001e-05  t_peak=75936  comparison cadence=151872  difference=0.16125  below=0/3
t=314734  fraction=0.82500  peak_slope=1.276e-05  t_peak=70940  comparison cadence=141880  difference=0.15250  below=0/3
t=334718  fraction=0.85250  peak_slope=1.101e-05  t_peak=62947  comparison cadence=125894  difference=0.09375  below=0/3
t=320729  fraction=0.82625  peak_slope=1.276e-05  t_peak=79933  comparison cadence=159865  difference=0.16750  below=0/3
t=334718  fraction=0.83000  peak_slope=1.426e-05  t_peak=72938  comparison cadence=145877  difference=0.11625  below=0/3
t=387673  fraction=0.87000  peak_slope=1.426e-05  t_peak=81931  comparison cadence=163862  difference=0.08500  below=0/3
t=283761  fraction=0.77875  peak_slope=1.051e-05  t_peak=68942  comparison cadence=137884  difference=0.17125  below=0/3
t=316733  fraction=0.83125  peak_slope=1.001e-05  t_peak=75936  comparison cadence=151872  difference=0.16125  below=0/3
t=335717  fraction=0.85250  peak_slope=1.101e-05  t_peak=62947  comparison cadence=125894  difference=0.09250  below=0/3
t=315734  fraction=0.82625  peak_slope=1.276e-05  t_peak=70940  comparison cadence=141880  difference=0.15375  below=0/3
t=321728  fraction=0.82750  peak_slope=1.276e-05  t_peak=79933  comparison cadence=159865  difference=0.16625  below=0/3
t=234802  fraction=0.76625  peak_slope=1.026e-05  t_peak=77934  comparison cadence=155868  difference=0.50125  below=0/3
t=388672  fraction=0.87125  peak_slope=1.426e-05  t_peak=81931  comparison cadence=163862  difference=0.08625  below=0/3
t=335717  fraction=0.83125  peak_slope=1.426e-05  t_peak=72938  comparison cadence=145877  difference=0.11500  below=0/3
t=317732  fraction=0.83125  peak_slope=1.001e-05  t_peak=75936  comparison cadence=151872  difference=0.16125  below=0/3
t=284760  fraction=0.77875  peak_slope=1.051e-05  t_peak=68942  comparison cadence=137884  difference=0.16500  below=0/3
t=336716  fraction=0.85250  peak_slope=1.101e-05  t_peak=62947  comparison cadence=125894  difference=0.09250  below=0/3
t=389671  fraction=0.87125  peak_slope=1.426e-05  t_peak=81931  comparison cadence=163862  difference=0.08500  below=0/3
t=316733  fraction=0.82750  peak_slope=1.276e-05  t_peak=70940  comparison cadence=141880  difference=0.15250  below=0/3
t=322728  fraction=0.82875  peak_slope=1.276e-05  t_peak=79933  comparison cadence=159865  difference=0.16500  below=0/3
t=336716  fraction=0.83125  peak_slope=1.426e-05  t_peak=72938  comparison cadence=145877  difference=0.11500  below=0/3
t=235801  fraction=0.76625  peak_slope=1.026e-05  t_peak=77934  comparison cadence=155868  difference=0.49250  below=0/3
t=318731  fraction=0.83250  peak_slope=1.001e-05  t_peak=75936  comparison cadence=151872  difference=0.16125  below=0/3
t=390670  fraction=0.87250  peak_slope=1.426e-05  t_peak=81931  comparison cadence=163862  difference=0.08500  below=0/3
t=285759  fraction=0.77875  peak_slope=1.051e-05  t_peak=68942  comparison cadence=137884  difference=0.16500  below=0/3
t=337715  fraction=0.85250  peak_slope=1.101e-05  t_peak=62947  comparison cadence=125894  difference=0.09250  below=0/3
t=323727  fraction=0.83000  peak_slope=1.276e-05  t_peak=79933  comparison cadence=159865  difference=0.16375  below=0/3
t=317732  fraction=0.82875  peak_slope=1.276e-05  t_peak=70940  comparison cadence=141880  difference=0.15375  below=0/3
t=337715  fraction=0.83125  peak_slope=1.426e-05  t_peak=72938  comparison cadence=145877  difference=0.11375  below=0/3
t=391669  fraction=0.87375  peak_slope=1.426e-05  t_peak=81931  comparison cadence=163862  difference=0.08500  below=0/3
t=319730  fraction=0.83250  peak_slope=1.001e-05  t_peak=75936  comparison cadence=151872  difference=0.15875  below=0/3
t=236800  fraction=0.76625  peak_slope=1.026e-05  t_peak=77934  comparison cadence=155868  difference=0.48875  below=0/3
t=338714  fraction=0.85375  peak_slope=1.101e-05  t_peak=62947  comparison cadence=125894  difference=0.09125  below=0/3
t=286758  fraction=0.77875  peak_slope=1.051e-05  t_peak=68942  comparison cadence=137884  difference=0.16500  below=0/3
t=324726  fraction=0.83000  peak_slope=1.276e-05  t_peak=79933  comparison cadence=159865  difference=0.16125  below=0/3
t=318731  fraction=0.83000  peak_slope=1.276e-05  t_peak=70940  comparison cadence=141880  difference=0.15250  below=0/3
t=338714  fraction=0.83250  peak_slope=1.426e-05  t_peak=72938  comparison cadence=145877  difference=0.11500  below=0/3
t=392669  fraction=0.87375  peak_slope=1.426e-05  t_peak=81931  comparison cadence=163862  difference=0.08500  below=0/3
t=320729  fraction=0.83250  peak_slope=1.001e-05  t_peak=75936  comparison cadence=151872  difference=0.15625  below=0/3
t=339713  fraction=0.85500  peak_slope=1.101e-05  t_peak=62947  comparison cadence=125894  difference=0.09250  below=0/3
t=325725  fraction=0.83375  peak_slope=1.276e-05  t_peak=79933  comparison cadence=159865  difference=0.16375  below=0/3
t=287757  fraction=0.78125  peak_slope=1.051e-05  t_peak=68942  comparison cadence=137884  difference=0.16625  below=0/3
t=237799  fraction=0.76625  peak_slope=1.026e-05  t_peak=77934  comparison cadence=155868  difference=0.48250  below=0/3
t=339713  fraction=0.83250  peak_slope=1.426e-05  t_peak=72938  comparison cadence=145877  difference=0.11375  below=0/3
t=319730  fraction=0.83000  peak_slope=1.276e-05  t_peak=70940  comparison cadence=141880  difference=0.14750  below=0/3
t=393668  fraction=0.87375  peak_slope=1.426e-05  t_peak=81931  comparison cadence=163862  difference=0.08375  below=0/3
t=321728  fraction=0.83250  peak_slope=1.001e-05  t_peak=75936  comparison cadence=151872  difference=0.15500  below=0/3
t=340712  fraction=0.85500  peak_slope=1.101e-05  t_peak=62947  comparison cadence=125894  difference=0.09125  below=0/3
t=340712  fraction=0.83375  peak_slope=1.426e-05  t_peak=72938  comparison cadence=145877  difference=0.11375  below=0/3
t=326724  fraction=0.83375  peak_slope=1.276e-05  t_peak=79933  comparison cadence=159865  difference=0.16125  below=0/3
t=394667  fraction=0.87375  peak_slope=1.426e-05  t_peak=81931  comparison cadence=163862  difference=0.08375  below=0/3
t=288756  fraction=0.78250  peak_slope=1.051e-05  t_peak=68942  comparison cadence=137884  difference=0.16500  below=0/3
t=320729  fraction=0.83250  peak_slope=1.276e-05  t_peak=70940  comparison cadence=141880  difference=0.14625  below=0/3
t=238798  fraction=0.76625  peak_slope=1.026e-05  t_peak=77934  comparison cadence=155868  difference=0.47125  below=0/3
t=322728  fraction=0.83250  peak_slope=1.001e-05  t_peak=75936  comparison cadence=151872  difference=0.15375  below=0/3
t=341712  fraction=0.85500  peak_slope=1.101e-05  t_peak=62947  comparison cadence=125894  difference=0.09125  below=0/3
t=395666  fraction=0.87375  peak_slope=1.426e-05  t_peak=81931  comparison cadence=163862  difference=0.08375  below=0/3
t=341712  fraction=0.83375  peak_slope=1.426e-05  t_peak=72938  comparison cadence=145877  difference=0.11000  below=0/3
t=327723  fraction=0.83375  peak_slope=1.276e-05  t_peak=79933  comparison cadence=159865  difference=0.15875  below=0/3
t=321728  fraction=0.83250  peak_slope=1.276e-05  t_peak=70940  comparison cadence=141880  difference=0.14500  below=0/3
t=289755  fraction=0.78250  peak_slope=1.051e-05  t_peak=68942  comparison cadence=137884  difference=0.16375  below=0/3
t=323727  fraction=0.83250  peak_slope=1.001e-05  t_peak=75936  comparison cadence=151872  difference=0.15250  below=0/3
t=342711  fraction=0.85500  peak_slope=1.101e-05  t_peak=62947  comparison cadence=125894  difference=0.09125  below=0/3
t=239798  fraction=0.76750  peak_slope=1.026e-05  t_peak=77934  comparison cadence=155868  difference=0.46625  below=0/3
t=396665  fraction=0.87500  peak_slope=1.426e-05  t_peak=81931  comparison cadence=163862  difference=0.08375  below=0/3
t=342711  fraction=0.83375  peak_slope=1.426e-05  t_peak=72938  comparison cadence=145877  difference=0.11000  below=0/3
t=328723  fraction=0.83500  peak_slope=1.276e-05  t_peak=79933  comparison cadence=159865  difference=0.15625  below=0/3
t=322728  fraction=0.83250  peak_slope=1.276e-05  t_peak=70940  comparison cadence=141880  difference=0.14375  below=0/3
t=290755  fraction=0.78250  peak_slope=1.051e-05  t_peak=68942  comparison cadence=137884  difference=0.16000  below=0/3
t=324726  fraction=0.83250  peak_slope=1.001e-05  t_peak=75936  comparison cadence=151872  difference=0.15125  below=0/3
t=343710  fraction=0.85500  peak_slope=1.101e-05  t_peak=62947  comparison cadence=125894  difference=0.09000  below=0/3
t=397664  fraction=0.87500  peak_slope=1.426e-05  t_peak=81931  comparison cadence=163862  difference=0.08125  below=0/3
t=343710  fraction=0.83375  peak_slope=1.426e-05  t_peak=72938  comparison cadence=145877  difference=0.10875  below=0/3
t=329722  fraction=0.83625  peak_slope=1.276e-05  t_peak=79933  comparison cadence=159865  difference=0.15500  below=0/3
t=240797  fraction=0.76875  peak_slope=1.026e-05  t_peak=77934  comparison cadence=155868  difference=0.45625  below=0/3
t=323727  fraction=0.83250  peak_slope=1.276e-05  t_peak=70940  comparison cadence=141880  difference=0.14375  below=0/3
t=291754  fraction=0.78250  peak_slope=1.051e-05  t_peak=68942  comparison cadence=137884  difference=0.16000  below=0/3
t=398664  fraction=0.87500  peak_slope=1.426e-05  t_peak=81931  comparison cadence=163862  difference=0.07875  below=0/3
t=344709  fraction=0.85500  peak_slope=1.101e-05  t_peak=62947  comparison cadence=125894  difference=0.09000  below=0/3
t=325725  fraction=0.83375  peak_slope=1.001e-05  t_peak=75936  comparison cadence=151872  difference=0.14875  below=0/3
Saved 98 remaining particles to /scratch/group/p.phy260085.000/Mass_Fraction/Outputs/Ejection_Results/remaining_particles_2099431_3.csv
t=344709  fraction=0.83500  peak_slope=1.426e-05  t_peak=72938  comparison cadence=145877  difference=0.11000  below=0/3
t=330721  fraction=0.83625  peak_slope=1.276e-05  t_peak=79933  comparison cadence=159865  difference=0.15250  below=0/3
t=324726  fraction=0.83250  peak_slope=1.276e-05  t_peak=70940  comparison cadence=141880  difference=0.14375  below=0/3
t=241796  fraction=0.76875  peak_slope=1.026e-05  t_peak=77934  comparison cadence=155868  difference=0.44875  below=0/3
t=345708  fraction=0.85625  peak_slope=1.101e-05  t_peak=62947  comparison cadence=125894  difference=0.08875  below=0/3
t=326724  fraction=0.83375  peak_slope=1.001e-05  t_peak=75936  comparison cadence=151872  difference=0.14500  below=0/3
t=292753  fraction=0.78500  peak_slope=1.051e-05  t_peak=68942  comparison cadence=137884  difference=0.16125  below=0/3
t=345708  fraction=0.83500  peak_slope=1.426e-05  t_peak=72938  comparison cadence=145877  difference=0.10750  below=0/3
t=331720  fraction=0.83750  peak_slope=1.276e-05  t_peak=79933  comparison cadence=159865  difference=0.15250  below=0/3
t=325725  fraction=0.83250  peak_slope=1.276e-05  t_peak=70940  comparison cadence=141880  difference=0.13500  below=0/3
t=346707  fraction=0.85625  peak_slope=1.101e-05  t_peak=62947  comparison cadence=125894  difference=0.08875  below=0/3
t=327723  fraction=0.83500  peak_slope=1.001e-05  t_peak=75936  comparison cadence=151872  difference=0.14375  below=0/3
t=293752  fraction=0.78500  peak_slope=1.051e-05  t_peak=68942  comparison cadence=137884  difference=0.15875  below=0/3
t=242795  fraction=0.77000  peak_slope=1.026e-05  t_peak=77934  comparison cadence=155868  difference=0.44500  below=0/3
t=346707  fraction=0.83625  peak_slope=1.426e-05  t_peak=72938  comparison cadence=145877  difference=0.10625  below=0/3
t=332719  fraction=0.83750  peak_slope=1.276e-05  t_peak=79933  comparison cadence=159865  difference=0.15125  below=0/3
t=347707  fraction=0.85750  peak_slope=1.101e-05  t_peak=62947  comparison cadence=125894  difference=0.08875  below=0/3
t=326724  fraction=0.83500  peak_slope=1.276e-05  t_peak=70940  comparison cadence=141880  difference=0.13500  below=0/3
t=328723  fraction=0.83625  peak_slope=1.001e-05  t_peak=75936  comparison cadence=151872  difference=0.14375  below=0/3
t=294751  fraction=0.78500  peak_slope=1.051e-05  t_peak=68942  comparison cadence=137884  difference=0.15625  below=0/3
t=347707  fraction=0.83750  peak_slope=1.426e-05  t_peak=72938  comparison cadence=145877  difference=0.10750  below=0/3
t=243794  fraction=0.77125  peak_slope=1.026e-05  t_peak=77934  comparison cadence=155868  difference=0.44000  below=0/3
t=333718  fraction=0.83750  peak_slope=1.276e-05  t_peak=79933  comparison cadence=159865  difference=0.15125  below=0/3
t=348706  fraction=0.85750  peak_slope=1.101e-05  t_peak=62947  comparison cadence=125894  difference=0.08750  below=0/3
t=327723  fraction=0.83625  peak_slope=1.276e-05  t_peak=70940  comparison cadence=141880  difference=0.13625  below=0/3
t=329722  fraction=0.83625  peak_slope=1.001e-05  t_peak=75936  comparison cadence=151872  difference=0.14375  below=0/3
t=348706  fraction=0.83750  peak_slope=1.426e-05  t_peak=72938  comparison cadence=145877  difference=0.10625  below=0/3
t=295750  fraction=0.78750  peak_slope=1.051e-05  t_peak=68942  comparison cadence=137884  difference=0.15500  below=0/3
t=334718  fraction=0.83875  peak_slope=1.276e-05  t_peak=79933  comparison cadence=159865  difference=0.15000  below=0/3
t=349705  fraction=0.85750  peak_slope=1.101e-05  t_peak=62947  comparison cadence=125894  difference=0.08500  below=0/3
t=244793  fraction=0.77250  peak_slope=1.026e-05  t_peak=77934  comparison cadence=155868  difference=0.42875  below=0/3
t=330721  fraction=0.83750  peak_slope=1.001e-05  t_peak=75936  comparison cadence=151872  difference=0.14375  below=0/3
t=328723  fraction=0.83625  peak_slope=1.276e-05  t_peak=70940  comparison cadence=141880  difference=0.13375  below=0/3
t=349705  fraction=0.83750  peak_slope=1.426e-05  t_peak=72938  comparison cadence=145877  difference=0.10500  below=0/3
t=296750  fraction=0.78750  peak_slope=1.051e-05  t_peak=68942  comparison cadence=137884  difference=0.15375  below=0/3
t=335717  fraction=0.83875  peak_slope=1.276e-05  t_peak=79933  comparison cadence=159865  difference=0.14750  below=0/3
t=350704  fraction=0.85875  peak_slope=1.101e-05  t_peak=62947  comparison cadence=125894  difference=0.08250  below=0/3
t=331720  fraction=0.84000  peak_slope=1.001e-05  t_peak=75936  comparison cadence=151872  difference=0.14500  below=0/3
t=329722  fraction=0.83750  peak_slope=1.276e-05  t_peak=70940  comparison cadence=141880  difference=0.13375  below=0/3
t=350704  fraction=0.83750  peak_slope=1.426e-05  t_peak=72938  comparison cadence=145877  difference=0.10500  below=0/3
t=245793  fraction=0.77250  peak_slope=1.026e-05  t_peak=77934  comparison cadence=155868  difference=0.42000  below=0/3
t=297749  fraction=0.78750  peak_slope=1.051e-05  t_peak=68942  comparison cadence=137884  difference=0.15250  below=0/3
t=336716  fraction=0.83875  peak_slope=1.276e-05  t_peak=79933  comparison cadence=159865  difference=0.14625  below=0/3
t=351703  fraction=0.85875  peak_slope=1.101e-05  t_peak=62947  comparison cadence=125894  difference=0.08125  below=0/3
t=332719  fraction=0.84125  peak_slope=1.001e-05  t_peak=75936  comparison cadence=151872  difference=0.14625  below=0/3
t=330721  fraction=0.84125  peak_slope=1.276e-05  t_peak=70940  comparison cadence=141880  difference=0.13750  below=0/3
t=351703  fraction=0.83750  peak_slope=1.426e-05  t_peak=72938  comparison cadence=145877  difference=0.10375  below=0/3
t=246792  fraction=0.77250  peak_slope=1.026e-05  t_peak=77934  comparison cadence=155868  difference=0.41375  below=0/3
t=298748  fraction=0.78750  peak_slope=1.051e-05  t_peak=68942  comparison cadence=137884  difference=0.15250  below=0/3
t=337715  fraction=0.83875  peak_slope=1.276e-05  t_peak=79933  comparison cadence=159865  difference=0.14500  below=0/3
t=352702  fraction=0.85875  peak_slope=1.101e-05  t_peak=62947  comparison cadence=125894  difference=0.08000  below=0/3
t=333718  fraction=0.84125  peak_slope=1.001e-05  t_peak=75936  comparison cadence=151872  difference=0.14500  below=0/3
t=331720  fraction=0.84250  peak_slope=1.276e-05  t_peak=70940  comparison cadence=141880  difference=0.13625  below=0/3
t=352702  fraction=0.83875  peak_slope=1.426e-05  t_peak=72938  comparison cadence=145877  difference=0.10375  below=0/3
t=353702  fraction=0.85875  peak_slope=1.101e-05  t_peak=62947  comparison cadence=125894  difference=0.08000  below=0/3
t=338714  fraction=0.84000  peak_slope=1.276e-05  t_peak=79933  comparison cadence=159865  difference=0.14500  below=0/3
t=299747  fraction=0.78750  peak_slope=1.051e-05  t_peak=68942  comparison cadence=137884  difference=0.15000  below=0/3
t=334718  fraction=0.84125  peak_slope=1.001e-05  t_peak=75936  comparison cadence=151872  difference=0.14375  below=0/3
t=247791  fraction=0.77250  peak_slope=1.026e-05  t_peak=77934  comparison cadence=155868  difference=0.40750  below=0/3
t=353702  fraction=0.83875  peak_slope=1.426e-05  t_peak=72938  comparison cadence=145877  difference=0.10375  below=0/3
t=332719  fraction=0.84250  peak_slope=1.276e-05  t_peak=70940  comparison cadence=141880  difference=0.13625  below=0/3
t=354701  fraction=0.85875  peak_slope=1.101e-05  t_peak=62947  comparison cadence=125894  difference=0.08000  below=0/3
t=339713  fraction=0.84000  peak_slope=1.276e-05  t_peak=79933  comparison cadence=159865  difference=0.14375  below=0/3
t=300746  fraction=0.78750  peak_slope=1.051e-05  t_peak=68942  comparison cadence=137884  difference=0.14625  below=0/3
t=335717  fraction=0.84125  peak_slope=1.001e-05  t_peak=75936  comparison cadence=151872  difference=0.14125  below=0/3
t=354701  fraction=0.84000  peak_slope=1.426e-05  t_peak=72938  comparison cadence=145877  difference=0.10375  below=0/3
t=333718  fraction=0.84250  peak_slope=1.276e-05  t_peak=70940  comparison cadence=141880  difference=0.13500  below=0/3
t=248790  fraction=0.77250  peak_slope=1.026e-05  t_peak=77934  comparison cadence=155868  difference=0.40375  below=0/3
t=355700  fraction=0.85875  peak_slope=1.101e-05  t_peak=62947  comparison cadence=125894  difference=0.07875  below=0/3
t=340712  fraction=0.84000  peak_slope=1.276e-05  t_peak=79933  comparison cadence=159865  difference=0.14375  below=0/3
t=336716  fraction=0.84125  peak_slope=1.001e-05  t_peak=75936  comparison cadence=151872  difference=0.14125  below=0/3
t=301745  fraction=0.78875  peak_slope=1.051e-05  t_peak=68942  comparison cadence=137884  difference=0.14500  below=0/3
t=355700  fraction=0.84000  peak_slope=1.426e-05  t_peak=72938  comparison cadence=145877  difference=0.10375  below=0/3
t=334718  fraction=0.84375  peak_slope=1.276e-05  t_peak=70940  comparison cadence=141880  difference=0.13375  below=0/3
t=356699  fraction=0.85875  peak_slope=1.101e-05  t_peak=62947  comparison cadence=125894  difference=0.07750  below=0/3
t=249789  fraction=0.77250  peak_slope=1.026e-05  t_peak=77934  comparison cadence=155868  difference=0.39500  below=0/3
t=341712  fraction=0.84000  peak_slope=1.276e-05  t_peak=79933  comparison cadence=159865  difference=0.14250  below=0/3
t=337715  fraction=0.84125  peak_slope=1.001e-05  t_peak=75936  comparison cadence=151872  difference=0.13750  below=0/3
t=356699  fraction=0.84000  peak_slope=1.426e-05  t_peak=72938  comparison cadence=145877  difference=0.10250  below=0/3
t=302745  fraction=0.78875  peak_slope=1.051e-05  t_peak=68942  comparison cadence=137884  difference=0.14500  below=0/3
t=335717  fraction=0.84375  peak_slope=1.276e-05  t_peak=70940  comparison cadence=141880  difference=0.13375  below=0/3
t=357698  fraction=0.85875  peak_slope=1.101e-05  t_peak=62947  comparison cadence=125894  difference=0.07625  below=0/3
t=342711  fraction=0.84125  peak_slope=1.276e-05  t_peak=79933  comparison cadence=159865  difference=0.14250  below=0/3
t=338714  fraction=0.84125  peak_slope=1.001e-05  t_peak=75936  comparison cadence=151872  difference=0.13625  below=0/3
t=250788  fraction=0.77250  peak_slope=1.026e-05  t_peak=77934  comparison cadence=155868  difference=0.38500  below=0/3
t=357698  fraction=0.84125  peak_slope=1.426e-05  t_peak=72938  comparison cadence=145877  difference=0.10000  below=0/3
t=303744  fraction=0.78875  peak_slope=1.051e-05  t_peak=68942  comparison cadence=137884  difference=0.14375  below=0/3
t=336716  fraction=0.84375  peak_slope=1.276e-05  t_peak=70940  comparison cadence=141880  difference=0.13250  below=0/3
t=358697  fraction=0.86000  peak_slope=1.101e-05  t_peak=62947  comparison cadence=125894  difference=0.07625  below=0/3
t=343710  fraction=0.84125  peak_slope=1.276e-05  t_peak=79933  comparison cadence=159865  difference=0.14125  below=0/3
t=339713  fraction=0.84250  peak_slope=1.001e-05  t_peak=75936  comparison cadence=151872  difference=0.13500  below=0/3
t=358697  fraction=0.84125  peak_slope=1.426e-05  t_peak=72938  comparison cadence=145877  difference=0.10000  below=0/3
t=304743  fraction=0.78875  peak_slope=1.051e-05  t_peak=68942  comparison cadence=137884  difference=0.14250  below=0/3
t=251788  fraction=0.77375  peak_slope=1.026e-05  t_peak=77934  comparison cadence=155868  difference=0.37375  below=0/3
t=359696  fraction=0.86000  peak_slope=1.101e-05  t_peak=62947  comparison cadence=125894  difference=0.07500  below=0/3
t=337715  fraction=0.84375  peak_slope=1.276e-05  t_peak=70940  comparison cadence=141880  difference=0.13125  below=0/3
t=344709  fraction=0.84125  peak_slope=1.276e-05  t_peak=79933  comparison cadence=159865  difference=0.13750  below=0/3
t=340712  fraction=0.84250  peak_slope=1.001e-05  t_peak=75936  comparison cadence=151872  difference=0.13250  below=0/3
t=359696  fraction=0.84125  peak_slope=1.426e-05  t_peak=72938  comparison cadence=145877  difference=0.10000  below=0/3
t=360696  fraction=0.86000  peak_slope=1.101e-05  t_peak=62947  comparison cadence=125894  difference=0.07125  below=0/3
t=305742  fraction=0.78875  peak_slope=1.051e-05  t_peak=68942  comparison cadence=137884  difference=0.13750  below=0/3
t=338714  fraction=0.84500  peak_slope=1.276e-05  t_peak=70940  comparison cadence=141880  difference=0.13000  below=0/3
t=252787  fraction=0.77375  peak_slope=1.026e-05  t_peak=77934  comparison cadence=155868  difference=0.36875  below=0/3
t=345708  fraction=0.84125  peak_slope=1.276e-05  t_peak=79933  comparison cadence=159865  difference=0.13625  below=0/3
t=341712  fraction=0.84250  peak_slope=1.001e-05  t_peak=75936  comparison cadence=151872  difference=0.13125  below=0/3
t=360696  fraction=0.84125  peak_slope=1.426e-05  t_peak=72938  comparison cadence=145877  difference=0.10000  below=0/3
t=361695  fraction=0.86000  peak_slope=1.101e-05  t_peak=62947  comparison cadence=125894  difference=0.07000  below=0/3
t=306741  fraction=0.78875  peak_slope=1.051e-05  t_peak=68942  comparison cadence=137884  difference=0.13750  below=0/3
t=339713  fraction=0.84500  peak_slope=1.276e-05  t_peak=70940  comparison cadence=141880  difference=0.12875  below=0/3
t=346707  fraction=0.84250  peak_slope=1.276e-05  t_peak=79933  comparison cadence=159865  difference=0.13625  below=0/3
t=342711  fraction=0.84375  peak_slope=1.001e-05  t_peak=75936  comparison cadence=151872  difference=0.13000  below=0/3
t=361695  fraction=0.84250  peak_slope=1.426e-05  t_peak=72938  comparison cadence=145877  difference=0.10000  below=0/3
t=253786  fraction=0.77375  peak_slope=1.026e-05  t_peak=77934  comparison cadence=155868  difference=0.36125  below=0/3
t=362694  fraction=0.86000  peak_slope=1.101e-05  t_peak=62947  comparison cadence=125894  difference=0.06875  below=0/3
t=307740  fraction=0.79125  peak_slope=1.051e-05  t_peak=68942  comparison cadence=137884  difference=0.13875  below=0/3
t=340712  fraction=0.84625  peak_slope=1.276e-05  t_peak=70940  comparison cadence=141880  difference=0.12875  below=0/3
t=343710  fraction=0.84375  peak_slope=1.001e-05  t_peak=75936  comparison cadence=151872  difference=0.12875  below=0/3
t=347707  fraction=0.84375  peak_slope=1.276e-05  t_peak=79933  comparison cadence=159865  difference=0.13500  below=0/3
t=362694  fraction=0.84375  peak_slope=1.426e-05  t_peak=72938  comparison cadence=145877  difference=0.10125  below=0/3
t=363693  fraction=0.86000  peak_slope=1.101e-05  t_peak=62947  comparison cadence=125894  difference=0.06875  below=0/3
t=254785  fraction=0.77375  peak_slope=1.026e-05  t_peak=77934  comparison cadence=155868  difference=0.35625  below=0/3
t=341712  fraction=0.84625  peak_slope=1.276e-05  t_peak=70940  comparison cadence=141880  difference=0.12875  below=0/3
t=308739  fraction=0.79250  peak_slope=1.051e-05  t_peak=68942  comparison cadence=137884  difference=0.13750  below=0/3
t=363693  fraction=0.84375  peak_slope=1.426e-05  t_peak=72938  comparison cadence=145877  difference=0.10125  below=0/3
t=344709  fraction=0.84375  peak_slope=1.001e-05  t_peak=75936  comparison cadence=151872  difference=0.12500  below=0/3
t=348706  fraction=0.84500  peak_slope=1.276e-05  t_peak=79933  comparison cadence=159865  difference=0.13500  below=0/3
t=364692  fraction=0.86000  peak_slope=1.101e-05  t_peak=62947  comparison cadence=125894  difference=0.06750  below=0/3
t=255784  fraction=0.77625  peak_slope=1.026e-05  t_peak=77934  comparison cadence=155868  difference=0.35000  below=0/3
t=342711  fraction=0.84625  peak_slope=1.276e-05  t_peak=70940  comparison cadence=141880  difference=0.12750  below=0/3
t=309739  fraction=0.79250  peak_slope=1.051e-05  t_peak=68942  comparison cadence=137884  difference=0.13500  below=0/3
t=364692  fraction=0.84375  peak_slope=1.426e-05  t_peak=72938  comparison cadence=145877  difference=0.10000  below=0/3
t=345708  fraction=0.84375  peak_slope=1.001e-05  t_peak=75936  comparison cadence=151872  difference=0.12375  below=0/3
t=349705  fraction=0.84500  peak_slope=1.276e-05  t_peak=79933  comparison cadence=159865  difference=0.13500  below=0/3
t=365691  fraction=0.86000  peak_slope=1.101e-05  t_peak=62947  comparison cadence=125894  difference=0.06750  below=0/3
t=343710  fraction=0.84750  peak_slope=1.276e-05  t_peak=70940  comparison cadence=141880  difference=0.12500  below=0/3
t=365691  fraction=0.84500  peak_slope=1.426e-05  t_peak=72938  comparison cadence=145877  difference=0.10000  below=0/3
t=346707  fraction=0.84500  peak_slope=1.001e-05  t_peak=75936  comparison cadence=151872  difference=0.12250  below=0/3
t=310738  fraction=0.79250  peak_slope=1.051e-05  t_peak=68942  comparison cadence=137884  difference=0.13250  below=0/3
t=350704  fraction=0.84500  peak_slope=1.276e-05  t_peak=79933  comparison cadence=159865  difference=0.13500  below=0/3
t=256783  fraction=0.78000  peak_slope=1.026e-05  t_peak=77934  comparison cadence=155868  difference=0.34750  below=0/3
t=366691  fraction=0.86000  peak_slope=1.101e-05  t_peak=62947  comparison cadence=125894  difference=0.06750  below=0/3
t=366691  fraction=0.84625  peak_slope=1.426e-05  t_peak=72938  comparison cadence=145877  difference=0.10125  below=0/3
t=344709  fraction=0.84750  peak_slope=1.276e-05  t_peak=70940  comparison cadence=141880  difference=0.12375  below=0/3
t=347707  fraction=0.84625  peak_slope=1.001e-05  t_peak=75936  comparison cadence=151872  difference=0.12375  below=0/3
t=351703  fraction=0.84500  peak_slope=1.276e-05  t_peak=79933  comparison cadence=159865  difference=0.13500  below=0/3
t=311737  fraction=0.79250  peak_slope=1.051e-05  t_peak=68942  comparison cadence=137884  difference=0.13000  below=0/3
t=367690  fraction=0.86125  peak_slope=1.101e-05  t_peak=62947  comparison cadence=125894  difference=0.06750  below=0/3
t=257782  fraction=0.78000  peak_slope=1.026e-05  t_peak=77934  comparison cadence=155868  difference=0.34375  below=0/3
t=367690  fraction=0.84625  peak_slope=1.426e-05  t_peak=72938  comparison cadence=145877  difference=0.10125  below=0/3
t=348706  fraction=0.84625  peak_slope=1.001e-05  t_peak=75936  comparison cadence=151872  difference=0.12125  below=0/3
t=345708  fraction=0.84875  peak_slope=1.276e-05  t_peak=70940  comparison cadence=141880  difference=0.12500  below=0/3
t=368689  fraction=0.86125  peak_slope=1.101e-05  t_peak=62947  comparison cadence=125894  difference=0.06625  below=0/3
t=352702  fraction=0.84500  peak_slope=1.276e-05  t_peak=79933  comparison cadence=159865  difference=0.13500  below=0/3
t=312736  fraction=0.79375  peak_slope=1.051e-05  t_peak=68942  comparison cadence=137884  difference=0.12750  below=0/3
t=258782  fraction=0.78250  peak_slope=1.026e-05  t_peak=77934  comparison cadence=155868  difference=0.34375  below=0/3
t=368689  fraction=0.84625  peak_slope=1.426e-05  t_peak=72938  comparison cadence=145877  difference=0.10000  below=0/3
t=349705  fraction=0.84625  peak_slope=1.001e-05  t_peak=75936  comparison cadence=151872  difference=0.11875  below=0/3
t=369688  fraction=0.86375  peak_slope=1.101e-05  t_peak=62947  comparison cadence=125894  difference=0.06875  below=0/3
t=346707  fraction=0.84875  peak_slope=1.276e-05  t_peak=70940  comparison cadence=141880  difference=0.12250  below=0/3
t=353702  fraction=0.84500  peak_slope=1.276e-05  t_peak=79933  comparison cadence=159865  difference=0.13375  below=0/3
t=313735  fraction=0.79375  peak_slope=1.051e-05  t_peak=68942  comparison cadence=137884  difference=0.12500  below=0/3
t=369688  fraction=0.84625  peak_slope=1.426e-05  t_peak=72938  comparison cadence=145877  difference=0.10000  below=0/3
t=350704  fraction=0.84625  peak_slope=1.001e-05  t_peak=75936  comparison cadence=151872  difference=0.11500  below=0/3
t=370687  fraction=0.86375  peak_slope=1.101e-05  t_peak=62947  comparison cadence=125894  difference=0.06750  below=0/3
t=347707  fraction=0.84875  peak_slope=1.276e-05  t_peak=70940  comparison cadence=141880  difference=0.12250  below=0/3
t=354701  fraction=0.84500  peak_slope=1.276e-05  t_peak=79933  comparison cadence=159865  difference=0.13250  below=0/3
t=259781  fraction=0.78375  peak_slope=1.026e-05  t_peak=77934  comparison cadence=155868  difference=0.33375  below=0/3
t=314734  fraction=0.79375  peak_slope=1.051e-05  t_peak=68942  comparison cadence=137884  difference=0.12500  below=0/3
t=370687  fraction=0.84625  peak_slope=1.426e-05  t_peak=72938  comparison cadence=145877  difference=0.09750  below=0/3
t=351703  fraction=0.84750  peak_slope=1.001e-05  t_peak=75936  comparison cadence=151872  difference=0.11500  below=0/3
t=371686  fraction=0.86375  peak_slope=1.101e-05  t_peak=62947  comparison cadence=125894  difference=0.06625  below=0/3
t=355700  fraction=0.84500  peak_slope=1.276e-05  t_peak=79933  comparison cadence=159865  difference=0.12875  below=0/3
t=348706  fraction=0.84875  peak_slope=1.276e-05  t_peak=70940  comparison cadence=141880  difference=0.12250  below=0/3
t=260780  fraction=0.78500  peak_slope=1.026e-05  t_peak=77934  comparison cadence=155868  difference=0.32750  below=0/3
t=315734  fraction=0.79500  peak_slope=1.051e-05  t_peak=68942  comparison cadence=137884  difference=0.12625  below=0/3
t=371686  fraction=0.84625  peak_slope=1.426e-05  t_peak=72938  comparison cadence=145877  difference=0.09625  below=0/3
t=372685  fraction=0.86375  peak_slope=1.101e-05  t_peak=62947  comparison cadence=125894  difference=0.06625  below=0/3
t=352702  fraction=0.84750  peak_slope=1.001e-05  t_peak=75936  comparison cadence=151872  difference=0.11500  below=0/3
t=356699  fraction=0.84625  peak_slope=1.276e-05  t_peak=79933  comparison cadence=159865  difference=0.12750  below=0/3
t=349705  fraction=0.84875  peak_slope=1.276e-05  t_peak=70940  comparison cadence=141880  difference=0.12250  below=0/3
t=316733  fraction=0.79500  peak_slope=1.051e-05  t_peak=68942  comparison cadence=137884  difference=0.12250  below=0/3
t=372685  fraction=0.84625  peak_slope=1.426e-05  t_peak=72938  comparison cadence=145877  difference=0.09625  below=0/3
t=261779  fraction=0.78500  peak_slope=1.026e-05  t_peak=77934  comparison cadence=155868  difference=0.31875  below=0/3
t=373685  fraction=0.86375  peak_slope=1.101e-05  t_peak=62947  comparison cadence=125894  difference=0.06625  below=0/3
t=353702  fraction=0.85000  peak_slope=1.001e-05  t_peak=75936  comparison cadence=151872  difference=0.11625  below=0/3
t=357698  fraction=0.84625  peak_slope=1.276e-05  t_peak=79933  comparison cadence=159865  difference=0.12625  below=0/3
t=350704  fraction=0.84875  peak_slope=1.276e-05  t_peak=70940  comparison cadence=141880  difference=0.12000  below=0/3
t=373685  fraction=0.84625  peak_slope=1.426e-05  t_peak=72938  comparison cadence=145877  difference=0.09625  below=0/3
t=317732  fraction=0.79500  peak_slope=1.051e-05  t_peak=68942  comparison cadence=137884  difference=0.12125  below=0/3
t=374684  fraction=0.86375  peak_slope=1.101e-05  t_peak=62947  comparison cadence=125894  difference=0.06500  below=0/3
t=354701  fraction=0.85000  peak_slope=1.001e-05  t_peak=75936  comparison cadence=151872  difference=0.11500  below=0/3
t=262778  fraction=0.78500  peak_slope=1.026e-05  t_peak=77934  comparison cadence=155868  difference=0.31125  below=0/3
t=358697  fraction=0.84625  peak_slope=1.276e-05  t_peak=79933  comparison cadence=159865  difference=0.12500  below=0/3
t=351703  fraction=0.84875  peak_slope=1.276e-05  t_peak=70940  comparison cadence=141880  difference=0.11750  below=0/3
t=374684  fraction=0.84625  peak_slope=1.426e-05  t_peak=72938  comparison cadence=145877  difference=0.09625  below=0/3
t=375683  fraction=0.86375  peak_slope=1.101e-05  t_peak=62947  comparison cadence=125894  difference=0.06500  below=0/3
t=318731  fraction=0.79750  peak_slope=1.051e-05  t_peak=68942  comparison cadence=137884  difference=0.12125  below=0/3
t=355700  fraction=0.85000  peak_slope=1.001e-05  t_peak=75936  comparison cadence=151872  difference=0.11375  below=0/3
t=359696  fraction=0.84625  peak_slope=1.276e-05  t_peak=79933  comparison cadence=159865  difference=0.12375  below=0/3
t=352702  fraction=0.84875  peak_slope=1.276e-05  t_peak=70940  comparison cadence=141880  difference=0.11625  below=0/3
t=263777  fraction=0.78500  peak_slope=1.026e-05  t_peak=77934  comparison cadence=155868  difference=0.30500  below=0/3
t=375683  fraction=0.84750  peak_slope=1.426e-05  t_peak=72938  comparison cadence=145877  difference=0.09625  below=0/3
t=376682  fraction=0.86375  peak_slope=1.101e-05  t_peak=62947  comparison cadence=125894  difference=0.06375  below=0/3
t=319730  fraction=0.79750  peak_slope=1.051e-05  t_peak=68942  comparison cadence=137884  difference=0.11875  below=0/3
t=356699  fraction=0.85000  peak_slope=1.001e-05  t_peak=75936  comparison cadence=151872  difference=0.11375  below=0/3
t=360696  fraction=0.84625  peak_slope=1.276e-05  t_peak=79933  comparison cadence=159865  difference=0.12000  below=0/3
t=353702  fraction=0.84875  peak_slope=1.276e-05  t_peak=70940  comparison cadence=141880  difference=0.11500  below=0/3
t=376682  fraction=0.84750  peak_slope=1.426e-05  t_peak=72938  comparison cadence=145877  difference=0.09625  below=0/3
t=377681  fraction=0.86500  peak_slope=1.101e-05  t_peak=62947  comparison cadence=125894  difference=0.06375  below=0/3
t=264777  fraction=0.78750  peak_slope=1.026e-05  t_peak=77934  comparison cadence=155868  difference=0.30125  below=0/3
t=357698  fraction=0.85000  peak_slope=1.001e-05  t_peak=75936  comparison cadence=151872  difference=0.11000  below=0/3
t=320729  fraction=0.79750  peak_slope=1.051e-05  t_peak=68942  comparison cadence=137884  difference=0.11625  below=0/3
t=361695  fraction=0.84750  peak_slope=1.276e-05  t_peak=79933  comparison cadence=159865  difference=0.11875  below=0/3
t=354701  fraction=0.85000  peak_slope=1.276e-05  t_peak=70940  comparison cadence=141880  difference=0.11625  below=0/3
t=377681  fraction=0.84750  peak_slope=1.426e-05  t_peak=72938  comparison cadence=145877  difference=0.09500  below=0/3
t=378680  fraction=0.86625  peak_slope=1.101e-05  t_peak=62947  comparison cadence=125894  difference=0.06375  below=0/3
t=358697  fraction=0.85000  peak_slope=1.001e-05  t_peak=75936  comparison cadence=151872  difference=0.11000  below=0/3
t=321728  fraction=0.79750  peak_slope=1.051e-05  t_peak=68942  comparison cadence=137884  difference=0.11625  below=0/3
t=265776  fraction=0.78750  peak_slope=1.026e-05  t_peak=77934  comparison cadence=155868  difference=0.29875  below=0/3
t=362694  fraction=0.84750  peak_slope=1.276e-05  t_peak=79933  comparison cadence=159865  difference=0.11875  below=0/3
t=378680  fraction=0.84750  peak_slope=1.426e-05  t_peak=72938  comparison cadence=145877  difference=0.09250  below=0/3
t=355700  fraction=0.85000  peak_slope=1.276e-05  t_peak=70940  comparison cadence=141880  difference=0.11375  below=0/3
t=379680  fraction=0.86750  peak_slope=1.101e-05  t_peak=62947  comparison cadence=125894  difference=0.06375  below=0/3
t=359696  fraction=0.85000  peak_slope=1.001e-05  t_peak=75936  comparison cadence=151872  difference=0.10875  below=0/3
t=322728  fraction=0.79750  peak_slope=1.051e-05  t_peak=68942  comparison cadence=137884  difference=0.11500  below=0/3
t=363693  fraction=0.84875  peak_slope=1.276e-05  t_peak=79933  comparison cadence=159865  difference=0.11875  below=0/3
t=379680  fraction=0.84750  peak_slope=1.426e-05  t_peak=72938  comparison cadence=145877  difference=0.09125  below=0/3
t=380679  fraction=0.86750  peak_slope=1.101e-05  t_peak=62947  comparison cadence=125894  difference=0.06375  below=0/3
t=266775  fraction=0.78875  peak_slope=1.026e-05  t_peak=77934  comparison cadence=155868  difference=0.29125  below=0/3
t=356699  fraction=0.85000  peak_slope=1.276e-05  t_peak=70940  comparison cadence=141880  difference=0.11375  below=0/3
t=360696  fraction=0.85000  peak_slope=1.001e-05  t_peak=75936  comparison cadence=151872  difference=0.10625  below=0/3
t=323727  fraction=0.79750  peak_slope=1.051e-05  t_peak=68942  comparison cadence=137884  difference=0.11375  below=0/3
t=364692  fraction=0.84875  peak_slope=1.276e-05  t_peak=79933  comparison cadence=159865  difference=0.11625  below=0/3
t=380679  fraction=0.84750  peak_slope=1.426e-05  t_peak=72938  comparison cadence=145877  difference=0.09125  below=0/3
t=381678  fraction=0.86750  peak_slope=1.101e-05  t_peak=62947  comparison cadence=125894  difference=0.06250  below=0/3
t=357698  fraction=0.85000  peak_slope=1.276e-05  t_peak=70940  comparison cadence=141880  difference=0.11250  below=0/3
t=361695  fraction=0.85000  peak_slope=1.001e-05  t_peak=75936  comparison cadence=151872  difference=0.10500  below=0/3
t=267774  fraction=0.79000  peak_slope=1.026e-05  t_peak=77934  comparison cadence=155868  difference=0.28750  below=0/3
t=365691  fraction=0.85000  peak_slope=1.276e-05  t_peak=79933  comparison cadence=159865  difference=0.11625  below=0/3
t=324726  fraction=0.80000  peak_slope=1.051e-05  t_peak=68942  comparison cadence=137884  difference=0.11375  below=0/3
t=381678  fraction=0.84750  peak_slope=1.426e-05  t_peak=72938  comparison cadence=145877  difference=0.09125  below=0/3
t=382677  fraction=0.86750  peak_slope=1.101e-05  t_peak=62947  comparison cadence=125894  difference=0.06250  below=0/3
t=358697  fraction=0.85125  peak_slope=1.276e-05  t_peak=70940  comparison cadence=141880  difference=0.11375  below=0/3
t=362694  fraction=0.85250  peak_slope=1.001e-05  t_peak=75936  comparison cadence=151872  difference=0.10625  below=0/3
t=268773  fraction=0.79000  peak_slope=1.026e-05  t_peak=77934  comparison cadence=155868  difference=0.28250  below=0/3
t=366691  fraction=0.85125  peak_slope=1.276e-05  t_peak=79933  comparison cadence=159865  difference=0.11625  below=0/3
t=382677  fraction=0.84875  peak_slope=1.426e-05  t_peak=72938  comparison cadence=145877  difference=0.09250  below=0/3
t=383676  fraction=0.86750  peak_slope=1.101e-05  t_peak=62947  comparison cadence=125894  difference=0.06125  below=0/3
t=325725  fraction=0.80000  peak_slope=1.051e-05  t_peak=68942  comparison cadence=137884  difference=0.11125  below=0/3
t=359696  fraction=0.85125  peak_slope=1.276e-05  t_peak=70940  comparison cadence=141880  difference=0.11125  below=0/3
t=363693  fraction=0.85250  peak_slope=1.001e-05  t_peak=75936  comparison cadence=151872  difference=0.10250  below=0/3
t=384675  fraction=0.86750  peak_slope=1.101e-05  t_peak=62947  comparison cadence=125894  difference=0.06000  below=0/3
t=383676  fraction=0.84875  peak_slope=1.426e-05  t_peak=72938  comparison cadence=145877  difference=0.09125  below=0/3
t=367690  fraction=0.85125  peak_slope=1.276e-05  t_peak=79933  comparison cadence=159865  difference=0.11125  below=0/3
t=326724  fraction=0.80000  peak_slope=1.051e-05  t_peak=68942  comparison cadence=137884  difference=0.11125  below=0/3
t=269772  fraction=0.79000  peak_slope=1.026e-05  t_peak=77934  comparison cadence=155868  difference=0.27375  below=0/3
t=360696  fraction=0.85250  peak_slope=1.276e-05  t_peak=70940  comparison cadence=141880  difference=0.11125  below=0/3
t=364692  fraction=0.85250  peak_slope=1.001e-05  t_peak=75936  comparison cadence=151872  difference=0.10250  below=0/3
t=385675  fraction=0.86750  peak_slope=1.101e-05  t_peak=62947  comparison cadence=125894  difference=0.06000  below=0/3
t=384675  fraction=0.85000  peak_slope=1.426e-05  t_peak=72938  comparison cadence=145877  difference=0.09125  below=0/3
t=368689  fraction=0.85125  peak_slope=1.276e-05  t_peak=79933  comparison cadence=159865  difference=0.11125  below=0/3
t=327723  fraction=0.80250  peak_slope=1.051e-05  t_peak=68942  comparison cadence=137884  difference=0.11375  below=0/3
t=365691  fraction=0.85375  peak_slope=1.001e-05  t_peak=75936  comparison cadence=151872  difference=0.10250  below=0/3
t=361695  fraction=0.85250  peak_slope=1.276e-05  t_peak=70940  comparison cadence=141880  difference=0.11125  below=0/3
t=270771  fraction=0.79000  peak_slope=1.026e-05  t_peak=77934  comparison cadence=155868  difference=0.26875  below=0/3
t=386674  fraction=0.86750  peak_slope=1.101e-05  t_peak=62947  comparison cadence=125894  difference=0.06000  below=0/3
t=385675  fraction=0.85000  peak_slope=1.426e-05  t_peak=72938  comparison cadence=145877  difference=0.09000  below=0/3
t=369688  fraction=0.85125  peak_slope=1.276e-05  t_peak=79933  comparison cadence=159865  difference=0.11000  below=0/3
t=328723  fraction=0.80375  peak_slope=1.051e-05  t_peak=68942  comparison cadence=137884  difference=0.11250  below=0/3
t=366691  fraction=0.85375  peak_slope=1.001e-05  t_peak=75936  comparison cadence=151872  difference=0.10000  below=0/3
t=362694  fraction=0.85375  peak_slope=1.276e-05  t_peak=70940  comparison cadence=141880  difference=0.11125  below=0/3
t=387673  fraction=0.86750  peak_slope=1.101e-05  t_peak=62947  comparison cadence=125894  difference=0.06000  below=0/3
t=386674  fraction=0.85000  peak_slope=1.426e-05  t_peak=72938  comparison cadence=145877  difference=0.08875  below=0/3
t=271771  fraction=0.79000  peak_slope=1.026e-05  t_peak=77934  comparison cadence=155868  difference=0.26500  below=0/3
t=370687  fraction=0.85125  peak_slope=1.276e-05  t_peak=79933  comparison cadence=159865  difference=0.11000  below=0/3
t=367690  fraction=0.85375  peak_slope=1.001e-05  t_peak=75936  comparison cadence=151872  difference=0.09875  below=0/3
t=329722  fraction=0.80500  peak_slope=1.051e-05  t_peak=68942  comparison cadence=137884  difference=0.11375  below=0/3
t=363693  fraction=0.85375  peak_slope=1.276e-05  t_peak=70940  comparison cadence=141880  difference=0.10875  below=0/3
t=388672  fraction=0.86875  peak_slope=1.101e-05  t_peak=62947  comparison cadence=125894  difference=0.06000  below=0/3
t=387673  fraction=0.85000  peak_slope=1.426e-05  t_peak=72938  comparison cadence=145877  difference=0.08750  below=0/3
t=371686  fraction=0.85125  peak_slope=1.276e-05  t_peak=79933  comparison cadence=159865  difference=0.10875  below=0/3
t=272770  fraction=0.79000  peak_slope=1.026e-05  t_peak=77934  comparison cadence=155868  difference=0.25750  below=0/3
t=368689  fraction=0.85375  peak_slope=1.001e-05  t_peak=75936  comparison cadence=151872  difference=0.09500  below=0/3
t=330721  fraction=0.80500  peak_slope=1.051e-05  t_peak=68942  comparison cadence=137884  difference=0.11000  below=0/3
t=364692  fraction=0.85375  peak_slope=1.276e-05  t_peak=70940  comparison cadence=141880  difference=0.10750  below=0/3
t=389671  fraction=0.86875  peak_slope=1.101e-05  t_peak=62947  comparison cadence=125894  difference=0.06000  below=0/3
t=388672  fraction=0.85000  peak_slope=1.426e-05  t_peak=72938  comparison cadence=145877  difference=0.08625  below=0/3
t=372685  fraction=0.85125  peak_slope=1.276e-05  t_peak=79933  comparison cadence=159865  difference=0.10875  below=0/3
t=369688  fraction=0.85375  peak_slope=1.001e-05  t_peak=75936  comparison cadence=151872  difference=0.09375  below=0/3
t=390670  fraction=0.86875  peak_slope=1.101e-05  t_peak=62947  comparison cadence=125894  difference=0.05875  below=0/3
t=331720  fraction=0.80625  peak_slope=1.051e-05  t_peak=68942  comparison cadence=137884  difference=0.11125  below=0/3
t=273769  fraction=0.79000  peak_slope=1.026e-05  t_peak=77934  comparison cadence=155868  difference=0.25625  below=0/3
t=365691  fraction=0.85375  peak_slope=1.276e-05  t_peak=70940  comparison cadence=141880  difference=0.10625  below=0/3
t=389671  fraction=0.85000  peak_slope=1.426e-05  t_peak=72938  comparison cadence=145877  difference=0.08625  below=0/3
t=373685  fraction=0.85250  peak_slope=1.276e-05  t_peak=79933  comparison cadence=159865  difference=0.10875  below=0/3
t=370687  fraction=0.85625  peak_slope=1.001e-05  t_peak=75936  comparison cadence=151872  difference=0.09500  below=0/3
t=391669  fraction=0.86875  peak_slope=1.101e-05  t_peak=62947  comparison cadence=125894  difference=0.05875  below=0/3
t=390670  fraction=0.85000  peak_slope=1.426e-05  t_peak=72938  comparison cadence=145877  difference=0.08250  below=0/3
t=366691  fraction=0.85500  peak_slope=1.276e-05  t_peak=70940  comparison cadence=141880  difference=0.10750  below=0/3
t=332719  fraction=0.80625  peak_slope=1.051e-05  t_peak=68942  comparison cadence=137884  difference=0.10875  below=0/3
t=274768  fraction=0.79125  peak_slope=1.026e-05  t_peak=77934  comparison cadence=155868  difference=0.25500  below=0/3
t=374684  fraction=0.85375  peak_slope=1.276e-05  t_peak=79933  comparison cadence=159865  difference=0.11000  below=0/3
t=371686  fraction=0.85625  peak_slope=1.001e-05  t_peak=75936  comparison cadence=151872  difference=0.09250  below=0/3
t=392669  fraction=0.86875  peak_slope=1.101e-05  t_peak=62947  comparison cadence=125894  difference=0.05875  below=0/3
t=391669  fraction=0.85125  peak_slope=1.426e-05  t_peak=72938  comparison cadence=145877  difference=0.08375  below=0/3
t=367690  fraction=0.85500  peak_slope=1.276e-05  t_peak=70940  comparison cadence=141880  difference=0.10500  below=0/3
t=333718  fraction=0.80625  peak_slope=1.051e-05  t_peak=68942  comparison cadence=137884  difference=0.10625  below=0/3
t=375683  fraction=0.85750  peak_slope=1.276e-05  t_peak=79933  comparison cadence=159865  difference=0.11375  below=0/3
t=372685  fraction=0.85625  peak_slope=1.001e-05  t_peak=75936  comparison cadence=151872  difference=0.09125  below=0/3
t=275767  fraction=0.79125  peak_slope=1.026e-05  t_peak=77934  comparison cadence=155868  difference=0.25250  below=0/3
t=393668  fraction=0.86875  peak_slope=1.101e-05  t_peak=62947  comparison cadence=125894  difference=0.05875  below=0/3
t=392669  fraction=0.85125  peak_slope=1.426e-05  t_peak=72938  comparison cadence=145877  difference=0.08125  below=0/3
t=368689  fraction=0.85500  peak_slope=1.276e-05  t_peak=70940  comparison cadence=141880  difference=0.10500  below=0/3
t=334718  fraction=0.80625  peak_slope=1.051e-05  t_peak=68942  comparison cadence=137884  difference=0.10625  below=0/3
t=376682  fraction=0.85875  peak_slope=1.276e-05  t_peak=79933  comparison cadence=159865  difference=0.11500  below=0/3
t=373685  fraction=0.85625  peak_slope=1.001e-05  t_peak=75936  comparison cadence=151872  difference=0.08875  below=0/3
t=394667  fraction=0.86875  peak_slope=1.101e-05  t_peak=62947  comparison cadence=125894  difference=0.05750  below=0/3
t=393668  fraction=0.85250  peak_slope=1.426e-05  t_peak=72938  comparison cadence=145877  difference=0.08250  below=0/3
t=276766  fraction=0.79125  peak_slope=1.026e-05  t_peak=77934  comparison cadence=155868  difference=0.25000  below=0/3
t=369688  fraction=0.85500  peak_slope=1.276e-05  t_peak=70940  comparison cadence=141880  difference=0.10500  below=0/3
t=335717  fraction=0.80750  peak_slope=1.051e-05  t_peak=68942  comparison cadence=137884  difference=0.10750  below=0/3
t=377681  fraction=0.85875  peak_slope=1.276e-05  t_peak=79933  comparison cadence=159865  difference=0.11375  below=0/3
t=374684  fraction=0.85625  peak_slope=1.001e-05  t_peak=75936  comparison cadence=151872  difference=0.08875  below=0/3
t=395666  fraction=0.86875  peak_slope=1.101e-05  t_peak=62947  comparison cadence=125894  difference=0.05750  below=0/3
t=394667  fraction=0.85375  peak_slope=1.426e-05  t_peak=72938  comparison cadence=145877  difference=0.08250  below=0/3
t=370687  fraction=0.85500  peak_slope=1.276e-05  t_peak=70940  comparison cadence=141880  difference=0.10375  below=0/3
t=277766  fraction=0.79250  peak_slope=1.026e-05  t_peak=77934  comparison cadence=155868  difference=0.24750  below=0/3
t=378680  fraction=0.85875  peak_slope=1.276e-05  t_peak=79933  comparison cadence=159865  difference=0.11125  below=0/3
t=336716  fraction=0.80750  peak_slope=1.051e-05  t_peak=68942  comparison cadence=137884  difference=0.10750  below=0/3
t=375683  fraction=0.85625  peak_slope=1.001e-05  t_peak=75936  comparison cadence=151872  difference=0.08750  below=0/3
t=396665  fraction=0.86875  peak_slope=1.101e-05  t_peak=62947  comparison cadence=125894  difference=0.05750  below=0/3
t=395666  fraction=0.85375  peak_slope=1.426e-05  t_peak=72938  comparison cadence=145877  difference=0.08250  below=0/3
t=371686  fraction=0.85500  peak_slope=1.276e-05  t_peak=70940  comparison cadence=141880  difference=0.10250  below=0/3
t=379680  fraction=0.86000  peak_slope=1.276e-05  t_peak=79933  comparison cadence=159865  difference=0.11250  below=0/3
t=397664  fraction=0.86875  peak_slope=1.101e-05  t_peak=62947  comparison cadence=125894  difference=0.05500  below=0/3
t=337715  fraction=0.80875  peak_slope=1.051e-05  t_peak=68942  comparison cadence=137884  difference=0.10625  below=0/3
t=376682  fraction=0.85875  peak_slope=1.001e-05  t_peak=75936  comparison cadence=151872  difference=0.08875  below=0/3
t=278765  fraction=0.79500  peak_slope=1.026e-05  t_peak=77934  comparison cadence=155868  difference=0.24250  below=0/3
t=396665  fraction=0.85375  peak_slope=1.426e-05  t_peak=72938  comparison cadence=145877  difference=0.08250  below=0/3
t=372685  fraction=0.85500  peak_slope=1.276e-05  t_peak=70940  comparison cadence=141880  difference=0.10250  below=0/3
t=380679  fraction=0.86000  peak_slope=1.276e-05  t_peak=79933  comparison cadence=159865  difference=0.11000  below=0/3
t=398664  fraction=0.86875  peak_slope=1.101e-05  t_peak=62947  comparison cadence=125894  difference=0.05500  below=0/3
t=377681  fraction=0.86000  peak_slope=1.001e-05  t_peak=75936  comparison cadence=151872  difference=0.09000  below=0/3
Saved 104 remaining particles to /scratch/group/p.phy260085.000/Mass_Fraction/Outputs/Ejection_Results/remaining_particles_2099431_3.csv
t=338714  fraction=0.80875  peak_slope=1.051e-05  t_peak=68942  comparison cadence=137884  difference=0.10625  below=0/3
t=397664  fraction=0.85500  peak_slope=1.426e-05  t_peak=72938  comparison cadence=145877  difference=0.08250  below=0/3
t=279764  fraction=0.79500  peak_slope=1.026e-05  t_peak=77934  comparison cadence=155868  difference=0.24250  below=0/3
t=373685  fraction=0.85625  peak_slope=1.276e-05  t_peak=70940  comparison cadence=141880  difference=0.10375  below=0/3
t=381678  fraction=0.86000  peak_slope=1.276e-05  t_peak=79933  comparison cadence=159865  difference=0.10875  below=0/3
t=378680  fraction=0.86000  peak_slope=1.001e-05  t_peak=75936  comparison cadence=151872  difference=0.08750  below=0/3
t=398664  fraction=0.85500  peak_slope=1.426e-05  t_peak=72938  comparison cadence=145877  difference=0.08125  below=0/3
Saved 113 remaining particles to /scratch/group/p.phy260085.000/Mass_Fraction/Outputs/Ejection_Results/remaining_particles_2099431_3.csv
t=339713  fraction=0.80875  peak_slope=1.051e-05  t_peak=68942  comparison cadence=137884  difference=0.10250  below=0/3
t=374684  fraction=0.85625  peak_slope=1.276e-05  t_peak=70940  comparison cadence=141880  difference=0.10250  below=0/3
t=280763  fraction=0.79500  peak_slope=1.026e-05  t_peak=77934  comparison cadence=155868  difference=0.23875  below=0/3
t=382677  fraction=0.86000  peak_slope=1.276e-05  t_peak=79933  comparison cadence=159865  difference=0.10625  below=0/3
t=379680  fraction=0.86000  peak_slope=1.001e-05  t_peak=75936  comparison cadence=151872  difference=0.08750  below=0/3
t=340712  fraction=0.80875  peak_slope=1.051e-05  t_peak=68942  comparison cadence=137884  difference=0.10250  below=0/3
t=375683  fraction=0.85625  peak_slope=1.276e-05  t_peak=70940  comparison cadence=141880  difference=0.10125  below=0/3
t=383676  fraction=0.86125  peak_slope=1.276e-05  t_peak=79933  comparison cadence=159865  difference=0.10625  below=0/3
t=380679  fraction=0.86000  peak_slope=1.001e-05  t_peak=75936  comparison cadence=151872  difference=0.08625  below=0/3
t=281762  fraction=0.79625  peak_slope=1.026e-05  t_peak=77934  comparison cadence=155868  difference=0.24000  below=0/3
t=341712  fraction=0.80875  peak_slope=1.051e-05  t_peak=68942  comparison cadence=137884  difference=0.10250  below=0/3
t=376682  fraction=0.85625  peak_slope=1.276e-05  t_peak=70940  comparison cadence=141880  difference=0.10000  below=0/3
t=384675  fraction=0.86125  peak_slope=1.276e-05  t_peak=79933  comparison cadence=159865  difference=0.10625  below=0/3
t=381678  fraction=0.86000  peak_slope=1.001e-05  t_peak=75936  comparison cadence=151872  difference=0.08500  below=0/3
t=282761  fraction=0.79750  peak_slope=1.026e-05  t_peak=77934  comparison cadence=155868  difference=0.23750  below=0/3
t=342711  fraction=0.80875  peak_slope=1.051e-05  t_peak=68942  comparison cadence=137884  difference=0.10250  below=0/3
t=382677  fraction=0.86000  peak_slope=1.001e-05  t_peak=75936  comparison cadence=151872  difference=0.08500  below=0/3
t=377681  fraction=0.85875  peak_slope=1.276e-05  t_peak=70940  comparison cadence=141880  difference=0.10250  below=0/3
t=385675  fraction=0.86250  peak_slope=1.276e-05  t_peak=79933  comparison cadence=159865  difference=0.10750  below=0/3
t=343710  fraction=0.80875  peak_slope=1.051e-05  t_peak=68942  comparison cadence=137884  difference=0.10125  below=0/3
t=283761  fraction=0.79750  peak_slope=1.026e-05  t_peak=77934  comparison cadence=155868  difference=0.23000  below=0/3
t=383676  fraction=0.86000  peak_slope=1.001e-05  t_peak=75936  comparison cadence=151872  difference=0.08375  below=0/3
t=386674  fraction=0.86250  peak_slope=1.276e-05  t_peak=79933  comparison cadence=159865  difference=0.10750  below=0/3
t=378680  fraction=0.85875  peak_slope=1.276e-05  t_peak=70940  comparison cadence=141880  difference=0.10250  below=0/3
t=344709  fraction=0.80875  peak_slope=1.051e-05  t_peak=68942  comparison cadence=137884  difference=0.09875  below=0/3
t=384675  fraction=0.86000  peak_slope=1.001e-05  t_peak=75936  comparison cadence=151872  difference=0.08375  below=0/3
t=387673  fraction=0.86250  peak_slope=1.276e-05  t_peak=79933  comparison cadence=159865  difference=0.10500  below=0/3
t=379680  fraction=0.86000  peak_slope=1.276e-05  t_peak=70940  comparison cadence=141880  difference=0.10250  below=0/3
t=284760  fraction=0.79875  peak_slope=1.026e-05  t_peak=77934  comparison cadence=155868  difference=0.22625  below=0/3
t=345708  fraction=0.80875  peak_slope=1.051e-05  t_peak=68942  comparison cadence=137884  difference=0.09625  below=0/3
t=385675  fraction=0.86000  peak_slope=1.001e-05  t_peak=75936  comparison cadence=151872  difference=0.08250  below=0/3
t=388672  fraction=0.86375  peak_slope=1.276e-05  t_peak=79933  comparison cadence=159865  difference=0.10500  below=0/3
t=380679  fraction=0.86000  peak_slope=1.276e-05  t_peak=70940  comparison cadence=141880  difference=0.10250  below=0/3
t=285759  fraction=0.80000  peak_slope=1.026e-05  t_peak=77934  comparison cadence=155868  difference=0.22250  below=0/3
t=386674  fraction=0.86125  peak_slope=1.001e-05  t_peak=75936  comparison cadence=151872  difference=0.08375  below=0/3
t=346707  fraction=0.81000  peak_slope=1.051e-05  t_peak=68942  comparison cadence=137884  difference=0.09750  below=0/3
t=389671  fraction=0.86375  peak_slope=1.276e-05  t_peak=79933  comparison cadence=159865  difference=0.10375  below=0/3
t=381678  fraction=0.86000  peak_slope=1.276e-05  t_peak=70940  comparison cadence=141880  difference=0.10125  below=0/3
t=387673  fraction=0.86125  peak_slope=1.001e-05  t_peak=75936  comparison cadence=151872  difference=0.08250  below=0/3
t=286758  fraction=0.80125  peak_slope=1.026e-05  t_peak=77934  comparison cadence=155868  difference=0.22125  below=0/3
t=390670  fraction=0.86375  peak_slope=1.276e-05  t_peak=79933  comparison cadence=159865  difference=0.10375  below=0/3
t=347707  fraction=0.81000  peak_slope=1.051e-05  t_peak=68942  comparison cadence=137884  difference=0.09750  below=0/3
t=382677  fraction=0.86000  peak_slope=1.276e-05  t_peak=70940  comparison cadence=141880  difference=0.10000  below=0/3
t=388672  fraction=0.86125  peak_slope=1.001e-05  t_peak=75936  comparison cadence=151872  difference=0.08250  below=0/3
t=391669  fraction=0.86375  peak_slope=1.276e-05  t_peak=79933  comparison cadence=159865  difference=0.10250  below=0/3
t=348706  fraction=0.81000  peak_slope=1.051e-05  t_peak=68942  comparison cadence=137884  difference=0.09625  below=0/3
t=383676  fraction=0.86000  peak_slope=1.276e-05  t_peak=70940  comparison cadence=141880  difference=0.10000  below=0/3
t=287757  fraction=0.80125  peak_slope=1.026e-05  t_peak=77934  comparison cadence=155868  difference=0.21375  below=0/3
t=389671  fraction=0.86125  peak_slope=1.001e-05  t_peak=75936  comparison cadence=151872  difference=0.08250  below=0/3
t=392669  fraction=0.86375  peak_slope=1.276e-05  t_peak=79933  comparison cadence=159865  difference=0.10125  below=0/3
t=384675  fraction=0.86000  peak_slope=1.276e-05  t_peak=70940  comparison cadence=141880  difference=0.09750  below=0/3
t=349705  fraction=0.81000  peak_slope=1.051e-05  t_peak=68942  comparison cadence=137884  difference=0.09625  below=0/3
t=288756  fraction=0.80250  peak_slope=1.026e-05  t_peak=77934  comparison cadence=155868  difference=0.21125  below=0/3
t=390670  fraction=0.86125  peak_slope=1.001e-05  t_peak=75936  comparison cadence=151872  difference=0.08000  below=0/3
t=393668  fraction=0.86375  peak_slope=1.276e-05  t_peak=79933  comparison cadence=159865  difference=0.10000  below=0/3
t=385675  fraction=0.86125  peak_slope=1.276e-05  t_peak=70940  comparison cadence=141880  difference=0.09875  below=0/3
t=350704  fraction=0.81000  peak_slope=1.051e-05  t_peak=68942  comparison cadence=137884  difference=0.09625  below=0/3
t=391669  fraction=0.86125  peak_slope=1.001e-05  t_peak=75936  comparison cadence=151872  difference=0.07875  below=0/3
t=289755  fraction=0.80250  peak_slope=1.026e-05  t_peak=77934  comparison cadence=155868  difference=0.21125  below=0/3
t=394667  fraction=0.86375  peak_slope=1.276e-05  t_peak=79933  comparison cadence=159865  difference=0.09750  below=0/3
t=386674  fraction=0.86125  peak_slope=1.276e-05  t_peak=70940  comparison cadence=141880  difference=0.09875  below=0/3
t=351703  fraction=0.81000  peak_slope=1.051e-05  t_peak=68942  comparison cadence=137884  difference=0.09375  below=0/3
t=392669  fraction=0.86125  peak_slope=1.001e-05  t_peak=75936  comparison cadence=151872  difference=0.07875  below=0/3
t=395666  fraction=0.86375  peak_slope=1.276e-05  t_peak=79933  comparison cadence=159865  difference=0.09750  below=0/3
t=290755  fraction=0.80375  peak_slope=1.026e-05  t_peak=77934  comparison cadence=155868  difference=0.21000  below=0/3
t=387673  fraction=0.86125  peak_slope=1.276e-05  t_peak=70940  comparison cadence=141880  difference=0.09875  below=0/3
t=352702  fraction=0.81125  peak_slope=1.051e-05  t_peak=68942  comparison cadence=137884  difference=0.09500  below=0/3
t=393668  fraction=0.86125  peak_slope=1.001e-05  t_peak=75936  comparison cadence=151872  difference=0.07625  below=0/3
t=396665  fraction=0.86375  peak_slope=1.276e-05  t_peak=79933  comparison cadence=159865  difference=0.09750  below=0/3
t=388672  fraction=0.86250  peak_slope=1.276e-05  t_peak=70940  comparison cadence=141880  difference=0.09875  below=0/3
t=291754  fraction=0.80375  peak_slope=1.026e-05  t_peak=77934  comparison cadence=155868  difference=0.20625  below=0/3
t=353702  fraction=0.81125  peak_slope=1.051e-05  t_peak=68942  comparison cadence=137884  difference=0.09500  below=0/3
t=394667  fraction=0.86125  peak_slope=1.001e-05  t_peak=75936  comparison cadence=151872  difference=0.07375  below=0/3
t=397664  fraction=0.86375  peak_slope=1.276e-05  t_peak=79933  comparison cadence=159865  difference=0.09250  below=0/3
t=389671  fraction=0.86250  peak_slope=1.276e-05  t_peak=70940  comparison cadence=141880  difference=0.09750  below=0/3
t=395666  fraction=0.86125  peak_slope=1.001e-05  t_peak=75936  comparison cadence=151872  difference=0.07250  below=0/3
t=354701  fraction=0.81125  peak_slope=1.051e-05  t_peak=68942  comparison cadence=137884  difference=0.09500  below=0/3
t=292753  fraction=0.80375  peak_slope=1.026e-05  t_peak=77934  comparison cadence=155868  difference=0.20375  below=0/3
t=398664  fraction=0.86375  peak_slope=1.276e-05  t_peak=79933  comparison cadence=159865  difference=0.09000  below=0/3
Saved 107 remaining particles to /scratch/group/p.phy260085.000/Mass_Fraction/Outputs/Ejection_Results/remaining_particles_2099431_3.csv
t=390670  fraction=0.86250  peak_slope=1.276e-05  t_peak=70940  comparison cadence=141880  difference=0.09750  below=0/3
t=396665  fraction=0.86125  peak_slope=1.001e-05  t_peak=75936  comparison cadence=151872  difference=0.07250  below=0/3
t=355700  fraction=0.81125  peak_slope=1.051e-05  t_peak=68942  comparison cadence=137884  difference=0.09250  below=0/3
t=293752  fraction=0.80375  peak_slope=1.026e-05  t_peak=77934  comparison cadence=155868  difference=0.20125  below=0/3
t=391669  fraction=0.86625  peak_slope=1.276e-05  t_peak=70940  comparison cadence=141880  difference=0.09875  below=0/3
t=397664  fraction=0.86125  peak_slope=1.001e-05  t_peak=75936  comparison cadence=151872  difference=0.07125  below=0/3
t=356699  fraction=0.81125  peak_slope=1.051e-05  t_peak=68942  comparison cadence=137884  difference=0.09125  below=0/3
t=392669  fraction=0.86625  peak_slope=1.276e-05  t_peak=70940  comparison cadence=141880  difference=0.09875  below=0/3
t=294751  fraction=0.80375  peak_slope=1.026e-05  t_peak=77934  comparison cadence=155868  difference=0.19500  below=0/3
t=398664  fraction=0.86125  peak_slope=1.001e-05  t_peak=75936  comparison cadence=151872  difference=0.07125  below=0/3
Saved 107 remaining particles to /scratch/group/p.phy260085.000/Mass_Fraction/Outputs/Ejection_Results/remaining_particles_2099431_3.csv
t=357698  fraction=0.81250  peak_slope=1.051e-05  t_peak=68942  comparison cadence=137884  difference=0.09125  below=0/3
t=393668  fraction=0.86625  peak_slope=1.276e-05  t_peak=70940  comparison cadence=141880  difference=0.09500  below=0/3
t=295750  fraction=0.80375  peak_slope=1.026e-05  t_peak=77934  comparison cadence=155868  difference=0.18875  below=0/3
t=358697  fraction=0.81375  peak_slope=1.051e-05  t_peak=68942  comparison cadence=137884  difference=0.09000  below=0/3
t=394667  fraction=0.86625  peak_slope=1.276e-05  t_peak=70940  comparison cadence=141880  difference=0.09500  below=0/3
t=359696  fraction=0.81375  peak_slope=1.051e-05  t_peak=68942  comparison cadence=137884  difference=0.08875  below=0/3
t=296750  fraction=0.80375  peak_slope=1.026e-05  t_peak=77934  comparison cadence=155868  difference=0.18500  below=0/3
t=395666  fraction=0.86625  peak_slope=1.276e-05  t_peak=70940  comparison cadence=141880  difference=0.09250  below=0/3
t=360696  fraction=0.81375  peak_slope=1.051e-05  t_peak=68942  comparison cadence=137884  difference=0.08750  below=0/3
t=297749  fraction=0.80375  peak_slope=1.026e-05  t_peak=77934  comparison cadence=155868  difference=0.18125  below=0/3
t=396665  fraction=0.86625  peak_slope=1.276e-05  t_peak=70940  comparison cadence=141880  difference=0.09000  below=0/3
t=361695  fraction=0.81375  peak_slope=1.051e-05  t_peak=68942  comparison cadence=137884  difference=0.08625  below=0/3
t=397664  fraction=0.86625  peak_slope=1.276e-05  t_peak=70940  comparison cadence=141880  difference=0.08875  below=0/3
t=298748  fraction=0.80375  peak_slope=1.026e-05  t_peak=77934  comparison cadence=155868  difference=0.17875  below=0/3
t=362694  fraction=0.81375  peak_slope=1.051e-05  t_peak=68942  comparison cadence=137884  difference=0.08625  below=0/3
t=398664  fraction=0.86625  peak_slope=1.276e-05  t_peak=70940  comparison cadence=141880  difference=0.08875  below=0/3
Saved 105 remaining particles to /scratch/group/p.phy260085.000/Mass_Fraction/Outputs/Ejection_Results/remaining_particles_2099431_3.csv
t=299747  fraction=0.80375  peak_slope=1.026e-05  t_peak=77934  comparison cadence=155868  difference=0.17625  below=0/3
t=363693  fraction=0.81500  peak_slope=1.051e-05  t_peak=68942  comparison cadence=137884  difference=0.08375  below=0/3
t=300746  fraction=0.80375  peak_slope=1.026e-05  t_peak=77934  comparison cadence=155868  difference=0.17500  below=0/3
t=364692  fraction=0.81500  peak_slope=1.051e-05  t_peak=68942  comparison cadence=137884  difference=0.08375  below=0/3
t=365691  fraction=0.81500  peak_slope=1.051e-05  t_peak=68942  comparison cadence=137884  difference=0.08375  below=0/3
t=301745  fraction=0.80375  peak_slope=1.026e-05  t_peak=77934  comparison cadence=155868  difference=0.17500  below=0/3
t=366691  fraction=0.81625  peak_slope=1.051e-05  t_peak=68942  comparison cadence=137884  difference=0.08375  below=0/3
t=302745  fraction=0.80375  peak_slope=1.026e-05  t_peak=77934  comparison cadence=155868  difference=0.17250  below=0/3
t=367690  fraction=0.81625  peak_slope=1.051e-05  t_peak=68942  comparison cadence=137884  difference=0.08250  below=0/3
t=303744  fraction=0.80375  peak_slope=1.026e-05  t_peak=77934  comparison cadence=155868  difference=0.16875  below=0/3
t=368689  fraction=0.81625  peak_slope=1.051e-05  t_peak=68942  comparison cadence=137884  difference=0.08250  below=0/3
t=304743  fraction=0.80500  peak_slope=1.026e-05  t_peak=77934  comparison cadence=155868  difference=0.16750  below=0/3
t=369688  fraction=0.81625  peak_slope=1.051e-05  t_peak=68942  comparison cadence=137884  difference=0.08000  below=0/3
t=305742  fraction=0.80500  peak_slope=1.026e-05  t_peak=77934  comparison cadence=155868  difference=0.16250  below=0/3
t=370687  fraction=0.81625  peak_slope=1.051e-05  t_peak=68942  comparison cadence=137884  difference=0.07750  below=0/3
t=371686  fraction=0.81750  peak_slope=1.051e-05  t_peak=68942  comparison cadence=137884  difference=0.07875  below=0/3
t=306741  fraction=0.80500  peak_slope=1.026e-05  t_peak=77934  comparison cadence=155868  difference=0.16125  below=0/3
t=372685  fraction=0.81750  peak_slope=1.051e-05  t_peak=68942  comparison cadence=137884  difference=0.07750  below=0/3
t=307740  fraction=0.80500  peak_slope=1.026e-05  t_peak=77934  comparison cadence=155868  difference=0.16125  below=0/3
t=373685  fraction=0.81750  peak_slope=1.051e-05  t_peak=68942  comparison cadence=137884  difference=0.07625  below=0/3
t=308739  fraction=0.80625  peak_slope=1.026e-05  t_peak=77934  comparison cadence=155868  difference=0.16250  below=0/3
t=374684  fraction=0.81750  peak_slope=1.051e-05  t_peak=68942  comparison cadence=137884  difference=0.07500  below=0/3
t=309739  fraction=0.80625  peak_slope=1.026e-05  t_peak=77934  comparison cadence=155868  difference=0.16250  below=0/3
t=375683  fraction=0.81750  peak_slope=1.051e-05  t_peak=68942  comparison cadence=137884  difference=0.07375  below=0/3
t=376682  fraction=0.81750  peak_slope=1.051e-05  t_peak=68942  comparison cadence=137884  difference=0.07125  below=0/3
t=310738  fraction=0.80625  peak_slope=1.026e-05  t_peak=77934  comparison cadence=155868  difference=0.16000  below=0/3
t=377681  fraction=0.81750  peak_slope=1.051e-05  t_peak=68942  comparison cadence=137884  difference=0.07000  below=0/3
t=311737  fraction=0.80625  peak_slope=1.026e-05  t_peak=77934  comparison cadence=155868  difference=0.15625  below=0/3
t=378680  fraction=0.81750  peak_slope=1.051e-05  t_peak=68942  comparison cadence=137884  difference=0.07000  below=0/3
t=312736  fraction=0.80625  peak_slope=1.026e-05  t_peak=77934  comparison cadence=155868  difference=0.15500  below=0/3
t=379680  fraction=0.81875  peak_slope=1.051e-05  t_peak=68942  comparison cadence=137884  difference=0.07125  below=0/3
t=313735  fraction=0.80750  peak_slope=1.026e-05  t_peak=77934  comparison cadence=155868  difference=0.15250  below=0/3
t=380679  fraction=0.81875  peak_slope=1.051e-05  t_peak=68942  comparison cadence=137884  difference=0.07000  below=0/3
t=314734  fraction=0.80750  peak_slope=1.026e-05  t_peak=77934  comparison cadence=155868  difference=0.15000  below=0/3
t=381678  fraction=0.81875  peak_slope=1.051e-05  t_peak=68942  comparison cadence=137884  difference=0.06875  below=0/3
t=382677  fraction=0.81875  peak_slope=1.051e-05  t_peak=68942  comparison cadence=137884  difference=0.06875  below=0/3
t=315734  fraction=0.80750  peak_slope=1.026e-05  t_peak=77934  comparison cadence=155868  difference=0.14625  below=0/3
t=383676  fraction=0.82000  peak_slope=1.051e-05  t_peak=68942  comparison cadence=137884  difference=0.07000  below=0/3
t=316733  fraction=0.80750  peak_slope=1.026e-05  t_peak=77934  comparison cadence=155868  difference=0.13875  below=0/3
t=384675  fraction=0.82000  peak_slope=1.051e-05  t_peak=68942  comparison cadence=137884  difference=0.06875  below=0/3
t=317732  fraction=0.80750  peak_slope=1.026e-05  t_peak=77934  comparison cadence=155868  difference=0.13875  below=0/3
t=385675  fraction=0.82000  peak_slope=1.051e-05  t_peak=68942  comparison cadence=137884  difference=0.06875  below=0/3
t=318731  fraction=0.80750  peak_slope=1.026e-05  t_peak=77934  comparison cadence=155868  difference=0.13500  below=0/3
t=386674  fraction=0.82000  peak_slope=1.051e-05  t_peak=68942  comparison cadence=137884  difference=0.06750  below=0/3
t=319730  fraction=0.80875  peak_slope=1.026e-05  t_peak=77934  comparison cadence=155868  difference=0.13625  below=0/3
t=387673  fraction=0.82000  peak_slope=1.051e-05  t_peak=68942  comparison cadence=137884  difference=0.06500  below=0/3
t=388672  fraction=0.82000  peak_slope=1.051e-05  t_peak=68942  comparison cadence=137884  difference=0.06500  below=0/3
t=320729  fraction=0.80875  peak_slope=1.026e-05  t_peak=77934  comparison cadence=155868  difference=0.13250  below=0/3
t=389671  fraction=0.82125  peak_slope=1.051e-05  t_peak=68942  comparison cadence=137884  difference=0.06625  below=0/3
t=321728  fraction=0.80875  peak_slope=1.026e-05  t_peak=77934  comparison cadence=155868  difference=0.13000  below=0/3
t=390670  fraction=0.82125  peak_slope=1.051e-05  t_peak=68942  comparison cadence=137884  difference=0.06625  below=0/3
t=322728  fraction=0.80875  peak_slope=1.026e-05  t_peak=77934  comparison cadence=155868  difference=0.12875  below=0/3
t=391669  fraction=0.82250  peak_slope=1.051e-05  t_peak=68942  comparison cadence=137884  difference=0.06750  below=0/3
t=323727  fraction=0.80875  peak_slope=1.026e-05  t_peak=77934  comparison cadence=155868  difference=0.12750  below=0/3
t=392669  fraction=0.82250  peak_slope=1.051e-05  t_peak=68942  comparison cadence=137884  difference=0.06750  below=0/3
t=324726  fraction=0.80875  peak_slope=1.026e-05  t_peak=77934  comparison cadence=155868  difference=0.12375  below=0/3
t=393668  fraction=0.82250  peak_slope=1.051e-05  t_peak=68942  comparison cadence=137884  difference=0.06750  below=0/3
t=394667  fraction=0.82250  peak_slope=1.051e-05  t_peak=68942  comparison cadence=137884  difference=0.06625  below=0/3
t=325725  fraction=0.81000  peak_slope=1.026e-05  t_peak=77934  comparison cadence=155868  difference=0.12500  below=0/3
t=395666  fraction=0.82375  peak_slope=1.051e-05  t_peak=68942  comparison cadence=137884  difference=0.06625  below=0/3
t=326724  fraction=0.81000  peak_slope=1.026e-05  t_peak=77934  comparison cadence=155868  difference=0.12500  below=0/3
t=396665  fraction=0.82500  peak_slope=1.051e-05  t_peak=68942  comparison cadence=137884  difference=0.06500  below=0/3
t=327723  fraction=0.81125  peak_slope=1.026e-05  t_peak=77934  comparison cadence=155868  difference=0.12500  below=0/3
t=397664  fraction=0.82500  peak_slope=1.051e-05  t_peak=68942  comparison cadence=137884  difference=0.06375  below=0/3
t=328723  fraction=0.81250  peak_slope=1.026e-05  t_peak=77934  comparison cadence=155868  difference=0.12500  below=0/3
t=398664  fraction=0.82500  peak_slope=1.051e-05  t_peak=68942  comparison cadence=137884  difference=0.06250  below=0/3
Saved 131 remaining particles to /scratch/group/p.phy260085.000/Mass_Fraction/Outputs/Ejection_Results/remaining_particles_2099431_3.csv
t=329722  fraction=0.81250  peak_slope=1.026e-05  t_peak=77934  comparison cadence=155868  difference=0.12375  below=0/3
t=330721  fraction=0.81250  peak_slope=1.026e-05  t_peak=77934  comparison cadence=155868  difference=0.12250  below=0/3
t=331720  fraction=0.81250  peak_slope=1.026e-05  t_peak=77934  comparison cadence=155868  difference=0.12125  below=0/3
t=332719  fraction=0.81250  peak_slope=1.026e-05  t_peak=77934  comparison cadence=155868  difference=0.11875  below=0/3
t=333718  fraction=0.81250  peak_slope=1.026e-05  t_peak=77934  comparison cadence=155868  difference=0.11875  below=0/3
t=334718  fraction=0.81375  peak_slope=1.026e-05  t_peak=77934  comparison cadence=155868  difference=0.12000  below=0/3
t=335717  fraction=0.81375  peak_slope=1.026e-05  t_peak=77934  comparison cadence=155868  difference=0.11625  below=0/3
t=336716  fraction=0.81500  peak_slope=1.026e-05  t_peak=77934  comparison cadence=155868  difference=0.11625  below=0/3
t=337715  fraction=0.81625  peak_slope=1.026e-05  t_peak=77934  comparison cadence=155868  difference=0.11500  below=0/3
