==========================================
Mass Fraction MPI Run
==========================================
Date:               Sun Sep 13 05:07:34 CDT 2026
Host:               ac046
Array job ID:       2117473
Array task ID:      3
MPI ranks:          4
CPUs per task:      1
Nodes allocated:    1
Python:             /scratch/user/u.hm357857/.conda/envs/comets/bin/python
Conda environment:  /scratch/user/u.hm357857/.conda/envs/comets
==========================================

1.3274320642577397
1.3202737211853623
1.0339037394389634
1.0342690444698415
0.6782777543833916
1.2251707785655115
1.0530782318763294
0.7910001236221507
1.3218911646787814
1.083233276865197
1.2388038329545332
1.2952162987361213
1.056153864255355
1.3244588811140223
0.9333571890781609
1.009130456537163
0.6824029175038212
0.7632648479450541
1.0282571628125883
1.2829289702671762
0.79363679179225
1.2521822733407828
1.2277657598128933
0.8049409233474967
1.117411468378424
1.3355519799227324
1.3058149905185095
0.6784937583943966
0.9477498125192376
0.7319850810835598
0.9470644528895241
0.7103759001827838
1.1416390555201414
1.233711834319479
1.2206277593894013
0.6852302287571206
1.2105312249117124
1.1660636828675905
1.13169126016044
1.243215963469694
0.8124757630430592
0.6503268890272078
0.6424300249724296
1.3174701922603202
0.9606512823660414
1.0685088703414398
1.2757641875029258
0.6650795814723793
1.1013645941212924
0.7500921266096459
0.8447317344962918
1.3001826566314176
1.0489641047377969
0.9423287948239871
0.6988903159119957
0.8634530897286183
0.752834760960857
1.0345145075074247
0.8921547424019632
1.1020522205264198
1.0767748836307036
0.9358591272469838
0.9653495892770307
1.015794586860727
1.066011947574354
1.248922499414546
1.0915783319809418
0.8751239873840008
1.1614695108008661
1.0999391684799986
0.6659104469940954
1.0175764249790522
0.7730141044106402
1.2953046825484733
0.6421832635971305
1.0691854948532704
0.6429395336854895
1.297243568865781
1.0407545321362817
0.8984986906866769
1.217788112557924
1.1906116451101334
1.3362790354714604
1.0107725652583515
1.2439235450333845
1.1926758127144221
0.7746314485528523
1.3237675440059744
0.8199799831673504
0.8949569189501879
1.1318477226249621
1.0542668195129996
0.8699602836710586
1.2970921418527377
1.1219769443645125
0.6368349205741222
1.1882082411768697
1.3196023772387941
1.3424489743546701
0.8581973642420129
0.6618866653404717
0.8317756267197705
0.6643737278186475
0.8235474324743586
1.0653458792793704
1.2844516288750718
1.3549292888908901
0.891436082722914
1.1127836360764058
1.3657415844616683
1.0364779860982771
1.1280740467964354
0.6510153855421573
0.9787826012559449
0.8283677282081763
1.3254239276483808
0.8895220979781713
1.0707427980232676
1.0222804033948723
0.6660498233803758
1.3083715006630907
0.7486466544316677
0.7897658627143092
1.2084442922950267
1.2439183959109026
0.8923125314352267
0.8192359167048211
0.9174665400935823
0.9152764846312129
1.1053773549719075
0.7195215307066173
1.122478406331357
1.3567323650766379
0.9858833744493918
0.9619674222090245
1.058880657086384
1.2092924019138542
1.1314906511948928
1.1297502214085275
0.7957173710087566
1.040883928695577
1.252394220857057
0.6357701178695199
1.2163246219951844
0.997694192848215
1.2439436991051571
0.8217480653377127
1.02952232431813
1.1475551293674544
1.2217322095576444
0.7630531885736588
1.129158767063268
1.0092242369360829
0.631970739651881
1.3264835243734319
1.2806210139332554
1.362596204074424
1.053209885827092
1.1167646602197423
1.3140337074605228
0.9911426724202119
1.19079019018239
0.9604606166133323
0.6931106232623224
1.3298248752228385
1.3004166322240662
0.6795883665497119
1.0134870772806506
1.249541902478125
0.7294958964183894
1.1698200498246818
1.1234986322067788
1.315302181718828
0.6418154678697643
0.9434930027309816
0.9861954799194159
0.6895944497666593
0.8511254555621787
1.0257546002707623
1.0150221451879615
1.0439274660866682
0.9596130070213518
1.0315928044815321
1.1792984338197667
1.1885089740275743
1.1225317553742538
0.9871898975942688
0.918102918889477
0.9101741550071538
1.0541835909834727
0.64563464887181
1.0121284344501738
1.0316890764242954
0.9836877588474569
1.205843525599321
0.6920180554859268
0.8620222545033158
1.0923249625602718
1.1555128323159152
0.7781706954394186
0.8937311122758695
0.6342382323350307
0.9489488735019229
1.3284581679896892
0.6883479097179733
1.189151714182777
1.2625823178454199
0.8888368137943721
0.6462505474596079
1.2282392474405956
1.1626781641994894
1.273441658378533
1.2155618614125872
0.7605378000753709
1.3431233388826496
1.231608180376356
0.8417781213134585
1.2721029554730239
0.99656989669209
1.3045857761532518
0.8717310066530364
1.205730754304235
0.7909380434244815
1.3316655772983912
1.2371808278146932
0.683040418201824
1.0633295950089987
1.0468379219770367
1.308181508402635
1.226372816782363
1.3353542512216339
1.3399267541682671
0.8491812241517658
1.1975140030928102
0.7906217073329119
0.894033979414274
1.1295146563684662
1.2266910949530003
0.7589045625240621
1.3565569239117319
1.1750852864849544
0.7183744726827459
1.1258434244375766
1.292113356676728
1.0941021034966176
0.7114363728406526
0.658166577529029
0.976152870469866
0.6546005255308246
0.798297845813984
1.2291464055093237
1.3644783958810431
1.3640947519644113
0.770332517973507
1.1540949915826457
1.3134167935217533
1.3709891048340066
1.0322364761929457
0.9390168801368532
0.846924514758836
0.8131974213291824
1.1093865106778527
0.9980588109138064
1.2965254095856849
1.213859912516292
0.7407016600975398
1.0563101147314398
0.8308999508580859
0.9868535312958135
1.1696869996069794
1.1888754961081982
0.7036267351505826
0.7601666048405585
0.7761806293297612
0.9489730527158321
1.1191972217928767
0.9729796225622966
1.3632326724942976
1.283409313363791
0.8903566917024247
0.8992851710980081
1.318253850959005
1.3306551408444476
1.2863099966895217
1.1722280987333358
0.9334758760492186
1.2768243062676214
1.1766301079579926
0.8761174242132241
1.286834378884289
0.7420270375302025
1.3186502716553001
0.9408562157068552
1.0355892161576812
1.1049566755129112
1.363494846971311
1.3476474649505055
1.2224871893022187
1.3040270628569726
1.2230040739791392
1.2797406657554922
1.3509555668489655
1.2435998127335066
1.3092376142412205
1.2021078394282725
1.102918373535807
0.6522687581008183
1.244325081344418
0.6605120366193189
0.6504562620097303
1.114578357273163
0.8918582849428793
0.6381067493584592
1.2087682172854155
1.2023705539376477
0.9353808230550089
0.7751767680752036
1.3231585789036238
1.196755001884158
0.7669917571522163
1.1239976508653617
0.8876029528116061
0.7202163740900456
1.0280932855878486
1.264489156262615
0.7983329989685428
0.9609329134530853
0.8943203260149063
0.7805663621210503
1.0489300659375127
0.9956306238231655
0.9341978767210174
0.97228017343827
0.8432816908342585
0.6794571197342062
0.7662218747228369
1.1901709985295912
0.6465520046993407
1.1989578433545898
0.7363107275270756
0.8139276175787801
1.0627287904968377
1.2259182149944632
1.1315810971513605
1.2430802675017611
0.9148842765030376
1.3696823280941792
1.1272504761711466
1.2357002837798414
0.7768501766418776
1.2633632677310709
0.8360242183306624
1.2387219833852101
0.6518720641159719
1.1938220278691292
0.9966570208848577
0.6926172553180285
1.097670530090411
0.8248287461055845
1.0838183178540985
1.1434921002564362
0.6404696836636306
0.8887852073867465
0.9971754985974624
1.0694842066728318
1.3356964671261062
1.0750483607698744
1.182977717281981
0.9133033611804533
0.7243017645138602
1.3093266872084617
0.9688258186630739
0.8667047688242545
1.097123683034825
0.8679032355128318
1.3141692051170615
1.2345522485021239
0.9733174563763076
1.0042600112185025
1.2541477968580794
1.0896206708357523
1.1401303805116765
1.371537108827112
1.2723823326067016
1.0651253330832828
1.0897920870441133
1.0991561039626958
0.9730691739470692
1.0617263347698576
0.7170012730841038
0.7018921899154438
1.0124944267376237
0.6685847894578265
0.7853306605839933
1.1201340385699037
1.3421760939519614
0.7242339146139756
0.777139270756311
1.0389210801784068
1.305313559572115
0.9764880715294996
1.0034454890802298
0.9367894954650263
0.6495340106047914
1.3273946552030078
1.217625585997137
0.8448486782161728
0.9686843188530394
0.7669413115784349
0.8647801659465078
1.047868667461434
0.8332973837179606
0.9947543005389834
0.8218793782057869
0.8242569538812967
0.8982391899171531
0.7246326536261689
1.1632030897737409
0.7595287875730437
1.095166431866102
0.912207139614245
0.9809403997963163
1.3726057749562484
1.0186117455010035
1.2192662970007746
1.3620459734718764
0.7342252975454197
1.1304310320863424
1.3381889645204934
1.034824830543254
0.6602398860904872
1.1202157374993353
0.7970304683417977
1.2852103450689867
0.9013633192568031
1.2429854668031428
0.9144634198995383
0.9666637168428747
1.360180125413165
0.9925482521837055
1.1537386910352028
1.0192933675014657
0.7328480053267956
0.7714657862667574
0.7685365965493736
1.3461883154356253
1.180732791906892
1.3348776675749086
1.0242740267563595
0.8226347581480045
0.9831028677496518
1.2825888736358866
0.8720411929031995
0.9319178821690906
1.3511376798343762
0.6419071510357677
1.0684774635846737
1.1474934542008555
0.7488364018196593
1.0769863386427412
1.3050983148086246
1.004002318163002
1.1752998357981177
0.8397958711604697
1.0266173269531804
1.2439797875724217
1.1913209098592024
1.0581959398470262
1.0492745557590337
1.005681497505156
1.1335545136932106
1.163552228813184
1.3220055198744243
0.9798057606503032
1.2863318792690739
0.7655921909500354
0.9504003663932488
1.1806477118902026
0.8283304410208486
0.9203315091646469
1.0603980837408005
1.3067464995703868
0.8609780950806909
0.9144301522813523
1.3076541893293023
1.2461456262728017
0.8632335040951373
1.0875350938979034
0.7436415320424247
0.8386448518355097
1.2672947770846519
1.218740106004813
0.8959498604178455
0.8811728942057244
0.8215412519539926
0.7948288938303014
1.311602583848381
0.902178654408629
0.8993136289294634
0.9313235501328612
0.7220780115568146
0.9312134924402594
0.7477919505150417
1.2223353594691764
0.8885263643589827
1.031330744606861
0.9769314230374585
0.8344098226603285
1.2146595718284285
1.22130259870536
1.3016506761184619
1.3194445810584288
0.6377981133168035
1.1724580280081545
1.0237890915578687
1.2119962281238523
0.80278215145801
1.2712092678701257
0.71183457093082
1.03051382222362
0.7135137653399058
1.1486440250751526
0.7811408985797437
0.9584994502345223
1.292906291293309
0.8677408653839331
1.0646215821060965
1.2834784067804028
0.8437863372562683
0.7585469593877521
0.804435831248172
1.0210940688629924
1.0060551282405972
1.3499446090192446
1.2046804336719041
0.695585722747964
0.7805909662260622
1.2686590904521182
0.6993451728062371
0.734504720933149
1.36110752038248
0.9748419101355604
1.197736508492851
1.2021849720530113
0.6989884067338025
1.3164445726390874
1.0331358485987607
1.096512315226254
1.31268167810696
1.3045924253560344
1.3416118104794816
1.3062606410279707
1.2890098547891566
0.9696292908745697
1.11571900670802
0.901288129813238
0.801807508676244
1.1227700347563505
0.8507482521830844
0.9240596503909916
1.1356869513592063
1.1020563344618068
0.7146283558914487
0.7435314593974189
1.2898163431612302
1.3027610171392372
0.8390693342117974
1.2267588185387859
0.8863306920713392
0.9813154130089516
1.310013687853404
1.3324462184579993
0.8064631651857456
0.866896485092306
0.8746961633294661
0.8677992344750595
1.3373857911223639
0.7393343229586985
0.968792485094971
0.7583854875908562
0.6583818889779928
0.9165025955154391
0.8914862391329205
1.2729542744190507
0.7117107137493754
1.268138033867025
0.782970770310045
0.9784009187264254
1.1663796498387136
1.1527235892914287
1.2128264520204175
1.2681734570533194
0.8380263672919464
1.197810828774852
1.0416527178808086
1.1567841140940944
0.6695157262397713
1.0257682826528665
0.7088041340954186
1.1506716784174273
0.8163677693392003
1.1161676313865894
0.6725426403361328
0.7002136358811822
1.2723573500248526
0.7753476399233268
1.2405214670778242
1.240505440120394
0.8739031959733377
0.681849333699706
0.7370510894889639
1.3041367702526983
1.145909838264285
1.1475671017722386
1.1649100599400046
0.751601205931168
1.0274938410305041
1.145262468242513
0.7928425519521254
0.8716756926106688
1.247705050660604
1.002604583975217
1.1348019130566835
0.8162560712717619
1.3336681416037421
1.2117603232522978
1.1645029018664999
0.6319575833412966
1.0079605621729135
0.9639539611062132
1.2377609060490693
0.96426790934084
1.2631086618832685
1.0391076211335808
1.163465663620782
0.8425659440876268
1.1806779341263391
1.1380551226348332
1.21350421296777
0.9988656075183213
0.7683213880468768
1.3250490547110012
0.7711755354425605
1.3319547903418354
1.2257068317736954
0.9886949860301402
1.2142582904707047
0.9565182106656359
1.3662225383986795
1.2285373376598836
1.2232328700778337
0.9136414053476969
1.2690815743819641
1.326695877033496
1.08566197162739
0.7844405531583509
0.9856752267728048
0.6548666716695773
1.1959833606273096
0.6849975811965213
0.7766473190199668
0.6583261592130271
0.840500415807399
1.194555173133497
1.2946913719867692
1.268345962162064
0.775354066228108
0.8249431733118295
1.321101165712229
0.777531867068135
0.6469443358526126
0.8500403196859447
0.8928183023014563
0.7044699890621408
0.7995696268531739
1.1028727693301135
1.2453264401036732
1.0677478437703405
0.943270734351439
1.1597003147278506
1.0808531452487156
Running 200 simulations with 1 MPI ranks
Rank 0: 200 simulations
1.2296215633690928
1.128637149895887
1.1740602609207236
0.9191615101649449
1.341457961845707
1.2581814428134281
1.004274689311849
0.8711776856917084
0.7939675234504051
0.7747670485641964
1.0854791069501606
0.904405083644209
0.9438183412719472
0.9854213441301671
0.707735550356792
1.1089549866502633
1.0928013881856635
1.2335892662185084
0.8895341904691982
0.6592583514134074
1.3475055386993342
0.8736552305776182
0.6681366692485566
0.9255921204185626
0.8535328894473374
0.7983230052671433
0.8228728368338087
1.2404842777379752
1.2300450172517787
1.2752552257666465
0.7314275145927679
1.314853064618272
1.0504766950717979
Running 200 simulations with 1 MPI ranks
Rank 0: 200 simulations
1.216708581624653
0.7153170974856817
1.0066694119967805
0.6454032093501071
1.161734885805829
0.6751904209078892
1.3728061372193152
1.3551790719548462
1.159907356192965
0.8695340366022404
1.0355139076574384
1.198176699620656
1.2600126214397653
0.6850928539443718
0.796415887377188
0.7045492168446211
1.098120120412129
0.9572096798527177
0.8070902848941026
0.9278141704189058
0.7576804171997444
1.021391514503474
1.15909915160886
1.2218027209362665
0.6298453843796662
0.6477689972070746
1.106375691793962
0.9193556851774519
0.6486138446309795
0.7814059738414918
0.8502058284126058
0.7278327392480437
0.9357110667656179
1.0017075430586098
1.0047305628174115
1.119289759283575
0.6606764577435152
1.2634890967474903
1.3457116624298358
Running 200 simulations with 1 MPI ranks
Rank 0: 200 simulations
0.9384141838982538
1.176648650531693
1.1981135858466467
1.3082856580745825
1.0001552681136203
0.7914158912647977
1.0939320339334966
1.1357458349225518
1.2350029720656726
0.7865367540838087
1.3602240934909977
0.9766235703133662
1.1985030447910758
0.878146415100442
1.3276012989234445
1.260949042579806
1.3426187336492004
0.9379629268891789
1.1691523953535135
1.3706974065533868
1.3228128540115864
0.8805080801275635
0.807963601818273
0.9832262159402643
1.154682727301594
0.7151854879547369
0.9814448915060634
0.9865458657955393
0.8820689402627028
1.1238818930743502
1.0272684295092982
1.3213709757828331
0.7233404297044919
0.8622640700036415
1.0625766562154877
0.907400849279087
0.816009076603535
0.6573401594656199
0.8423617479134089
0.6432676547955664
0.6656006942252983
1.2212238931811497
1.263345424071445
1.2331048448147928
0.8795455641853436
1.3166221857011333
1.0369639882979735
Running 200 simulations with 1 MPI ranks
Rank 0: 200 simulations
t=157901  fraction=0.43500  peak_slope=1.001e-05  t_peak=78950  comparison cadence=157901  difference=0.43500  below=0/3
t=158900  fraction=0.43500  peak_slope=1.001e-05  t_peak=78950  comparison cadence=157901  difference=0.43500  below=0/3
t=159899  fraction=0.43500  peak_slope=1.001e-05  t_peak=78950  comparison cadence=157901  difference=0.43500  below=0/3
t=160899  fraction=0.43500  peak_slope=1.001e-05  t_peak=78950  comparison cadence=157901  difference=0.43500  below=0/3
t=161898  fraction=0.43500  peak_slope=1.001e-05  t_peak=78950  comparison cadence=157901  difference=0.43500  below=0/3
t=162897  fraction=0.43500  peak_slope=1.001e-05  t_peak=78950  comparison cadence=157901  difference=0.43500  below=0/3
t=163897  fraction=0.43500  peak_slope=1.001e-05  t_peak=78950  comparison cadence=157901  difference=0.43500  below=0/3
t=164896  fraction=0.43500  peak_slope=1.001e-05  t_peak=78950  comparison cadence=157901  difference=0.43500  below=0/3
t=165896  fraction=0.43500  peak_slope=1.001e-05  t_peak=78950  comparison cadence=157901  difference=0.43500  below=0/3
t=166895  fraction=0.43500  peak_slope=1.001e-05  t_peak=78950  comparison cadence=157901  difference=0.43500  below=0/3
t=167894  fraction=0.43500  peak_slope=1.001e-05  t_peak=78950  comparison cadence=157901  difference=0.43500  below=0/3
t=168894  fraction=0.43500  peak_slope=1.001e-05  t_peak=78950  comparison cadence=157901  difference=0.43500  below=0/3
t=169893  fraction=0.43500  peak_slope=1.001e-05  t_peak=78950  comparison cadence=157901  difference=0.43500  below=0/3
t=170892  fraction=0.43500  peak_slope=1.001e-05  t_peak=78950  comparison cadence=157901  difference=0.43500  below=0/3
t=171892  fraction=0.43500  peak_slope=1.001e-05  t_peak=78950  comparison cadence=157901  difference=0.43500  below=0/3
t=172891  fraction=0.44000  peak_slope=1.001e-05  t_peak=78950  comparison cadence=157901  difference=0.44000  below=0/3
t=173891  fraction=0.44500  peak_slope=1.001e-05  t_peak=78950  comparison cadence=157901  difference=0.44500  below=0/3
t=174890  fraction=0.44500  peak_slope=1.001e-05  t_peak=78950  comparison cadence=157901  difference=0.44500  below=0/3
t=175889  fraction=0.45000  peak_slope=1.001e-05  t_peak=78950  comparison cadence=157901  difference=0.45000  below=0/3
t=176889  fraction=0.46000  peak_slope=1.001e-05  t_peak=78950  comparison cadence=157901  difference=0.46000  below=0/3
t=177888  fraction=0.46000  peak_slope=1.001e-05  t_peak=78950  comparison cadence=157901  difference=0.46000  below=0/3
t=178887  fraction=0.46000  peak_slope=1.001e-05  t_peak=78950  comparison cadence=157901  difference=0.46000  below=0/3
t=161898  fraction=0.44500  peak_slope=8.005e-06  t_peak=80949  comparison cadence=161898  difference=0.44500  below=0/3
t=179887  fraction=0.46000  peak_slope=1.001e-05  t_peak=78950  comparison cadence=157901  difference=0.46000  below=0/3
t=162897  fraction=0.44500  peak_slope=8.005e-06  t_peak=80949  comparison cadence=161898  difference=0.44500  below=0/3
t=180886  fraction=0.46000  peak_slope=1.001e-05  t_peak=78950  comparison cadence=157901  difference=0.46000  below=0/3
t=163897  fraction=0.44500  peak_slope=8.005e-06  t_peak=80949  comparison cadence=161898  difference=0.44500  below=0/3
t=181886  fraction=0.46000  peak_slope=1.001e-05  t_peak=78950  comparison cadence=157901  difference=0.46000  below=0/3
t=164896  fraction=0.44500  peak_slope=8.005e-06  t_peak=80949  comparison cadence=161898  difference=0.44500  below=0/3
t=182885  fraction=0.46500  peak_slope=1.001e-05  t_peak=78950  comparison cadence=157901  difference=0.46500  below=0/3
t=165896  fraction=0.44500  peak_slope=8.005e-06  t_peak=80949  comparison cadence=161898  difference=0.44500  below=0/3
t=183884  fraction=0.46500  peak_slope=1.001e-05  t_peak=78950  comparison cadence=157901  difference=0.46500  below=0/3
t=166895  fraction=0.45000  peak_slope=8.005e-06  t_peak=80949  comparison cadence=161898  difference=0.45000  below=0/3
t=184884  fraction=0.48000  peak_slope=1.001e-05  t_peak=78950  comparison cadence=157901  difference=0.48000  below=0/3
t=185883  fraction=0.48500  peak_slope=1.001e-05  t_peak=78950  comparison cadence=157901  difference=0.48500  below=0/3
t=167894  fraction=0.45000  peak_slope=8.005e-06  t_peak=80949  comparison cadence=161898  difference=0.45000  below=0/3
t=186882  fraction=0.49000  peak_slope=1.001e-05  t_peak=78950  comparison cadence=157901  difference=0.49000  below=0/3
t=168894  fraction=0.45000  peak_slope=8.005e-06  t_peak=80949  comparison cadence=161898  difference=0.45000  below=0/3
t=187882  fraction=0.49000  peak_slope=1.001e-05  t_peak=78950  comparison cadence=157901  difference=0.49000  below=0/3
t=169893  fraction=0.45000  peak_slope=8.005e-06  t_peak=80949  comparison cadence=161898  difference=0.45000  below=0/3
t=188881  fraction=0.49000  peak_slope=1.001e-05  t_peak=78950  comparison cadence=157901  difference=0.49000  below=0/3
t=170892  fraction=0.45000  peak_slope=8.005e-06  t_peak=80949  comparison cadence=161898  difference=0.45000  below=0/3
t=189881  fraction=0.49000  peak_slope=1.001e-05  t_peak=78950  comparison cadence=157901  difference=0.49000  below=0/3
t=171892  fraction=0.45000  peak_slope=8.005e-06  t_peak=80949  comparison cadence=161898  difference=0.45000  below=0/3
t=190880  fraction=0.49000  peak_slope=1.001e-05  t_peak=78950  comparison cadence=157901  difference=0.49000  below=0/3
t=172891  fraction=0.45000  peak_slope=8.005e-06  t_peak=80949  comparison cadence=161898  difference=0.45000  below=0/3
t=191879  fraction=0.49500  peak_slope=1.001e-05  t_peak=78950  comparison cadence=157901  difference=0.49500  below=0/3
t=173891  fraction=0.45000  peak_slope=8.005e-06  t_peak=80949  comparison cadence=161898  difference=0.45000  below=0/3
t=192879  fraction=0.49500  peak_slope=1.001e-05  t_peak=78950  comparison cadence=157901  difference=0.49500  below=0/3
t=174890  fraction=0.45000  peak_slope=8.005e-06  t_peak=80949  comparison cadence=161898  difference=0.45000  below=0/3
t=193878  fraction=0.49500  peak_slope=1.001e-05  t_peak=78950  comparison cadence=157901  difference=0.49500  below=0/3
t=175889  fraction=0.45000  peak_slope=8.005e-06  t_peak=80949  comparison cadence=161898  difference=0.45000  below=0/3
t=194877  fraction=0.49500  peak_slope=1.001e-05  t_peak=78950  comparison cadence=157901  difference=0.49500  below=0/3
t=176889  fraction=0.45000  peak_slope=8.005e-06  t_peak=80949  comparison cadence=161898  difference=0.45000  below=0/3
t=195877  fraction=0.49500  peak_slope=1.001e-05  t_peak=78950  comparison cadence=157901  difference=0.49500  below=0/3
t=177888  fraction=0.45000  peak_slope=8.005e-06  t_peak=80949  comparison cadence=161898  difference=0.45000  below=0/3
t=196876  fraction=0.49500  peak_slope=1.001e-05  t_peak=78950  comparison cadence=157901  difference=0.49500  below=0/3
t=178887  fraction=0.45000  peak_slope=8.005e-06  t_peak=80949  comparison cadence=161898  difference=0.45000  below=0/3
t=197875  fraction=0.50000  peak_slope=1.001e-05  t_peak=78950  comparison cadence=157901  difference=0.50000  below=0/3
t=169893  fraction=0.50500  peak_slope=9.006e-06  t_peak=84947  comparison cadence=169893  difference=0.50500  below=0/3
t=198875  fraction=0.50000  peak_slope=1.001e-05  t_peak=78950  comparison cadence=157901  difference=0.50000  below=0/3
t=179887  fraction=0.45000  peak_slope=8.005e-06  t_peak=80949  comparison cadence=161898  difference=0.45000  below=0/3
t=170892  fraction=0.51000  peak_slope=9.006e-06  t_peak=84947  comparison cadence=169893  difference=0.50500  below=0/3
t=199874  fraction=0.50000  peak_slope=1.001e-05  t_peak=78950  comparison cadence=157901  difference=0.50000  below=0/3
t=180886  fraction=0.45000  peak_slope=8.005e-06  t_peak=80949  comparison cadence=161898  difference=0.45000  below=0/3
t=171892  fraction=0.51000  peak_slope=9.006e-06  t_peak=84947  comparison cadence=169893  difference=0.50500  below=0/3
t=200874  fraction=0.50500  peak_slope=1.001e-05  t_peak=78950  comparison cadence=157901  difference=0.50500  below=0/3
t=181886  fraction=0.45000  peak_slope=8.005e-06  t_peak=80949  comparison cadence=161898  difference=0.45000  below=0/3
t=172891  fraction=0.51500  peak_slope=9.006e-06  t_peak=84947  comparison cadence=169893  difference=0.51000  below=0/3
t=201873  fraction=0.50500  peak_slope=1.001e-05  t_peak=78950  comparison cadence=157901  difference=0.50500  below=0/3
t=182885  fraction=0.45000  peak_slope=8.005e-06  t_peak=80949  comparison cadence=161898  difference=0.45000  below=0/3
t=173891  fraction=0.51500  peak_slope=9.006e-06  t_peak=84947  comparison cadence=169893  difference=0.51000  below=0/3
t=202872  fraction=0.50500  peak_slope=1.001e-05  t_peak=78950  comparison cadence=157901  difference=0.50500  below=0/3
t=183884  fraction=0.45000  peak_slope=8.005e-06  t_peak=80949  comparison cadence=161898  difference=0.45000  below=0/3
t=174890  fraction=0.51500  peak_slope=9.006e-06  t_peak=84947  comparison cadence=169893  difference=0.51000  below=0/3
t=203872  fraction=0.51000  peak_slope=1.001e-05  t_peak=78950  comparison cadence=157901  difference=0.51000  below=0/3
t=184884  fraction=0.46000  peak_slope=8.005e-06  t_peak=80949  comparison cadence=161898  difference=0.46000  below=0/3
t=175889  fraction=0.51500  peak_slope=9.006e-06  t_peak=84947  comparison cadence=169893  difference=0.51000  below=0/3
t=204871  fraction=0.51000  peak_slope=1.001e-05  t_peak=78950  comparison cadence=157901  difference=0.51000  below=0/3
t=185883  fraction=0.46500  peak_slope=8.005e-06  t_peak=80949  comparison cadence=161898  difference=0.46500  below=0/3
t=176889  fraction=0.51500  peak_slope=9.006e-06  t_peak=84947  comparison cadence=169893  difference=0.51000  below=0/3
t=205870  fraction=0.51000  peak_slope=1.001e-05  t_peak=78950  comparison cadence=157901  difference=0.51000  below=0/3
t=186882  fraction=0.46500  peak_slope=8.005e-06  t_peak=80949  comparison cadence=161898  difference=0.46500  below=0/3
t=206870  fraction=0.51000  peak_slope=1.001e-05  t_peak=78950  comparison cadence=157901  difference=0.51000  below=0/3
t=177888  fraction=0.51500  peak_slope=9.006e-06  t_peak=84947  comparison cadence=169893  difference=0.51000  below=0/3
t=207869  fraction=0.51000  peak_slope=1.001e-05  t_peak=78950  comparison cadence=157901  difference=0.51000  below=0/3
t=187882  fraction=0.46500  peak_slope=8.005e-06  t_peak=80949  comparison cadence=161898  difference=0.46500  below=0/3
t=178887  fraction=0.51500  peak_slope=9.006e-06  t_peak=84947  comparison cadence=169893  difference=0.51000  below=0/3
t=208869  fraction=0.51000  peak_slope=1.001e-05  t_peak=78950  comparison cadence=157901  difference=0.51000  below=0/3
t=188881  fraction=0.46500  peak_slope=8.005e-06  t_peak=80949  comparison cadence=161898  difference=0.46500  below=0/3
t=179887  fraction=0.52000  peak_slope=9.006e-06  t_peak=84947  comparison cadence=169893  difference=0.51500  below=0/3
t=209868  fraction=0.51000  peak_slope=1.001e-05  t_peak=78950  comparison cadence=157901  difference=0.50500  below=0/3
t=189881  fraction=0.47000  peak_slope=8.005e-06  t_peak=80949  comparison cadence=161898  difference=0.47000  below=0/3
t=180886  fraction=0.52000  peak_slope=9.006e-06  t_peak=84947  comparison cadence=169893  difference=0.51500  below=0/3
t=210867  fraction=0.51000  peak_slope=1.001e-05  t_peak=78950  comparison cadence=157901  difference=0.50000  below=0/3
t=190880  fraction=0.47000  peak_slope=8.005e-06  t_peak=80949  comparison cadence=161898  difference=0.47000  below=0/3
t=181886  fraction=0.52000  peak_slope=9.006e-06  t_peak=84947  comparison cadence=169893  difference=0.51500  below=0/3
t=211867  fraction=0.51500  peak_slope=1.001e-05  t_peak=78950  comparison cadence=157901  difference=0.50500  below=0/3
t=191879  fraction=0.48000  peak_slope=8.005e-06  t_peak=80949  comparison cadence=161898  difference=0.48000  below=0/3
t=182885  fraction=0.52500  peak_slope=9.006e-06  t_peak=84947  comparison cadence=169893  difference=0.52000  below=0/3
t=212866  fraction=0.51500  peak_slope=1.001e-05  t_peak=78950  comparison cadence=157901  difference=0.50000  below=0/3
t=192879  fraction=0.48500  peak_slope=8.005e-06  t_peak=80949  comparison cadence=161898  difference=0.48500  below=0/3
t=183884  fraction=0.52500  peak_slope=9.006e-06  t_peak=84947  comparison cadence=169893  difference=0.52000  below=0/3
t=213865  fraction=0.51500  peak_slope=1.001e-05  t_peak=78950  comparison cadence=157901  difference=0.50000  below=0/3
t=193878  fraction=0.49000  peak_slope=8.005e-06  t_peak=80949  comparison cadence=161898  difference=0.49000  below=0/3
t=184884  fraction=0.52500  peak_slope=9.006e-06  t_peak=84947  comparison cadence=169893  difference=0.52000  below=0/3
t=214865  fraction=0.51500  peak_slope=1.001e-05  t_peak=78950  comparison cadence=157901  difference=0.49500  below=0/3
t=194877  fraction=0.49000  peak_slope=8.005e-06  t_peak=80949  comparison cadence=161898  difference=0.49000  below=0/3
t=215864  fraction=0.51500  peak_slope=1.001e-05  t_peak=78950  comparison cadence=157901  difference=0.49000  below=0/3
t=185883  fraction=0.53500  peak_slope=9.006e-06  t_peak=84947  comparison cadence=169893  difference=0.53000  below=0/3
t=216864  fraction=0.52000  peak_slope=1.001e-05  t_peak=78950  comparison cadence=157901  difference=0.49000  below=0/3
t=195877  fraction=0.49500  peak_slope=8.005e-06  t_peak=80949  comparison cadence=161898  difference=0.49500  below=0/3
t=186882  fraction=0.53500  peak_slope=9.006e-06  t_peak=84947  comparison cadence=169893  difference=0.53000  below=0/3
t=217863  fraction=0.52000  peak_slope=1.001e-05  t_peak=78950  comparison cadence=157901  difference=0.49000  below=0/3
t=196876  fraction=0.50000  peak_slope=8.005e-06  t_peak=80949  comparison cadence=161898  difference=0.50000  below=0/3
t=187882  fraction=0.54500  peak_slope=9.006e-06  t_peak=84947  comparison cadence=169893  difference=0.54000  below=0/3
t=218862  fraction=0.52500  peak_slope=1.001e-05  t_peak=78950  comparison cadence=157901  difference=0.49500  below=0/3
t=197875  fraction=0.50500  peak_slope=8.005e-06  t_peak=80949  comparison cadence=161898  difference=0.50500  below=0/3
t=188881  fraction=0.54500  peak_slope=9.006e-06  t_peak=84947  comparison cadence=169893  difference=0.54000  below=0/3
t=219862  fraction=0.52500  peak_slope=1.001e-05  t_peak=78950  comparison cadence=157901  difference=0.49500  below=0/3
t=198875  fraction=0.51000  peak_slope=8.005e-06  t_peak=80949  comparison cadence=161898  difference=0.51000  below=0/3
t=189881  fraction=0.54500  peak_slope=9.006e-06  t_peak=84947  comparison cadence=169893  difference=0.54000  below=0/3
t=220861  fraction=0.52500  peak_slope=1.001e-05  t_peak=78950  comparison cadence=157901  difference=0.49000  below=0/3
t=199874  fraction=0.51000  peak_slope=8.005e-06  t_peak=80949  comparison cadence=161898  difference=0.51000  below=0/3
t=190880  fraction=0.54500  peak_slope=9.006e-06  t_peak=84947  comparison cadence=169893  difference=0.54000  below=0/3
t=221860  fraction=0.52500  peak_slope=1.001e-05  t_peak=78950  comparison cadence=157901  difference=0.49000  below=0/3
t=200874  fraction=0.51000  peak_slope=8.005e-06  t_peak=80949  comparison cadence=161898  difference=0.51000  below=0/3
t=191879  fraction=0.54500  peak_slope=9.006e-06  t_peak=84947  comparison cadence=169893  difference=0.54000  below=0/3
t=222860  fraction=0.52500  peak_slope=1.001e-05  t_peak=78950  comparison cadence=157901  difference=0.49000  below=0/3
t=201873  fraction=0.51000  peak_slope=8.005e-06  t_peak=80949  comparison cadence=161898  difference=0.51000  below=0/3
t=192879  fraction=0.55000  peak_slope=9.006e-06  t_peak=84947  comparison cadence=169893  difference=0.54500  below=0/3
t=223859  fraction=0.52500  peak_slope=1.001e-05  t_peak=78950  comparison cadence=157901  difference=0.49000  below=0/3
t=202872  fraction=0.51000  peak_slope=8.005e-06  t_peak=80949  comparison cadence=161898  difference=0.51000  below=0/3
t=193878  fraction=0.55000  peak_slope=9.006e-06  t_peak=84947  comparison cadence=169893  difference=0.54500  below=0/3
t=224859  fraction=0.52500  peak_slope=1.001e-05  t_peak=78950  comparison cadence=157901  difference=0.48500  below=0/3
t=203872  fraction=0.51000  peak_slope=8.005e-06  t_peak=80949  comparison cadence=161898  difference=0.51000  below=0/3
t=225858  fraction=0.53000  peak_slope=1.001e-05  t_peak=78950  comparison cadence=157901  difference=0.48500  below=0/3
t=194877  fraction=0.55000  peak_slope=9.006e-06  t_peak=84947  comparison cadence=169893  difference=0.54500  below=0/3
t=226857  fraction=0.53500  peak_slope=1.001e-05  t_peak=78950  comparison cadence=157901  difference=0.49000  below=0/3
t=204871  fraction=0.51000  peak_slope=8.005e-06  t_peak=80949  comparison cadence=161898  difference=0.51000  below=0/3
t=195877  fraction=0.55000  peak_slope=9.006e-06  t_peak=84947  comparison cadence=169893  difference=0.54500  below=0/3
t=227857  fraction=0.53500  peak_slope=1.001e-05  t_peak=78950  comparison cadence=157901  difference=0.48000  below=0/3
t=205870  fraction=0.51000  peak_slope=8.005e-06  t_peak=80949  comparison cadence=161898  difference=0.51000  below=0/3
t=196876  fraction=0.55000  peak_slope=9.006e-06  t_peak=84947  comparison cadence=169893  difference=0.54500  below=0/3
t=228856  fraction=0.53500  peak_slope=1.001e-05  t_peak=78950  comparison cadence=157901  difference=0.48000  below=0/3
t=206870  fraction=0.51000  peak_slope=8.005e-06  t_peak=80949  comparison cadence=161898  difference=0.51000  below=0/3
t=197875  fraction=0.55000  peak_slope=9.006e-06  t_peak=84947  comparison cadence=169893  difference=0.54500  below=0/3
t=229855  fraction=0.53500  peak_slope=1.001e-05  t_peak=78950  comparison cadence=157901  difference=0.48000  below=0/3
t=207869  fraction=0.51000  peak_slope=8.005e-06  t_peak=80949  comparison cadence=161898  difference=0.51000  below=0/3
t=198875  fraction=0.55000  peak_slope=9.006e-06  t_peak=84947  comparison cadence=169893  difference=0.54500  below=0/3
t=230855  fraction=0.54000  peak_slope=1.001e-05  t_peak=78950  comparison cadence=157901  difference=0.47000  below=0/3
t=208869  fraction=0.51000  peak_slope=8.005e-06  t_peak=80949  comparison cadence=161898  difference=0.51000  below=0/3
t=199874  fraction=0.55000  peak_slope=9.006e-06  t_peak=84947  comparison cadence=169893  difference=0.54500  below=0/3
t=231854  fraction=0.54000  peak_slope=1.001e-05  t_peak=78950  comparison cadence=157901  difference=0.46500  below=0/3
t=209868  fraction=0.51000  peak_slope=8.005e-06  t_peak=80949  comparison cadence=161898  difference=0.51000  below=0/3
t=200874  fraction=0.55000  peak_slope=9.006e-06  t_peak=84947  comparison cadence=169893  difference=0.54500  below=0/3
t=232853  fraction=0.54000  peak_slope=1.001e-05  t_peak=78950  comparison cadence=157901  difference=0.46000  below=0/3
t=210867  fraction=0.51000  peak_slope=8.005e-06  t_peak=80949  comparison cadence=161898  difference=0.51000  below=0/3
t=201873  fraction=0.55000  peak_slope=9.006e-06  t_peak=84947  comparison cadence=169893  difference=0.54500  below=0/3
t=233853  fraction=0.54000  peak_slope=1.001e-05  t_peak=78950  comparison cadence=157901  difference=0.44500  below=0/3
t=211867  fraction=0.51000  peak_slope=8.005e-06  t_peak=80949  comparison cadence=161898  difference=0.51000  below=0/3
t=234852  fraction=0.54000  peak_slope=1.001e-05  t_peak=78950  comparison cadence=157901  difference=0.43500  below=0/3
t=202872  fraction=0.55000  peak_slope=9.006e-06  t_peak=84947  comparison cadence=169893  difference=0.54500  below=0/3
t=235852  fraction=0.54000  peak_slope=1.001e-05  t_peak=78950  comparison cadence=157901  difference=0.42500  below=0/3
t=212866  fraction=0.51000  peak_slope=8.005e-06  t_peak=80949  comparison cadence=161898  difference=0.50000  below=0/3
t=203872  fraction=0.55000  peak_slope=9.006e-06  t_peak=84947  comparison cadence=169893  difference=0.54500  below=0/3
t=236851  fraction=0.54000  peak_slope=1.001e-05  t_peak=78950  comparison cadence=157901  difference=0.41500  below=0/3
t=213865  fraction=0.51500  peak_slope=8.005e-06  t_peak=80949  comparison cadence=161898  difference=0.50500  below=0/3
t=204871  fraction=0.55000  peak_slope=9.006e-06  t_peak=84947  comparison cadence=169893  difference=0.54500  below=0/3
t=237850  fraction=0.54500  peak_slope=1.001e-05  t_peak=78950  comparison cadence=157901  difference=0.42000  below=0/3
t=214865  fraction=0.51500  peak_slope=8.005e-06  t_peak=80949  comparison cadence=161898  difference=0.50500  below=0/3
t=205870  fraction=0.55000  peak_slope=9.006e-06  t_peak=84947  comparison cadence=169893  difference=0.54500  below=0/3
t=238850  fraction=0.54500  peak_slope=1.001e-05  t_peak=78950  comparison cadence=157901  difference=0.42000  below=0/3
t=215864  fraction=0.51500  peak_slope=8.005e-06  t_peak=80949  comparison cadence=161898  difference=0.49500  below=0/3
t=206870  fraction=0.55000  peak_slope=9.006e-06  t_peak=84947  comparison cadence=169893  difference=0.54500  below=0/3
t=239849  fraction=0.54500  peak_slope=1.001e-05  t_peak=78950  comparison cadence=157901  difference=0.41500  below=0/3
t=216864  fraction=0.51500  peak_slope=8.005e-06  t_peak=80949  comparison cadence=161898  difference=0.48500  below=0/3
t=207869  fraction=0.55500  peak_slope=9.006e-06  t_peak=84947  comparison cadence=169893  difference=0.55000  below=0/3
t=240848  fraction=0.54500  peak_slope=1.001e-05  t_peak=78950  comparison cadence=157901  difference=0.41500  below=0/3
t=217863  fraction=0.51500  peak_slope=8.005e-06  t_peak=80949  comparison cadence=161898  difference=0.48000  below=0/3
t=208869  fraction=0.55500  peak_slope=9.006e-06  t_peak=84947  comparison cadence=169893  difference=0.55000  below=0/3
t=241848  fraction=0.55000  peak_slope=1.001e-05  t_peak=78950  comparison cadence=157901  difference=0.42000  below=0/3
t=218862  fraction=0.51500  peak_slope=8.005e-06  t_peak=80949  comparison cadence=161898  difference=0.48000  below=0/3
t=209868  fraction=0.55500  peak_slope=9.006e-06  t_peak=84947  comparison cadence=169893  difference=0.55000  below=0/3
t=242847  fraction=0.55000  peak_slope=1.001e-05  t_peak=78950  comparison cadence=157901  difference=0.41500  below=0/3
t=219862  fraction=0.51500  peak_slope=8.005e-06  t_peak=80949  comparison cadence=161898  difference=0.48000  below=0/3
t=243847  fraction=0.55500  peak_slope=1.001e-05  t_peak=78950  comparison cadence=157901  difference=0.40500  below=0/3
t=210867  fraction=0.55500  peak_slope=9.006e-06  t_peak=84947  comparison cadence=169893  difference=0.55000  below=0/3
t=220861  fraction=0.52000  peak_slope=8.005e-06  t_peak=80949  comparison cadence=161898  difference=0.48500  below=0/3
t=244846  fraction=0.56000  peak_slope=1.001e-05  t_peak=78950  comparison cadence=157901  difference=0.40000  below=0/3
t=211867  fraction=0.55500  peak_slope=9.006e-06  t_peak=84947  comparison cadence=169893  difference=0.55000  below=0/3
t=245845  fraction=0.56000  peak_slope=1.001e-05  t_peak=78950  comparison cadence=157901  difference=0.40000  below=0/3
t=221860  fraction=0.52000  peak_slope=8.005e-06  t_peak=80949  comparison cadence=161898  difference=0.48000  below=0/3
t=212866  fraction=0.55500  peak_slope=9.006e-06  t_peak=84947  comparison cadence=169893  difference=0.55000  below=0/3
t=246845  fraction=0.56000  peak_slope=1.001e-05  t_peak=78950  comparison cadence=157901  difference=0.39500  below=0/3
t=222860  fraction=0.52000  peak_slope=8.005e-06  t_peak=80949  comparison cadence=161898  difference=0.47000  below=0/3
t=213865  fraction=0.55500  peak_slope=9.006e-06  t_peak=84947  comparison cadence=169893  difference=0.55000  below=0/3
t=247844  fraction=0.56000  peak_slope=1.001e-05  t_peak=78950  comparison cadence=157901  difference=0.39000  below=0/3
t=223859  fraction=0.52500  peak_slope=8.005e-06  t_peak=80949  comparison cadence=161898  difference=0.47500  below=0/3
t=214865  fraction=0.55500  peak_slope=9.006e-06  t_peak=84947  comparison cadence=169893  difference=0.55000  below=0/3
t=248843  fraction=0.56500  peak_slope=1.001e-05  t_peak=78950  comparison cadence=157901  difference=0.39500  below=0/3
t=224859  fraction=0.53000  peak_slope=8.005e-06  t_peak=80949  comparison cadence=161898  difference=0.47500  below=0/3
t=215864  fraction=0.55500  peak_slope=9.006e-06  t_peak=84947  comparison cadence=169893  difference=0.55000  below=0/3
t=249843  fraction=0.56500  peak_slope=1.001e-05  t_peak=78950  comparison cadence=157901  difference=0.39000  below=0/3
t=225858  fraction=0.53000  peak_slope=8.005e-06  t_peak=80949  comparison cadence=161898  difference=0.47500  below=0/3
t=216864  fraction=0.55500  peak_slope=9.006e-06  t_peak=84947  comparison cadence=169893  difference=0.54000  below=0/3
t=250842  fraction=0.56500  peak_slope=1.001e-05  t_peak=78950  comparison cadence=157901  difference=0.37500  below=0/3
t=226857  fraction=0.53500  peak_slope=8.005e-06  t_peak=80949  comparison cadence=161898  difference=0.46500  below=0/3
t=217863  fraction=0.56000  peak_slope=9.006e-06  t_peak=84947  comparison cadence=169893  difference=0.54500  below=0/3
t=251842  fraction=0.56500  peak_slope=1.001e-05  t_peak=78950  comparison cadence=157901  difference=0.37000  below=0/3
t=227857  fraction=0.53500  peak_slope=8.005e-06  t_peak=80949  comparison cadence=161898  difference=0.46000  below=0/3
t=252841  fraction=0.56500  peak_slope=1.001e-05  t_peak=78950  comparison cadence=157901  difference=0.37000  below=0/3
t=218862  fraction=0.56500  peak_slope=9.006e-06  t_peak=84947  comparison cadence=169893  difference=0.54500  below=0/3
t=228856  fraction=0.53500  peak_slope=8.005e-06  t_peak=80949  comparison cadence=161898  difference=0.45500  below=0/3
t=253840  fraction=0.56500  peak_slope=1.001e-05  t_peak=78950  comparison cadence=157901  difference=0.35500  below=0/3
t=219862  fraction=0.56500  peak_slope=9.006e-06  t_peak=84947  comparison cadence=169893  difference=0.54500  below=0/3
t=254840  fraction=0.56500  peak_slope=1.001e-05  t_peak=78950  comparison cadence=157901  difference=0.35000  below=0/3
t=229855  fraction=0.54000  peak_slope=8.005e-06  t_peak=80949  comparison cadence=161898  difference=0.46000  below=0/3
t=220861  fraction=0.56500  peak_slope=9.006e-06  t_peak=84947  comparison cadence=169893  difference=0.54500  below=0/3
t=255839  fraction=0.56500  peak_slope=1.001e-05  t_peak=78950  comparison cadence=157901  difference=0.34000  below=0/3
t=230855  fraction=0.54000  peak_slope=8.005e-06  t_peak=80949  comparison cadence=161898  difference=0.45500  below=0/3
t=221860  fraction=0.56500  peak_slope=9.006e-06  t_peak=84947  comparison cadence=169893  difference=0.54500  below=0/3
t=256838  fraction=0.56500  peak_slope=1.001e-05  t_peak=78950  comparison cadence=157901  difference=0.33500  below=0/3
t=231854  fraction=0.54000  peak_slope=8.005e-06  t_peak=80949  comparison cadence=161898  difference=0.45000  below=0/3
t=222860  fraction=0.57000  peak_slope=9.006e-06  t_peak=84947  comparison cadence=169893  difference=0.55000  below=0/3
t=257838  fraction=0.56500  peak_slope=1.001e-05  t_peak=78950  comparison cadence=157901  difference=0.32500  below=0/3
t=232853  fraction=0.54000  peak_slope=8.005e-06  t_peak=80949  comparison cadence=161898  difference=0.45000  below=0/3
t=223859  fraction=0.57500  peak_slope=9.006e-06  t_peak=84947  comparison cadence=169893  difference=0.55500  below=0/3
t=258837  fraction=0.56500  peak_slope=1.001e-05  t_peak=78950  comparison cadence=157901  difference=0.32000  below=0/3
t=233853  fraction=0.54500  peak_slope=8.005e-06  t_peak=80949  comparison cadence=161898  difference=0.44500  below=0/3
t=224859  fraction=0.57500  peak_slope=9.006e-06  t_peak=84947  comparison cadence=169893  difference=0.55500  below=0/3
t=259836  fraction=0.56500  peak_slope=1.001e-05  t_peak=78950  comparison cadence=157901  difference=0.31500  below=0/3
t=234852  fraction=0.54500  peak_slope=8.005e-06  t_peak=80949  comparison cadence=161898  difference=0.44000  below=0/3
t=215864  fraction=0.56000  peak_slope=1.301e-05  t_peak=107932  comparison cadence=215864  difference=0.56000  below=0/3
t=260836  fraction=0.56500  peak_slope=1.001e-05  t_peak=78950  comparison cadence=157901  difference=0.31000  below=0/3
t=225858  fraction=0.57500  peak_slope=9.006e-06  t_peak=84947  comparison cadence=169893  difference=0.55000  below=0/3
t=235852  fraction=0.54500  peak_slope=8.005e-06  t_peak=80949  comparison cadence=161898  difference=0.44000  below=0/3
t=216864  fraction=0.56000  peak_slope=1.301e-05  t_peak=107932  comparison cadence=215864  difference=0.56000  below=0/3
t=261835  fraction=0.56500  peak_slope=1.001e-05  t_peak=78950  comparison cadence=157901  difference=0.30500  below=0/3
t=226857  fraction=0.57500  peak_slope=9.006e-06  t_peak=84947  comparison cadence=169893  difference=0.54500  below=0/3
t=236851  fraction=0.54500  peak_slope=8.005e-06  t_peak=80949  comparison cadence=161898  difference=0.42500  below=0/3
t=262835  fraction=0.57000  peak_slope=1.001e-05  t_peak=78950  comparison cadence=157901  difference=0.30000  below=0/3
t=217863  fraction=0.56500  peak_slope=1.301e-05  t_peak=107932  comparison cadence=215864  difference=0.56500  below=0/3
t=227857  fraction=0.57500  peak_slope=9.006e-06  t_peak=84947  comparison cadence=169893  difference=0.54000  below=0/3
t=237850  fraction=0.54500  peak_slope=8.005e-06  t_peak=80949  comparison cadence=161898  difference=0.42500  below=0/3
t=263834  fraction=0.57000  peak_slope=1.001e-05  t_peak=78950  comparison cadence=157901  difference=0.29500  below=0/3
t=218862  fraction=0.56500  peak_slope=1.301e-05  t_peak=107932  comparison cadence=215864  difference=0.56500  below=0/3
t=228856  fraction=0.57500  peak_slope=9.006e-06  t_peak=84947  comparison cadence=169893  difference=0.53000  below=0/3
t=264833  fraction=0.57000  peak_slope=1.001e-05  t_peak=78950  comparison cadence=157901  difference=0.29500  below=0/3
t=238850  fraction=0.54500  peak_slope=8.005e-06  t_peak=80949  comparison cadence=161898  difference=0.41000  below=0/3
t=219862  fraction=0.56500  peak_slope=1.301e-05  t_peak=107932  comparison cadence=215864  difference=0.56500  below=0/3
t=229855  fraction=0.57500  peak_slope=9.006e-06  t_peak=84947  comparison cadence=169893  difference=0.53000  below=0/3
t=265833  fraction=0.57500  peak_slope=1.001e-05  t_peak=78950  comparison cadence=157901  difference=0.30000  below=0/3
t=239849  fraction=0.54500  peak_slope=8.005e-06  t_peak=80949  comparison cadence=161898  difference=0.40500  below=0/3
t=220861  fraction=0.56500  peak_slope=1.301e-05  t_peak=107932  comparison cadence=215864  difference=0.56500  below=0/3
t=230855  fraction=0.57500  peak_slope=9.006e-06  t_peak=84947  comparison cadence=169893  difference=0.53000  below=0/3
t=266832  fraction=0.57500  peak_slope=1.001e-05  t_peak=78950  comparison cadence=157901  difference=0.29500  below=0/3
t=240848  fraction=0.55500  peak_slope=8.005e-06  t_peak=80949  comparison cadence=161898  difference=0.41000  below=0/3
t=221860  fraction=0.56500  peak_slope=1.301e-05  t_peak=107932  comparison cadence=215864  difference=0.56500  below=0/3
t=231854  fraction=0.58000  peak_slope=9.006e-06  t_peak=84947  comparison cadence=169893  difference=0.53500  below=0/3
t=267831  fraction=0.57500  peak_slope=1.001e-05  t_peak=78950  comparison cadence=157901  difference=0.29000  below=0/3
t=241848  fraction=0.55500  peak_slope=8.005e-06  t_peak=80949  comparison cadence=161898  difference=0.41000  below=0/3
t=222860  fraction=0.56500  peak_slope=1.301e-05  t_peak=107932  comparison cadence=215864  difference=0.56500  below=0/3
t=232853  fraction=0.58000  peak_slope=9.006e-06  t_peak=84947  comparison cadence=169893  difference=0.52000  below=0/3
t=268831  fraction=0.57500  peak_slope=1.001e-05  t_peak=78950  comparison cadence=157901  difference=0.28500  below=0/3
t=242847  fraction=0.55500  peak_slope=8.005e-06  t_peak=80949  comparison cadence=161898  difference=0.39500  below=0/3
t=223859  fraction=0.57000  peak_slope=1.301e-05  t_peak=107932  comparison cadence=215864  difference=0.57000  below=0/3
t=269830  fraction=0.57500  peak_slope=1.001e-05  t_peak=78950  comparison cadence=157901  difference=0.28500  below=0/3
t=233853  fraction=0.58000  peak_slope=9.006e-06  t_peak=84947  comparison cadence=169893  difference=0.52000  below=0/3
t=243847  fraction=0.55500  peak_slope=8.005e-06  t_peak=80949  comparison cadence=161898  difference=0.39000  below=0/3
t=270830  fraction=0.58000  peak_slope=1.001e-05  t_peak=78950  comparison cadence=157901  difference=0.28000  below=0/3
t=224859  fraction=0.57000  peak_slope=1.301e-05  t_peak=107932  comparison cadence=215864  difference=0.57000  below=0/3
t=234852  fraction=0.58000  peak_slope=9.006e-06  t_peak=84947  comparison cadence=169893  difference=0.51000  below=0/3
t=244846  fraction=0.55500  peak_slope=8.005e-06  t_peak=80949  comparison cadence=161898  difference=0.38500  below=0/3
t=271829  fraction=0.58500  peak_slope=1.001e-05  t_peak=78950  comparison cadence=157901  difference=0.28000  below=0/3
t=225858  fraction=0.57000  peak_slope=1.301e-05  t_peak=107932  comparison cadence=215864  difference=0.57000  below=0/3
t=235852  fraction=0.58000  peak_slope=9.006e-06  t_peak=84947  comparison cadence=169893  difference=0.51000  below=0/3
t=245845  fraction=0.55500  peak_slope=8.005e-06  t_peak=80949  comparison cadence=161898  difference=0.37500  below=0/3
t=272828  fraction=0.58500  peak_slope=1.001e-05  t_peak=78950  comparison cadence=157901  difference=0.27000  below=0/3
t=226857  fraction=0.57000  peak_slope=1.301e-05  t_peak=107932  comparison cadence=215864  difference=0.57000  below=0/3
t=236851  fraction=0.58000  peak_slope=9.006e-06  t_peak=84947  comparison cadence=169893  difference=0.51000  below=0/3
t=246845  fraction=0.56000  peak_slope=8.005e-06  t_peak=80949  comparison cadence=161898  difference=0.37500  below=0/3
t=273828  fraction=0.58500  peak_slope=1.001e-05  t_peak=78950  comparison cadence=157901  difference=0.27000  below=0/3
t=227857  fraction=0.57000  peak_slope=1.301e-05  t_peak=107932  comparison cadence=215864  difference=0.57000  below=0/3
t=237850  fraction=0.58000  peak_slope=9.006e-06  t_peak=84947  comparison cadence=169893  difference=0.51000  below=0/3
t=247844  fraction=0.56500  peak_slope=8.005e-06  t_peak=80949  comparison cadence=161898  difference=0.37500  below=0/3
t=274827  fraction=0.58500  peak_slope=1.001e-05  t_peak=78950  comparison cadence=157901  difference=0.26500  below=0/3
t=228856  fraction=0.57500  peak_slope=1.301e-05  t_peak=107932  comparison cadence=215864  difference=0.57500  below=0/3
t=238850  fraction=0.58000  peak_slope=9.006e-06  t_peak=84947  comparison cadence=169893  difference=0.50000  below=0/3
t=275826  fraction=0.59000  peak_slope=1.001e-05  t_peak=78950  comparison cadence=157901  difference=0.26000  below=0/3
t=248843  fraction=0.56500  peak_slope=8.005e-06  t_peak=80949  comparison cadence=161898  difference=0.36500  below=0/3
t=229855  fraction=0.57500  peak_slope=1.301e-05  t_peak=107932  comparison cadence=215864  difference=0.57500  below=0/3
t=239849  fraction=0.58000  peak_slope=9.006e-06  t_peak=84947  comparison cadence=169893  difference=0.49000  below=0/3
t=276826  fraction=0.59000  peak_slope=1.001e-05  t_peak=78950  comparison cadence=157901  difference=0.26000  below=0/3
t=249843  fraction=0.56500  peak_slope=8.005e-06  t_peak=80949  comparison cadence=161898  difference=0.36500  below=0/3
t=230855  fraction=0.57500  peak_slope=1.301e-05  t_peak=107932  comparison cadence=215864  difference=0.57500  below=0/3
t=240848  fraction=0.58000  peak_slope=9.006e-06  t_peak=84947  comparison cadence=169893  difference=0.49000  below=0/3
t=277825  fraction=0.59000  peak_slope=1.001e-05  t_peak=78950  comparison cadence=157901  difference=0.25500  below=0/3
t=250842  fraction=0.56500  peak_slope=8.005e-06  t_peak=80949  comparison cadence=161898  difference=0.36000  below=0/3
t=231854  fraction=0.57500  peak_slope=1.301e-05  t_peak=107932  comparison cadence=215864  difference=0.57500  below=0/3
t=278825  fraction=0.59000  peak_slope=1.001e-05  t_peak=78950  comparison cadence=157901  difference=0.25000  below=0/3
t=241848  fraction=0.58000  peak_slope=9.006e-06  t_peak=84947  comparison cadence=169893  difference=0.48500  below=0/3
t=251842  fraction=0.56500  peak_slope=8.005e-06  t_peak=80949  comparison cadence=161898  difference=0.35500  below=0/3
t=279824  fraction=0.59000  peak_slope=1.001e-05  t_peak=78950  comparison cadence=157901  difference=0.24000  below=0/3
t=232853  fraction=0.57500  peak_slope=1.301e-05  t_peak=107932  comparison cadence=215864  difference=0.57500  below=0/3
t=242847  fraction=0.58000  peak_slope=9.006e-06  t_peak=84947  comparison cadence=169893  difference=0.48000  below=0/3
t=252841  fraction=0.56500  peak_slope=8.005e-06  t_peak=80949  comparison cadence=161898  difference=0.34500  below=0/3
t=280823  fraction=0.59000  peak_slope=1.001e-05  t_peak=78950  comparison cadence=157901  difference=0.23500  below=0/3
t=233853  fraction=0.57500  peak_slope=1.301e-05  t_peak=107932  comparison cadence=215864  difference=0.57500  below=0/3
t=243847  fraction=0.58000  peak_slope=9.006e-06  t_peak=84947  comparison cadence=169893  difference=0.47000  below=0/3
t=253840  fraction=0.56500  peak_slope=8.005e-06  t_peak=80949  comparison cadence=161898  difference=0.33500  below=0/3
t=281823  fraction=0.59000  peak_slope=1.001e-05  t_peak=78950  comparison cadence=157901  difference=0.23000  below=0/3
t=234852  fraction=0.57500  peak_slope=1.301e-05  t_peak=107932  comparison cadence=215864  difference=0.57500  below=0/3
t=244846  fraction=0.58000  peak_slope=9.006e-06  t_peak=84947  comparison cadence=169893  difference=0.45500  below=0/3
t=254840  fraction=0.56500  peak_slope=8.005e-06  t_peak=80949  comparison cadence=161898  difference=0.33500  below=0/3
t=282822  fraction=0.59500  peak_slope=1.001e-05  t_peak=78950  comparison cadence=157901  difference=0.23000  below=0/3
t=235852  fraction=0.57500  peak_slope=1.301e-05  t_peak=107932  comparison cadence=215864  difference=0.57500  below=0/3
t=245845  fraction=0.58000  peak_slope=9.006e-06  t_peak=84947  comparison cadence=169893  difference=0.45500  below=0/3
t=255839  fraction=0.57500  peak_slope=8.005e-06  t_peak=80949  comparison cadence=161898  difference=0.34500  below=0/3
t=283821  fraction=0.59500  peak_slope=1.001e-05  t_peak=78950  comparison cadence=157901  difference=0.21500  below=0/3
t=246845  fraction=0.58000  peak_slope=9.006e-06  t_peak=84947  comparison cadence=169893  difference=0.45500  below=0/3
t=236851  fraction=0.57500  peak_slope=1.301e-05  t_peak=107932  comparison cadence=215864  difference=0.57500  below=0/3
t=256838  fraction=0.57500  peak_slope=8.005e-06  t_peak=80949  comparison cadence=161898  difference=0.34500  below=0/3
t=284821  fraction=0.59500  peak_slope=1.001e-05  t_peak=78950  comparison cadence=157901  difference=0.21500  below=0/3
t=247844  fraction=0.58000  peak_slope=9.006e-06  t_peak=84947  comparison cadence=169893  difference=0.44500  below=0/3
t=237850  fraction=0.57500  peak_slope=1.301e-05  t_peak=107932  comparison cadence=215864  difference=0.57500  below=0/3
t=285820  fraction=0.59500  peak_slope=1.001e-05  t_peak=78950  comparison cadence=157901  difference=0.21500  below=0/3
t=257838  fraction=0.57500  peak_slope=8.005e-06  t_peak=80949  comparison cadence=161898  difference=0.34500  below=0/3
t=248843  fraction=0.58000  peak_slope=9.006e-06  t_peak=84947  comparison cadence=169893  difference=0.44500  below=0/3
t=238850  fraction=0.57500  peak_slope=1.301e-05  t_peak=107932  comparison cadence=215864  difference=0.57500  below=0/3
t=286820  fraction=0.59500  peak_slope=1.001e-05  t_peak=78950  comparison cadence=157901  difference=0.21500  below=0/3
t=258837  fraction=0.57500  peak_slope=8.005e-06  t_peak=80949  comparison cadence=161898  difference=0.34000  below=0/3
t=287819  fraction=0.59500  peak_slope=1.001e-05  t_peak=78950  comparison cadence=157901  difference=0.21500  below=0/3
t=249843  fraction=0.58000  peak_slope=9.006e-06  t_peak=84947  comparison cadence=169893  difference=0.44500  below=0/3
t=239849  fraction=0.58000  peak_slope=1.301e-05  t_peak=107932  comparison cadence=215864  difference=0.58000  below=0/3
t=259836  fraction=0.57500  peak_slope=8.005e-06  t_peak=80949  comparison cadence=161898  difference=0.34000  below=0/3
t=288818  fraction=0.59500  peak_slope=1.001e-05  t_peak=78950  comparison cadence=157901  difference=0.21500  below=0/3
t=250842  fraction=0.58000  peak_slope=9.006e-06  t_peak=84947  comparison cadence=169893  difference=0.43500  below=0/3
t=240848  fraction=0.58000  peak_slope=1.301e-05  t_peak=107932  comparison cadence=215864  difference=0.58000  below=0/3
t=260836  fraction=0.57500  peak_slope=8.005e-06  t_peak=80949  comparison cadence=161898  difference=0.33000  below=0/3
t=289818  fraction=0.59500  peak_slope=1.001e-05  t_peak=78950  comparison cadence=157901  difference=0.21000  below=0/3
t=251842  fraction=0.58500  peak_slope=9.006e-06  t_peak=84947  comparison cadence=169893  difference=0.43500  below=0/3
t=241848  fraction=0.58500  peak_slope=1.301e-05  t_peak=107932  comparison cadence=215864  difference=0.58500  below=0/3
t=261835  fraction=0.58000  peak_slope=8.005e-06  t_peak=80949  comparison cadence=161898  difference=0.33500  below=0/3
t=290817  fraction=0.59500  peak_slope=1.001e-05  t_peak=78950  comparison cadence=157901  difference=0.20000  below=0/3
t=252841  fraction=0.58500  peak_slope=9.006e-06  t_peak=84947  comparison cadence=169893  difference=0.41500  below=0/3
t=242847  fraction=0.58500  peak_slope=1.301e-05  t_peak=107932  comparison cadence=215864  difference=0.58500  below=0/3
t=262835  fraction=0.58000  peak_slope=8.005e-06  t_peak=80949  comparison cadence=161898  difference=0.33500  below=0/3
t=291816  fraction=0.59500  peak_slope=1.001e-05  t_peak=78950  comparison cadence=157901  difference=0.20000  below=0/3
t=253840  fraction=0.58500  peak_slope=9.006e-06  t_peak=84947  comparison cadence=169893  difference=0.41500  below=0/3
t=243847  fraction=0.58500  peak_slope=1.301e-05  t_peak=107932  comparison cadence=215864  difference=0.58500  below=0/3
t=263834  fraction=0.58000  peak_slope=8.005e-06  t_peak=80949  comparison cadence=161898  difference=0.33500  below=0/3
t=292816  fraction=0.59500  peak_slope=1.001e-05  t_peak=78950  comparison cadence=157901  difference=0.19500  below=0/3
t=254840  fraction=0.58500  peak_slope=9.006e-06  t_peak=84947  comparison cadence=169893  difference=0.40500  below=0/3
t=264833  fraction=0.58000  peak_slope=8.005e-06  t_peak=80949  comparison cadence=161898  difference=0.33000  below=0/3
t=244846  fraction=0.58500  peak_slope=1.301e-05  t_peak=107932  comparison cadence=215864  difference=0.58500  below=0/3
t=293815  fraction=0.59500  peak_slope=1.001e-05  t_peak=78950  comparison cadence=157901  difference=0.19500  below=0/3
t=255839  fraction=0.58500  peak_slope=9.006e-06  t_peak=84947  comparison cadence=169893  difference=0.40000  below=0/3
t=265833  fraction=0.58000  peak_slope=8.005e-06  t_peak=80949  comparison cadence=161898  difference=0.33000  below=0/3
t=245845  fraction=0.58500  peak_slope=1.301e-05  t_peak=107932  comparison cadence=215864  difference=0.58500  below=0/3
t=294814  fraction=0.59500  peak_slope=1.001e-05  t_peak=78950  comparison cadence=157901  difference=0.19500  below=0/3
t=256838  fraction=0.58500  peak_slope=9.006e-06  t_peak=84947  comparison cadence=169893  difference=0.40000  below=0/3
t=266832  fraction=0.58000  peak_slope=8.005e-06  t_peak=80949  comparison cadence=161898  difference=0.33000  below=0/3
t=295814  fraction=0.59500  peak_slope=1.001e-05  t_peak=78950  comparison cadence=157901  difference=0.19000  below=0/3
t=246845  fraction=0.58500  peak_slope=1.301e-05  t_peak=107932  comparison cadence=215864  difference=0.58500  below=0/3
t=257838  fraction=0.58500  peak_slope=9.006e-06  t_peak=84947  comparison cadence=169893  difference=0.40000  below=0/3
t=296813  fraction=0.59500  peak_slope=1.001e-05  t_peak=78950  comparison cadence=157901  difference=0.17500  below=0/3
t=267831  fraction=0.58000  peak_slope=8.005e-06  t_peak=80949  comparison cadence=161898  difference=0.33000  below=0/3
t=247844  fraction=0.59000  peak_slope=1.301e-05  t_peak=107932  comparison cadence=215864  difference=0.59000  below=0/3
t=297813  fraction=0.59500  peak_slope=1.001e-05  t_peak=78950  comparison cadence=157901  difference=0.16500  below=0/3
t=258837  fraction=0.58500  peak_slope=9.006e-06  t_peak=84947  comparison cadence=169893  difference=0.40000  below=0/3
t=268831  fraction=0.58000  peak_slope=8.005e-06  t_peak=80949  comparison cadence=161898  difference=0.32500  below=0/3
t=248843  fraction=0.59000  peak_slope=1.301e-05  t_peak=107932  comparison cadence=215864  difference=0.59000  below=0/3
t=298812  fraction=0.59500  peak_slope=1.001e-05  t_peak=78950  comparison cadence=157901  difference=0.16500  below=0/3
t=259836  fraction=0.58500  peak_slope=9.006e-06  t_peak=84947  comparison cadence=169893  difference=0.39500  below=0/3
t=269830  fraction=0.58000  peak_slope=8.005e-06  t_peak=80949  comparison cadence=161898  difference=0.31500  below=0/3
t=249843  fraction=0.59000  peak_slope=1.301e-05  t_peak=107932  comparison cadence=215864  difference=0.59000  below=0/3
t=299811  fraction=0.59500  peak_slope=1.001e-05  t_peak=78950  comparison cadence=157901  difference=0.16500  below=0/3
t=260836  fraction=0.58500  peak_slope=9.006e-06  t_peak=84947  comparison cadence=169893  difference=0.38500  below=0/3
t=270830  fraction=0.58000  peak_slope=8.005e-06  t_peak=80949  comparison cadence=161898  difference=0.31500  below=0/3
t=250842  fraction=0.59000  peak_slope=1.301e-05  t_peak=107932  comparison cadence=215864  difference=0.59000  below=0/3
t=300811  fraction=0.59500  peak_slope=1.001e-05  t_peak=78950  comparison cadence=157901  difference=0.16500  below=0/3
t=271829  fraction=0.58000  peak_slope=8.005e-06  t_peak=80949  comparison cadence=161898  difference=0.30500  below=0/3
t=261835  fraction=0.58500  peak_slope=9.006e-06  t_peak=84947  comparison cadence=169893  difference=0.38500  below=0/3
t=251842  fraction=0.59000  peak_slope=1.301e-05  t_peak=107932  comparison cadence=215864  difference=0.59000  below=0/3
t=301810  fraction=0.59500  peak_slope=1.001e-05  t_peak=78950  comparison cadence=157901  difference=0.16500  below=0/3
t=272828  fraction=0.58000  peak_slope=8.005e-06  t_peak=80949  comparison cadence=161898  difference=0.30500  below=0/3
t=262835  fraction=0.58500  peak_slope=9.006e-06  t_peak=84947  comparison cadence=169893  difference=0.38500  below=0/3
t=252841  fraction=0.59000  peak_slope=1.301e-05  t_peak=107932  comparison cadence=215864  difference=0.59000  below=0/3
t=302809  fraction=0.59500  peak_slope=1.001e-05  t_peak=78950  comparison cadence=157901  difference=0.16500  below=0/3
t=273828  fraction=0.58000  peak_slope=8.005e-06  t_peak=80949  comparison cadence=161898  difference=0.28500  below=0/3
t=263834  fraction=0.58500  peak_slope=9.006e-06  t_peak=84947  comparison cadence=169893  difference=0.38000  below=0/3
t=303809  fraction=0.59500  peak_slope=1.001e-05  t_peak=78950  comparison cadence=157901  difference=0.16500  below=0/3
t=253840  fraction=0.59000  peak_slope=1.301e-05  t_peak=107932  comparison cadence=215864  difference=0.59000  below=0/3
t=274827  fraction=0.58000  peak_slope=8.005e-06  t_peak=80949  comparison cadence=161898  difference=0.28500  below=0/3
t=264833  fraction=0.58500  peak_slope=9.006e-06  t_peak=84947  comparison cadence=169893  difference=0.36500  below=0/3
t=304808  fraction=0.59500  peak_slope=1.001e-05  t_peak=78950  comparison cadence=157901  difference=0.16500  below=0/3
t=254840  fraction=0.59500  peak_slope=1.301e-05  t_peak=107932  comparison cadence=215864  difference=0.59500  below=0/3
t=275826  fraction=0.58000  peak_slope=8.005e-06  t_peak=80949  comparison cadence=161898  difference=0.28500  below=0/3
t=305808  fraction=0.59500  peak_slope=1.001e-05  t_peak=78950  comparison cadence=157901  difference=0.16500  below=0/3
t=265833  fraction=0.58500  peak_slope=9.006e-06  t_peak=84947  comparison cadence=169893  difference=0.36500  below=0/3
t=255839  fraction=0.59500  peak_slope=1.301e-05  t_peak=107932  comparison cadence=215864  difference=0.59500  below=0/3
t=306807  fraction=0.59500  peak_slope=1.001e-05  t_peak=78950  comparison cadence=157901  difference=0.16500  below=0/3
t=276826  fraction=0.58500  peak_slope=8.005e-06  t_peak=80949  comparison cadence=161898  difference=0.27500  below=0/3
t=266832  fraction=0.58500  peak_slope=9.006e-06  t_peak=84947  comparison cadence=169893  difference=0.36000  below=0/3
t=256838  fraction=0.59500  peak_slope=1.301e-05  t_peak=107932  comparison cadence=215864  difference=0.59500  below=0/3
t=307806  fraction=0.59500  peak_slope=1.001e-05  t_peak=78950  comparison cadence=157901  difference=0.16000  below=0/3
t=277825  fraction=0.58500  peak_slope=8.005e-06  t_peak=80949  comparison cadence=161898  difference=0.27000  below=0/3
t=267831  fraction=0.58500  peak_slope=9.006e-06  t_peak=84947  comparison cadence=169893  difference=0.35500  below=0/3
t=257838  fraction=0.59500  peak_slope=1.301e-05  t_peak=107932  comparison cadence=215864  difference=0.59500  below=0/3
t=308806  fraction=0.59500  peak_slope=1.001e-05  t_peak=78950  comparison cadence=157901  difference=0.16000  below=0/3
t=278825  fraction=0.58500  peak_slope=8.005e-06  t_peak=80949  comparison cadence=161898  difference=0.26500  below=0/3
t=268831  fraction=0.58500  peak_slope=9.006e-06  t_peak=84947  comparison cadence=169893  difference=0.35500  below=0/3
t=258837  fraction=0.60000  peak_slope=1.301e-05  t_peak=107932  comparison cadence=215864  difference=0.60000  below=0/3
t=309805  fraction=0.59500  peak_slope=1.001e-05  t_peak=78950  comparison cadence=157901  difference=0.16000  below=0/3
t=279824  fraction=0.58500  peak_slope=8.005e-06  t_peak=80949  comparison cadence=161898  difference=0.26500  below=0/3
t=269830  fraction=0.58500  peak_slope=9.006e-06  t_peak=84947  comparison cadence=169893  difference=0.35000  below=0/3
t=310804  fraction=0.59500  peak_slope=1.001e-05  t_peak=78950  comparison cadence=157901  difference=0.16000  below=0/3
t=259836  fraction=0.60000  peak_slope=1.301e-05  t_peak=107932  comparison cadence=215864  difference=0.60000  below=0/3
t=280823  fraction=0.58500  peak_slope=8.005e-06  t_peak=80949  comparison cadence=161898  difference=0.26500  below=0/3
t=270830  fraction=0.58500  peak_slope=9.006e-06  t_peak=84947  comparison cadence=169893  difference=0.35000  below=0/3
t=311804  fraction=0.60000  peak_slope=1.001e-05  t_peak=78950  comparison cadence=157901  difference=0.16500  below=0/3
t=260836  fraction=0.60500  peak_slope=1.301e-05  t_peak=107932  comparison cadence=215864  difference=0.60500  below=0/3
t=281823  fraction=0.58500  peak_slope=8.005e-06  t_peak=80949  comparison cadence=161898  difference=0.26000  below=0/3
t=271829  fraction=0.58500  peak_slope=9.006e-06  t_peak=84947  comparison cadence=169893  difference=0.35000  below=0/3
t=312803  fraction=0.60000  peak_slope=1.001e-05  t_peak=78950  comparison cadence=157901  difference=0.16500  below=0/3
t=261835  fraction=0.61500  peak_slope=1.301e-05  t_peak=107932  comparison cadence=215864  difference=0.61500  below=0/3
t=282822  fraction=0.58500  peak_slope=8.005e-06  t_peak=80949  comparison cadence=161898  difference=0.26000  below=0/3
t=313803  fraction=0.60000  peak_slope=1.001e-05  t_peak=78950  comparison cadence=157901  difference=0.16500  below=0/3
t=272828  fraction=0.58500  peak_slope=9.006e-06  t_peak=84947  comparison cadence=169893  difference=0.35000  below=0/3
t=262835  fraction=0.61500  peak_slope=1.301e-05  t_peak=107932  comparison cadence=215864  difference=0.61500  below=0/3
t=283821  fraction=0.58500  peak_slope=8.005e-06  t_peak=80949  comparison cadence=161898  difference=0.25500  below=0/3
t=314802  fraction=0.60000  peak_slope=1.001e-05  t_peak=78950  comparison cadence=157901  difference=0.16500  below=0/3
t=273828  fraction=0.58500  peak_slope=9.006e-06  t_peak=84947  comparison cadence=169893  difference=0.35000  below=0/3
t=263834  fraction=0.61500  peak_slope=1.301e-05  t_peak=107932  comparison cadence=215864  difference=0.61500  below=0/3
t=284821  fraction=0.58500  peak_slope=8.005e-06  t_peak=80949  comparison cadence=161898  difference=0.24000  below=0/3
t=315801  fraction=0.60000  peak_slope=1.001e-05  t_peak=78950  comparison cadence=157901  difference=0.16500  below=0/3
t=274827  fraction=0.58500  peak_slope=9.006e-06  t_peak=84947  comparison cadence=169893  difference=0.34500  below=0/3
t=264833  fraction=0.62000  peak_slope=1.301e-05  t_peak=107932  comparison cadence=215864  difference=0.62000  below=0/3
t=316801  fraction=0.60000  peak_slope=1.001e-05  t_peak=78950  comparison cadence=157901  difference=0.16500  below=0/3
t=285820  fraction=0.58500  peak_slope=8.005e-06  t_peak=80949  comparison cadence=161898  difference=0.24000  below=0/3
t=275826  fraction=0.58500  peak_slope=9.006e-06  t_peak=84947  comparison cadence=169893  difference=0.34000  below=0/3
t=317800  fraction=0.60000  peak_slope=1.001e-05  t_peak=78950  comparison cadence=157901  difference=0.16500  below=0/3
t=265833  fraction=0.62000  peak_slope=1.301e-05  t_peak=107932  comparison cadence=215864  difference=0.61500  below=0/3
t=286820  fraction=0.58500  peak_slope=8.005e-06  t_peak=80949  comparison cadence=161898  difference=0.24000  below=0/3
t=276826  fraction=0.58500  peak_slope=9.006e-06  t_peak=84947  comparison cadence=169893  difference=0.33500  below=0/3
t=318799  fraction=0.60000  peak_slope=1.001e-05  t_peak=78950  comparison cadence=157901  difference=0.16500  below=0/3
t=266832  fraction=0.62000  peak_slope=1.301e-05  t_peak=107932  comparison cadence=215864  difference=0.61500  below=0/3
t=287819  fraction=0.58500  peak_slope=8.005e-06  t_peak=80949  comparison cadence=161898  difference=0.24000  below=0/3
t=277825  fraction=0.58500  peak_slope=9.006e-06  t_peak=84947  comparison cadence=169893  difference=0.33000  below=0/3
t=319799  fraction=0.60000  peak_slope=1.001e-05  t_peak=78950  comparison cadence=157901  difference=0.16500  below=0/3
t=288818  fraction=0.58500  peak_slope=8.005e-06  t_peak=80949  comparison cadence=161898  difference=0.24000  below=0/3
t=267831  fraction=0.62000  peak_slope=1.301e-05  t_peak=107932  comparison cadence=215864  difference=0.61500  below=0/3
t=320798  fraction=0.60000  peak_slope=1.001e-05  t_peak=78950  comparison cadence=157901  difference=0.16500  below=0/3
t=278825  fraction=0.59000  peak_slope=9.006e-06  t_peak=84947  comparison cadence=169893  difference=0.33000  below=0/3
t=289818  fraction=0.58500  peak_slope=8.005e-06  t_peak=80949  comparison cadence=161898  difference=0.23500  below=0/3
t=268831  fraction=0.62000  peak_slope=1.301e-05  t_peak=107932  comparison cadence=215864  difference=0.61500  below=0/3
t=321798  fraction=0.60000  peak_slope=1.001e-05  t_peak=78950  comparison cadence=157901  difference=0.16500  below=0/3
t=279824  fraction=0.59000  peak_slope=9.006e-06  t_peak=84947  comparison cadence=169893  difference=0.33000  below=0/3
t=290817  fraction=0.59000  peak_slope=8.005e-06  t_peak=80949  comparison cadence=161898  difference=0.23500  below=0/3
t=269830  fraction=0.62000  peak_slope=1.301e-05  t_peak=107932  comparison cadence=215864  difference=0.61500  below=0/3
t=322797  fraction=0.60000  peak_slope=1.001e-05  t_peak=78950  comparison cadence=157901  difference=0.16500  below=0/3
t=280823  fraction=0.59000  peak_slope=9.006e-06  t_peak=84947  comparison cadence=169893  difference=0.32000  below=0/3
t=291816  fraction=0.59000  peak_slope=8.005e-06  t_peak=80949  comparison cadence=161898  difference=0.23500  below=0/3
t=323796  fraction=0.60000  peak_slope=1.001e-05  t_peak=78950  comparison cadence=157901  difference=0.16500  below=0/3
t=270830  fraction=0.62500  peak_slope=1.301e-05  t_peak=107932  comparison cadence=215864  difference=0.62000  below=0/3
t=281823  fraction=0.59000  peak_slope=9.006e-06  t_peak=84947  comparison cadence=169893  difference=0.31000  below=0/3
t=292816  fraction=0.59000  peak_slope=8.005e-06  t_peak=80949  comparison cadence=161898  difference=0.23500  below=0/3
t=324796  fraction=0.60000  peak_slope=1.001e-05  t_peak=78950  comparison cadence=157901  difference=0.16500  below=0/3
t=271829  fraction=0.62500  peak_slope=1.301e-05  t_peak=107932  comparison cadence=215864  difference=0.61500  below=0/3
t=282822  fraction=0.59000  peak_slope=9.006e-06  t_peak=84947  comparison cadence=169893  difference=0.31000  below=0/3
t=325795  fraction=0.60000  peak_slope=1.001e-05  t_peak=78950  comparison cadence=157901  difference=0.16500  below=0/3
t=293815  fraction=0.59000  peak_slope=8.005e-06  t_peak=80949  comparison cadence=161898  difference=0.23500  below=0/3
t=272828  fraction=0.62500  peak_slope=1.301e-05  t_peak=107932  comparison cadence=215864  difference=0.61000  below=0/3
t=283821  fraction=0.59000  peak_slope=9.006e-06  t_peak=84947  comparison cadence=169893  difference=0.30000  below=0/3
t=326794  fraction=0.60000  peak_slope=1.001e-05  t_peak=78950  comparison cadence=157901  difference=0.16500  below=0/3
t=294814  fraction=0.59000  peak_slope=8.005e-06  t_peak=80949  comparison cadence=161898  difference=0.23500  below=0/3
t=273828  fraction=0.62500  peak_slope=1.301e-05  t_peak=107932  comparison cadence=215864  difference=0.61000  below=0/3
t=284821  fraction=0.59000  peak_slope=9.006e-06  t_peak=84947  comparison cadence=169893  difference=0.30000  below=0/3
t=327794  fraction=0.60000  peak_slope=1.001e-05  t_peak=78950  comparison cadence=157901  difference=0.16500  below=0/3
t=295814  fraction=0.59000  peak_slope=8.005e-06  t_peak=80949  comparison cadence=161898  difference=0.23000  below=0/3
t=274827  fraction=0.62500  peak_slope=1.301e-05  t_peak=107932  comparison cadence=215864  difference=0.61000  below=0/3
t=328793  fraction=0.60000  peak_slope=1.001e-05  t_peak=78950  comparison cadence=157901  difference=0.16500  below=0/3
t=285820  fraction=0.59000  peak_slope=9.006e-06  t_peak=84947  comparison cadence=169893  difference=0.30000  below=0/3
t=296813  fraction=0.59000  peak_slope=8.005e-06  t_peak=80949  comparison cadence=161898  difference=0.22500  below=0/3
t=275826  fraction=0.62500  peak_slope=1.301e-05  t_peak=107932  comparison cadence=215864  difference=0.61000  below=0/3
t=329792  fraction=0.60000  peak_slope=1.001e-05  t_peak=78950  comparison cadence=157901  difference=0.16500  below=0/3
t=286820  fraction=0.59500  peak_slope=9.006e-06  t_peak=84947  comparison cadence=169893  difference=0.30500  below=0/3
t=297813  fraction=0.59000  peak_slope=8.005e-06  t_peak=80949  comparison cadence=161898  difference=0.21000  below=0/3
t=330792  fraction=0.60000  peak_slope=1.001e-05  t_peak=78950  comparison cadence=157901  difference=0.16000  below=0/3
t=276826  fraction=0.62500  peak_slope=1.301e-05  t_peak=107932  comparison cadence=215864  difference=0.61000  below=0/3
t=287819  fraction=0.59500  peak_slope=9.006e-06  t_peak=84947  comparison cadence=169893  difference=0.29500  below=0/3
t=298812  fraction=0.59000  peak_slope=8.005e-06  t_peak=80949  comparison cadence=161898  difference=0.20500  below=0/3
t=331791  fraction=0.60500  peak_slope=1.001e-05  t_peak=78950  comparison cadence=157901  difference=0.16000  below=0/3
t=277825  fraction=0.62500  peak_slope=1.301e-05  t_peak=107932  comparison cadence=215864  difference=0.60500  below=0/3
t=288818  fraction=0.59500  peak_slope=9.006e-06  t_peak=84947  comparison cadence=169893  difference=0.29000  below=0/3
t=299811  fraction=0.59000  peak_slope=8.005e-06  t_peak=80949  comparison cadence=161898  difference=0.20000  below=0/3
t=332791  fraction=0.61000  peak_slope=1.001e-05  t_peak=78950  comparison cadence=157901  difference=0.16500  below=0/3
t=278825  fraction=0.63000  peak_slope=1.301e-05  t_peak=107932  comparison cadence=215864  difference=0.60500  below=0/3
t=289818  fraction=0.59500  peak_slope=9.006e-06  t_peak=84947  comparison cadence=169893  difference=0.29000  below=0/3
t=300811  fraction=0.59000  peak_slope=8.005e-06  t_peak=80949  comparison cadence=161898  difference=0.19500  below=0/3
t=333790  fraction=0.62000  peak_slope=1.001e-05  t_peak=78950  comparison cadence=157901  difference=0.17000  below=0/3
t=279824  fraction=0.63000  peak_slope=1.301e-05  t_peak=107932  comparison cadence=215864  difference=0.60000  below=0/3
t=290817  fraction=0.59500  peak_slope=9.006e-06  t_peak=84947  comparison cadence=169893  difference=0.28500  below=0/3
t=301810  fraction=0.59500  peak_slope=8.005e-06  t_peak=80949  comparison cadence=161898  difference=0.19500  below=0/3
t=334789  fraction=0.62000  peak_slope=1.001e-05  t_peak=78950  comparison cadence=157901  difference=0.16000  below=0/3
t=280823  fraction=0.63000  peak_slope=1.301e-05  t_peak=107932  comparison cadence=215864  difference=0.60000  below=0/3
t=291816  fraction=0.59500  peak_slope=9.006e-06  t_peak=84947  comparison cadence=169893  difference=0.28000  below=0/3
t=302809  fraction=0.59500  peak_slope=8.005e-06  t_peak=80949  comparison cadence=161898  difference=0.19500  below=0/3
t=335789  fraction=0.62000  peak_slope=1.001e-05  t_peak=78950  comparison cadence=157901  difference=0.16000  below=0/3
t=281823  fraction=0.63000  peak_slope=1.301e-05  t_peak=107932  comparison cadence=215864  difference=0.60000  below=0/3
t=336788  fraction=0.62000  peak_slope=1.001e-05  t_peak=78950  comparison cadence=157901  difference=0.16000  below=0/3
t=292816  fraction=0.59500  peak_slope=9.006e-06  t_peak=84947  comparison cadence=169893  difference=0.27000  below=0/3
t=303809  fraction=0.59500  peak_slope=8.005e-06  t_peak=80949  comparison cadence=161898  difference=0.19000  below=0/3
t=337787  fraction=0.62000  peak_slope=1.001e-05  t_peak=78950  comparison cadence=157901  difference=0.16000  below=0/3
t=282822  fraction=0.63000  peak_slope=1.301e-05  t_peak=107932  comparison cadence=215864  difference=0.60000  below=0/3
t=293815  fraction=0.59500  peak_slope=9.006e-06  t_peak=84947  comparison cadence=169893  difference=0.27000  below=0/3
t=304808  fraction=0.59500  peak_slope=8.005e-06  t_peak=80949  comparison cadence=161898  difference=0.18000  below=0/3
t=338787  fraction=0.62000  peak_slope=1.001e-05  t_peak=78950  comparison cadence=157901  difference=0.16000  below=0/3
t=283821  fraction=0.63000  peak_slope=1.301e-05  t_peak=107932  comparison cadence=215864  difference=0.59500  below=0/3
t=294814  fraction=0.59500  peak_slope=9.006e-06  t_peak=84947  comparison cadence=169893  difference=0.27000  below=0/3
t=305808  fraction=0.59500  peak_slope=8.005e-06  t_peak=80949  comparison cadence=161898  difference=0.18000  below=0/3
t=339786  fraction=0.62000  peak_slope=1.001e-05  t_peak=78950  comparison cadence=157901  difference=0.16000  below=0/3
t=284821  fraction=0.63000  peak_slope=1.301e-05  t_peak=107932  comparison cadence=215864  difference=0.59500  below=0/3
t=295814  fraction=0.59500  peak_slope=9.006e-06  t_peak=84947  comparison cadence=169893  difference=0.26500  below=0/3
t=306807  fraction=0.59500  peak_slope=8.005e-06  t_peak=80949  comparison cadence=161898  difference=0.17500  below=0/3
t=340786  fraction=0.62000  peak_slope=1.001e-05  t_peak=78950  comparison cadence=157901  difference=0.15500  below=0/3
t=296813  fraction=0.59500  peak_slope=9.006e-06  t_peak=84947  comparison cadence=169893  difference=0.26000  below=0/3
t=307806  fraction=0.59500  peak_slope=8.005e-06  t_peak=80949  comparison cadence=161898  difference=0.17500  below=0/3
t=285820  fraction=0.63000  peak_slope=1.301e-05  t_peak=107932  comparison cadence=215864  difference=0.59500  below=0/3
t=341785  fraction=0.62500  peak_slope=1.001e-05  t_peak=78950  comparison cadence=157901  difference=0.16000  below=0/3
t=297813  fraction=0.59500  peak_slope=9.006e-06  t_peak=84947  comparison cadence=169893  difference=0.25500  below=0/3
t=308806  fraction=0.59500  peak_slope=8.005e-06  t_peak=80949  comparison cadence=161898  difference=0.17500  below=0/3
t=286820  fraction=0.63000  peak_slope=1.301e-05  t_peak=107932  comparison cadence=215864  difference=0.59000  below=0/3
t=342784  fraction=0.62500  peak_slope=1.001e-05  t_peak=78950  comparison cadence=157901  difference=0.14500  below=0/3
t=309805  fraction=0.59500  peak_slope=8.005e-06  t_peak=80949  comparison cadence=161898  difference=0.17000  below=0/3
t=298812  fraction=0.59500  peak_slope=9.006e-06  t_peak=84947  comparison cadence=169893  difference=0.24500  below=0/3
t=287819  fraction=0.63000  peak_slope=1.301e-05  t_peak=107932  comparison cadence=215864  difference=0.58500  below=0/3
t=343784  fraction=0.62500  peak_slope=1.001e-05  t_peak=78950  comparison cadence=157901  difference=0.14000  below=0/3
t=310804  fraction=0.59500  peak_slope=8.005e-06  t_peak=80949  comparison cadence=161898  difference=0.16500  below=0/3
t=299811  fraction=0.59500  peak_slope=9.006e-06  t_peak=84947  comparison cadence=169893  difference=0.24000  below=0/3
t=288818  fraction=0.63000  peak_slope=1.301e-05  t_peak=107932  comparison cadence=215864  difference=0.58000  below=0/3
t=344783  fraction=0.62500  peak_slope=1.001e-05  t_peak=78950  comparison cadence=157901  difference=0.13500  below=0/3
t=311804  fraction=0.59500  peak_slope=8.005e-06  t_peak=80949  comparison cadence=161898  difference=0.16500  below=0/3
t=300811  fraction=0.60000  peak_slope=9.006e-06  t_peak=84947  comparison cadence=169893  difference=0.23500  below=0/3
t=345782  fraction=0.62500  peak_slope=1.001e-05  t_peak=78950  comparison cadence=157901  difference=0.13500  below=0/3
t=289818  fraction=0.63000  peak_slope=1.301e-05  t_peak=107932  comparison cadence=215864  difference=0.57000  below=0/3
t=312803  fraction=0.59500  peak_slope=8.005e-06  t_peak=80949  comparison cadence=161898  difference=0.16000  below=0/3
t=346782  fraction=0.62500  peak_slope=1.001e-05  t_peak=78950  comparison cadence=157901  difference=0.13500  below=0/3
t=301810  fraction=0.60000  peak_slope=9.006e-06  t_peak=84947  comparison cadence=169893  difference=0.23500  below=0/3
t=290817  fraction=0.63000  peak_slope=1.301e-05  t_peak=107932  comparison cadence=215864  difference=0.56500  below=0/3
t=347781  fraction=0.62500  peak_slope=1.001e-05  t_peak=78950  comparison cadence=157901  difference=0.13500  below=0/3
t=313803  fraction=0.59500  peak_slope=8.005e-06  t_peak=80949  comparison cadence=161898  difference=0.16000  below=0/3
t=302809  fraction=0.60000  peak_slope=9.006e-06  t_peak=84947  comparison cadence=169893  difference=0.23500  below=0/3
t=291816  fraction=0.63000  peak_slope=1.301e-05  t_peak=107932  comparison cadence=215864  difference=0.56500  below=0/3
t=348781  fraction=0.62500  peak_slope=1.001e-05  t_peak=78950  comparison cadence=157901  difference=0.13500  below=0/3
t=314802  fraction=0.59500  peak_slope=8.005e-06  t_peak=80949  comparison cadence=161898  difference=0.16000  below=0/3
t=303809  fraction=0.60000  peak_slope=9.006e-06  t_peak=84947  comparison cadence=169893  difference=0.23000  below=0/3
t=292816  fraction=0.63000  peak_slope=1.301e-05  t_peak=107932  comparison cadence=215864  difference=0.55500  below=0/3
t=349780  fraction=0.62500  peak_slope=1.001e-05  t_peak=78950  comparison cadence=157901  difference=0.13000  below=0/3
t=315801  fraction=0.59500  peak_slope=8.005e-06  t_peak=80949  comparison cadence=161898  difference=0.16000  below=0/3
t=304808  fraction=0.60000  peak_slope=9.006e-06  t_peak=84947  comparison cadence=169893  difference=0.22500  below=0/3
t=293815  fraction=0.63000  peak_slope=1.301e-05  t_peak=107932  comparison cadence=215864  difference=0.55000  below=0/3
t=350779  fraction=0.62500  peak_slope=1.001e-05  t_peak=78950  comparison cadence=157901  difference=0.13000  below=0/3
t=316801  fraction=0.59500  peak_slope=8.005e-06  t_peak=80949  comparison cadence=161898  difference=0.16000  below=0/3
t=305808  fraction=0.60500  peak_slope=9.006e-06  t_peak=84947  comparison cadence=169893  difference=0.21500  below=0/3
t=294814  fraction=0.63500  peak_slope=1.301e-05  t_peak=107932  comparison cadence=215864  difference=0.55500  below=0/3
t=351779  fraction=0.62500  peak_slope=1.001e-05  t_peak=78950  comparison cadence=157901  difference=0.13000  below=0/3
t=317800  fraction=0.59500  peak_slope=8.005e-06  t_peak=80949  comparison cadence=161898  difference=0.16000  below=0/3
t=306807  fraction=0.60500  peak_slope=9.006e-06  t_peak=84947  comparison cadence=169893  difference=0.21500  below=0/3
t=352778  fraction=0.62500  peak_slope=1.001e-05  t_peak=78950  comparison cadence=157901  difference=0.13000  below=0/3
t=295814  fraction=0.63500  peak_slope=1.301e-05  t_peak=107932  comparison cadence=215864  difference=0.55000  below=0/3
t=318799  fraction=0.59500  peak_slope=8.005e-06  t_peak=80949  comparison cadence=161898  difference=0.15500  below=0/3
t=307806  fraction=0.60500  peak_slope=9.006e-06  t_peak=84947  comparison cadence=169893  difference=0.21000  below=0/3
t=353777  fraction=0.62500  peak_slope=1.001e-05  t_peak=78950  comparison cadence=157901  difference=0.13000  below=0/3
t=296813  fraction=0.63500  peak_slope=1.301e-05  t_peak=107932  comparison cadence=215864  difference=0.53500  below=0/3
t=319799  fraction=0.59500  peak_slope=8.005e-06  t_peak=80949  comparison cadence=161898  difference=0.15500  below=0/3
t=308806  fraction=0.60500  peak_slope=9.006e-06  t_peak=84947  comparison cadence=169893  difference=0.21000  below=0/3
t=354777  fraction=0.62500  peak_slope=1.001e-05  t_peak=78950  comparison cadence=157901  difference=0.13000  below=0/3
t=297813  fraction=0.63500  peak_slope=1.301e-05  t_peak=107932  comparison cadence=215864  difference=0.52000  below=0/3
t=320798  fraction=0.59500  peak_slope=8.005e-06  t_peak=80949  comparison cadence=161898  difference=0.15500  below=0/3
t=309805  fraction=0.60500  peak_slope=9.006e-06  t_peak=84947  comparison cadence=169893  difference=0.21000  below=0/3
t=355776  fraction=0.62500  peak_slope=1.001e-05  t_peak=78950  comparison cadence=157901  difference=0.12500  below=0/3
t=298812  fraction=0.63500  peak_slope=1.301e-05  t_peak=107932  comparison cadence=215864  difference=0.51000  below=0/3
t=321798  fraction=0.59500  peak_slope=8.005e-06  t_peak=80949  comparison cadence=161898  difference=0.15500  below=0/3
t=310804  fraction=0.60500  peak_slope=9.006e-06  t_peak=84947  comparison cadence=169893  difference=0.20500  below=0/3
t=356775  fraction=0.62500  peak_slope=1.001e-05  t_peak=78950  comparison cadence=157901  difference=0.12500  below=0/3
t=299811  fraction=0.63500  peak_slope=1.301e-05  t_peak=107932  comparison cadence=215864  difference=0.50500  below=0/3
t=322797  fraction=0.59500  peak_slope=8.005e-06  t_peak=80949  comparison cadence=161898  difference=0.15000  below=0/3
t=357775  fraction=0.62500  peak_slope=1.001e-05  t_peak=78950  comparison cadence=157901  difference=0.12500  below=0/3
t=311804  fraction=0.60500  peak_slope=9.006e-06  t_peak=84947  comparison cadence=169893  difference=0.19500  below=0/3
t=323796  fraction=0.59500  peak_slope=8.005e-06  t_peak=80949  comparison cadence=161898  difference=0.15000  below=0/3
t=300811  fraction=0.63500  peak_slope=1.301e-05  t_peak=107932  comparison cadence=215864  difference=0.50500  below=0/3
t=358774  fraction=0.62500  peak_slope=1.001e-05  t_peak=78950  comparison cadence=157901  difference=0.12000  below=0/3
t=312803  fraction=0.60500  peak_slope=9.006e-06  t_peak=84947  comparison cadence=169893  difference=0.18500  below=0/3
t=324796  fraction=0.59500  peak_slope=8.005e-06  t_peak=80949  comparison cadence=161898  difference=0.15000  below=0/3
t=359774  fraction=0.62500  peak_slope=1.001e-05  t_peak=78950  comparison cadence=157901  difference=0.12000  below=0/3
t=301810  fraction=0.63500  peak_slope=1.301e-05  t_peak=107932  comparison cadence=215864  difference=0.48500  below=0/3
t=313803  fraction=0.60500  peak_slope=9.006e-06  t_peak=84947  comparison cadence=169893  difference=0.18500  below=0/3
t=360773  fraction=0.62500  peak_slope=1.001e-05  t_peak=78950  comparison cadence=157901  difference=0.12000  below=0/3
t=325795  fraction=0.59500  peak_slope=8.005e-06  t_peak=80949  comparison cadence=161898  difference=0.15000  below=0/3
t=302809  fraction=0.63500  peak_slope=1.301e-05  t_peak=107932  comparison cadence=215864  difference=0.47500  below=0/3
t=314802  fraction=0.60500  peak_slope=9.006e-06  t_peak=84947  comparison cadence=169893  difference=0.18500  below=0/3
t=361772  fraction=0.62500  peak_slope=1.001e-05  t_peak=78950  comparison cadence=157901  difference=0.11500  below=0/3
t=326794  fraction=0.59500  peak_slope=8.005e-06  t_peak=80949  comparison cadence=161898  difference=0.15000  below=0/3
t=303809  fraction=0.63500  peak_slope=1.301e-05  t_peak=107932  comparison cadence=215864  difference=0.46000  below=0/3
t=315801  fraction=0.60500  peak_slope=9.006e-06  t_peak=84947  comparison cadence=169893  difference=0.18500  below=0/3
t=362772  fraction=0.62500  peak_slope=1.001e-05  t_peak=78950  comparison cadence=157901  difference=0.11500  below=0/3
t=327794  fraction=0.59500  peak_slope=8.005e-06  t_peak=80949  comparison cadence=161898  difference=0.15000  below=0/3
t=304808  fraction=0.63500  peak_slope=1.301e-05  t_peak=107932  comparison cadence=215864  difference=0.46000  below=0/3
t=316801  fraction=0.60500  peak_slope=9.006e-06  t_peak=84947  comparison cadence=169893  difference=0.18500  below=0/3
t=363771  fraction=0.62500  peak_slope=1.001e-05  t_peak=78950  comparison cadence=157901  difference=0.11500  below=0/3
t=328793  fraction=0.59500  peak_slope=8.005e-06  t_peak=80949  comparison cadence=161898  difference=0.14500  below=0/3
t=317800  fraction=0.61000  peak_slope=9.006e-06  t_peak=84947  comparison cadence=169893  difference=0.17500  below=0/3
t=305808  fraction=0.63500  peak_slope=1.301e-05  t_peak=107932  comparison cadence=215864  difference=0.46000  below=0/3
t=364770  fraction=0.62500  peak_slope=1.001e-05  t_peak=78950  comparison cadence=157901  difference=0.11500  below=0/3
t=329792  fraction=0.59500  peak_slope=8.005e-06  t_peak=80949  comparison cadence=161898  difference=0.14500  below=0/3
t=318799  fraction=0.61000  peak_slope=9.006e-06  t_peak=84947  comparison cadence=169893  difference=0.17500  below=0/3
t=306807  fraction=0.63500  peak_slope=1.301e-05  t_peak=107932  comparison cadence=215864  difference=0.45000  below=0/3
t=365770  fraction=0.62500  peak_slope=1.001e-05  t_peak=78950  comparison cadence=157901  difference=0.11500  below=0/3
t=330792  fraction=0.59500  peak_slope=8.005e-06  t_peak=80949  comparison cadence=161898  difference=0.14500  below=0/3
t=319799  fraction=0.61000  peak_slope=9.006e-06  t_peak=84947  comparison cadence=169893  difference=0.17000  below=0/3
t=307806  fraction=0.63500  peak_slope=1.301e-05  t_peak=107932  comparison cadence=215864  difference=0.44500  below=0/3
t=366769  fraction=0.62500  peak_slope=1.001e-05  t_peak=78950  comparison cadence=157901  difference=0.11500  below=0/3
t=331791  fraction=0.59500  peak_slope=8.005e-06  t_peak=80949  comparison cadence=161898  difference=0.14500  below=0/3
t=320798  fraction=0.61000  peak_slope=9.006e-06  t_peak=84947  comparison cadence=169893  difference=0.17000  below=0/3
t=308806  fraction=0.63500  peak_slope=1.301e-05  t_peak=107932  comparison cadence=215864  difference=0.43500  below=0/3
t=367769  fraction=0.62500  peak_slope=1.001e-05  t_peak=78950  comparison cadence=157901  difference=0.11500  below=0/3
t=332791  fraction=0.59500  peak_slope=8.005e-06  t_peak=80949  comparison cadence=161898  difference=0.14500  below=0/3
t=321798  fraction=0.61500  peak_slope=9.006e-06  t_peak=84947  comparison cadence=169893  difference=0.17000  below=0/3
t=309805  fraction=0.63500  peak_slope=1.301e-05  t_peak=107932  comparison cadence=215864  difference=0.41000  below=0/3
t=368768  fraction=0.63000  peak_slope=1.001e-05  t_peak=78950  comparison cadence=157901  difference=0.12000  below=0/3
t=333790  fraction=0.59500  peak_slope=8.005e-06  t_peak=80949  comparison cadence=161898  difference=0.14500  below=0/3
t=322797  fraction=0.61500  peak_slope=9.006e-06  t_peak=84947  comparison cadence=169893  difference=0.17000  below=0/3
t=369767  fraction=0.63000  peak_slope=1.001e-05  t_peak=78950  comparison cadence=157901  difference=0.11500  below=0/3
t=310804  fraction=0.63500  peak_slope=1.301e-05  t_peak=107932  comparison cadence=215864  difference=0.40500  below=0/3
t=334789  fraction=0.59500  peak_slope=8.005e-06  t_peak=80949  comparison cadence=161898  difference=0.14500  below=0/3
t=323796  fraction=0.61500  peak_slope=9.006e-06  t_peak=84947  comparison cadence=169893  difference=0.16500  below=0/3
t=370767  fraction=0.63000  peak_slope=1.001e-05  t_peak=78950  comparison cadence=157901  difference=0.11500  below=0/3
t=311804  fraction=0.63500  peak_slope=1.301e-05  t_peak=107932  comparison cadence=215864  difference=0.40500  below=0/3
t=335789  fraction=0.59500  peak_slope=8.005e-06  t_peak=80949  comparison cadence=161898  difference=0.14500  below=0/3
t=371766  fraction=0.63000  peak_slope=1.001e-05  t_peak=78950  comparison cadence=157901  difference=0.11500  below=0/3
t=324796  fraction=0.61500  peak_slope=9.006e-06  t_peak=84947  comparison cadence=169893  difference=0.16500  below=0/3
t=312803  fraction=0.63500  peak_slope=1.301e-05  t_peak=107932  comparison cadence=215864  difference=0.40000  below=0/3
t=336788  fraction=0.59500  peak_slope=8.005e-06  t_peak=80949  comparison cadence=161898  difference=0.14500  below=0/3
t=372765  fraction=0.63000  peak_slope=1.001e-05  t_peak=78950  comparison cadence=157901  difference=0.11500  below=0/3
t=325795  fraction=0.62000  peak_slope=9.006e-06  t_peak=84947  comparison cadence=169893  difference=0.17000  below=0/3
t=313803  fraction=0.63500  peak_slope=1.301e-05  t_peak=107932  comparison cadence=215864  difference=0.40000  below=0/3
t=337787  fraction=0.59500  peak_slope=8.005e-06  t_peak=80949  comparison cadence=161898  difference=0.14500  below=0/3
t=373765  fraction=0.63000  peak_slope=1.001e-05  t_peak=78950  comparison cadence=157901  difference=0.11500  below=0/3
t=326794  fraction=0.62000  peak_slope=9.006e-06  t_peak=84947  comparison cadence=169893  difference=0.16000  below=0/3
t=314802  fraction=0.63500  peak_slope=1.301e-05  t_peak=107932  comparison cadence=215864  difference=0.39000  below=0/3
t=338787  fraction=0.59500  peak_slope=8.005e-06  t_peak=80949  comparison cadence=161898  difference=0.14500  below=0/3
t=374764  fraction=0.63000  peak_slope=1.001e-05  t_peak=78950  comparison cadence=157901  difference=0.11000  below=0/3
t=327794  fraction=0.62000  peak_slope=9.006e-06  t_peak=84947  comparison cadence=169893  difference=0.16000  below=0/3
t=315801  fraction=0.63500  peak_slope=1.301e-05  t_peak=107932  comparison cadence=215864  difference=0.39000  below=0/3
t=375764  fraction=0.63000  peak_slope=1.001e-05  t_peak=78950  comparison cadence=157901  difference=0.11000  below=0/3
t=339786  fraction=0.59500  peak_slope=8.005e-06  t_peak=80949  comparison cadence=161898  difference=0.14500  below=0/3
t=328793  fraction=0.62000  peak_slope=9.006e-06  t_peak=84947  comparison cadence=169893  difference=0.15500  below=0/3
t=316801  fraction=0.63500  peak_slope=1.301e-05  t_peak=107932  comparison cadence=215864  difference=0.38500  below=0/3
t=376763  fraction=0.63000  peak_slope=1.001e-05  t_peak=78950  comparison cadence=157901  difference=0.10500  below=0/3
t=340786  fraction=0.59500  peak_slope=8.005e-06  t_peak=80949  comparison cadence=161898  difference=0.14500  below=0/3
t=329792  fraction=0.62000  peak_slope=9.006e-06  t_peak=84947  comparison cadence=169893  difference=0.15500  below=0/3
t=377762  fraction=0.63000  peak_slope=1.001e-05  t_peak=78950  comparison cadence=157901  difference=0.10500  below=0/3
t=317800  fraction=0.63500  peak_slope=1.301e-05  t_peak=107932  comparison cadence=215864  difference=0.38500  below=0/3
t=341785  fraction=0.59500  peak_slope=8.005e-06  t_peak=80949  comparison cadence=161898  difference=0.14500  below=0/3
t=330792  fraction=0.62000  peak_slope=9.006e-06  t_peak=84947  comparison cadence=169893  difference=0.15500  below=0/3
t=378762  fraction=0.63000  peak_slope=1.001e-05  t_peak=78950  comparison cadence=157901  difference=0.10500  below=0/3
t=318799  fraction=0.63500  peak_slope=1.301e-05  t_peak=107932  comparison cadence=215864  difference=0.38500  below=0/3
t=342784  fraction=0.59500  peak_slope=8.005e-06  t_peak=80949  comparison cadence=161898  difference=0.14500  below=0/3
t=331791  fraction=0.62000  peak_slope=9.006e-06  t_peak=84947  comparison cadence=169893  difference=0.14500  below=0/3
t=379761  fraction=0.63000  peak_slope=1.001e-05  t_peak=78950  comparison cadence=157901  difference=0.10500  below=0/3
t=319799  fraction=0.63500  peak_slope=1.301e-05  t_peak=107932  comparison cadence=215864  difference=0.37500  below=0/3
t=343784  fraction=0.59500  peak_slope=8.005e-06  t_peak=80949  comparison cadence=161898  difference=0.14500  below=0/3
t=332791  fraction=0.62000  peak_slope=9.006e-06  t_peak=84947  comparison cadence=169893  difference=0.14500  below=0/3
t=380760  fraction=0.63000  peak_slope=1.001e-05  t_peak=78950  comparison cadence=157901  difference=0.10500  below=0/3
t=320798  fraction=0.63500  peak_slope=1.301e-05  t_peak=107932  comparison cadence=215864  difference=0.37500  below=0/3
t=344783  fraction=0.59500  peak_slope=8.005e-06  t_peak=80949  comparison cadence=161898  difference=0.14500  below=0/3
t=333790  fraction=0.62000  peak_slope=9.006e-06  t_peak=84947  comparison cadence=169893  difference=0.14500  below=0/3
t=381760  fraction=0.63000  peak_slope=1.001e-05  t_peak=78950  comparison cadence=157901  difference=0.10500  below=0/3
t=345782  fraction=0.59500  peak_slope=8.005e-06  t_peak=80949  comparison cadence=161898  difference=0.14500  below=0/3
t=321798  fraction=0.63500  peak_slope=1.301e-05  t_peak=107932  comparison cadence=215864  difference=0.37000  below=0/3
t=334789  fraction=0.62000  peak_slope=9.006e-06  t_peak=84947  comparison cadence=169893  difference=0.14000  below=0/3
t=382759  fraction=0.63000  peak_slope=1.001e-05  t_peak=78950  comparison cadence=157901  difference=0.10500  below=0/3
t=346782  fraction=0.59500  peak_slope=8.005e-06  t_peak=80949  comparison cadence=161898  difference=0.13500  below=0/3
t=322797  fraction=0.63500  peak_slope=1.301e-05  t_peak=107932  comparison cadence=215864  difference=0.35000  below=0/3
t=383759  fraction=0.63000  peak_slope=1.001e-05  t_peak=78950  comparison cadence=157901  difference=0.10000  below=0/3
t=335789  fraction=0.62000  peak_slope=9.006e-06  t_peak=84947  comparison cadence=169893  difference=0.13000  below=0/3
t=347781  fraction=0.59500  peak_slope=8.005e-06  t_peak=80949  comparison cadence=161898  difference=0.13000  below=0/3
t=384758  fraction=0.63000  peak_slope=1.001e-05  t_peak=78950  comparison cadence=157901  difference=0.09500  below=0/3
t=323796  fraction=0.63500  peak_slope=1.301e-05  t_peak=107932  comparison cadence=215864  difference=0.32000  below=0/3
t=336788  fraction=0.62000  peak_slope=9.006e-06  t_peak=84947  comparison cadence=169893  difference=0.12500  below=0/3
t=348781  fraction=0.59500  peak_slope=8.005e-06  t_peak=80949  comparison cadence=161898  difference=0.13000  below=0/3
t=385757  fraction=0.63000  peak_slope=1.001e-05  t_peak=78950  comparison cadence=157901  difference=0.09500  below=0/3
t=324796  fraction=0.63500  peak_slope=1.301e-05  t_peak=107932  comparison cadence=215864  difference=0.31000  below=0/3
t=337787  fraction=0.62000  peak_slope=9.006e-06  t_peak=84947  comparison cadence=169893  difference=0.12500  below=0/3
t=386757  fraction=0.63000  peak_slope=1.001e-05  t_peak=78950  comparison cadence=157901  difference=0.09500  below=0/3
t=349780  fraction=0.59500  peak_slope=8.005e-06  t_peak=80949  comparison cadence=161898  difference=0.13000  below=0/3
t=325795  fraction=0.63500  peak_slope=1.301e-05  t_peak=107932  comparison cadence=215864  difference=0.31000  below=0/3
t=338787  fraction=0.62000  peak_slope=9.006e-06  t_peak=84947  comparison cadence=169893  difference=0.12500  below=0/3
t=387756  fraction=0.63000  peak_slope=1.001e-05  t_peak=78950  comparison cadence=157901  difference=0.09500  below=0/3
t=350779  fraction=0.59500  peak_slope=8.005e-06  t_peak=80949  comparison cadence=161898  difference=0.13000  below=0/3
t=339786  fraction=0.62000  peak_slope=9.006e-06  t_peak=84947  comparison cadence=169893  difference=0.11500  below=0/3
t=326794  fraction=0.64000  peak_slope=1.301e-05  t_peak=107932  comparison cadence=215864  difference=0.31000  below=0/3
t=388755  fraction=0.63000  peak_slope=1.001e-05  t_peak=78950  comparison cadence=157901  difference=0.09000  below=0/3
t=351779  fraction=0.59500  peak_slope=8.005e-06  t_peak=80949  comparison cadence=161898  difference=0.12500  below=0/3
t=340786  fraction=0.62000  peak_slope=9.006e-06  t_peak=84947  comparison cadence=169893  difference=0.11000  below=0/3
t=327794  fraction=0.64500  peak_slope=1.301e-05  t_peak=107932  comparison cadence=215864  difference=0.31500  below=0/3
t=389755  fraction=0.63000  peak_slope=1.001e-05  t_peak=78950  comparison cadence=157901  difference=0.09000  below=0/3
t=352778  fraction=0.59500  peak_slope=8.005e-06  t_peak=80949  comparison cadence=161898  difference=0.12500  below=0/3
t=341785  fraction=0.62000  peak_slope=9.006e-06  t_peak=84947  comparison cadence=169893  difference=0.11000  below=0/3
t=328793  fraction=0.64500  peak_slope=1.301e-05  t_peak=107932  comparison cadence=215864  difference=0.31000  below=0/3
t=390754  fraction=0.63500  peak_slope=1.001e-05  t_peak=78950  comparison cadence=157901  difference=0.09500  below=0/3
t=353777  fraction=0.59500  peak_slope=8.005e-06  t_peak=80949  comparison cadence=161898  difference=0.11500  below=0/3
t=342784  fraction=0.62500  peak_slope=9.006e-06  t_peak=84947  comparison cadence=169893  difference=0.11000  below=0/3
t=391753  fraction=0.63500  peak_slope=1.001e-05  t_peak=78950  comparison cadence=157901  difference=0.09500  below=0/3
t=329792  fraction=0.64500  peak_slope=1.301e-05  t_peak=107932  comparison cadence=215864  difference=0.31000  below=0/3
t=354777  fraction=0.59500  peak_slope=8.005e-06  t_peak=80949  comparison cadence=161898  difference=0.11000  below=0/3
t=343784  fraction=0.62500  peak_slope=9.006e-06  t_peak=84947  comparison cadence=169893  difference=0.11000  below=0/3
t=392753  fraction=0.63500  peak_slope=1.001e-05  t_peak=78950  comparison cadence=157901  difference=0.09500  below=0/3
t=330792  fraction=0.64500  peak_slope=1.301e-05  t_peak=107932  comparison cadence=215864  difference=0.30500  below=0/3
t=355776  fraction=0.59500  peak_slope=8.005e-06  t_peak=80949  comparison cadence=161898  difference=0.10500  below=0/3
t=344783  fraction=0.62500  peak_slope=9.006e-06  t_peak=84947  comparison cadence=169893  difference=0.11000  below=0/3
t=393752  fraction=0.63500  peak_slope=1.001e-05  t_peak=78950  comparison cadence=157901  difference=0.09500  below=0/3
t=331791  fraction=0.64500  peak_slope=1.301e-05  t_peak=107932  comparison cadence=215864  difference=0.30500  below=0/3
t=356775  fraction=0.59500  peak_slope=8.005e-06  t_peak=80949  comparison cadence=161898  difference=0.10500  below=0/3
t=394752  fraction=0.63500  peak_slope=1.001e-05  t_peak=78950  comparison cadence=157901  difference=0.09500  below=0/3
t=345782  fraction=0.62500  peak_slope=9.006e-06  t_peak=84947  comparison cadence=169893  difference=0.11000  below=0/3
t=332791  fraction=0.65000  peak_slope=1.301e-05  t_peak=107932  comparison cadence=215864  difference=0.30500  below=0/3
t=395751  fraction=0.64000  peak_slope=1.001e-05  t_peak=78950  comparison cadence=157901  difference=0.09500  below=0/3
t=357775  fraction=0.59500  peak_slope=8.005e-06  t_peak=80949  comparison cadence=161898  difference=0.10000  below=0/3
t=346782  fraction=0.62500  peak_slope=9.006e-06  t_peak=84947  comparison cadence=169893  difference=0.11000  below=0/3
t=333790  fraction=0.65000  peak_slope=1.301e-05  t_peak=107932  comparison cadence=215864  difference=0.30500  below=0/3
t=396750  fraction=0.64000  peak_slope=1.001e-05  t_peak=78950  comparison cadence=157901  difference=0.09500  below=0/3
t=358774  fraction=0.59500  peak_slope=8.005e-06  t_peak=80949  comparison cadence=161898  difference=0.09500  below=0/3
t=347781  fraction=0.62500  peak_slope=9.006e-06  t_peak=84947  comparison cadence=169893  difference=0.11000  below=0/3
t=334789  fraction=0.65000  peak_slope=1.301e-05  t_peak=107932  comparison cadence=215864  difference=0.30000  below=0/3
t=397750  fraction=0.64000  peak_slope=1.001e-05  t_peak=78950  comparison cadence=157901  difference=0.09500  below=0/3
t=359774  fraction=0.59500  peak_slope=8.005e-06  t_peak=80949  comparison cadence=161898  difference=0.09000  below=0/3
t=348781  fraction=0.63000  peak_slope=9.006e-06  t_peak=84947  comparison cadence=169893  difference=0.11500  below=0/3
t=398749  fraction=0.64000  peak_slope=1.001e-05  t_peak=78950  comparison cadence=157901  difference=0.09500  below=0/3
t=335789  fraction=0.65000  peak_slope=1.301e-05  t_peak=107932  comparison cadence=215864  difference=0.29500  below=0/3
t=360773  fraction=0.59500  peak_slope=8.005e-06  t_peak=80949  comparison cadence=161898  difference=0.08500  below=0/3
t=349780  fraction=0.63000  peak_slope=9.006e-06  t_peak=84947  comparison cadence=169893  difference=0.11000  below=0/3
t=399748  fraction=0.64000  peak_slope=1.001e-05  t_peak=78950  comparison cadence=157901  difference=0.09000  below=0/3
t=336788  fraction=0.65000  peak_slope=1.301e-05  t_peak=107932  comparison cadence=215864  difference=0.29500  below=0/3
t=361772  fraction=0.59500  peak_slope=8.005e-06  t_peak=80949  comparison cadence=161898  difference=0.08500  below=0/3
t=350779  fraction=0.63000  peak_slope=9.006e-06  t_peak=84947  comparison cadence=169893  difference=0.11000  below=0/3
t=400748  fraction=0.64000  peak_slope=1.001e-05  t_peak=78950  comparison cadence=157901  difference=0.09000  below=0/3
t=337787  fraction=0.65000  peak_slope=1.301e-05  t_peak=107932  comparison cadence=215864  difference=0.29000  below=0/3
t=362772  fraction=0.59500  peak_slope=8.005e-06  t_peak=80949  comparison cadence=161898  difference=0.08500  below=0/3
t=351779  fraction=0.63000  peak_slope=9.006e-06  t_peak=84947  comparison cadence=169893  difference=0.11000  below=0/3
t=401747  fraction=0.64000  peak_slope=1.001e-05  t_peak=78950  comparison cadence=157901  difference=0.08500  below=0/3
t=338787  fraction=0.65000  peak_slope=1.301e-05  t_peak=107932  comparison cadence=215864  difference=0.29000  below=0/3
t=363771  fraction=0.60000  peak_slope=8.005e-06  t_peak=80949  comparison cadence=161898  difference=0.09000  below=0/3
t=352778  fraction=0.63000  peak_slope=9.006e-06  t_peak=84947  comparison cadence=169893  difference=0.10500  below=0/3
t=402747  fraction=0.64500  peak_slope=1.001e-05  t_peak=78950  comparison cadence=157901  difference=0.08500  below=0/3
t=339786  fraction=0.65000  peak_slope=1.301e-05  t_peak=107932  comparison cadence=215864  difference=0.29000  below=0/3
t=364770  fraction=0.60000  peak_slope=8.005e-06  t_peak=80949  comparison cadence=161898  difference=0.09000  below=0/3
t=403746  fraction=0.64500  peak_slope=1.001e-05  t_peak=78950  comparison cadence=157901  difference=0.08500  below=0/3
t=353777  fraction=0.63000  peak_slope=9.006e-06  t_peak=84947  comparison cadence=169893  difference=0.10500  below=0/3
t=404745  fraction=0.64500  peak_slope=1.001e-05  t_peak=78950  comparison cadence=157901  difference=0.08500  below=0/3
t=340786  fraction=0.65500  peak_slope=1.301e-05  t_peak=107932  comparison cadence=215864  difference=0.29500  below=0/3
t=365770  fraction=0.60000  peak_slope=8.005e-06  t_peak=80949  comparison cadence=161898  difference=0.09000  below=0/3
t=354777  fraction=0.63500  peak_slope=9.006e-06  t_peak=84947  comparison cadence=169893  difference=0.11000  below=0/3
t=405745  fraction=0.64500  peak_slope=1.001e-05  t_peak=78950  comparison cadence=157901  difference=0.08500  below=0/3
t=341785  fraction=0.65500  peak_slope=1.301e-05  t_peak=107932  comparison cadence=215864  difference=0.29000  below=0/3
t=366769  fraction=0.60000  peak_slope=8.005e-06  t_peak=80949  comparison cadence=161898  difference=0.09000  below=0/3
t=355776  fraction=0.63500  peak_slope=9.006e-06  t_peak=84947  comparison cadence=169893  difference=0.10000  below=0/3
t=406744  fraction=0.64500  peak_slope=1.001e-05  t_peak=78950  comparison cadence=157901  difference=0.08000  below=0/3
t=367769  fraction=0.60000  peak_slope=8.005e-06  t_peak=80949  comparison cadence=161898  difference=0.09000  below=0/3
t=356775  fraction=0.63500  peak_slope=9.006e-06  t_peak=84947  comparison cadence=169893  difference=0.10000  below=0/3
t=342784  fraction=0.65500  peak_slope=1.301e-05  t_peak=107932  comparison cadence=215864  difference=0.28500  below=0/3
t=407743  fraction=0.64500  peak_slope=1.001e-05  t_peak=78950  comparison cadence=157901  difference=0.08000  below=0/3
t=368768  fraction=0.60500  peak_slope=8.005e-06  t_peak=80949  comparison cadence=161898  difference=0.09500  below=0/3
t=357775  fraction=0.63500  peak_slope=9.006e-06  t_peak=84947  comparison cadence=169893  difference=0.09000  below=0/3
t=343784  fraction=0.65500  peak_slope=1.301e-05  t_peak=107932  comparison cadence=215864  difference=0.28500  below=0/3
t=408743  fraction=0.64500  peak_slope=1.001e-05  t_peak=78950  comparison cadence=157901  difference=0.08000  below=0/3
t=358774  fraction=0.63500  peak_slope=9.006e-06  t_peak=84947  comparison cadence=169893  difference=0.09000  below=0/3
t=369767  fraction=0.60500  peak_slope=8.005e-06  t_peak=80949  comparison cadence=161898  difference=0.09500  below=0/3
t=344783  fraction=0.65500  peak_slope=1.301e-05  t_peak=107932  comparison cadence=215864  difference=0.28500  below=0/3
t=409742  fraction=0.64500  peak_slope=1.001e-05  t_peak=78950  comparison cadence=157901  difference=0.08000  below=0/3
t=359774  fraction=0.63500  peak_slope=9.006e-06  t_peak=84947  comparison cadence=169893  difference=0.09000  below=0/3
t=370767  fraction=0.60500  peak_slope=8.005e-06  t_peak=80949  comparison cadence=161898  difference=0.09500  below=0/3
t=345782  fraction=0.65500  peak_slope=1.301e-05  t_peak=107932  comparison cadence=215864  difference=0.28500  below=0/3
t=410742  fraction=0.64500  peak_slope=1.001e-05  t_peak=78950  comparison cadence=157901  difference=0.08000  below=0/3
t=360773  fraction=0.63500  peak_slope=9.006e-06  t_peak=84947  comparison cadence=169893  difference=0.09000  below=0/3
t=371766  fraction=0.60500  peak_slope=8.005e-06  t_peak=80949  comparison cadence=161898  difference=0.09500  below=0/3
t=411741  fraction=0.64500  peak_slope=1.001e-05  t_peak=78950  comparison cadence=157901  difference=0.08000  below=0/3
t=346782  fraction=0.65500  peak_slope=1.301e-05  t_peak=107932  comparison cadence=215864  difference=0.28500  below=0/3
t=361772  fraction=0.63500  peak_slope=9.006e-06  t_peak=84947  comparison cadence=169893  difference=0.09000  below=0/3
t=372765  fraction=0.60500  peak_slope=8.005e-06  t_peak=80949  comparison cadence=161898  difference=0.09500  below=0/3
t=412740  fraction=0.64500  peak_slope=1.001e-05  t_peak=78950  comparison cadence=157901  difference=0.08000  below=0/3
t=347781  fraction=0.65500  peak_slope=1.301e-05  t_peak=107932  comparison cadence=215864  difference=0.28000  below=0/3
t=413740  fraction=0.64500  peak_slope=1.001e-05  t_peak=78950  comparison cadence=157901  difference=0.08000  below=0/3
t=362772  fraction=0.63500  peak_slope=9.006e-06  t_peak=84947  comparison cadence=169893  difference=0.08500  below=0/3
t=373765  fraction=0.60500  peak_slope=8.005e-06  t_peak=80949  comparison cadence=161898  difference=0.09500  below=0/3
t=348781  fraction=0.65500  peak_slope=1.301e-05  t_peak=107932  comparison cadence=215864  difference=0.28000  below=0/3
t=414739  fraction=0.64500  peak_slope=1.001e-05  t_peak=78950  comparison cadence=157901  difference=0.08000  below=0/3
t=363771  fraction=0.63500  peak_slope=9.006e-06  t_peak=84947  comparison cadence=169893  difference=0.08500  below=0/3
t=374764  fraction=0.60500  peak_slope=8.005e-06  t_peak=80949  comparison cadence=161898  difference=0.09500  below=0/3
t=349780  fraction=0.65500  peak_slope=1.301e-05  t_peak=107932  comparison cadence=215864  difference=0.28000  below=0/3
t=415738  fraction=0.64500  peak_slope=1.001e-05  t_peak=78950  comparison cadence=157901  difference=0.08000  below=0/3
t=364770  fraction=0.63500  peak_slope=9.006e-06  t_peak=84947  comparison cadence=169893  difference=0.08500  below=0/3
t=375764  fraction=0.60500  peak_slope=8.005e-06  t_peak=80949  comparison cadence=161898  difference=0.09000  below=0/3
t=350779  fraction=0.66000  peak_slope=1.301e-05  t_peak=107932  comparison cadence=215864  difference=0.28000  below=0/3
t=416738  fraction=0.64500  peak_slope=1.001e-05  t_peak=78950  comparison cadence=157901  difference=0.08000  below=0/3
t=365770  fraction=0.63500  peak_slope=9.006e-06  t_peak=84947  comparison cadence=169893  difference=0.08500  below=0/3
t=376763  fraction=0.61000  peak_slope=8.005e-06  t_peak=80949  comparison cadence=161898  difference=0.09500  below=0/3
t=417737  fraction=0.64500  peak_slope=1.001e-05  t_peak=78950  comparison cadence=157901  difference=0.08000  below=0/3
t=351779  fraction=0.66000  peak_slope=1.301e-05  t_peak=107932  comparison cadence=215864  difference=0.27500  below=0/3
t=377762  fraction=0.61000  peak_slope=8.005e-06  t_peak=80949  comparison cadence=161898  difference=0.09500  below=0/3
t=366769  fraction=0.64000  peak_slope=9.006e-06  t_peak=84947  comparison cadence=169893  difference=0.09000  below=0/3
t=418737  fraction=0.64500  peak_slope=1.001e-05  t_peak=78950  comparison cadence=157901  difference=0.08000  below=0/3
t=352778  fraction=0.66000  peak_slope=1.301e-05  t_peak=107932  comparison cadence=215864  difference=0.27000  below=0/3
t=378762  fraction=0.61000  peak_slope=8.005e-06  t_peak=80949  comparison cadence=161898  difference=0.09500  below=0/3
t=367769  fraction=0.64000  peak_slope=9.006e-06  t_peak=84947  comparison cadence=169893  difference=0.09000  below=0/3
t=419736  fraction=0.64500  peak_slope=1.001e-05  t_peak=78950  comparison cadence=157901  difference=0.08000  below=0/3
t=353777  fraction=0.66000  peak_slope=1.301e-05  t_peak=107932  comparison cadence=215864  difference=0.27000  below=0/3
t=379761  fraction=0.61000  peak_slope=8.005e-06  t_peak=80949  comparison cadence=161898  difference=0.09500  below=0/3
t=368768  fraction=0.64000  peak_slope=9.006e-06  t_peak=84947  comparison cadence=169893  difference=0.09000  below=0/3
t=420735  fraction=0.64500  peak_slope=1.001e-05  t_peak=78950  comparison cadence=157901  difference=0.07500  below=0/3
t=354777  fraction=0.66000  peak_slope=1.301e-05  t_peak=107932  comparison cadence=215864  difference=0.27000  below=0/3
t=421735  fraction=0.64500  peak_slope=1.001e-05  t_peak=78950  comparison cadence=157901  difference=0.07500  below=0/3
t=380760  fraction=0.61000  peak_slope=8.005e-06  t_peak=80949  comparison cadence=161898  difference=0.09500  below=0/3
t=369767  fraction=0.64000  peak_slope=9.006e-06  t_peak=84947  comparison cadence=169893  difference=0.09000  below=0/3
t=355776  fraction=0.66000  peak_slope=1.301e-05  t_peak=107932  comparison cadence=215864  difference=0.27000  below=0/3
t=422734  fraction=0.64500  peak_slope=1.001e-05  t_peak=78950  comparison cadence=157901  difference=0.07500  below=0/3
t=381760  fraction=0.61000  peak_slope=8.005e-06  t_peak=80949  comparison cadence=161898  difference=0.09500  below=0/3
t=370767  fraction=0.64000  peak_slope=9.006e-06  t_peak=84947  comparison cadence=169893  difference=0.09000  below=0/3
t=423733  fraction=0.64500  peak_slope=1.001e-05  t_peak=78950  comparison cadence=157901  difference=0.07000  below=0/3
t=356775  fraction=0.66000  peak_slope=1.301e-05  t_peak=107932  comparison cadence=215864  difference=0.27000  below=0/3
t=382759  fraction=0.61000  peak_slope=8.005e-06  t_peak=80949  comparison cadence=161898  difference=0.09000  below=0/3
t=371766  fraction=0.64000  peak_slope=9.006e-06  t_peak=84947  comparison cadence=169893  difference=0.09000  below=0/3
t=424733  fraction=0.64500  peak_slope=1.001e-05  t_peak=78950  comparison cadence=157901  difference=0.07000  below=0/3
t=357775  fraction=0.66000  peak_slope=1.301e-05  t_peak=107932  comparison cadence=215864  difference=0.26500  below=0/3
t=383759  fraction=0.61000  peak_slope=8.005e-06  t_peak=80949  comparison cadence=161898  difference=0.09000  below=0/3
t=372765  fraction=0.64000  peak_slope=9.006e-06  t_peak=84947  comparison cadence=169893  difference=0.09000  below=0/3
t=425732  fraction=0.64500  peak_slope=1.001e-05  t_peak=78950  comparison cadence=157901  difference=0.07000  below=0/3
t=358774  fraction=0.66000  peak_slope=1.301e-05  t_peak=107932  comparison cadence=215864  difference=0.26500  below=0/3
t=384758  fraction=0.61000  peak_slope=8.005e-06  t_peak=80949  comparison cadence=161898  difference=0.09000  below=0/3
t=373765  fraction=0.64000  peak_slope=9.006e-06  t_peak=84947  comparison cadence=169893  difference=0.09000  below=0/3
t=426731  fraction=0.64500  peak_slope=1.001e-05  t_peak=78950  comparison cadence=157901  difference=0.07000  below=0/3
t=385757  fraction=0.61000  peak_slope=8.005e-06  t_peak=80949  comparison cadence=161898  difference=0.08500  below=0/3
t=359774  fraction=0.66000  peak_slope=1.301e-05  t_peak=107932  comparison cadence=215864  difference=0.26000  below=0/3
t=374764  fraction=0.64000  peak_slope=9.006e-06  t_peak=84947  comparison cadence=169893  difference=0.09000  below=0/3
t=427731  fraction=0.64500  peak_slope=1.001e-05  t_peak=78950  comparison cadence=157901  difference=0.07000  below=0/3
t=386757  fraction=0.61000  peak_slope=8.005e-06  t_peak=80949  comparison cadence=161898  difference=0.08000  below=0/3
t=375764  fraction=0.64000  peak_slope=9.006e-06  t_peak=84947  comparison cadence=169893  difference=0.09000  below=0/3
t=360773  fraction=0.66000  peak_slope=1.301e-05  t_peak=107932  comparison cadence=215864  difference=0.25500  below=0/3
t=428730  fraction=0.64500  peak_slope=1.001e-05  t_peak=78950  comparison cadence=157901  difference=0.06500  below=0/3
t=387756  fraction=0.61000  peak_slope=8.005e-06  t_peak=80949  comparison cadence=161898  difference=0.08000  below=0/3
t=376763  fraction=0.64000  peak_slope=9.006e-06  t_peak=84947  comparison cadence=169893  difference=0.09000  below=0/3
t=361772  fraction=0.66000  peak_slope=1.301e-05  t_peak=107932  comparison cadence=215864  difference=0.25000  below=0/3
t=429730  fraction=0.64500  peak_slope=1.001e-05  t_peak=78950  comparison cadence=157901  difference=0.06000  below=0/3
t=388755  fraction=0.61000  peak_slope=8.005e-06  t_peak=80949  comparison cadence=161898  difference=0.07500  below=0/3
t=377762  fraction=0.64000  peak_slope=9.006e-06  t_peak=84947  comparison cadence=169893  difference=0.08500  below=0/3
t=430729  fraction=0.64500  peak_slope=1.001e-05  t_peak=78950  comparison cadence=157901  difference=0.06000  below=0/3
t=362772  fraction=0.66000  peak_slope=1.301e-05  t_peak=107932  comparison cadence=215864  difference=0.25000  below=0/3
t=431728  fraction=0.64500  peak_slope=1.001e-05  t_peak=78950  comparison cadence=157901  difference=0.06000  below=0/3
t=389755  fraction=0.61000  peak_slope=8.005e-06  t_peak=80949  comparison cadence=161898  difference=0.07500  below=0/3
t=378762  fraction=0.64000  peak_slope=9.006e-06  t_peak=84947  comparison cadence=169893  difference=0.08500  below=0/3
t=363771  fraction=0.66000  peak_slope=1.301e-05  t_peak=107932  comparison cadence=215864  difference=0.24500  below=0/3
t=432728  fraction=0.64500  peak_slope=1.001e-05  t_peak=78950  comparison cadence=157901  difference=0.06000  below=0/3
t=379761  fraction=0.64000  peak_slope=9.006e-06  t_peak=84947  comparison cadence=169893  difference=0.08500  below=0/3
t=390754  fraction=0.61000  peak_slope=8.005e-06  t_peak=80949  comparison cadence=161898  difference=0.07500  below=0/3
t=364770  fraction=0.66000  peak_slope=1.301e-05  t_peak=107932  comparison cadence=215864  difference=0.24500  below=0/3
t=433727  fraction=0.64500  peak_slope=1.001e-05  t_peak=78950  comparison cadence=157901  difference=0.05500  below=0/3
t=380760  fraction=0.64500  peak_slope=9.006e-06  t_peak=84947  comparison cadence=169893  difference=0.09000  below=0/3
t=391753  fraction=0.61000  peak_slope=8.005e-06  t_peak=80949  comparison cadence=161898  difference=0.07000  below=0/3
t=365770  fraction=0.66000  peak_slope=1.301e-05  t_peak=107932  comparison cadence=215864  difference=0.24500  below=0/3
t=434726  fraction=0.64500  peak_slope=1.001e-05  t_peak=78950  comparison cadence=157901  difference=0.05500  below=0/3
t=381760  fraction=0.64500  peak_slope=9.006e-06  t_peak=84947  comparison cadence=169893  difference=0.09000  below=0/3
t=392753  fraction=0.61000  peak_slope=8.005e-06  t_peak=80949  comparison cadence=161898  difference=0.07000  below=0/3
t=366769  fraction=0.66500  peak_slope=1.301e-05  t_peak=107932  comparison cadence=215864  difference=0.24500  below=0/3
t=435726  fraction=0.64500  peak_slope=1.001e-05  t_peak=78950  comparison cadence=157901  difference=0.05500  below=0/3
t=382759  fraction=0.64500  peak_slope=9.006e-06  t_peak=84947  comparison cadence=169893  difference=0.09000  below=0/3
t=393752  fraction=0.61000  peak_slope=8.005e-06  t_peak=80949  comparison cadence=161898  difference=0.07000  below=0/3
t=367769  fraction=0.66500  peak_slope=1.301e-05  t_peak=107932  comparison cadence=215864  difference=0.24000  below=0/3
t=436725  fraction=0.64500  peak_slope=1.001e-05  t_peak=78950  comparison cadence=157901  difference=0.05500  below=0/3
t=383759  fraction=0.64500  peak_slope=9.006e-06  t_peak=84947  comparison cadence=169893  difference=0.09000  below=0/3
t=394752  fraction=0.61000  peak_slope=8.005e-06  t_peak=80949  comparison cadence=161898  difference=0.07000  below=0/3
t=437725  fraction=0.64500  peak_slope=1.001e-05  t_peak=78950  comparison cadence=157901  difference=0.05500  below=0/3
t=368768  fraction=0.66500  peak_slope=1.301e-05  t_peak=107932  comparison cadence=215864  difference=0.23000  below=0/3
t=384758  fraction=0.64500  peak_slope=9.006e-06  t_peak=84947  comparison cadence=169893  difference=0.09000  below=0/3
t=395751  fraction=0.61000  peak_slope=8.005e-06  t_peak=80949  comparison cadence=161898  difference=0.06500  below=0/3
t=438724  fraction=0.64500  peak_slope=1.001e-05  t_peak=78950  comparison cadence=157901  difference=0.05500  below=0/3
t=369767  fraction=0.66500  peak_slope=1.301e-05  t_peak=107932  comparison cadence=215864  difference=0.23000  below=0/3
t=385757  fraction=0.64500  peak_slope=9.006e-06  t_peak=84947  comparison cadence=169893  difference=0.09000  below=0/3
t=439723  fraction=0.64500  peak_slope=1.001e-05  t_peak=78950  comparison cadence=157901  difference=0.05500  below=0/3
t=396750  fraction=0.61000  peak_slope=8.005e-06  t_peak=80949  comparison cadence=161898  difference=0.06500  below=0/3
t=370767  fraction=0.66500  peak_slope=1.301e-05  t_peak=107932  comparison cadence=215864  difference=0.22500  below=0/3
t=386757  fraction=0.64500  peak_slope=9.006e-06  t_peak=84947  comparison cadence=169893  difference=0.09000  below=0/3
t=440723  fraction=0.64500  peak_slope=1.001e-05  t_peak=78950  comparison cadence=157901  difference=0.05000  below=0/3
t=397750  fraction=0.61000  peak_slope=8.005e-06  t_peak=80949  comparison cadence=161898  difference=0.06500  below=0/3
t=371766  fraction=0.66500  peak_slope=1.301e-05  t_peak=107932  comparison cadence=215864  difference=0.22500  below=0/3
t=441722  fraction=0.64500  peak_slope=1.001e-05  t_peak=78950  comparison cadence=157901  difference=0.05000  below=0/3
t=387756  fraction=0.64500  peak_slope=9.006e-06  t_peak=84947  comparison cadence=169893  difference=0.08500  below=0/3
t=398749  fraction=0.61500  peak_slope=8.005e-06  t_peak=80949  comparison cadence=161898  difference=0.07000  below=0/3
t=372765  fraction=0.66500  peak_slope=1.301e-05  t_peak=107932  comparison cadence=215864  difference=0.21500  below=0/3
t=442721  fraction=0.64500  peak_slope=1.001e-05  t_peak=78950  comparison cadence=157901  difference=0.05000  below=0/3
t=388755  fraction=0.64500  peak_slope=9.006e-06  t_peak=84947  comparison cadence=169893  difference=0.08000  below=0/3
t=399748  fraction=0.61500  peak_slope=8.005e-06  t_peak=80949  comparison cadence=161898  difference=0.07000  below=0/3
t=373765  fraction=0.66500  peak_slope=1.301e-05  t_peak=107932  comparison cadence=215864  difference=0.21000  below=0/3
t=443721  fraction=0.64500  peak_slope=1.001e-05  t_peak=78950  comparison cadence=157901  difference=0.05000  below=0/3
t=389755  fraction=0.64500  peak_slope=9.006e-06  t_peak=84947  comparison cadence=169893  difference=0.08000  below=0/3
t=400748  fraction=0.61500  peak_slope=8.005e-06  t_peak=80949  comparison cadence=161898  difference=0.07000  below=0/3
t=444720  fraction=0.64500  peak_slope=1.001e-05  t_peak=78950  comparison cadence=157901  difference=0.05000  below=0/3
t=374764  fraction=0.66500  peak_slope=1.301e-05  t_peak=107932  comparison cadence=215864  difference=0.20500  below=0/3
t=390754  fraction=0.64500  peak_slope=9.006e-06  t_peak=84947  comparison cadence=169893  difference=0.08000  below=0/3
t=401747  fraction=0.61500  peak_slope=8.005e-06  t_peak=80949  comparison cadence=161898  difference=0.07000  below=0/3
t=445720  fraction=0.64500  peak_slope=1.001e-05  t_peak=78950  comparison cadence=157901  difference=0.05000  below=0/3
t=375764  fraction=0.66500  peak_slope=1.301e-05  t_peak=107932  comparison cadence=215864  difference=0.20500  below=0/3
t=391753  fraction=0.64500  peak_slope=9.006e-06  t_peak=84947  comparison cadence=169893  difference=0.08000  below=0/3
t=402747  fraction=0.61500  peak_slope=8.005e-06  t_peak=80949  comparison cadence=161898  difference=0.06000  below=0/3
t=446719  fraction=0.64500  peak_slope=1.001e-05  t_peak=78950  comparison cadence=157901  difference=0.05000  below=0/3
t=376763  fraction=0.66500  peak_slope=1.301e-05  t_peak=107932  comparison cadence=215864  difference=0.20000  below=0/3
t=392753  fraction=0.64500  peak_slope=9.006e-06  t_peak=84947  comparison cadence=169893  difference=0.07500  below=0/3
t=447718  fraction=0.64500  peak_slope=1.001e-05  t_peak=78950  comparison cadence=157901  difference=0.05000  below=0/3
t=403746  fraction=0.61500  peak_slope=8.005e-06  t_peak=80949  comparison cadence=161898  difference=0.06000  below=0/3
t=377762  fraction=0.66500  peak_slope=1.301e-05  t_peak=107932  comparison cadence=215864  difference=0.20000  below=0/3
t=393752  fraction=0.64500  peak_slope=9.006e-06  t_peak=84947  comparison cadence=169893  difference=0.07000  below=0/3
t=448718  fraction=0.64500  peak_slope=1.001e-05  t_peak=78950  comparison cadence=157901  difference=0.05000  below=0/3
t=404745  fraction=0.62000  peak_slope=8.005e-06  t_peak=80949  comparison cadence=161898  difference=0.06500  below=0/3
t=378762  fraction=0.66500  peak_slope=1.301e-05  t_peak=107932  comparison cadence=215864  difference=0.20000  below=0/3
t=394752  fraction=0.64500  peak_slope=9.006e-06  t_peak=84947  comparison cadence=169893  difference=0.07000  below=0/3
t=449717  fraction=0.64500  peak_slope=1.001e-05  t_peak=78950  comparison cadence=157901  difference=0.05000  below=0/3
t=405745  fraction=0.62000  peak_slope=8.005e-06  t_peak=80949  comparison cadence=161898  difference=0.06500  below=0/3
t=450716  fraction=0.64500  peak_slope=1.001e-05  t_peak=78950  comparison cadence=157901  difference=0.05000  below=0/3
t=395751  fraction=0.64500  peak_slope=9.006e-06  t_peak=84947  comparison cadence=169893  difference=0.07000  below=0/3
t=379761  fraction=0.66500  peak_slope=1.301e-05  t_peak=107932  comparison cadence=215864  difference=0.20000  below=0/3
t=406744  fraction=0.62000  peak_slope=8.005e-06  t_peak=80949  comparison cadence=161898  difference=0.06500  below=0/3
t=451716  fraction=0.64500  peak_slope=1.001e-05  t_peak=78950  comparison cadence=157901  difference=0.05000  below=0/3
t=396750  fraction=0.64500  peak_slope=9.006e-06  t_peak=84947  comparison cadence=169893  difference=0.07000  below=0/3
t=380760  fraction=0.66500  peak_slope=1.301e-05  t_peak=107932  comparison cadence=215864  difference=0.19500  below=0/3
t=407743  fraction=0.62000  peak_slope=8.005e-06  t_peak=80949  comparison cadence=161898  difference=0.06500  below=0/3
t=452715  fraction=0.64500  peak_slope=1.001e-05  t_peak=78950  comparison cadence=157901  difference=0.05000  below=0/3
t=397750  fraction=0.64500  peak_slope=9.006e-06  t_peak=84947  comparison cadence=169893  difference=0.07000  below=0/3
t=381760  fraction=0.66500  peak_slope=1.301e-05  t_peak=107932  comparison cadence=215864  difference=0.19500  below=0/3
t=408743  fraction=0.62000  peak_slope=8.005e-06  t_peak=80949  comparison cadence=161898  difference=0.06000  below=0/3
t=453714  fraction=0.64500  peak_slope=1.001e-05  t_peak=78950  comparison cadence=157901  difference=0.05000  below=0/3
t=398749  fraction=0.64500  peak_slope=9.006e-06  t_peak=84947  comparison cadence=169893  difference=0.07000  below=0/3
t=382759  fraction=0.67000  peak_slope=1.301e-05  t_peak=107932  comparison cadence=215864  difference=0.20000  below=0/3
t=454714  fraction=0.64500  peak_slope=1.001e-05  t_peak=78950  comparison cadence=157901  difference=0.05000  below=0/3
t=409742  fraction=0.62000  peak_slope=8.005e-06  t_peak=80949  comparison cadence=161898  difference=0.05500  below=0/3
t=399748  fraction=0.64500  peak_slope=9.006e-06  t_peak=84947  comparison cadence=169893  difference=0.07000  below=0/3
t=383759  fraction=0.67000  peak_slope=1.301e-05  t_peak=107932  comparison cadence=215864  difference=0.20000  below=0/3
t=455713  fraction=0.64500  peak_slope=1.001e-05  t_peak=78950  comparison cadence=157901  difference=0.05000  below=0/3
t=410742  fraction=0.62000  peak_slope=8.005e-06  t_peak=80949  comparison cadence=161898  difference=0.05500  below=0/3
t=400748  fraction=0.64500  peak_slope=9.006e-06  t_peak=84947  comparison cadence=169893  difference=0.07000  below=0/3
t=456713  fraction=0.65000  peak_slope=1.001e-05  t_peak=78950  comparison cadence=157901  difference=0.05500  below=0/3
t=384758  fraction=0.67000  peak_slope=1.301e-05  t_peak=107932  comparison cadence=215864  difference=0.19500  below=0/3
t=411741  fraction=0.62000  peak_slope=8.005e-06  t_peak=80949  comparison cadence=161898  difference=0.05500  below=0/3
t=401747  fraction=0.64500  peak_slope=9.006e-06  t_peak=84947  comparison cadence=169893  difference=0.06500  below=0/3
t=457712  fraction=0.65000  peak_slope=1.001e-05  t_peak=78950  comparison cadence=157901  difference=0.05500  below=0/3
t=385757  fraction=0.67000  peak_slope=1.301e-05  t_peak=107932  comparison cadence=215864  difference=0.19500  below=0/3
t=412740  fraction=0.62000  peak_slope=8.005e-06  t_peak=80949  comparison cadence=161898  difference=0.05500  below=0/3
t=402747  fraction=0.64500  peak_slope=9.006e-06  t_peak=84947  comparison cadence=169893  difference=0.06500  below=0/3
t=458711  fraction=0.65000  peak_slope=1.001e-05  t_peak=78950  comparison cadence=157901  difference=0.05500  below=0/3
t=386757  fraction=0.67000  peak_slope=1.301e-05  t_peak=107932  comparison cadence=215864  difference=0.18500  below=0/3
t=413740  fraction=0.62000  peak_slope=8.005e-06  t_peak=80949  comparison cadence=161898  difference=0.05500  below=0/3
t=459711  fraction=0.65000  peak_slope=1.001e-05  t_peak=78950  comparison cadence=157901  difference=0.05500  below=0/3
t=403746  fraction=0.64500  peak_slope=9.006e-06  t_peak=84947  comparison cadence=169893  difference=0.06500  below=0/3
t=387756  fraction=0.67000  peak_slope=1.301e-05  t_peak=107932  comparison cadence=215864  difference=0.18500  below=0/3
t=414739  fraction=0.62000  peak_slope=8.005e-06  t_peak=80949  comparison cadence=161898  difference=0.05500  below=0/3
t=460710  fraction=0.65000  peak_slope=1.001e-05  t_peak=78950  comparison cadence=157901  difference=0.05500  below=0/3
t=404745  fraction=0.64500  peak_slope=9.006e-06  t_peak=84947  comparison cadence=169893  difference=0.06500  below=0/3
t=388755  fraction=0.67000  peak_slope=1.301e-05  t_peak=107932  comparison cadence=215864  difference=0.18000  below=0/3
t=415738  fraction=0.62000  peak_slope=8.005e-06  t_peak=80949  comparison cadence=161898  difference=0.05500  below=0/3
t=461709  fraction=0.65500  peak_slope=1.001e-05  t_peak=78950  comparison cadence=157901  difference=0.06000  below=0/3
t=405745  fraction=0.64500  peak_slope=9.006e-06  t_peak=84947  comparison cadence=169893  difference=0.06500  below=0/3
t=389755  fraction=0.67000  peak_slope=1.301e-05  t_peak=107932  comparison cadence=215864  difference=0.18000  below=0/3
t=462709  fraction=0.65500  peak_slope=1.001e-05  t_peak=78950  comparison cadence=157901  difference=0.06000  below=0/3
t=416738  fraction=0.62000  peak_slope=8.005e-06  t_peak=80949  comparison cadence=161898  difference=0.05500  below=0/3
t=406744  fraction=0.64500  peak_slope=9.006e-06  t_peak=84947  comparison cadence=169893  difference=0.06500  below=0/3
t=463708  fraction=0.65500  peak_slope=1.001e-05  t_peak=78950  comparison cadence=157901  difference=0.06000  below=0/3
t=390754  fraction=0.67000  peak_slope=1.301e-05  t_peak=107932  comparison cadence=215864  difference=0.17000  below=0/3
t=417737  fraction=0.62000  peak_slope=8.005e-06  t_peak=80949  comparison cadence=161898  difference=0.04500  below=1/3
t=407743  fraction=0.64500  peak_slope=9.006e-06  t_peak=84947  comparison cadence=169893  difference=0.06500  below=0/3
t=464708  fraction=0.65500  peak_slope=1.001e-05  t_peak=78950  comparison cadence=157901  difference=0.06000  below=0/3
t=418737  fraction=0.62000  peak_slope=8.005e-06  t_peak=80949  comparison cadence=161898  difference=0.04500  below=2/3
t=391753  fraction=0.67000  peak_slope=1.301e-05  t_peak=107932  comparison cadence=215864  difference=0.17000  below=0/3
t=408743  fraction=0.64500  peak_slope=9.006e-06  t_peak=84947  comparison cadence=169893  difference=0.06500  below=0/3
t=465707  fraction=0.65500  peak_slope=1.001e-05  t_peak=78950  comparison cadence=157901  difference=0.06000  below=0/3
t=419736  fraction=0.62000  peak_slope=8.005e-06  t_peak=80949  comparison cadence=161898  difference=0.04500  below=3/3
Stopping at t=419735.875022611
t=392753  fraction=0.67000  peak_slope=1.301e-05  t_peak=107932  comparison cadence=215864  difference=0.17000  below=0/3
Saved 75 remaining particles to /scratch/group/p.phy260085.000//Mass_Fraction/Outputs/Ejection_Results/remaining_particles_2117473_3.csv
t=409742  fraction=0.64500  peak_slope=9.006e-06  t_peak=84947  comparison cadence=169893  difference=0.06500  below=0/3
t=466706  fraction=0.65500  peak_slope=1.001e-05  t_peak=78950  comparison cadence=157901  difference=0.06000  below=0/3
t=393752  fraction=0.67000  peak_slope=1.301e-05  t_peak=107932  comparison cadence=215864  difference=0.17000  below=0/3
t=410742  fraction=0.64500  peak_slope=9.006e-06  t_peak=84947  comparison cadence=169893  difference=0.06500  below=0/3
t=467706  fraction=0.65500  peak_slope=1.001e-05  t_peak=78950  comparison cadence=157901  difference=0.06000  below=0/3
t=394752  fraction=0.67000  peak_slope=1.301e-05  t_peak=107932  comparison cadence=215864  difference=0.16500  below=0/3
t=411741  fraction=0.64500  peak_slope=9.006e-06  t_peak=84947  comparison cadence=169893  difference=0.06500  below=0/3
t=468705  fraction=0.65500  peak_slope=1.001e-05  t_peak=78950  comparison cadence=157901  difference=0.06000  below=0/3
t=395751  fraction=0.67000  peak_slope=1.301e-05  t_peak=107932  comparison cadence=215864  difference=0.16500  below=0/3
t=412740  fraction=0.64500  peak_slope=9.006e-06  t_peak=84947  comparison cadence=169893  difference=0.06500  below=0/3
t=469704  fraction=0.65500  peak_slope=1.001e-05  t_peak=78950  comparison cadence=157901  difference=0.05500  below=0/3
t=470704  fraction=0.65500  peak_slope=1.001e-05  t_peak=78950  comparison cadence=157901  difference=0.05500  below=0/3
t=413740  fraction=0.64500  peak_slope=9.006e-06  t_peak=84947  comparison cadence=169893  difference=0.06500  below=0/3
t=396750  fraction=0.67000  peak_slope=1.301e-05  t_peak=107932  comparison cadence=215864  difference=0.16500  below=0/3
t=471703  fraction=0.65500  peak_slope=1.001e-05  t_peak=78950  comparison cadence=157901  difference=0.05500  below=0/3
t=414739  fraction=0.65000  peak_slope=9.006e-06  t_peak=84947  comparison cadence=169893  difference=0.07000  below=0/3
t=397750  fraction=0.67000  peak_slope=1.301e-05  t_peak=107932  comparison cadence=215864  difference=0.16000  below=0/3
t=472703  fraction=0.65500  peak_slope=1.001e-05  t_peak=78950  comparison cadence=157901  difference=0.05500  below=0/3
t=415738  fraction=0.65000  peak_slope=9.006e-06  t_peak=84947  comparison cadence=169893  difference=0.07000  below=0/3
t=398749  fraction=0.67000  peak_slope=1.301e-05  t_peak=107932  comparison cadence=215864  difference=0.16000  below=0/3
t=473702  fraction=0.65500  peak_slope=1.001e-05  t_peak=78950  comparison cadence=157901  difference=0.05500  below=0/3
t=416738  fraction=0.65000  peak_slope=9.006e-06  t_peak=84947  comparison cadence=169893  difference=0.07000  below=0/3
t=399748  fraction=0.67000  peak_slope=1.301e-05  t_peak=107932  comparison cadence=215864  difference=0.15500  below=0/3
t=474701  fraction=0.65500  peak_slope=1.001e-05  t_peak=78950  comparison cadence=157901  difference=0.05500  below=0/3
t=417737  fraction=0.65500  peak_slope=9.006e-06  t_peak=84947  comparison cadence=169893  difference=0.07500  below=0/3
t=400748  fraction=0.67000  peak_slope=1.301e-05  t_peak=107932  comparison cadence=215864  difference=0.15500  below=0/3
t=475701  fraction=0.65500  peak_slope=1.001e-05  t_peak=78950  comparison cadence=157901  difference=0.05500  below=0/3
t=418737  fraction=0.65500  peak_slope=9.006e-06  t_peak=84947  comparison cadence=169893  difference=0.07500  below=0/3
t=401747  fraction=0.67000  peak_slope=1.301e-05  t_peak=107932  comparison cadence=215864  difference=0.15500  below=0/3
t=476700  fraction=0.65500  peak_slope=1.001e-05  t_peak=78950  comparison cadence=157901  difference=0.05500  below=0/3
t=419736  fraction=0.65500  peak_slope=9.006e-06  t_peak=84947  comparison cadence=169893  difference=0.07500  below=0/3
t=477699  fraction=0.65500  peak_slope=1.001e-05  t_peak=78950  comparison cadence=157901  difference=0.05500  below=0/3
t=402747  fraction=0.67000  peak_slope=1.301e-05  t_peak=107932  comparison cadence=215864  difference=0.15500  below=0/3
t=420735  fraction=0.65500  peak_slope=9.006e-06  t_peak=84947  comparison cadence=169893  difference=0.07500  below=0/3
t=478699  fraction=0.65500  peak_slope=1.001e-05  t_peak=78950  comparison cadence=157901  difference=0.05500  below=0/3
t=403746  fraction=0.67000  peak_slope=1.301e-05  t_peak=107932  comparison cadence=215864  difference=0.15500  below=0/3
t=479698  fraction=0.65500  peak_slope=1.001e-05  t_peak=78950  comparison cadence=157901  difference=0.05500  below=0/3
t=421735  fraction=0.65500  peak_slope=9.006e-06  t_peak=84947  comparison cadence=169893  difference=0.07000  below=0/3
t=404745  fraction=0.67000  peak_slope=1.301e-05  t_peak=107932  comparison cadence=215864  difference=0.15000  below=0/3
t=480698  fraction=0.65500  peak_slope=1.001e-05  t_peak=78950  comparison cadence=157901  difference=0.05500  below=0/3
t=422734  fraction=0.65500  peak_slope=9.006e-06  t_peak=84947  comparison cadence=169893  difference=0.07000  below=0/3
t=405745  fraction=0.67000  peak_slope=1.301e-05  t_peak=107932  comparison cadence=215864  difference=0.15000  below=0/3
t=481697  fraction=0.65500  peak_slope=1.001e-05  t_peak=78950  comparison cadence=157901  difference=0.05500  below=0/3
t=423733  fraction=0.65500  peak_slope=9.006e-06  t_peak=84947  comparison cadence=169893  difference=0.07000  below=0/3
t=406744  fraction=0.67000  peak_slope=1.301e-05  t_peak=107932  comparison cadence=215864  difference=0.15000  below=0/3
t=482696  fraction=0.65500  peak_slope=1.001e-05  t_peak=78950  comparison cadence=157901  difference=0.05500  below=0/3
t=424733  fraction=0.65500  peak_slope=9.006e-06  t_peak=84947  comparison cadence=169893  difference=0.07000  below=0/3
t=407743  fraction=0.67000  peak_slope=1.301e-05  t_peak=107932  comparison cadence=215864  difference=0.15000  below=0/3
t=483696  fraction=0.66000  peak_slope=1.001e-05  t_peak=78950  comparison cadence=157901  difference=0.06000  below=0/3
t=425732  fraction=0.65500  peak_slope=9.006e-06  t_peak=84947  comparison cadence=169893  difference=0.07000  below=0/3
t=484695  fraction=0.66000  peak_slope=1.001e-05  t_peak=78950  comparison cadence=157901  difference=0.06000  below=0/3
t=408743  fraction=0.67000  peak_slope=1.301e-05  t_peak=107932  comparison cadence=215864  difference=0.14500  below=0/3
t=426731  fraction=0.65500  peak_slope=9.006e-06  t_peak=84947  comparison cadence=169893  difference=0.07000  below=0/3
t=485694  fraction=0.66000  peak_slope=1.001e-05  t_peak=78950  comparison cadence=157901  difference=0.06000  below=0/3
t=409742  fraction=0.67000  peak_slope=1.301e-05  t_peak=107932  comparison cadence=215864  difference=0.14500  below=0/3
t=427731  fraction=0.65500  peak_slope=9.006e-06  t_peak=84947  comparison cadence=169893  difference=0.07000  below=0/3
t=486694  fraction=0.66000  peak_slope=1.001e-05  t_peak=78950  comparison cadence=157901  difference=0.06000  below=0/3
t=410742  fraction=0.67000  peak_slope=1.301e-05  t_peak=107932  comparison cadence=215864  difference=0.14500  below=0/3
t=428730  fraction=0.65500  peak_slope=9.006e-06  t_peak=84947  comparison cadence=169893  difference=0.07000  below=0/3
t=487693  fraction=0.66000  peak_slope=1.001e-05  t_peak=78950  comparison cadence=157901  difference=0.06000  below=0/3
t=411741  fraction=0.67000  peak_slope=1.301e-05  t_peak=107932  comparison cadence=215864  difference=0.14000  below=0/3
t=429730  fraction=0.65500  peak_slope=9.006e-06  t_peak=84947  comparison cadence=169893  difference=0.07000  below=0/3
t=488692  fraction=0.66000  peak_slope=1.001e-05  t_peak=78950  comparison cadence=157901  difference=0.06000  below=0/3
t=412740  fraction=0.67000  peak_slope=1.301e-05  t_peak=107932  comparison cadence=215864  difference=0.13500  below=0/3
t=489692  fraction=0.66000  peak_slope=1.001e-05  t_peak=78950  comparison cadence=157901  difference=0.05500  below=0/3
t=430729  fraction=0.65500  peak_slope=9.006e-06  t_peak=84947  comparison cadence=169893  difference=0.07000  below=0/3
t=413740  fraction=0.67500  peak_slope=1.301e-05  t_peak=107932  comparison cadence=215864  difference=0.13500  below=0/3
t=490691  fraction=0.66000  peak_slope=1.001e-05  t_peak=78950  comparison cadence=157901  difference=0.05000  below=0/3
t=431728  fraction=0.65500  peak_slope=9.006e-06  t_peak=84947  comparison cadence=169893  difference=0.07000  below=0/3
t=491691  fraction=0.66500  peak_slope=1.001e-05  t_peak=78950  comparison cadence=157901  difference=0.04500  below=1/3
t=414739  fraction=0.67500  peak_slope=1.301e-05  t_peak=107932  comparison cadence=215864  difference=0.13500  below=0/3
t=432728  fraction=0.65500  peak_slope=9.006e-06  t_peak=84947  comparison cadence=169893  difference=0.07000  below=0/3
t=492690  fraction=0.66500  peak_slope=1.001e-05  t_peak=78950  comparison cadence=157901  difference=0.04500  below=2/3
t=415738  fraction=0.67500  peak_slope=1.301e-05  t_peak=107932  comparison cadence=215864  difference=0.13000  below=0/3
t=433727  fraction=0.65500  peak_slope=9.006e-06  t_peak=84947  comparison cadence=169893  difference=0.07000  below=0/3
t=493689  fraction=0.66500  peak_slope=1.001e-05  t_peak=78950  comparison cadence=157901  difference=0.04500  below=3/3
Stopping at t=493689.338717071
Saved 66 remaining particles to /scratch/group/p.phy260085.000//Mass_Fraction/Outputs/Ejection_Results/remaining_particles_2117473_3.csv
t=416738  fraction=0.67500  peak_slope=1.301e-05  t_peak=107932  comparison cadence=215864  difference=0.13000  below=0/3
t=434726  fraction=0.65500  peak_slope=9.006e-06  t_peak=84947  comparison cadence=169893  difference=0.07000  below=0/3
t=417737  fraction=0.67500  peak_slope=1.301e-05  t_peak=107932  comparison cadence=215864  difference=0.13000  below=0/3
t=435726  fraction=0.65500  peak_slope=9.006e-06  t_peak=84947  comparison cadence=169893  difference=0.07000  below=0/3
t=436725  fraction=0.66000  peak_slope=9.006e-06  t_peak=84947  comparison cadence=169893  difference=0.07500  below=0/3
t=418737  fraction=0.67500  peak_slope=1.301e-05  t_peak=107932  comparison cadence=215864  difference=0.13000  below=0/3
t=437725  fraction=0.66000  peak_slope=9.006e-06  t_peak=84947  comparison cadence=169893  difference=0.07500  below=0/3
t=419736  fraction=0.67500  peak_slope=1.301e-05  t_peak=107932  comparison cadence=215864  difference=0.12000  below=0/3
t=438724  fraction=0.66000  peak_slope=9.006e-06  t_peak=84947  comparison cadence=169893  difference=0.07500  below=0/3
t=420735  fraction=0.67500  peak_slope=1.301e-05  t_peak=107932  comparison cadence=215864  difference=0.12000  below=0/3
t=439723  fraction=0.66000  peak_slope=9.006e-06  t_peak=84947  comparison cadence=169893  difference=0.07500  below=0/3
t=421735  fraction=0.67500  peak_slope=1.301e-05  t_peak=107932  comparison cadence=215864  difference=0.12000  below=0/3
t=440723  fraction=0.66000  peak_slope=9.006e-06  t_peak=84947  comparison cadence=169893  difference=0.07500  below=0/3
t=422734  fraction=0.67500  peak_slope=1.301e-05  t_peak=107932  comparison cadence=215864  difference=0.11500  below=0/3
t=441722  fraction=0.66000  peak_slope=9.006e-06  t_peak=84947  comparison cadence=169893  difference=0.07500  below=0/3
t=423733  fraction=0.67500  peak_slope=1.301e-05  t_peak=107932  comparison cadence=215864  difference=0.11500  below=0/3
t=442721  fraction=0.66000  peak_slope=9.006e-06  t_peak=84947  comparison cadence=169893  difference=0.07500  below=0/3
t=424733  fraction=0.67500  peak_slope=1.301e-05  t_peak=107932  comparison cadence=215864  difference=0.11500  below=0/3
t=443721  fraction=0.66000  peak_slope=9.006e-06  t_peak=84947  comparison cadence=169893  difference=0.07500  below=0/3
t=425732  fraction=0.67500  peak_slope=1.301e-05  t_peak=107932  comparison cadence=215864  difference=0.11500  below=0/3
t=444720  fraction=0.66000  peak_slope=9.006e-06  t_peak=84947  comparison cadence=169893  difference=0.07500  below=0/3
t=426731  fraction=0.67500  peak_slope=1.301e-05  t_peak=107932  comparison cadence=215864  difference=0.11500  below=0/3
t=445720  fraction=0.66000  peak_slope=9.006e-06  t_peak=84947  comparison cadence=169893  difference=0.07500  below=0/3
t=427731  fraction=0.67500  peak_slope=1.301e-05  t_peak=107932  comparison cadence=215864  difference=0.11500  below=0/3
t=446719  fraction=0.66000  peak_slope=9.006e-06  t_peak=84947  comparison cadence=169893  difference=0.07500  below=0/3
t=428730  fraction=0.67500  peak_slope=1.301e-05  t_peak=107932  comparison cadence=215864  difference=0.11500  below=0/3
t=447718  fraction=0.66000  peak_slope=9.006e-06  t_peak=84947  comparison cadence=169893  difference=0.07500  below=0/3
t=429730  fraction=0.67500  peak_slope=1.301e-05  t_peak=107932  comparison cadence=215864  difference=0.11500  below=0/3
t=448718  fraction=0.66000  peak_slope=9.006e-06  t_peak=84947  comparison cadence=169893  difference=0.07000  below=0/3
t=430729  fraction=0.67500  peak_slope=1.301e-05  t_peak=107932  comparison cadence=215864  difference=0.11500  below=0/3
t=449717  fraction=0.66000  peak_slope=9.006e-06  t_peak=84947  comparison cadence=169893  difference=0.07000  below=0/3
t=431728  fraction=0.67500  peak_slope=1.301e-05  t_peak=107932  comparison cadence=215864  difference=0.11500  below=0/3
t=450716  fraction=0.66000  peak_slope=9.006e-06  t_peak=84947  comparison cadence=169893  difference=0.07000  below=0/3
t=432728  fraction=0.67500  peak_slope=1.301e-05  t_peak=107932  comparison cadence=215864  difference=0.11500  below=0/3
t=451716  fraction=0.66000  peak_slope=9.006e-06  t_peak=84947  comparison cadence=169893  difference=0.07000  below=0/3
t=433727  fraction=0.67500  peak_slope=1.301e-05  t_peak=107932  comparison cadence=215864  difference=0.11000  below=0/3
t=452715  fraction=0.66000  peak_slope=9.006e-06  t_peak=84947  comparison cadence=169893  difference=0.07000  below=0/3
t=453714  fraction=0.66000  peak_slope=9.006e-06  t_peak=84947  comparison cadence=169893  difference=0.07000  below=0/3
t=434726  fraction=0.67500  peak_slope=1.301e-05  t_peak=107932  comparison cadence=215864  difference=0.11000  below=0/3
t=454714  fraction=0.66000  peak_slope=9.006e-06  t_peak=84947  comparison cadence=169893  difference=0.07000  below=0/3
t=435726  fraction=0.67500  peak_slope=1.301e-05  t_peak=107932  comparison cadence=215864  difference=0.11000  below=0/3
t=455713  fraction=0.66000  peak_slope=9.006e-06  t_peak=84947  comparison cadence=169893  difference=0.07000  below=0/3
t=436725  fraction=0.67500  peak_slope=1.301e-05  t_peak=107932  comparison cadence=215864  difference=0.11000  below=0/3
t=456713  fraction=0.66000  peak_slope=9.006e-06  t_peak=84947  comparison cadence=169893  difference=0.06500  below=0/3
t=437725  fraction=0.67500  peak_slope=1.301e-05  t_peak=107932  comparison cadence=215864  difference=0.11000  below=0/3
t=457712  fraction=0.66000  peak_slope=9.006e-06  t_peak=84947  comparison cadence=169893  difference=0.06500  below=0/3
t=438724  fraction=0.67500  peak_slope=1.301e-05  t_peak=107932  comparison cadence=215864  difference=0.11000  below=0/3
t=458711  fraction=0.66000  peak_slope=9.006e-06  t_peak=84947  comparison cadence=169893  difference=0.06500  below=0/3
t=439723  fraction=0.67500  peak_slope=1.301e-05  t_peak=107932  comparison cadence=215864  difference=0.10500  below=0/3
t=459711  fraction=0.66000  peak_slope=9.006e-06  t_peak=84947  comparison cadence=169893  difference=0.06500  below=0/3
t=440723  fraction=0.67500  peak_slope=1.301e-05  t_peak=107932  comparison cadence=215864  difference=0.10500  below=0/3
t=460710  fraction=0.66000  peak_slope=9.006e-06  t_peak=84947  comparison cadence=169893  difference=0.06500  below=0/3
t=441722  fraction=0.67500  peak_slope=1.301e-05  t_peak=107932  comparison cadence=215864  difference=0.10500  below=0/3
t=461709  fraction=0.66000  peak_slope=9.006e-06  t_peak=84947  comparison cadence=169893  difference=0.06500  below=0/3
t=442721  fraction=0.67500  peak_slope=1.301e-05  t_peak=107932  comparison cadence=215864  difference=0.10500  below=0/3
t=462709  fraction=0.66000  peak_slope=9.006e-06  t_peak=84947  comparison cadence=169893  difference=0.06500  below=0/3
t=443721  fraction=0.67500  peak_slope=1.301e-05  t_peak=107932  comparison cadence=215864  difference=0.10500  below=0/3
t=463708  fraction=0.66500  peak_slope=9.006e-06  t_peak=84947  comparison cadence=169893  difference=0.07000  below=0/3
t=444720  fraction=0.67500  peak_slope=1.301e-05  t_peak=107932  comparison cadence=215864  difference=0.10000  below=0/3
t=464708  fraction=0.66500  peak_slope=9.006e-06  t_peak=84947  comparison cadence=169893  difference=0.07000  below=0/3
t=445720  fraction=0.67500  peak_slope=1.301e-05  t_peak=107932  comparison cadence=215864  difference=0.10000  below=0/3
t=465707  fraction=0.66500  peak_slope=9.006e-06  t_peak=84947  comparison cadence=169893  difference=0.07000  below=0/3
t=446719  fraction=0.67500  peak_slope=1.301e-05  t_peak=107932  comparison cadence=215864  difference=0.10000  below=0/3
t=466706  fraction=0.66500  peak_slope=9.006e-06  t_peak=84947  comparison cadence=169893  difference=0.07000  below=0/3
t=447718  fraction=0.67500  peak_slope=1.301e-05  t_peak=107932  comparison cadence=215864  difference=0.10000  below=0/3
t=467706  fraction=0.66500  peak_slope=9.006e-06  t_peak=84947  comparison cadence=169893  difference=0.07000  below=0/3
t=468705  fraction=0.66500  peak_slope=9.006e-06  t_peak=84947  comparison cadence=169893  difference=0.07000  below=0/3
t=448718  fraction=0.67500  peak_slope=1.301e-05  t_peak=107932  comparison cadence=215864  difference=0.10000  below=0/3
t=469704  fraction=0.66500  peak_slope=9.006e-06  t_peak=84947  comparison cadence=169893  difference=0.07000  below=0/3
t=449717  fraction=0.67500  peak_slope=1.301e-05  t_peak=107932  comparison cadence=215864  difference=0.10000  below=0/3
t=470704  fraction=0.66500  peak_slope=9.006e-06  t_peak=84947  comparison cadence=169893  difference=0.06500  below=0/3
t=450716  fraction=0.67500  peak_slope=1.301e-05  t_peak=107932  comparison cadence=215864  difference=0.10000  below=0/3
t=471703  fraction=0.66500  peak_slope=9.006e-06  t_peak=84947  comparison cadence=169893  difference=0.06500  below=0/3
t=451716  fraction=0.67500  peak_slope=1.301e-05  t_peak=107932  comparison cadence=215864  difference=0.10000  below=0/3
t=472703  fraction=0.66500  peak_slope=9.006e-06  t_peak=84947  comparison cadence=169893  difference=0.06500  below=0/3
t=452715  fraction=0.67500  peak_slope=1.301e-05  t_peak=107932  comparison cadence=215864  difference=0.10000  below=0/3
t=473702  fraction=0.66500  peak_slope=9.006e-06  t_peak=84947  comparison cadence=169893  difference=0.06500  below=0/3
t=453714  fraction=0.67500  peak_slope=1.301e-05  t_peak=107932  comparison cadence=215864  difference=0.10000  below=0/3
t=474701  fraction=0.66500  peak_slope=9.006e-06  t_peak=84947  comparison cadence=169893  difference=0.06500  below=0/3
t=454714  fraction=0.67500  peak_slope=1.301e-05  t_peak=107932  comparison cadence=215864  difference=0.10000  below=0/3
t=475701  fraction=0.66500  peak_slope=9.006e-06  t_peak=84947  comparison cadence=169893  difference=0.06000  below=0/3
t=455713  fraction=0.67500  peak_slope=1.301e-05  t_peak=107932  comparison cadence=215864  difference=0.09500  below=0/3
t=476700  fraction=0.66500  peak_slope=9.006e-06  t_peak=84947  comparison cadence=169893  difference=0.06000  below=0/3
t=456713  fraction=0.67500  peak_slope=1.301e-05  t_peak=107932  comparison cadence=215864  difference=0.09500  below=0/3
t=477699  fraction=0.66500  peak_slope=9.006e-06  t_peak=84947  comparison cadence=169893  difference=0.06000  below=0/3
t=457712  fraction=0.67500  peak_slope=1.301e-05  t_peak=107932  comparison cadence=215864  difference=0.09000  below=0/3
t=478699  fraction=0.66500  peak_slope=9.006e-06  t_peak=84947  comparison cadence=169893  difference=0.06000  below=0/3
t=458711  fraction=0.67500  peak_slope=1.301e-05  t_peak=107932  comparison cadence=215864  difference=0.09000  below=0/3
t=479698  fraction=0.66500  peak_slope=9.006e-06  t_peak=84947  comparison cadence=169893  difference=0.06000  below=0/3
t=459711  fraction=0.67500  peak_slope=1.301e-05  t_peak=107932  comparison cadence=215864  difference=0.09000  below=0/3
t=480698  fraction=0.66500  peak_slope=9.006e-06  t_peak=84947  comparison cadence=169893  difference=0.06000  below=0/3
t=460710  fraction=0.67500  peak_slope=1.301e-05  t_peak=107932  comparison cadence=215864  difference=0.09000  below=0/3
t=481697  fraction=0.67000  peak_slope=9.006e-06  t_peak=84947  comparison cadence=169893  difference=0.06500  below=0/3
t=461709  fraction=0.67500  peak_slope=1.301e-05  t_peak=107932  comparison cadence=215864  difference=0.09000  below=0/3
t=482696  fraction=0.67000  peak_slope=9.006e-06  t_peak=84947  comparison cadence=169893  difference=0.06500  below=0/3
t=462709  fraction=0.67500  peak_slope=1.301e-05  t_peak=107932  comparison cadence=215864  difference=0.09000  below=0/3
t=483696  fraction=0.67000  peak_slope=9.006e-06  t_peak=84947  comparison cadence=169893  difference=0.06500  below=0/3
t=463708  fraction=0.67500  peak_slope=1.301e-05  t_peak=107932  comparison cadence=215864  difference=0.08500  below=0/3
t=484695  fraction=0.67000  peak_slope=9.006e-06  t_peak=84947  comparison cadence=169893  difference=0.06500  below=0/3
t=464708  fraction=0.67500  peak_slope=1.301e-05  t_peak=107932  comparison cadence=215864  difference=0.08500  below=0/3
t=485694  fraction=0.67000  peak_slope=9.006e-06  t_peak=84947  comparison cadence=169893  difference=0.06500  below=0/3
t=465707  fraction=0.67500  peak_slope=1.301e-05  t_peak=107932  comparison cadence=215864  difference=0.08500  below=0/3
t=486694  fraction=0.67000  peak_slope=9.006e-06  t_peak=84947  comparison cadence=169893  difference=0.06500  below=0/3
t=466706  fraction=0.67500  peak_slope=1.301e-05  t_peak=107932  comparison cadence=215864  difference=0.08500  below=0/3
t=487693  fraction=0.67000  peak_slope=9.006e-06  t_peak=84947  comparison cadence=169893  difference=0.06000  below=0/3
t=467706  fraction=0.67500  peak_slope=1.301e-05  t_peak=107932  comparison cadence=215864  difference=0.08500  below=0/3
t=488692  fraction=0.67000  peak_slope=9.006e-06  t_peak=84947  comparison cadence=169893  difference=0.06000  below=0/3
t=468705  fraction=0.67500  peak_slope=1.301e-05  t_peak=107932  comparison cadence=215864  difference=0.08500  below=0/3
t=489692  fraction=0.67000  peak_slope=9.006e-06  t_peak=84947  comparison cadence=169893  difference=0.06000  below=0/3
t=469704  fraction=0.67500  peak_slope=1.301e-05  t_peak=107932  comparison cadence=215864  difference=0.08500  below=0/3
t=490691  fraction=0.67000  peak_slope=9.006e-06  t_peak=84947  comparison cadence=169893  difference=0.06000  below=0/3
t=470704  fraction=0.67500  peak_slope=1.301e-05  t_peak=107932  comparison cadence=215864  difference=0.08000  below=0/3
t=491691  fraction=0.67000  peak_slope=9.006e-06  t_peak=84947  comparison cadence=169893  difference=0.05500  below=0/3
t=471703  fraction=0.67500  peak_slope=1.301e-05  t_peak=107932  comparison cadence=215864  difference=0.08000  below=0/3
t=492690  fraction=0.67000  peak_slope=9.006e-06  t_peak=84947  comparison cadence=169893  difference=0.05500  below=0/3
t=493689  fraction=0.67000  peak_slope=9.006e-06  t_peak=84947  comparison cadence=169893  difference=0.05500  below=0/3
t=472703  fraction=0.67500  peak_slope=1.301e-05  t_peak=107932  comparison cadence=215864  difference=0.08000  below=0/3
t=494689  fraction=0.67000  peak_slope=9.006e-06  t_peak=84947  comparison cadence=169893  difference=0.05500  below=0/3
t=473702  fraction=0.67500  peak_slope=1.301e-05  t_peak=107932  comparison cadence=215864  difference=0.08000  below=0/3
t=495688  fraction=0.67000  peak_slope=9.006e-06  t_peak=84947  comparison cadence=169893  difference=0.05000  below=0/3
t=474701  fraction=0.67500  peak_slope=1.301e-05  t_peak=107932  comparison cadence=215864  difference=0.07500  below=0/3
t=496687  fraction=0.67000  peak_slope=9.006e-06  t_peak=84947  comparison cadence=169893  difference=0.05000  below=0/3
t=475701  fraction=0.67500  peak_slope=1.301e-05  t_peak=107932  comparison cadence=215864  difference=0.07500  below=0/3
t=497687  fraction=0.67000  peak_slope=9.006e-06  t_peak=84947  comparison cadence=169893  difference=0.05000  below=0/3
t=476700  fraction=0.67500  peak_slope=1.301e-05  t_peak=107932  comparison cadence=215864  difference=0.07000  below=0/3
t=498686  fraction=0.67000  peak_slope=9.006e-06  t_peak=84947  comparison cadence=169893  difference=0.05000  below=0/3
t=477699  fraction=0.67500  peak_slope=1.301e-05  t_peak=107932  comparison cadence=215864  difference=0.06000  below=0/3
t=499686  fraction=0.67000  peak_slope=9.006e-06  t_peak=84947  comparison cadence=169893  difference=0.05000  below=0/3
t=478699  fraction=0.67500  peak_slope=1.301e-05  t_peak=107932  comparison cadence=215864  difference=0.06000  below=0/3
t=500685  fraction=0.67000  peak_slope=9.006e-06  t_peak=84947  comparison cadence=169893  difference=0.05000  below=0/3
t=479698  fraction=0.67500  peak_slope=1.301e-05  t_peak=107932  comparison cadence=215864  difference=0.06000  below=0/3
t=501684  fraction=0.67000  peak_slope=9.006e-06  t_peak=84947  comparison cadence=169893  difference=0.05000  below=0/3
t=480698  fraction=0.67500  peak_slope=1.301e-05  t_peak=107932  comparison cadence=215864  difference=0.05500  below=0/3
t=502684  fraction=0.67000  peak_slope=9.006e-06  t_peak=84947  comparison cadence=169893  difference=0.05000  below=0/3
t=481697  fraction=0.67500  peak_slope=1.301e-05  t_peak=107932  comparison cadence=215864  difference=0.05500  below=0/3
t=503683  fraction=0.67000  peak_slope=9.006e-06  t_peak=84947  comparison cadence=169893  difference=0.05000  below=0/3
t=482696  fraction=0.67500  peak_slope=1.301e-05  t_peak=107932  comparison cadence=215864  difference=0.05500  below=0/3
t=504682  fraction=0.67000  peak_slope=9.006e-06  t_peak=84947  comparison cadence=169893  difference=0.05000  below=0/3
t=483696  fraction=0.67500  peak_slope=1.301e-05  t_peak=107932  comparison cadence=215864  difference=0.05500  below=0/3
t=505682  fraction=0.67000  peak_slope=9.006e-06  t_peak=84947  comparison cadence=169893  difference=0.05000  below=0/3
t=484695  fraction=0.67500  peak_slope=1.301e-05  t_peak=107932  comparison cadence=215864  difference=0.05500  below=0/3
t=506681  fraction=0.67000  peak_slope=9.006e-06  t_peak=84947  comparison cadence=169893  difference=0.05000  below=0/3
t=485694  fraction=0.67500  peak_slope=1.301e-05  t_peak=107932  comparison cadence=215864  difference=0.05500  below=0/3
t=507681  fraction=0.67000  peak_slope=9.006e-06  t_peak=84947  comparison cadence=169893  difference=0.05000  below=0/3
t=486694  fraction=0.67500  peak_slope=1.301e-05  t_peak=107932  comparison cadence=215864  difference=0.05000  below=0/3
t=508680  fraction=0.67000  peak_slope=9.006e-06  t_peak=84947  comparison cadence=169893  difference=0.05000  below=0/3
t=487693  fraction=0.67500  peak_slope=1.301e-05  t_peak=107932  comparison cadence=215864  difference=0.05000  below=0/3
t=509679  fraction=0.67000  peak_slope=9.006e-06  t_peak=84947  comparison cadence=169893  difference=0.05000  below=0/3
t=488692  fraction=0.67500  peak_slope=1.301e-05  t_peak=107932  comparison cadence=215864  difference=0.05000  below=0/3
t=510679  fraction=0.67000  peak_slope=9.006e-06  t_peak=84947  comparison cadence=169893  difference=0.05000  below=0/3
t=489692  fraction=0.67500  peak_slope=1.301e-05  t_peak=107932  comparison cadence=215864  difference=0.05000  below=0/3
t=511678  fraction=0.67000  peak_slope=9.006e-06  t_peak=84947  comparison cadence=169893  difference=0.05000  below=0/3
t=490691  fraction=0.67500  peak_slope=1.301e-05  t_peak=107932  comparison cadence=215864  difference=0.05000  below=0/3
t=512677  fraction=0.67000  peak_slope=9.006e-06  t_peak=84947  comparison cadence=169893  difference=0.04500  below=1/3
t=491691  fraction=0.67500  peak_slope=1.301e-05  t_peak=107932  comparison cadence=215864  difference=0.05000  below=0/3
t=513677  fraction=0.67000  peak_slope=9.006e-06  t_peak=84947  comparison cadence=169893  difference=0.04500  below=2/3
t=492690  fraction=0.67500  peak_slope=1.301e-05  t_peak=107932  comparison cadence=215864  difference=0.05000  below=0/3
t=514676  fraction=0.67000  peak_slope=9.006e-06  t_peak=84947  comparison cadence=169893  difference=0.04500  below=3/3
Stopping at t=514676.13246820157
Saved 66 remaining particles to /scratch/group/p.phy260085.000//Mass_Fraction/Outputs/Ejection_Results/remaining_particles_2117473_3.csv
t=493689  fraction=0.67500  peak_slope=1.301e-05  t_peak=107932  comparison cadence=215864  difference=0.05000  below=0/3
t=494689  fraction=0.67500  peak_slope=1.301e-05  t_peak=107932  comparison cadence=215864  difference=0.04500  below=1/3
t=495688  fraction=0.67500  peak_slope=1.301e-05  t_peak=107932  comparison cadence=215864  difference=0.04500  below=2/3
t=496687  fraction=0.67500  peak_slope=1.301e-05  t_peak=107932  comparison cadence=215864  difference=0.04500  below=3/3
Stopping at t=496687.45211008965
Saved 64 remaining particles to /scratch/group/p.phy260085.000//Mass_Fraction/Outputs/Ejection_Results/remaining_particles_2117473_3.csv
