==========================================
Mass Fraction MPI Run
==========================================
Date:               Sun Sep 13 11:59:24 CDT 2026
Host:               ac003
Array job ID:       2117473
Array task ID:      4
MPI ranks:          4
CPUs per task:      1
Nodes allocated:    1
Python:             /scratch/user/u.hm357857/.conda/envs/comets/bin/python
Conda environment:  /scratch/user/u.hm357857/.conda/envs/comets
==========================================

1.2862336122272942
1.1779612365937915
1.1705951988730163
0.8398746332237813
1.0269669683453655
1.3018768600717072
0.9349100531012331
1.2745607880532321
1.1726772179236642
1.2832958997587762
1.0150563898544094
1.3111923121478433
1.2682141387841182
0.8202084532887295
1.1273744543368478
0.9844236751300173
0.6953182716719614
1.1230372390764576
1.0701221000805825
0.8216600309752096
1.0330835176576931
1.2887244851316393
0.7025697789091163
1.1338357619294284
1.2254738439792467
1.0125945854601661
0.7421785804789324
0.7486542554661171
0.910893476283436
0.8356145252307983
0.755884993082415
1.1469824699823155
1.2986718188160975
1.145190810705211
0.8104154575602041
1.2756534884950181
1.1591769962330534
1.1076684137824242
1.1781287613530103
0.7478491285138205
0.8184522385103598
0.6876183493425504
1.0179702251574245
0.865829287464165
1.084566980654195
1.1040482531420548
0.7484550453582139
1.095225401340153
0.6957275339112236
0.9701504834300375
1.1738046716339503
1.2874031058889517
0.9356391003861082
0.7431106993710328
0.8919685177783012
0.7339652516299213
1.1800328708043635
0.8662045539118225
1.0877626809329695
1.3096168331987719
0.7072727563314042
0.7557572065157951
1.0976794565180077
1.0539590639551455
1.2599151100261612
1.1695980611087808
0.7992424985558273
1.052724631285758
1.3059403160589325
0.8497654931765728
1.1567149477222831
0.7723359815263249
1.2481216816956744
0.9364896724579961
1.1231875927011439
1.023906898598976
1.2285624699962705
1.1713900014949272
1.2455568511443984
1.2406958741141854
1.1069058638351335
1.0861232512474077
1.1985266331304874
1.2329973993696064
0.8333117245975558
1.313066192652585
0.7870030549354882
0.8850619816749669
1.0160004902922763
0.8616162432313559
0.9823476655104304
1.1452955280788948
1.2542404843686206
0.8801489630401893
1.0667978036766832
1.2777754849445975
0.9728288605181209
1.2504407663476043
1.1390853521292301
1.0458132562126292
1.1396366741119595
1.1543192241220717
1.0706229677163879
0.9061803470226774
1.2658400613611902
0.6812643097497961
0.9161936405795619
1.122763279913459
1.1726252792015945
0.7775847563911291
1.154202286591509
1.1383361252977073
0.6963563287140747
1.3234701870961179
1.3013427795184138
1.1873450075341345
0.8573345432509525
0.9895369594992415
0.8402868268041197
0.8763800970851707
0.8147286449773143
1.2844935224988099
1.3092895313277568
1.0098016564315786
0.8840515838872862
1.115346136263423
1.1956096943754204
1.104332000471863
1.1356218996598935
0.8081114345836158
0.7078507913215427
0.9280481014210091
1.1877082018195209
0.7799018774943217
1.2793733445081568
1.1100776464733246
0.6857031332015623
1.248052885430552
0.7645133156639863
0.7582576407833952
1.1659341941201926
1.3028047982823936
0.9995499302755287
0.8956115581884786
0.9107024101439363
0.8893696096450393
1.253094079225966
0.8342615537383411
1.1819845111216933
1.242568511412734
0.8535295961473587
0.8144941891374999
1.2011754304215276
1.2493603688828396
1.186606804961662
1.068207977643894
0.8842860556127597
1.0989106615533037
1.2480813857729196
0.8042246750827411
1.1400733193910648
0.7780239485746684
1.203180849874593
0.8896924956058748
1.1841644941799356
1.176631900418082
1.1180682860073337
1.2686182525466234
1.1044439993349227
1.2781849483171297
1.0351681950952067
1.0140233016771822
1.020349216891091
1.2203615966323826
0.7885157174247216
1.2399846584067367
0.9922435234277647
0.7072964492846604
1.1180028550378511
0.7661633244140559
0.9407262385045636
1.2625995224978497
1.0344917837101444
0.9765997592930977
1.0995968585856322
1.0894054578444883
0.7066651389787559
1.028991437600772
1.2701029183548544
1.2466481906856954
1.020323812247078
1.1876723780926302
1.1120808750795397
0.7280766358687191
1.3183687421006374
0.8199399837125436
0.8295908307458368
1.0969326212271753
1.215816808996637
0.7223429935147271
1.2617984755804006
1.1420826134130877
0.7248621742501317
1.2191583581997898
1.118293146618516
1.137233392709383
0.7032827066833633
0.9572040186254548
0.7064820776286738
0.9458907274446184
0.9455449979174684
1.2648343816043126
1.2687762024076508
1.2240531743431693
0.934819627806853
1.1933617474468923
1.187660337568062
1.2961104088400957
1.2652070590794575
0.7600051447954447
0.7572658768816012
0.9651440741530508
1.234757240351703
0.6820175009590255
1.122052653992246
1.2406980599547561
0.749414538719058
1.0161955005485697
0.8324807832769974
0.7052180343140214
1.1140007560080614
1.0326117169919582
0.970291673852453
0.8498615387893381
0.9648833287915323
0.942364801103398
1.1395437648072275
0.8154380230391187
1.0260221063845434
1.2135573252077787
0.9076680936663819
0.8367068574003165
1.2403815768490358
1.0762020500970093
1.1220879364853475
1.080810846787767
0.7732118770175349
1.1279195755045406
1.2576966509059924
0.7722484987777087
1.0510937223869705
0.9473113774631069
1.0998295327144847
0.9107675281639027
1.1680294626490861
1.0512975161274296
1.1934343663276423
1.0235353187349252
1.0555830499452206
1.0143252095933841
1.3229015671974678
1.1842054737883645
1.2552155623901895
1.2005142086225722
0.7005243390038528
1.105911024063675
0.7300505773367992
0.7824976162831645
1.2243386128482447
0.80207426540553
0.9848456214594457
1.2794287436484515
1.258901171250186
1.0744466311116379
0.9583274384792666
1.1080766971622646
1.156628912069399
0.7973970747456439
1.1336038972268847
1.2306177129905016
1.087367601916012
1.064644877549313
1.2461472257843111
1.145825712086984
0.7496208629462193
1.1229056065243235
0.9439827601278223
0.875361782884045
1.1576015856238084
1.2306531888170065
0.8567852346938555
1.2140011687722376
1.1525716279575853
0.8482218052694175
1.2860320366481748
1.3099038875389013
1.0126593815073899
0.9100845511109407
0.7891219528265955
0.8633112768189939
0.9194731042813064
0.8932635481486078
1.23391020040681
1.2612347608867895
1.001546829211971
0.7735616593307804
1.0908756761318266
1.0658017661028403
1.1077414633646572
1.3057265944063094
0.8222828129857491
0.7555466893673014
0.9336002537462169
1.2519746537035024
0.9507807237564414
1.0530775165935633
1.2342845727325773
0.7432589392642567
1.2255446020466207
0.7243653745788226
0.9839385840206254
1.3118853869388547
1.026181197726468
0.9296820704198092
0.8905634661124732
0.8757442298179257
0.7316639583807547
1.0584531541660998
0.8226393301643543
1.1561412250491023
1.2344909024318869
0.6801481700437421
0.8886209089533967
1.1924623320023142
1.3107086977582227
1.1586530297174868
1.1428488895145992
0.7332240033224973
1.0889350221437244
1.151549445662941
0.8196855085540742
1.007681760740981
0.8011015184918274
1.1122206095690748
0.9532841519358977
1.0834168573957534
1.0576420329028613
1.2045743746180992
1.2999958966185168
1.1081196812468546
1.1234680571178486
1.1022596297752496
1.1191112790533742
1.118230518402377
1.0796848919379454
0.7115524041637088
1.1997101836185762
0.8501082649935527
0.9319077262066453
1.0278573592037468
0.9793961997413434
0.9205728795442345
0.9979276645703787
0.7577002031748947
0.9814709047626881
1.3193709121691177
1.1412117446116938
0.9319111759735536
1.1319298378801772
0.9999438644818507
0.968526592505077
1.2973768930115726
1.2615789354870857
0.8367906676922017
1.083079186880865
0.8234209191620042
0.6767345257737782
1.1244369492227233
1.2087764911873908
0.9173157358867489
1.236704407973548
0.7703345244650741
0.9644786720677598
0.7381710869750554
1.2912892118136827
1.1177752621227748
0.9445363572499075
0.7620314869717949
0.8089860066072841
0.7003760618385791
1.200604596070698
0.8224741665464579
0.7152512175438411
0.9116351329229124
0.9730816485255253
0.9930579862526194
0.9742348161296732
1.2501248429387828
0.8185729253720387
1.1791052035649878
0.9965989522948678
0.8606096976422781
1.3133963550121228
1.0008360160448961
1.0087086968312848
1.3142422834202026
0.8018105920251345
1.1279807307129346
1.0092585079680323
1.0155688647538794
0.784902855351667
1.2742470324966997
0.6856211342552864
1.0091973573676245
0.8985307353955441
1.1612331503508442
0.9772584850083561
0.7093587482179846
1.033578804288567
0.70623802720631
1.142493841163766
1.2153709413700642
0.9715521617566609
0.701024175187963
0.87758194774798
1.065813582063394
1.2361817059356626
1.1192238046590426
1.2211957228692711
0.7684588725241932
0.759136522218327
1.05158763023844
0.8711963447752714
0.7687353855866634
1.2909337779319898
0.9310930912694331
1.0455906875934402
1.0025122463758527
0.6828032237777009
1.1076472854815371
1.0227587698999592
1.2459096538310568
1.056163785484042
0.8782275281151432
1.259902920287741
1.0558678469707807
1.024986736971993
0.7321683107938602
1.303443482330753
0.868910031176753
1.1097375122426145
0.7417205839328014
1.310478567303549
1.3212399803751382
1.1127358135781662
0.7241348787195603
1.2905545893521417
1.2311770768642794
1.1174666554676427
0.9070560139043672
0.732426949596333
0.8412515029922858
1.3046951933925541
0.9439252908753352
0.8734735662847299
0.7662831576500599
0.8030826401017194
1.2601521862483505
1.1048398999738458
1.2967235398194992
0.7956020361076779
0.8417883338159365
1.1186651711274451
0.7828898634069991
0.8543096195931721
0.9056005846788735
0.74408989143436
0.954983347590956
0.8095634457422719
1.146090980100487
1.2402196405439465
1.274312461617969
1.3027333191950854
1.2468777188017077
0.7535966727498709
0.7413282877562628
0.9757604468225795
0.8064584585092291
1.159628055662632
0.9227302038610068
0.9939842146390645
0.8365761232625296
0.9571614811860205
0.765658114855559
0.7465615752427324
1.184931603513183
0.7841788365621035
1.1035699487044794
0.9490247505214177
0.8161782359734879
1.222270434328942
1.190706532404777
1.041551991079664
1.1191288935628172
0.948876533762089
1.2316230841016977
1.0147269505259484
1.2196435573992799
0.7381948017789806
1.1751694190935773
0.9552234563977033
1.317845386383462
0.6973773709689209
1.131339309834998
0.9363605905083632
0.8699760180115856
1.1567588858121616
0.9612805050045454
1.0047955428372441
1.2407590828270638
0.9533799481725125
0.7338581484557051
0.9050602435155665
1.1837584252676832
1.194318939789778
1.2013685238056697
1.0768654834259705
0.7379827160226536
0.8299755744512658
1.1478170184467895
0.6993926784593808
0.8535408819574557
1.256177196084431
0.9925878579444205
1.1058813871631856
1.230538836589281
0.7338140355034929
1.0929761362539678
1.1534208188289954
1.121345015019098
1.1495496098239224
0.8944901631968487
1.2417596273511737
1.296522554058623
1.0176855825828839
0.9180437964573073
1.0963988707954861
0.9014421215678232
1.2821426452113602
0.7234549453270145
1.1741706621341754
1.112881893275792
1.2963753221997338
0.9509552619532201
1.219023622357438
1.3043416326857786
1.090360387441675
0.8781960441085008
0.741566041009959
0.994782847089591
1.1385571597511777
0.6796480269711531
0.8841185615602993
0.7135170676664278
0.8438976392869979
1.0321931332639187
1.2838230940501485
1.002383028030103
0.7509715310327225
0.8213705444719955
1.2560540415699304
0.8664661601201133
0.9701913530593271
0.7130989199235238
0.8131084313225113
0.8666654510402663
0.7982838761019619
1.1333368817834566
1.0745486997267264
1.0150006709947181
0.7478430652474352
1.1721150863528835
1.2553560508103732
0.9585188818961425
0.7205585338757661
0.856792559852835
0.7719035853741275
1.0209710383829458
0.8641084802684768
0.8138708928009477
0.7528175903980704
0.8975023677709663
0.9018065356946826
0.6758290492304216
1.0287014631512204
0.8698509449204548
1.095479947862265
0.7747380362437262
0.8105450381782294
1.144541788931957
1.1587714665807118
1.3117709780730058
1.0682741186823497
0.9740894498350852
1.2409776184382735
1.0446059510034342
1.13609709442824
0.8229381313656262
1.1152908333064269
0.9817014150365745
1.0323498142218814
0.969466567972451
1.072860638179558
0.8053242856865327
0.9407557834575482
1.2131065159983325
0.7998265574265173
1.226461855176992
1.3037914214435204
0.841446358172286
0.9322509955088417
0.9995832907727416
1.2699313942813668
1.2784833651017176
1.017381156156083
1.2647878889981061
0.9405255135168697
0.8337266169889141
1.1263285647231078
0.7457837578815835
0.8685340325740337
1.2304404606522
0.7297463607648087
1.0077753481045597
1.3164809524833285
0.7677089452066169
1.1326419144959603
1.2382208114478546
1.0712775703251856
1.0305150104400647
0.8059804726974571
1.248092144235843
1.088196433152733
1.2090859721228961
0.9501790852434889
1.2008423584050227
0.7760347470979874
1.1505329855735018
0.9719179187373992
1.299584772087472
1.110721409674322
1.1639715891129454
0.7538030106321745
1.2454074559409816
1.0471488774952897
1.3203440729974076
0.960237589712517
0.7398296242797224
0.8583868472806033
1.3050400024469524
0.9298037753677229
0.890183703276014
0.8877567948648781
0.6782924951440599
1.1200887581963102
1.015591477561244
1.2940879151920406
0.9609699588991105
0.831688052567958
1.2778931871145573
0.9587165050504417
0.7724760389758227
0.7615288434031465
0.8690560313917779
0.9758402718630605
0.906950501147093
1.150195508435437
0.787828863645474
1.2050920565052832
1.0992421175595823
0.9626714959558578
0.9077411589453878
1.2281008951596122
1.0000968337008174
0.7821316998919702
1.2992104776527067
0.9076289711390396
0.734876472756109
1.265124088042701
1.0706493942653177
0.9293216846615373
0.7552111731682832
0.9652256814205542
0.7688267810001652
1.1771380565078937
0.9238061399000121
0.7393143419380462
0.7785495634670854
0.8344539912286072
0.8795802432660969
0.944196283038443
1.2272590175799443
0.9434765606402307
1.272926103870212
0.856753490611748
0.956966683318324
1.267932426259743
1.2724077564340897
1.2197577246231974
1.1061464385930033
0.8490026503432853
1.2386902581468875
1.1342869942821332
1.1746257758119165
0.7567465776136256
1.2477328718573357
0.7455020219389883
1.1074636999706058
0.8942692408414201
1.2359970471751442
0.7809905127265544
0.7955721275468958
1.1746376210594183
0.9952062474510749
1.244746395964685
1.2598195246863415
0.7205118924835785
0.966000154258285
0.9714654571823049
1.2232240859491652
1.158169917119634
1.0905921044445
1.2222143364365408
0.8612628094879383
0.8070892100057192
1.262695251725947
0.8055196245616573
0.8387781058509891
1.0438769035096624
0.7157178745292794
1.1079007239369973
1.2414570270515437
0.8889313216419273
1.2987011746836379
1.1109694143686195
1.0702270314376001
1.157734189713236
0.9053389849031399
1.0964289056796346
1.3083708997125518
1.0011867550784976
0.9290897699438314
1.2334430880412464
0.9991543207667077
1.2000617908746678
0.902809339126942
1.090850770560535
1.0675334108307104
1.313984064031141
0.946709323366853
1.2070726485453993
1.0143558004794997
1.1346015024122533
0.8975650872116949
0.9895450005966602
0.7269818112360769
1.068007392078627
0.9365115771504577
0.8439757239741963
0.7570097097138488
1.1297659882148892
1.3005455666383303
Running 200 simulations with 1 MPI ranks
Rank 0: 200 simulations
1.1759976508418353
1.2870574960764254
Running 200 simulations with 1 MPI ranks
Rank 0: 200 simulations
0.9113415957083006
0.9162965069613582
0.9831352521953665
1.020777980608042
1.2027084917097035
1.0507822841526593
0.9626004815024003
0.9256078387355284
1.3172117892591464
0.7782878350706676
0.9209788532765785
0.8147659946640458
0.6844012182815293
0.9014041363104052
0.7512319221131699
1.0657095533251775
1.2883124612023156
0.8086237477335657
1.1854327772363005
1.2173374390864806
Running 200 simulations with 1 MPI ranks
Rank 0: 200 simulations
1.2251923382811418
1.0968773483696381
1.0921993315138414
0.9048334479319042
1.0061790958935042
1.1787518681288656
Running 200 simulations with 1 MPI ranks
Rank 0: 200 simulations
t=325897  fraction=0.51500  peak_slope=9.003e-06  t_peak=162949  comparison cadence=325897  difference=0.51500  below=0/3
t=326897  fraction=0.51500  peak_slope=9.003e-06  t_peak=162949  comparison cadence=325897  difference=0.51500  below=0/3
t=327897  fraction=0.51500  peak_slope=9.003e-06  t_peak=162949  comparison cadence=325897  difference=0.51500  below=0/3
t=328896  fraction=0.51500  peak_slope=9.003e-06  t_peak=162949  comparison cadence=325897  difference=0.51500  below=0/3
t=329896  fraction=0.51500  peak_slope=9.003e-06  t_peak=162949  comparison cadence=325897  difference=0.51500  below=0/3
t=330896  fraction=0.51500  peak_slope=9.003e-06  t_peak=162949  comparison cadence=325897  difference=0.51500  below=0/3
t=331895  fraction=0.51500  peak_slope=9.003e-06  t_peak=162949  comparison cadence=325897  difference=0.51500  below=0/3
t=332895  fraction=0.51500  peak_slope=9.003e-06  t_peak=162949  comparison cadence=325897  difference=0.51500  below=0/3
t=333895  fraction=0.51500  peak_slope=9.003e-06  t_peak=162949  comparison cadence=325897  difference=0.51500  below=0/3
t=334894  fraction=0.51500  peak_slope=9.003e-06  t_peak=162949  comparison cadence=325897  difference=0.51500  below=0/3
t=335894  fraction=0.51500  peak_slope=9.003e-06  t_peak=162949  comparison cadence=325897  difference=0.51500  below=0/3
t=336894  fraction=0.51500  peak_slope=9.003e-06  t_peak=162949  comparison cadence=325897  difference=0.51500  below=0/3
t=337893  fraction=0.52000  peak_slope=9.003e-06  t_peak=162949  comparison cadence=325897  difference=0.52000  below=0/3
t=338893  fraction=0.52000  peak_slope=9.003e-06  t_peak=162949  comparison cadence=325897  difference=0.52000  below=0/3
t=339893  fraction=0.52500  peak_slope=9.003e-06  t_peak=162949  comparison cadence=325897  difference=0.52500  below=0/3
t=340892  fraction=0.52500  peak_slope=9.003e-06  t_peak=162949  comparison cadence=325897  difference=0.52500  below=0/3
t=341892  fraction=0.52500  peak_slope=9.003e-06  t_peak=162949  comparison cadence=325897  difference=0.52500  below=0/3
t=342892  fraction=0.52500  peak_slope=9.003e-06  t_peak=162949  comparison cadence=325897  difference=0.52500  below=0/3
t=343892  fraction=0.52500  peak_slope=9.003e-06  t_peak=162949  comparison cadence=325897  difference=0.52500  below=0/3
t=344891  fraction=0.52500  peak_slope=9.003e-06  t_peak=162949  comparison cadence=325897  difference=0.52500  below=0/3
t=345891  fraction=0.52500  peak_slope=9.003e-06  t_peak=162949  comparison cadence=325897  difference=0.52500  below=0/3
t=346891  fraction=0.52500  peak_slope=9.003e-06  t_peak=162949  comparison cadence=325897  difference=0.52500  below=0/3
t=347890  fraction=0.52500  peak_slope=9.003e-06  t_peak=162949  comparison cadence=325897  difference=0.52500  below=0/3
t=348890  fraction=0.52500  peak_slope=9.003e-06  t_peak=162949  comparison cadence=325897  difference=0.52500  below=0/3
t=349890  fraction=0.52500  peak_slope=9.003e-06  t_peak=162949  comparison cadence=325897  difference=0.52500  below=0/3
t=350889  fraction=0.53500  peak_slope=9.003e-06  t_peak=162949  comparison cadence=325897  difference=0.53500  below=0/3
t=351889  fraction=0.53500  peak_slope=9.003e-06  t_peak=162949  comparison cadence=325897  difference=0.53500  below=0/3
t=352889  fraction=0.54000  peak_slope=9.003e-06  t_peak=162949  comparison cadence=325897  difference=0.54000  below=0/3
t=353888  fraction=0.54000  peak_slope=9.003e-06  t_peak=162949  comparison cadence=325897  difference=0.54000  below=0/3
t=354888  fraction=0.54000  peak_slope=9.003e-06  t_peak=162949  comparison cadence=325897  difference=0.54000  below=0/3
t=355888  fraction=0.54000  peak_slope=9.003e-06  t_peak=162949  comparison cadence=325897  difference=0.54000  below=0/3
t=356887  fraction=0.54000  peak_slope=9.003e-06  t_peak=162949  comparison cadence=325897  difference=0.54000  below=0/3
t=357887  fraction=0.54000  peak_slope=9.003e-06  t_peak=162949  comparison cadence=325897  difference=0.54000  below=0/3
t=358887  fraction=0.54000  peak_slope=9.003e-06  t_peak=162949  comparison cadence=325897  difference=0.54000  below=0/3
t=359886  fraction=0.54000  peak_slope=9.003e-06  t_peak=162949  comparison cadence=325897  difference=0.54000  below=0/3
t=360886  fraction=0.54000  peak_slope=9.003e-06  t_peak=162949  comparison cadence=325897  difference=0.54000  below=0/3
t=361886  fraction=0.54000  peak_slope=9.003e-06  t_peak=162949  comparison cadence=325897  difference=0.54000  below=0/3
t=362886  fraction=0.54000  peak_slope=9.003e-06  t_peak=162949  comparison cadence=325897  difference=0.54000  below=0/3
t=363885  fraction=0.54000  peak_slope=9.003e-06  t_peak=162949  comparison cadence=325897  difference=0.54000  below=0/3
t=364885  fraction=0.54000  peak_slope=9.003e-06  t_peak=162949  comparison cadence=325897  difference=0.54000  below=0/3
t=365885  fraction=0.54000  peak_slope=9.003e-06  t_peak=162949  comparison cadence=325897  difference=0.54000  below=0/3
t=366884  fraction=0.54000  peak_slope=9.003e-06  t_peak=162949  comparison cadence=325897  difference=0.54000  below=0/3
t=367884  fraction=0.54000  peak_slope=9.003e-06  t_peak=162949  comparison cadence=325897  difference=0.54000  below=0/3
t=368884  fraction=0.54000  peak_slope=9.003e-06  t_peak=162949  comparison cadence=325897  difference=0.54000  below=0/3
t=369883  fraction=0.54000  peak_slope=9.003e-06  t_peak=162949  comparison cadence=325897  difference=0.54000  below=0/3
t=370883  fraction=0.54000  peak_slope=9.003e-06  t_peak=162949  comparison cadence=325897  difference=0.54000  below=0/3
t=371883  fraction=0.54000  peak_slope=9.003e-06  t_peak=162949  comparison cadence=325897  difference=0.54000  below=0/3
t=372882  fraction=0.54000  peak_slope=9.003e-06  t_peak=162949  comparison cadence=325897  difference=0.54000  below=0/3
t=373882  fraction=0.54000  peak_slope=9.003e-06  t_peak=162949  comparison cadence=325897  difference=0.54000  below=0/3
t=374882  fraction=0.54000  peak_slope=9.003e-06  t_peak=162949  comparison cadence=325897  difference=0.54000  below=0/3
t=375881  fraction=0.54000  peak_slope=9.003e-06  t_peak=162949  comparison cadence=325897  difference=0.54000  below=0/3
t=376881  fraction=0.54000  peak_slope=9.003e-06  t_peak=162949  comparison cadence=325897  difference=0.54000  below=0/3
t=377881  fraction=0.54000  peak_slope=9.003e-06  t_peak=162949  comparison cadence=325897  difference=0.54000  below=0/3
t=378880  fraction=0.54000  peak_slope=9.003e-06  t_peak=162949  comparison cadence=325897  difference=0.54000  below=0/3
t=379880  fraction=0.54000  peak_slope=9.003e-06  t_peak=162949  comparison cadence=325897  difference=0.54000  below=0/3
t=380880  fraction=0.54000  peak_slope=9.003e-06  t_peak=162949  comparison cadence=325897  difference=0.54000  below=0/3
t=381880  fraction=0.54000  peak_slope=9.003e-06  t_peak=162949  comparison cadence=325897  difference=0.54000  below=0/3
t=382879  fraction=0.54500  peak_slope=9.003e-06  t_peak=162949  comparison cadence=325897  difference=0.54500  below=0/3
t=383879  fraction=0.54500  peak_slope=9.003e-06  t_peak=162949  comparison cadence=325897  difference=0.54500  below=0/3
t=384879  fraction=0.55000  peak_slope=9.003e-06  t_peak=162949  comparison cadence=325897  difference=0.55000  below=0/3
t=385878  fraction=0.55000  peak_slope=9.003e-06  t_peak=162949  comparison cadence=325897  difference=0.55000  below=0/3
t=386878  fraction=0.55000  peak_slope=9.003e-06  t_peak=162949  comparison cadence=325897  difference=0.55000  below=0/3
t=387878  fraction=0.55000  peak_slope=9.003e-06  t_peak=162949  comparison cadence=325897  difference=0.55000  below=0/3
t=388877  fraction=0.55000  peak_slope=9.003e-06  t_peak=162949  comparison cadence=325897  difference=0.55000  below=0/3
t=389877  fraction=0.55000  peak_slope=9.003e-06  t_peak=162949  comparison cadence=325897  difference=0.55000  below=0/3
t=390877  fraction=0.55500  peak_slope=9.003e-06  t_peak=162949  comparison cadence=325897  difference=0.55500  below=0/3
t=391876  fraction=0.55500  peak_slope=9.003e-06  t_peak=162949  comparison cadence=325897  difference=0.55500  below=0/3
t=392876  fraction=0.55500  peak_slope=9.003e-06  t_peak=162949  comparison cadence=325897  difference=0.55500  below=0/3
t=393876  fraction=0.55500  peak_slope=9.003e-06  t_peak=162949  comparison cadence=325897  difference=0.55500  below=0/3
t=394875  fraction=0.55500  peak_slope=9.003e-06  t_peak=162949  comparison cadence=325897  difference=0.55500  below=0/3
t=395875  fraction=0.55500  peak_slope=9.003e-06  t_peak=162949  comparison cadence=325897  difference=0.55500  below=0/3
t=396875  fraction=0.55500  peak_slope=9.003e-06  t_peak=162949  comparison cadence=325897  difference=0.55500  below=0/3
t=397874  fraction=0.55500  peak_slope=9.003e-06  t_peak=162949  comparison cadence=325897  difference=0.55500  below=0/3
t=398874  fraction=0.55500  peak_slope=9.003e-06  t_peak=162949  comparison cadence=325897  difference=0.55500  below=0/3
t=399874  fraction=0.55500  peak_slope=9.003e-06  t_peak=162949  comparison cadence=325897  difference=0.55500  below=0/3
t=400874  fraction=0.55500  peak_slope=9.003e-06  t_peak=162949  comparison cadence=325897  difference=0.55500  below=0/3
t=401873  fraction=0.55500  peak_slope=9.003e-06  t_peak=162949  comparison cadence=325897  difference=0.55500  below=0/3
t=402873  fraction=0.55500  peak_slope=9.003e-06  t_peak=162949  comparison cadence=325897  difference=0.55500  below=0/3
t=403873  fraction=0.55500  peak_slope=9.003e-06  t_peak=162949  comparison cadence=325897  difference=0.55000  below=0/3
t=404872  fraction=0.55500  peak_slope=9.003e-06  t_peak=162949  comparison cadence=325897  difference=0.55000  below=0/3
t=405872  fraction=0.55500  peak_slope=9.003e-06  t_peak=162949  comparison cadence=325897  difference=0.55000  below=0/3
t=406872  fraction=0.56000  peak_slope=9.003e-06  t_peak=162949  comparison cadence=325897  difference=0.55500  below=0/3
t=407871  fraction=0.56000  peak_slope=9.003e-06  t_peak=162949  comparison cadence=325897  difference=0.55000  below=0/3
t=408871  fraction=0.56000  peak_slope=9.003e-06  t_peak=162949  comparison cadence=325897  difference=0.55000  below=0/3
t=409871  fraction=0.56000  peak_slope=9.003e-06  t_peak=162949  comparison cadence=325897  difference=0.55000  below=0/3
t=410870  fraction=0.56000  peak_slope=9.003e-06  t_peak=162949  comparison cadence=325897  difference=0.55000  below=0/3
t=411870  fraction=0.56500  peak_slope=9.003e-06  t_peak=162949  comparison cadence=325897  difference=0.55500  below=0/3
t=412870  fraction=0.56500  peak_slope=9.003e-06  t_peak=162949  comparison cadence=325897  difference=0.55500  below=0/3
t=413869  fraction=0.56500  peak_slope=9.003e-06  t_peak=162949  comparison cadence=325897  difference=0.55500  below=0/3
t=414869  fraction=0.56500  peak_slope=9.003e-06  t_peak=162949  comparison cadence=325897  difference=0.55500  below=0/3
t=415869  fraction=0.56500  peak_slope=9.003e-06  t_peak=162949  comparison cadence=325897  difference=0.55500  below=0/3
t=416869  fraction=0.56500  peak_slope=9.003e-06  t_peak=162949  comparison cadence=325897  difference=0.55500  below=0/3
t=417868  fraction=0.56500  peak_slope=9.003e-06  t_peak=162949  comparison cadence=325897  difference=0.55000  below=0/3
t=418868  fraction=0.56500  peak_slope=9.003e-06  t_peak=162949  comparison cadence=325897  difference=0.55000  below=0/3
t=419868  fraction=0.57000  peak_slope=9.003e-06  t_peak=162949  comparison cadence=325897  difference=0.55000  below=0/3
t=420867  fraction=0.57000  peak_slope=9.003e-06  t_peak=162949  comparison cadence=325897  difference=0.55000  below=0/3
t=421867  fraction=0.57000  peak_slope=9.003e-06  t_peak=162949  comparison cadence=325897  difference=0.55000  below=0/3
t=422867  fraction=0.57000  peak_slope=9.003e-06  t_peak=162949  comparison cadence=325897  difference=0.55000  below=0/3
t=423866  fraction=0.57000  peak_slope=9.003e-06  t_peak=162949  comparison cadence=325897  difference=0.55000  below=0/3
t=424866  fraction=0.57000  peak_slope=9.003e-06  t_peak=162949  comparison cadence=325897  difference=0.55000  below=0/3
t=425866  fraction=0.57000  peak_slope=9.003e-06  t_peak=162949  comparison cadence=325897  difference=0.55000  below=0/3
t=426865  fraction=0.57000  peak_slope=9.003e-06  t_peak=162949  comparison cadence=325897  difference=0.55000  below=0/3
t=427865  fraction=0.57000  peak_slope=9.003e-06  t_peak=162949  comparison cadence=325897  difference=0.55000  below=0/3
t=428865  fraction=0.57000  peak_slope=9.003e-06  t_peak=162949  comparison cadence=325897  difference=0.54500  below=0/3
t=429864  fraction=0.57000  peak_slope=9.003e-06  t_peak=162949  comparison cadence=325897  difference=0.54500  below=0/3
t=430864  fraction=0.57000  peak_slope=9.003e-06  t_peak=162949  comparison cadence=325897  difference=0.54500  below=0/3
t=431864  fraction=0.57000  peak_slope=9.003e-06  t_peak=162949  comparison cadence=325897  difference=0.54500  below=0/3
t=432863  fraction=0.57000  peak_slope=9.003e-06  t_peak=162949  comparison cadence=325897  difference=0.54500  below=0/3
t=433863  fraction=0.57000  peak_slope=9.003e-06  t_peak=162949  comparison cadence=325897  difference=0.54000  below=0/3
t=434863  fraction=0.57000  peak_slope=9.003e-06  t_peak=162949  comparison cadence=325897  difference=0.54000  below=0/3
t=435863  fraction=0.57000  peak_slope=9.003e-06  t_peak=162949  comparison cadence=325897  difference=0.54000  below=0/3
t=436862  fraction=0.57000  peak_slope=9.003e-06  t_peak=162949  comparison cadence=325897  difference=0.53500  below=0/3
t=437862  fraction=0.57000  peak_slope=9.003e-06  t_peak=162949  comparison cadence=325897  difference=0.53500  below=0/3
t=438862  fraction=0.57000  peak_slope=9.003e-06  t_peak=162949  comparison cadence=325897  difference=0.53500  below=0/3
t=439861  fraction=0.57000  peak_slope=9.003e-06  t_peak=162949  comparison cadence=325897  difference=0.53500  below=0/3
t=440861  fraction=0.57000  peak_slope=9.003e-06  t_peak=162949  comparison cadence=325897  difference=0.53000  below=0/3
t=441861  fraction=0.57000  peak_slope=9.003e-06  t_peak=162949  comparison cadence=325897  difference=0.53000  below=0/3
t=442860  fraction=0.57000  peak_slope=9.003e-06  t_peak=162949  comparison cadence=325897  difference=0.53000  below=0/3
t=443860  fraction=0.57000  peak_slope=9.003e-06  t_peak=162949  comparison cadence=325897  difference=0.53000  below=0/3
t=444860  fraction=0.57000  peak_slope=9.003e-06  t_peak=162949  comparison cadence=325897  difference=0.53000  below=0/3
t=445859  fraction=0.57000  peak_slope=9.003e-06  t_peak=162949  comparison cadence=325897  difference=0.52500  below=0/3
t=446859  fraction=0.57000  peak_slope=9.003e-06  t_peak=162949  comparison cadence=325897  difference=0.51000  below=0/3
t=447859  fraction=0.57000  peak_slope=9.003e-06  t_peak=162949  comparison cadence=325897  difference=0.51000  below=0/3
t=448858  fraction=0.57000  peak_slope=9.003e-06  t_peak=162949  comparison cadence=325897  difference=0.51000  below=0/3
t=449858  fraction=0.57000  peak_slope=9.003e-06  t_peak=162949  comparison cadence=325897  difference=0.51000  below=0/3
t=450858  fraction=0.57000  peak_slope=9.003e-06  t_peak=162949  comparison cadence=325897  difference=0.51000  below=0/3
t=451857  fraction=0.57000  peak_slope=9.003e-06  t_peak=162949  comparison cadence=325897  difference=0.50500  below=0/3
t=452857  fraction=0.57500  peak_slope=9.003e-06  t_peak=162949  comparison cadence=325897  difference=0.51000  below=0/3
t=453857  fraction=0.57500  peak_slope=9.003e-06  t_peak=162949  comparison cadence=325897  difference=0.50500  below=0/3
t=454857  fraction=0.57500  peak_slope=9.003e-06  t_peak=162949  comparison cadence=325897  difference=0.50000  below=0/3
t=455856  fraction=0.57500  peak_slope=9.003e-06  t_peak=162949  comparison cadence=325897  difference=0.48500  below=0/3
t=456856  fraction=0.57500  peak_slope=9.003e-06  t_peak=162949  comparison cadence=325897  difference=0.48000  below=0/3
t=457856  fraction=0.58000  peak_slope=9.003e-06  t_peak=162949  comparison cadence=325897  difference=0.48500  below=0/3
t=458855  fraction=0.58500  peak_slope=9.003e-06  t_peak=162949  comparison cadence=325897  difference=0.49000  below=0/3
t=459855  fraction=0.58500  peak_slope=9.003e-06  t_peak=162949  comparison cadence=325897  difference=0.48500  below=0/3
t=460855  fraction=0.58500  peak_slope=9.003e-06  t_peak=162949  comparison cadence=325897  difference=0.48000  below=0/3
t=461854  fraction=0.58500  peak_slope=9.003e-06  t_peak=162949  comparison cadence=325897  difference=0.48000  below=0/3
t=462854  fraction=0.58500  peak_slope=9.003e-06  t_peak=162949  comparison cadence=325897  difference=0.48000  below=0/3
t=463854  fraction=0.58500  peak_slope=9.003e-06  t_peak=162949  comparison cadence=325897  difference=0.48000  below=0/3
t=464853  fraction=0.58500  peak_slope=9.003e-06  t_peak=162949  comparison cadence=325897  difference=0.48000  below=0/3
t=465853  fraction=0.58500  peak_slope=9.003e-06  t_peak=162949  comparison cadence=325897  difference=0.47500  below=0/3
t=466853  fraction=0.58500  peak_slope=9.003e-06  t_peak=162949  comparison cadence=325897  difference=0.47500  below=0/3
t=467852  fraction=0.58500  peak_slope=9.003e-06  t_peak=162949  comparison cadence=325897  difference=0.47000  below=0/3
t=468852  fraction=0.59000  peak_slope=9.003e-06  t_peak=162949  comparison cadence=325897  difference=0.47500  below=0/3
t=353888  fraction=0.46500  peak_slope=6.002e-06  t_peak=176944  comparison cadence=353888  difference=0.46500  below=0/3
t=469852  fraction=0.60000  peak_slope=9.003e-06  t_peak=162949  comparison cadence=325897  difference=0.48000  below=0/3
t=470851  fraction=0.60000  peak_slope=9.003e-06  t_peak=162949  comparison cadence=325897  difference=0.48000  below=0/3
t=354888  fraction=0.46500  peak_slope=6.002e-06  t_peak=176944  comparison cadence=353888  difference=0.46500  below=0/3
t=471851  fraction=0.60500  peak_slope=9.003e-06  t_peak=162949  comparison cadence=325897  difference=0.48500  below=0/3
t=355888  fraction=0.47500  peak_slope=6.002e-06  t_peak=176944  comparison cadence=353888  difference=0.47500  below=0/3
t=472851  fraction=0.60500  peak_slope=9.003e-06  t_peak=162949  comparison cadence=325897  difference=0.48500  below=0/3
t=473851  fraction=0.61000  peak_slope=9.003e-06  t_peak=162949  comparison cadence=325897  difference=0.49000  below=0/3
t=356887  fraction=0.47500  peak_slope=6.002e-06  t_peak=176944  comparison cadence=353888  difference=0.47500  below=0/3
t=474850  fraction=0.61000  peak_slope=9.003e-06  t_peak=162949  comparison cadence=325897  difference=0.49000  below=0/3
t=357887  fraction=0.48000  peak_slope=6.002e-06  t_peak=176944  comparison cadence=353888  difference=0.48000  below=0/3
t=475850  fraction=0.62000  peak_slope=9.003e-06  t_peak=162949  comparison cadence=325897  difference=0.50000  below=0/3
t=358887  fraction=0.48000  peak_slope=6.002e-06  t_peak=176944  comparison cadence=353888  difference=0.48000  below=0/3
t=476850  fraction=0.62000  peak_slope=9.003e-06  t_peak=162949  comparison cadence=325897  difference=0.50000  below=0/3
t=477849  fraction=0.62000  peak_slope=9.003e-06  t_peak=162949  comparison cadence=325897  difference=0.49500  below=0/3
t=359886  fraction=0.48000  peak_slope=6.002e-06  t_peak=176944  comparison cadence=353888  difference=0.48000  below=0/3
t=478849  fraction=0.62000  peak_slope=9.003e-06  t_peak=162949  comparison cadence=325897  difference=0.48500  below=0/3
t=360886  fraction=0.48000  peak_slope=6.002e-06  t_peak=176944  comparison cadence=353888  difference=0.48000  below=0/3
t=479849  fraction=0.62000  peak_slope=9.003e-06  t_peak=162949  comparison cadence=325897  difference=0.48000  below=0/3
t=480848  fraction=0.62000  peak_slope=9.003e-06  t_peak=162949  comparison cadence=325897  difference=0.47000  below=0/3
t=361886  fraction=0.48000  peak_slope=6.002e-06  t_peak=176944  comparison cadence=353888  difference=0.48000  below=0/3
t=481848  fraction=0.62500  peak_slope=9.003e-06  t_peak=162949  comparison cadence=325897  difference=0.47500  below=0/3
t=362886  fraction=0.48000  peak_slope=6.002e-06  t_peak=176944  comparison cadence=353888  difference=0.48000  below=0/3
t=482848  fraction=0.62500  peak_slope=9.003e-06  t_peak=162949  comparison cadence=325897  difference=0.47500  below=0/3
t=363885  fraction=0.48000  peak_slope=6.002e-06  t_peak=176944  comparison cadence=353888  difference=0.48000  below=0/3
t=483847  fraction=0.62500  peak_slope=9.003e-06  t_peak=162949  comparison cadence=325897  difference=0.47500  below=0/3
t=484847  fraction=0.62500  peak_slope=9.003e-06  t_peak=162949  comparison cadence=325897  difference=0.47500  below=0/3
t=364885  fraction=0.48500  peak_slope=6.002e-06  t_peak=176944  comparison cadence=353888  difference=0.48500  below=0/3
t=485847  fraction=0.62500  peak_slope=9.003e-06  t_peak=162949  comparison cadence=325897  difference=0.46500  below=0/3
t=365885  fraction=0.48500  peak_slope=6.002e-06  t_peak=176944  comparison cadence=353888  difference=0.48500  below=0/3
t=486846  fraction=0.62500  peak_slope=9.003e-06  t_peak=162949  comparison cadence=325897  difference=0.45000  below=0/3
t=487846  fraction=0.62500  peak_slope=9.003e-06  t_peak=162949  comparison cadence=325897  difference=0.44500  below=0/3
t=366884  fraction=0.48500  peak_slope=6.002e-06  t_peak=176944  comparison cadence=353888  difference=0.48500  below=0/3
t=488846  fraction=0.62500  peak_slope=9.003e-06  t_peak=162949  comparison cadence=325897  difference=0.43000  below=0/3
t=367884  fraction=0.49000  peak_slope=6.002e-06  t_peak=176944  comparison cadence=353888  difference=0.49000  below=0/3
t=489845  fraction=0.62500  peak_slope=9.003e-06  t_peak=162949  comparison cadence=325897  difference=0.43000  below=0/3
t=368884  fraction=0.49000  peak_slope=6.002e-06  t_peak=176944  comparison cadence=353888  difference=0.49000  below=0/3
t=490845  fraction=0.62500  peak_slope=9.003e-06  t_peak=162949  comparison cadence=325897  difference=0.42500  below=0/3
t=491845  fraction=0.62500  peak_slope=9.003e-06  t_peak=162949  comparison cadence=325897  difference=0.42000  below=0/3
t=369883  fraction=0.49000  peak_slope=6.002e-06  t_peak=176944  comparison cadence=353888  difference=0.49000  below=0/3
t=492845  fraction=0.62500  peak_slope=9.003e-06  t_peak=162949  comparison cadence=325897  difference=0.42000  below=0/3
t=370883  fraction=0.49000  peak_slope=6.002e-06  t_peak=176944  comparison cadence=353888  difference=0.49000  below=0/3
t=493844  fraction=0.62500  peak_slope=9.003e-06  t_peak=162949  comparison cadence=325897  difference=0.42000  below=0/3
t=494844  fraction=0.62500  peak_slope=9.003e-06  t_peak=162949  comparison cadence=325897  difference=0.42000  below=0/3
t=371883  fraction=0.49000  peak_slope=6.002e-06  t_peak=176944  comparison cadence=353888  difference=0.49000  below=0/3
t=495844  fraction=0.62500  peak_slope=9.003e-06  t_peak=162949  comparison cadence=325897  difference=0.42000  below=0/3
t=372882  fraction=0.49000  peak_slope=6.002e-06  t_peak=176944  comparison cadence=353888  difference=0.49000  below=0/3
t=496843  fraction=0.62500  peak_slope=9.003e-06  t_peak=162949  comparison cadence=325897  difference=0.42000  below=0/3
t=373882  fraction=0.49000  peak_slope=6.002e-06  t_peak=176944  comparison cadence=353888  difference=0.49000  below=0/3
t=497843  fraction=0.62500  peak_slope=9.003e-06  t_peak=162949  comparison cadence=325897  difference=0.42000  below=0/3
t=498843  fraction=0.63000  peak_slope=9.003e-06  t_peak=162949  comparison cadence=325897  difference=0.42000  below=0/3
t=374882  fraction=0.49000  peak_slope=6.002e-06  t_peak=176944  comparison cadence=353888  difference=0.49000  below=0/3
t=499842  fraction=0.63000  peak_slope=9.003e-06  t_peak=162949  comparison cadence=325897  difference=0.41500  below=0/3
t=375881  fraction=0.49000  peak_slope=6.002e-06  t_peak=176944  comparison cadence=353888  difference=0.49000  below=0/3
t=500842  fraction=0.63000  peak_slope=9.003e-06  t_peak=162949  comparison cadence=325897  difference=0.41500  below=0/3
t=501842  fraction=0.63000  peak_slope=9.003e-06  t_peak=162949  comparison cadence=325897  difference=0.41500  below=0/3
t=376881  fraction=0.49000  peak_slope=6.002e-06  t_peak=176944  comparison cadence=353888  difference=0.49000  below=0/3
t=502841  fraction=0.63000  peak_slope=9.003e-06  t_peak=162949  comparison cadence=325897  difference=0.41500  below=0/3
t=377881  fraction=0.49000  peak_slope=6.002e-06  t_peak=176944  comparison cadence=353888  difference=0.49000  below=0/3
t=503841  fraction=0.63000  peak_slope=9.003e-06  t_peak=162949  comparison cadence=325897  difference=0.41500  below=0/3
t=378880  fraction=0.49000  peak_slope=6.002e-06  t_peak=176944  comparison cadence=353888  difference=0.49000  below=0/3
t=504841  fraction=0.63000  peak_slope=9.003e-06  t_peak=162949  comparison cadence=325897  difference=0.41000  below=0/3
t=505840  fraction=0.63000  peak_slope=9.003e-06  t_peak=162949  comparison cadence=325897  difference=0.41000  below=0/3
t=379880  fraction=0.49500  peak_slope=6.002e-06  t_peak=176944  comparison cadence=353888  difference=0.49500  below=0/3
t=506840  fraction=0.63000  peak_slope=9.003e-06  t_peak=162949  comparison cadence=325897  difference=0.41000  below=0/3
t=380880  fraction=0.49500  peak_slope=6.002e-06  t_peak=176944  comparison cadence=353888  difference=0.49500  below=0/3
t=507840  fraction=0.63000  peak_slope=9.003e-06  t_peak=162949  comparison cadence=325897  difference=0.41000  below=0/3
t=508839  fraction=0.63000  peak_slope=9.003e-06  t_peak=162949  comparison cadence=325897  difference=0.41000  below=0/3
t=381880  fraction=0.49500  peak_slope=6.002e-06  t_peak=176944  comparison cadence=353888  difference=0.49500  below=0/3
t=509839  fraction=0.63000  peak_slope=9.003e-06  t_peak=162949  comparison cadence=325897  difference=0.41000  below=0/3
t=382879  fraction=0.49500  peak_slope=6.002e-06  t_peak=176944  comparison cadence=353888  difference=0.49500  below=0/3
t=510839  fraction=0.63000  peak_slope=9.003e-06  t_peak=162949  comparison cadence=325897  difference=0.41000  below=0/3
t=383879  fraction=0.49500  peak_slope=6.002e-06  t_peak=176944  comparison cadence=353888  difference=0.49500  below=0/3
t=511839  fraction=0.63000  peak_slope=9.003e-06  t_peak=162949  comparison cadence=325897  difference=0.40000  below=0/3
t=512838  fraction=0.63000  peak_slope=9.003e-06  t_peak=162949  comparison cadence=325897  difference=0.40000  below=0/3
t=384879  fraction=0.49500  peak_slope=6.002e-06  t_peak=176944  comparison cadence=353888  difference=0.49500  below=0/3
t=513838  fraction=0.63000  peak_slope=9.003e-06  t_peak=162949  comparison cadence=325897  difference=0.40000  below=0/3
t=385878  fraction=0.49500  peak_slope=6.002e-06  t_peak=176944  comparison cadence=353888  difference=0.49500  below=0/3
t=514838  fraction=0.63000  peak_slope=9.003e-06  t_peak=162949  comparison cadence=325897  difference=0.40000  below=0/3
t=515837  fraction=0.63000  peak_slope=9.003e-06  t_peak=162949  comparison cadence=325897  difference=0.39500  below=0/3
t=386878  fraction=0.49500  peak_slope=6.002e-06  t_peak=176944  comparison cadence=353888  difference=0.49500  below=0/3
t=516837  fraction=0.63000  peak_slope=9.003e-06  t_peak=162949  comparison cadence=325897  difference=0.39000  below=0/3
t=387878  fraction=0.49500  peak_slope=6.002e-06  t_peak=176944  comparison cadence=353888  difference=0.49500  below=0/3
t=517837  fraction=0.63000  peak_slope=9.003e-06  t_peak=162949  comparison cadence=325897  difference=0.38500  below=0/3
t=388877  fraction=0.49500  peak_slope=6.002e-06  t_peak=176944  comparison cadence=353888  difference=0.49500  below=0/3
t=518836  fraction=0.63500  peak_slope=9.003e-06  t_peak=162949  comparison cadence=325897  difference=0.38500  below=0/3
t=519836  fraction=0.63500  peak_slope=9.003e-06  t_peak=162949  comparison cadence=325897  difference=0.38000  below=0/3
t=389877  fraction=0.50000  peak_slope=6.002e-06  t_peak=176944  comparison cadence=353888  difference=0.50000  below=0/3
t=520836  fraction=0.63500  peak_slope=9.003e-06  t_peak=162949  comparison cadence=325897  difference=0.38000  below=0/3
t=390877  fraction=0.50000  peak_slope=6.002e-06  t_peak=176944  comparison cadence=353888  difference=0.50000  below=0/3
t=521835  fraction=0.63500  peak_slope=9.003e-06  t_peak=162949  comparison cadence=325897  difference=0.37500  below=0/3
t=522835  fraction=0.63500  peak_slope=9.003e-06  t_peak=162949  comparison cadence=325897  difference=0.37000  below=0/3
t=391876  fraction=0.50000  peak_slope=6.002e-06  t_peak=176944  comparison cadence=353888  difference=0.50000  below=0/3
t=523835  fraction=0.63500  peak_slope=9.003e-06  t_peak=162949  comparison cadence=325897  difference=0.36500  below=0/3
t=392876  fraction=0.50000  peak_slope=6.002e-06  t_peak=176944  comparison cadence=353888  difference=0.50000  below=0/3
t=524834  fraction=0.63500  peak_slope=9.003e-06  t_peak=162949  comparison cadence=325897  difference=0.36500  below=0/3
t=393876  fraction=0.50000  peak_slope=6.002e-06  t_peak=176944  comparison cadence=353888  difference=0.50000  below=0/3
t=525834  fraction=0.63500  peak_slope=9.003e-06  t_peak=162949  comparison cadence=325897  difference=0.36500  below=0/3
t=526834  fraction=0.63500  peak_slope=9.003e-06  t_peak=162949  comparison cadence=325897  difference=0.36500  below=0/3
t=394875  fraction=0.50000  peak_slope=6.002e-06  t_peak=176944  comparison cadence=353888  difference=0.50000  below=0/3
t=527834  fraction=0.63500  peak_slope=9.003e-06  t_peak=162949  comparison cadence=325897  difference=0.36000  below=0/3
t=395875  fraction=0.50000  peak_slope=6.002e-06  t_peak=176944  comparison cadence=353888  difference=0.50000  below=0/3
t=528833  fraction=0.63500  peak_slope=9.003e-06  t_peak=162949  comparison cadence=325897  difference=0.35500  below=0/3
t=529833  fraction=0.64000  peak_slope=9.003e-06  t_peak=162949  comparison cadence=325897  difference=0.36000  below=0/3
t=396875  fraction=0.50000  peak_slope=6.002e-06  t_peak=176944  comparison cadence=353888  difference=0.50000  below=0/3
t=530833  fraction=0.64000  peak_slope=9.003e-06  t_peak=162949  comparison cadence=325897  difference=0.36000  below=0/3
t=397874  fraction=0.50000  peak_slope=6.002e-06  t_peak=176944  comparison cadence=353888  difference=0.50000  below=0/3
t=531832  fraction=0.64000  peak_slope=9.003e-06  t_peak=162949  comparison cadence=325897  difference=0.36000  below=0/3
t=398874  fraction=0.50000  peak_slope=6.002e-06  t_peak=176944  comparison cadence=353888  difference=0.50000  below=0/3
t=532832  fraction=0.64000  peak_slope=9.003e-06  t_peak=162949  comparison cadence=325897  difference=0.35500  below=0/3
t=533832  fraction=0.64000  peak_slope=9.003e-06  t_peak=162949  comparison cadence=325897  difference=0.35000  below=0/3
t=399874  fraction=0.50000  peak_slope=6.002e-06  t_peak=176944  comparison cadence=353888  difference=0.50000  below=0/3
t=534831  fraction=0.64000  peak_slope=9.003e-06  t_peak=162949  comparison cadence=325897  difference=0.35000  below=0/3
t=400874  fraction=0.50000  peak_slope=6.002e-06  t_peak=176944  comparison cadence=353888  difference=0.50000  below=0/3
t=535831  fraction=0.64000  peak_slope=9.003e-06  t_peak=162949  comparison cadence=325897  difference=0.35000  below=0/3
t=401873  fraction=0.50000  peak_slope=6.002e-06  t_peak=176944  comparison cadence=353888  difference=0.50000  below=0/3
t=536831  fraction=0.64000  peak_slope=9.003e-06  t_peak=162949  comparison cadence=325897  difference=0.34500  below=0/3
t=537830  fraction=0.64000  peak_slope=9.003e-06  t_peak=162949  comparison cadence=325897  difference=0.34500  below=0/3
t=402873  fraction=0.50000  peak_slope=6.002e-06  t_peak=176944  comparison cadence=353888  difference=0.50000  below=0/3
t=538830  fraction=0.64000  peak_slope=9.003e-06  t_peak=162949  comparison cadence=325897  difference=0.34000  below=0/3
t=403873  fraction=0.50000  peak_slope=6.002e-06  t_peak=176944  comparison cadence=353888  difference=0.50000  below=0/3
t=539830  fraction=0.64000  peak_slope=9.003e-06  t_peak=162949  comparison cadence=325897  difference=0.34000  below=0/3
t=540829  fraction=0.64000  peak_slope=9.003e-06  t_peak=162949  comparison cadence=325897  difference=0.33000  below=0/3
t=404872  fraction=0.50000  peak_slope=6.002e-06  t_peak=176944  comparison cadence=353888  difference=0.50000  below=0/3
t=541829  fraction=0.64000  peak_slope=9.003e-06  t_peak=162949  comparison cadence=325897  difference=0.32500  below=0/3
t=405872  fraction=0.50500  peak_slope=6.002e-06  t_peak=176944  comparison cadence=353888  difference=0.50500  below=0/3
t=542829  fraction=0.64000  peak_slope=9.003e-06  t_peak=162949  comparison cadence=325897  difference=0.32500  below=0/3
t=406872  fraction=0.50500  peak_slope=6.002e-06  t_peak=176944  comparison cadence=353888  difference=0.50500  below=0/3
t=543828  fraction=0.64000  peak_slope=9.003e-06  t_peak=162949  comparison cadence=325897  difference=0.32500  below=0/3
t=544828  fraction=0.64000  peak_slope=9.003e-06  t_peak=162949  comparison cadence=325897  difference=0.32000  below=0/3
t=407871  fraction=0.50500  peak_slope=6.002e-06  t_peak=176944  comparison cadence=353888  difference=0.50500  below=0/3
t=545828  fraction=0.64000  peak_slope=9.003e-06  t_peak=162949  comparison cadence=325897  difference=0.31500  below=0/3
t=408871  fraction=0.50500  peak_slope=6.002e-06  t_peak=176944  comparison cadence=353888  difference=0.50500  below=0/3
t=546828  fraction=0.64500  peak_slope=9.003e-06  t_peak=162949  comparison cadence=325897  difference=0.32000  below=0/3
t=547827  fraction=0.64500  peak_slope=9.003e-06  t_peak=162949  comparison cadence=325897  difference=0.31500  below=0/3
t=409871  fraction=0.50500  peak_slope=6.002e-06  t_peak=176944  comparison cadence=353888  difference=0.50500  below=0/3
t=548827  fraction=0.64500  peak_slope=9.003e-06  t_peak=162949  comparison cadence=325897  difference=0.31500  below=0/3
t=410870  fraction=0.50500  peak_slope=6.002e-06  t_peak=176944  comparison cadence=353888  difference=0.50500  below=0/3
t=549827  fraction=0.64500  peak_slope=9.003e-06  t_peak=162949  comparison cadence=325897  difference=0.30500  below=0/3
t=411870  fraction=0.50500  peak_slope=6.002e-06  t_peak=176944  comparison cadence=353888  difference=0.50500  below=0/3
t=550826  fraction=0.64500  peak_slope=9.003e-06  t_peak=162949  comparison cadence=325897  difference=0.30000  below=0/3
t=401873  fraction=0.52000  peak_slope=7.002e-06  t_peak=200937  comparison cadence=401873  difference=0.52000  below=0/3
t=551826  fraction=0.64500  peak_slope=9.003e-06  t_peak=162949  comparison cadence=325897  difference=0.30000  below=0/3
t=412870  fraction=0.50500  peak_slope=6.002e-06  t_peak=176944  comparison cadence=353888  difference=0.50500  below=0/3
t=402873  fraction=0.52000  peak_slope=7.002e-06  t_peak=200937  comparison cadence=401873  difference=0.52000  below=0/3
t=552826  fraction=0.64500  peak_slope=9.003e-06  t_peak=162949  comparison cadence=325897  difference=0.30000  below=0/3
t=413869  fraction=0.50500  peak_slope=6.002e-06  t_peak=176944  comparison cadence=353888  difference=0.50500  below=0/3
t=403873  fraction=0.52500  peak_slope=7.002e-06  t_peak=200937  comparison cadence=401873  difference=0.52500  below=0/3
t=553825  fraction=0.64500  peak_slope=9.003e-06  t_peak=162949  comparison cadence=325897  difference=0.29500  below=0/3
t=414869  fraction=0.50500  peak_slope=6.002e-06  t_peak=176944  comparison cadence=353888  difference=0.50500  below=0/3
t=554825  fraction=0.64500  peak_slope=9.003e-06  t_peak=162949  comparison cadence=325897  difference=0.29000  below=0/3
t=404872  fraction=0.52500  peak_slope=7.002e-06  t_peak=200937  comparison cadence=401873  difference=0.52500  below=0/3
t=555825  fraction=0.64500  peak_slope=9.003e-06  t_peak=162949  comparison cadence=325897  difference=0.28000  below=0/3
t=415869  fraction=0.50500  peak_slope=6.002e-06  t_peak=176944  comparison cadence=353888  difference=0.50500  below=0/3
t=405872  fraction=0.52500  peak_slope=7.002e-06  t_peak=200937  comparison cadence=401873  difference=0.52500  below=0/3
t=556824  fraction=0.64500  peak_slope=9.003e-06  t_peak=162949  comparison cadence=325897  difference=0.27500  below=0/3
t=416869  fraction=0.50500  peak_slope=6.002e-06  t_peak=176944  comparison cadence=353888  difference=0.50500  below=0/3
t=557824  fraction=0.64500  peak_slope=9.003e-06  t_peak=162949  comparison cadence=325897  difference=0.27500  below=0/3
t=406872  fraction=0.52500  peak_slope=7.002e-06  t_peak=200937  comparison cadence=401873  difference=0.52500  below=0/3
t=558824  fraction=0.64500  peak_slope=9.003e-06  t_peak=162949  comparison cadence=325897  difference=0.27500  below=0/3
t=417868  fraction=0.50500  peak_slope=6.002e-06  t_peak=176944  comparison cadence=353888  difference=0.50500  below=0/3
t=407871  fraction=0.52500  peak_slope=7.002e-06  t_peak=200937  comparison cadence=401873  difference=0.52500  below=0/3
t=559823  fraction=0.64500  peak_slope=9.003e-06  t_peak=162949  comparison cadence=325897  difference=0.27500  below=0/3
t=418868  fraction=0.50500  peak_slope=6.002e-06  t_peak=176944  comparison cadence=353888  difference=0.50500  below=0/3
t=408871  fraction=0.53000  peak_slope=7.002e-06  t_peak=200937  comparison cadence=401873  difference=0.53000  below=0/3
t=560823  fraction=0.64500  peak_slope=9.003e-06  t_peak=162949  comparison cadence=325897  difference=0.27000  below=0/3
t=419868  fraction=0.51000  peak_slope=6.002e-06  t_peak=176944  comparison cadence=353888  difference=0.51000  below=0/3
t=561823  fraction=0.64500  peak_slope=9.003e-06  t_peak=162949  comparison cadence=325897  difference=0.26000  below=0/3
t=409871  fraction=0.53000  peak_slope=7.002e-06  t_peak=200937  comparison cadence=401873  difference=0.53000  below=0/3
t=562822  fraction=0.64500  peak_slope=9.003e-06  t_peak=162949  comparison cadence=325897  difference=0.25500  below=0/3
t=420867  fraction=0.51000  peak_slope=6.002e-06  t_peak=176944  comparison cadence=353888  difference=0.51000  below=0/3
t=410870  fraction=0.53000  peak_slope=7.002e-06  t_peak=200937  comparison cadence=401873  difference=0.53000  below=0/3
t=563822  fraction=0.64500  peak_slope=9.003e-06  t_peak=162949  comparison cadence=325897  difference=0.25500  below=0/3
t=421867  fraction=0.51000  peak_slope=6.002e-06  t_peak=176944  comparison cadence=353888  difference=0.51000  below=0/3
t=411870  fraction=0.53000  peak_slope=7.002e-06  t_peak=200937  comparison cadence=401873  difference=0.53000  below=0/3
t=564822  fraction=0.64500  peak_slope=9.003e-06  t_peak=162949  comparison cadence=325897  difference=0.25000  below=0/3
t=565822  fraction=0.64500  peak_slope=9.003e-06  t_peak=162949  comparison cadence=325897  difference=0.25000  below=0/3
t=422867  fraction=0.51000  peak_slope=6.002e-06  t_peak=176944  comparison cadence=353888  difference=0.51000  below=0/3
t=412870  fraction=0.53000  peak_slope=7.002e-06  t_peak=200937  comparison cadence=401873  difference=0.53000  below=0/3
t=566821  fraction=0.64500  peak_slope=9.003e-06  t_peak=162949  comparison cadence=325897  difference=0.25000  below=0/3
t=423866  fraction=0.51000  peak_slope=6.002e-06  t_peak=176944  comparison cadence=353888  difference=0.51000  below=0/3
t=413869  fraction=0.53000  peak_slope=7.002e-06  t_peak=200937  comparison cadence=401873  difference=0.53000  below=0/3
t=567821  fraction=0.64500  peak_slope=9.003e-06  t_peak=162949  comparison cadence=325897  difference=0.24500  below=0/3
t=424866  fraction=0.51000  peak_slope=6.002e-06  t_peak=176944  comparison cadence=353888  difference=0.51000  below=0/3
t=414869  fraction=0.53000  peak_slope=7.002e-06  t_peak=200937  comparison cadence=401873  difference=0.53000  below=0/3
t=568821  fraction=0.64500  peak_slope=9.003e-06  t_peak=162949  comparison cadence=325897  difference=0.24000  below=0/3
t=569820  fraction=0.64500  peak_slope=9.003e-06  t_peak=162949  comparison cadence=325897  difference=0.24000  below=0/3
t=425866  fraction=0.51000  peak_slope=6.002e-06  t_peak=176944  comparison cadence=353888  difference=0.51000  below=0/3
t=415869  fraction=0.53000  peak_slope=7.002e-06  t_peak=200937  comparison cadence=401873  difference=0.53000  below=0/3
t=570820  fraction=0.64500  peak_slope=9.003e-06  t_peak=162949  comparison cadence=325897  difference=0.24000  below=0/3
t=426865  fraction=0.51000  peak_slope=6.002e-06  t_peak=176944  comparison cadence=353888  difference=0.51000  below=0/3
t=416869  fraction=0.53500  peak_slope=7.002e-06  t_peak=200937  comparison cadence=401873  difference=0.53500  below=0/3
t=571820  fraction=0.64500  peak_slope=9.003e-06  t_peak=162949  comparison cadence=325897  difference=0.24000  below=0/3
t=427865  fraction=0.51000  peak_slope=6.002e-06  t_peak=176944  comparison cadence=353888  difference=0.51000  below=0/3
t=417868  fraction=0.53500  peak_slope=7.002e-06  t_peak=200937  comparison cadence=401873  difference=0.53500  below=0/3
t=572819  fraction=0.64500  peak_slope=9.003e-06  t_peak=162949  comparison cadence=325897  difference=0.24000  below=0/3
t=573819  fraction=0.64500  peak_slope=9.003e-06  t_peak=162949  comparison cadence=325897  difference=0.23500  below=0/3
t=428865  fraction=0.51000  peak_slope=6.002e-06  t_peak=176944  comparison cadence=353888  difference=0.51000  below=0/3
t=418868  fraction=0.53500  peak_slope=7.002e-06  t_peak=200937  comparison cadence=401873  difference=0.53500  below=0/3
t=574819  fraction=0.64500  peak_slope=9.003e-06  t_peak=162949  comparison cadence=325897  difference=0.23000  below=0/3
t=429864  fraction=0.51000  peak_slope=6.002e-06  t_peak=176944  comparison cadence=353888  difference=0.51000  below=0/3
t=419868  fraction=0.54000  peak_slope=7.002e-06  t_peak=200937  comparison cadence=401873  difference=0.54000  below=0/3
t=575818  fraction=0.64500  peak_slope=9.003e-06  t_peak=162949  comparison cadence=325897  difference=0.22500  below=0/3
t=430864  fraction=0.51500  peak_slope=6.002e-06  t_peak=176944  comparison cadence=353888  difference=0.51500  below=0/3
t=576818  fraction=0.64500  peak_slope=9.003e-06  t_peak=162949  comparison cadence=325897  difference=0.22500  below=0/3
t=420867  fraction=0.54000  peak_slope=7.002e-06  t_peak=200937  comparison cadence=401873  difference=0.54000  below=0/3
t=577818  fraction=0.64500  peak_slope=9.003e-06  t_peak=162949  comparison cadence=325897  difference=0.22500  below=0/3
t=431864  fraction=0.51500  peak_slope=6.002e-06  t_peak=176944  comparison cadence=353888  difference=0.51500  below=0/3
t=421867  fraction=0.54000  peak_slope=7.002e-06  t_peak=200937  comparison cadence=401873  difference=0.54000  below=0/3
t=578817  fraction=0.64500  peak_slope=9.003e-06  t_peak=162949  comparison cadence=325897  difference=0.22500  below=0/3
t=432863  fraction=0.51500  peak_slope=6.002e-06  t_peak=176944  comparison cadence=353888  difference=0.51500  below=0/3
t=422867  fraction=0.54000  peak_slope=7.002e-06  t_peak=200937  comparison cadence=401873  difference=0.54000  below=0/3
t=579817  fraction=0.64500  peak_slope=9.003e-06  t_peak=162949  comparison cadence=325897  difference=0.22500  below=0/3
t=580817  fraction=0.64500  peak_slope=9.003e-06  t_peak=162949  comparison cadence=325897  difference=0.22000  below=0/3
t=433863  fraction=0.51500  peak_slope=6.002e-06  t_peak=176944  comparison cadence=353888  difference=0.51500  below=0/3
t=423866  fraction=0.54000  peak_slope=7.002e-06  t_peak=200937  comparison cadence=401873  difference=0.54000  below=0/3
t=581816  fraction=0.64500  peak_slope=9.003e-06  t_peak=162949  comparison cadence=325897  difference=0.22000  below=0/3
t=434863  fraction=0.52000  peak_slope=6.002e-06  t_peak=176944  comparison cadence=353888  difference=0.52000  below=0/3
t=424866  fraction=0.54000  peak_slope=7.002e-06  t_peak=200937  comparison cadence=401873  difference=0.54000  below=0/3
t=582816  fraction=0.64500  peak_slope=9.003e-06  t_peak=162949  comparison cadence=325897  difference=0.22000  below=0/3
t=435863  fraction=0.52000  peak_slope=6.002e-06  t_peak=176944  comparison cadence=353888  difference=0.52000  below=0/3
t=583816  fraction=0.64500  peak_slope=9.003e-06  t_peak=162949  comparison cadence=325897  difference=0.22000  below=0/3
t=425866  fraction=0.54000  peak_slope=7.002e-06  t_peak=200937  comparison cadence=401873  difference=0.54000  below=0/3
t=584816  fraction=0.64500  peak_slope=9.003e-06  t_peak=162949  comparison cadence=325897  difference=0.22000  below=0/3
t=436862  fraction=0.52000  peak_slope=6.002e-06  t_peak=176944  comparison cadence=353888  difference=0.52000  below=0/3
t=426865  fraction=0.54000  peak_slope=7.002e-06  t_peak=200937  comparison cadence=401873  difference=0.54000  below=0/3
t=585815  fraction=0.64500  peak_slope=9.003e-06  t_peak=162949  comparison cadence=325897  difference=0.21500  below=0/3
t=437862  fraction=0.52000  peak_slope=6.002e-06  t_peak=176944  comparison cadence=353888  difference=0.52000  below=0/3
t=427865  fraction=0.54000  peak_slope=7.002e-06  t_peak=200937  comparison cadence=401873  difference=0.54000  below=0/3
t=586815  fraction=0.64500  peak_slope=9.003e-06  t_peak=162949  comparison cadence=325897  difference=0.21500  below=0/3
t=438862  fraction=0.52000  peak_slope=6.002e-06  t_peak=176944  comparison cadence=353888  difference=0.52000  below=0/3
t=587815  fraction=0.64500  peak_slope=9.003e-06  t_peak=162949  comparison cadence=325897  difference=0.21500  below=0/3
t=428865  fraction=0.54000  peak_slope=7.002e-06  t_peak=200937  comparison cadence=401873  difference=0.54000  below=0/3
t=588814  fraction=0.64500  peak_slope=9.003e-06  t_peak=162949  comparison cadence=325897  difference=0.21000  below=0/3
t=439861  fraction=0.52000  peak_slope=6.002e-06  t_peak=176944  comparison cadence=353888  difference=0.52000  below=0/3
t=429864  fraction=0.54000  peak_slope=7.002e-06  t_peak=200937  comparison cadence=401873  difference=0.54000  below=0/3
t=589814  fraction=0.65000  peak_slope=9.003e-06  t_peak=162949  comparison cadence=325897  difference=0.21500  below=0/3
t=440861  fraction=0.52000  peak_slope=6.002e-06  t_peak=176944  comparison cadence=353888  difference=0.52000  below=0/3
t=430864  fraction=0.54000  peak_slope=7.002e-06  t_peak=200937  comparison cadence=401873  difference=0.54000  below=0/3
t=590814  fraction=0.65000  peak_slope=9.003e-06  t_peak=162949  comparison cadence=325897  difference=0.21500  below=0/3
t=591813  fraction=0.65000  peak_slope=9.003e-06  t_peak=162949  comparison cadence=325897  difference=0.21500  below=0/3
t=441861  fraction=0.52000  peak_slope=6.002e-06  t_peak=176944  comparison cadence=353888  difference=0.52000  below=0/3
t=431864  fraction=0.54000  peak_slope=7.002e-06  t_peak=200937  comparison cadence=401873  difference=0.54000  below=0/3
t=592813  fraction=0.65000  peak_slope=9.003e-06  t_peak=162949  comparison cadence=325897  difference=0.21500  below=0/3
t=442860  fraction=0.52000  peak_slope=6.002e-06  t_peak=176944  comparison cadence=353888  difference=0.52000  below=0/3
t=432863  fraction=0.54000  peak_slope=7.002e-06  t_peak=200937  comparison cadence=401873  difference=0.54000  below=0/3
t=593813  fraction=0.65500  peak_slope=9.003e-06  t_peak=162949  comparison cadence=325897  difference=0.22000  below=0/3
t=443860  fraction=0.52000  peak_slope=6.002e-06  t_peak=176944  comparison cadence=353888  difference=0.52000  below=0/3
t=594812  fraction=0.65500  peak_slope=9.003e-06  t_peak=162949  comparison cadence=325897  difference=0.22000  below=0/3
t=433863  fraction=0.54000  peak_slope=7.002e-06  t_peak=200937  comparison cadence=401873  difference=0.54000  below=0/3
t=595812  fraction=0.65500  peak_slope=9.003e-06  t_peak=162949  comparison cadence=325897  difference=0.22000  below=0/3
t=444860  fraction=0.52000  peak_slope=6.002e-06  t_peak=176944  comparison cadence=353888  difference=0.52000  below=0/3
t=434863  fraction=0.54500  peak_slope=7.002e-06  t_peak=200937  comparison cadence=401873  difference=0.54500  below=0/3
t=596812  fraction=0.65500  peak_slope=9.003e-06  t_peak=162949  comparison cadence=325897  difference=0.22000  below=0/3
t=445859  fraction=0.52000  peak_slope=6.002e-06  t_peak=176944  comparison cadence=353888  difference=0.52000  below=0/3
t=435863  fraction=0.54500  peak_slope=7.002e-06  t_peak=200937  comparison cadence=401873  difference=0.54500  below=0/3
t=597811  fraction=0.65500  peak_slope=9.003e-06  t_peak=162949  comparison cadence=325897  difference=0.21500  below=0/3
t=446859  fraction=0.52000  peak_slope=6.002e-06  t_peak=176944  comparison cadence=353888  difference=0.51500  below=0/3
t=598811  fraction=0.65500  peak_slope=9.003e-06  t_peak=162949  comparison cadence=325897  difference=0.20500  below=0/3
t=436862  fraction=0.54500  peak_slope=7.002e-06  t_peak=200937  comparison cadence=401873  difference=0.54500  below=0/3
t=599811  fraction=0.65500  peak_slope=9.003e-06  t_peak=162949  comparison cadence=325897  difference=0.20000  below=0/3
t=447859  fraction=0.52000  peak_slope=6.002e-06  t_peak=176944  comparison cadence=353888  difference=0.51000  below=0/3
t=437862  fraction=0.54500  peak_slope=7.002e-06  t_peak=200937  comparison cadence=401873  difference=0.54500  below=0/3
t=600810  fraction=0.65500  peak_slope=9.003e-06  t_peak=162949  comparison cadence=325897  difference=0.19500  below=0/3
t=448858  fraction=0.52000  peak_slope=6.002e-06  t_peak=176944  comparison cadence=353888  difference=0.51000  below=0/3
t=438862  fraction=0.54500  peak_slope=7.002e-06  t_peak=200937  comparison cadence=401873  difference=0.54500  below=0/3
t=601810  fraction=0.65500  peak_slope=9.003e-06  t_peak=162949  comparison cadence=325897  difference=0.19500  below=0/3
t=602810  fraction=0.65500  peak_slope=9.003e-06  t_peak=162949  comparison cadence=325897  difference=0.18500  below=0/3
t=449858  fraction=0.52000  peak_slope=6.002e-06  t_peak=176944  comparison cadence=353888  difference=0.51000  below=0/3
t=439861  fraction=0.54500  peak_slope=7.002e-06  t_peak=200937  comparison cadence=401873  difference=0.54500  below=0/3
t=603810  fraction=0.65500  peak_slope=9.003e-06  t_peak=162949  comparison cadence=325897  difference=0.18000  below=0/3
t=450858  fraction=0.52000  peak_slope=6.002e-06  t_peak=176944  comparison cadence=353888  difference=0.50500  below=0/3
t=440861  fraction=0.54500  peak_slope=7.002e-06  t_peak=200937  comparison cadence=401873  difference=0.54500  below=0/3
t=604809  fraction=0.65500  peak_slope=9.003e-06  t_peak=162949  comparison cadence=325897  difference=0.18000  below=0/3
t=451857  fraction=0.52000  peak_slope=6.002e-06  t_peak=176944  comparison cadence=353888  difference=0.50500  below=0/3
t=441861  fraction=0.54500  peak_slope=7.002e-06  t_peak=200937  comparison cadence=401873  difference=0.54500  below=0/3
t=605809  fraction=0.65500  peak_slope=9.003e-06  t_peak=162949  comparison cadence=325897  difference=0.18000  below=0/3
t=606809  fraction=0.65500  peak_slope=9.003e-06  t_peak=162949  comparison cadence=325897  difference=0.18000  below=0/3
t=452857  fraction=0.52000  peak_slope=6.002e-06  t_peak=176944  comparison cadence=353888  difference=0.50000  below=0/3
t=442860  fraction=0.54500  peak_slope=7.002e-06  t_peak=200937  comparison cadence=401873  difference=0.54500  below=0/3
t=607808  fraction=0.65500  peak_slope=9.003e-06  t_peak=162949  comparison cadence=325897  difference=0.18000  below=0/3
t=453857  fraction=0.52000  peak_slope=6.002e-06  t_peak=176944  comparison cadence=353888  difference=0.50000  below=0/3
t=443860  fraction=0.54500  peak_slope=7.002e-06  t_peak=200937  comparison cadence=401873  difference=0.54500  below=0/3
t=608808  fraction=0.65500  peak_slope=9.003e-06  t_peak=162949  comparison cadence=325897  difference=0.18000  below=0/3
t=454857  fraction=0.52000  peak_slope=6.002e-06  t_peak=176944  comparison cadence=353888  difference=0.50000  below=0/3
t=609808  fraction=0.65500  peak_slope=9.003e-06  t_peak=162949  comparison cadence=325897  difference=0.17500  below=0/3
t=444860  fraction=0.54500  peak_slope=7.002e-06  t_peak=200937  comparison cadence=401873  difference=0.54500  below=0/3
t=610807  fraction=0.65500  peak_slope=9.003e-06  t_peak=162949  comparison cadence=325897  difference=0.17500  below=0/3
t=455856  fraction=0.52500  peak_slope=6.002e-06  t_peak=176944  comparison cadence=353888  difference=0.50000  below=0/3
t=445859  fraction=0.54500  peak_slope=7.002e-06  t_peak=200937  comparison cadence=401873  difference=0.54500  below=0/3
t=611807  fraction=0.65500  peak_slope=9.003e-06  t_peak=162949  comparison cadence=325897  difference=0.17500  below=0/3
t=456856  fraction=0.52500  peak_slope=6.002e-06  t_peak=176944  comparison cadence=353888  difference=0.50000  below=0/3
t=446859  fraction=0.54500  peak_slope=7.002e-06  t_peak=200937  comparison cadence=401873  difference=0.54500  below=0/3
t=612807  fraction=0.65500  peak_slope=9.003e-06  t_peak=162949  comparison cadence=325897  difference=0.17500  below=0/3
t=457856  fraction=0.53000  peak_slope=6.002e-06  t_peak=176944  comparison cadence=353888  difference=0.50500  below=0/3
t=613806  fraction=0.65500  peak_slope=9.003e-06  t_peak=162949  comparison cadence=325897  difference=0.17500  below=0/3
t=447859  fraction=0.54500  peak_slope=7.002e-06  t_peak=200937  comparison cadence=401873  difference=0.54500  below=0/3
t=614806  fraction=0.65500  peak_slope=9.003e-06  t_peak=162949  comparison cadence=325897  difference=0.17000  below=0/3
t=458855  fraction=0.53500  peak_slope=6.002e-06  t_peak=176944  comparison cadence=353888  difference=0.51000  below=0/3
t=448858  fraction=0.55000  peak_slope=7.002e-06  t_peak=200937  comparison cadence=401873  difference=0.55000  below=0/3
t=615806  fraction=0.65500  peak_slope=9.003e-06  t_peak=162949  comparison cadence=325897  difference=0.16500  below=0/3
t=459855  fraction=0.53500  peak_slope=6.002e-06  t_peak=176944  comparison cadence=353888  difference=0.50500  below=0/3
t=449858  fraction=0.55000  peak_slope=7.002e-06  t_peak=200937  comparison cadence=401873  difference=0.55000  below=0/3
t=616805  fraction=0.65500  peak_slope=9.003e-06  t_peak=162949  comparison cadence=325897  difference=0.16000  below=0/3
t=617805  fraction=0.65500  peak_slope=9.003e-06  t_peak=162949  comparison cadence=325897  difference=0.16000  below=0/3
t=460855  fraction=0.53500  peak_slope=6.002e-06  t_peak=176944  comparison cadence=353888  difference=0.49500  below=0/3
t=450858  fraction=0.55000  peak_slope=7.002e-06  t_peak=200937  comparison cadence=401873  difference=0.55000  below=0/3
t=618805  fraction=0.65500  peak_slope=9.003e-06  t_peak=162949  comparison cadence=325897  difference=0.16000  below=0/3
t=461854  fraction=0.53500  peak_slope=6.002e-06  t_peak=176944  comparison cadence=353888  difference=0.49500  below=0/3
t=451857  fraction=0.55000  peak_slope=7.002e-06  t_peak=200937  comparison cadence=401873  difference=0.55000  below=0/3
t=619804  fraction=0.65500  peak_slope=9.003e-06  t_peak=162949  comparison cadence=325897  difference=0.16000  below=0/3
t=462854  fraction=0.54000  peak_slope=6.002e-06  t_peak=176944  comparison cadence=353888  difference=0.49500  below=0/3
t=620804  fraction=0.65500  peak_slope=9.003e-06  t_peak=162949  comparison cadence=325897  difference=0.16000  below=0/3
t=452857  fraction=0.55000  peak_slope=7.002e-06  t_peak=200937  comparison cadence=401873  difference=0.55000  below=0/3
t=621804  fraction=0.65500  peak_slope=9.003e-06  t_peak=162949  comparison cadence=325897  difference=0.16000  below=0/3
t=463854  fraction=0.54000  peak_slope=6.002e-06  t_peak=176944  comparison cadence=353888  difference=0.49000  below=0/3
t=453857  fraction=0.55000  peak_slope=7.002e-06  t_peak=200937  comparison cadence=401873  difference=0.55000  below=0/3
t=622804  fraction=0.65500  peak_slope=9.003e-06  t_peak=162949  comparison cadence=325897  difference=0.15500  below=0/3
t=464853  fraction=0.54000  peak_slope=6.002e-06  t_peak=176944  comparison cadence=353888  difference=0.49000  below=0/3
t=454857  fraction=0.55000  peak_slope=7.002e-06  t_peak=200937  comparison cadence=401873  difference=0.55000  below=0/3
t=623803  fraction=0.65500  peak_slope=9.003e-06  t_peak=162949  comparison cadence=325897  difference=0.15500  below=0/3
t=465853  fraction=0.54000  peak_slope=6.002e-06  t_peak=176944  comparison cadence=353888  difference=0.49000  below=0/3
t=624803  fraction=0.65500  peak_slope=9.003e-06  t_peak=162949  comparison cadence=325897  difference=0.15500  below=0/3
t=455856  fraction=0.55000  peak_slope=7.002e-06  t_peak=200937  comparison cadence=401873  difference=0.55000  below=0/3
t=625803  fraction=0.65500  peak_slope=9.003e-06  t_peak=162949  comparison cadence=325897  difference=0.15500  below=0/3
t=466853  fraction=0.54000  peak_slope=6.002e-06  t_peak=176944  comparison cadence=353888  difference=0.49000  below=0/3
t=456856  fraction=0.55000  peak_slope=7.002e-06  t_peak=200937  comparison cadence=401873  difference=0.55000  below=0/3
t=626802  fraction=0.65500  peak_slope=9.003e-06  t_peak=162949  comparison cadence=325897  difference=0.15000  below=0/3
t=467852  fraction=0.54000  peak_slope=6.002e-06  t_peak=176944  comparison cadence=353888  difference=0.49000  below=0/3
t=457856  fraction=0.55000  peak_slope=7.002e-06  t_peak=200937  comparison cadence=401873  difference=0.55000  below=0/3
t=627802  fraction=0.65500  peak_slope=9.003e-06  t_peak=162949  comparison cadence=325897  difference=0.15000  below=0/3
t=628802  fraction=0.65500  peak_slope=9.003e-06  t_peak=162949  comparison cadence=325897  difference=0.15000  below=0/3
t=468852  fraction=0.54000  peak_slope=6.002e-06  t_peak=176944  comparison cadence=353888  difference=0.49000  below=0/3
t=458855  fraction=0.55000  peak_slope=7.002e-06  t_peak=200937  comparison cadence=401873  difference=0.55000  below=0/3
t=629801  fraction=0.65500  peak_slope=9.003e-06  t_peak=162949  comparison cadence=325897  difference=0.15000  below=0/3
t=469852  fraction=0.54000  peak_slope=6.002e-06  t_peak=176944  comparison cadence=353888  difference=0.49000  below=0/3
t=459855  fraction=0.55000  peak_slope=7.002e-06  t_peak=200937  comparison cadence=401873  difference=0.55000  below=0/3
t=630801  fraction=0.65500  peak_slope=9.003e-06  t_peak=162949  comparison cadence=325897  difference=0.15000  below=0/3
t=470851  fraction=0.54000  peak_slope=6.002e-06  t_peak=176944  comparison cadence=353888  difference=0.48500  below=0/3
t=631801  fraction=0.65500  peak_slope=9.003e-06  t_peak=162949  comparison cadence=325897  difference=0.15000  below=0/3
t=460855  fraction=0.55000  peak_slope=7.002e-06  t_peak=200937  comparison cadence=401873  difference=0.55000  below=0/3
t=632800  fraction=0.65500  peak_slope=9.003e-06  t_peak=162949  comparison cadence=325897  difference=0.15000  below=0/3
t=471851  fraction=0.54000  peak_slope=6.002e-06  t_peak=176944  comparison cadence=353888  difference=0.48500  below=0/3
t=461854  fraction=0.55000  peak_slope=7.002e-06  t_peak=200937  comparison cadence=401873  difference=0.55000  below=0/3
t=633800  fraction=0.65500  peak_slope=9.003e-06  t_peak=162949  comparison cadence=325897  difference=0.15000  below=0/3
t=472851  fraction=0.54500  peak_slope=6.002e-06  t_peak=176944  comparison cadence=353888  difference=0.48000  below=0/3
t=462854  fraction=0.55000  peak_slope=7.002e-06  t_peak=200937  comparison cadence=401873  difference=0.55000  below=0/3
t=634800  fraction=0.65500  peak_slope=9.003e-06  t_peak=162949  comparison cadence=325897  difference=0.15000  below=0/3
t=473851  fraction=0.54500  peak_slope=6.002e-06  t_peak=176944  comparison cadence=353888  difference=0.47500  below=0/3
t=635799  fraction=0.65500  peak_slope=9.003e-06  t_peak=162949  comparison cadence=325897  difference=0.15000  below=0/3
t=463854  fraction=0.55500  peak_slope=7.002e-06  t_peak=200937  comparison cadence=401873  difference=0.55500  below=0/3
t=636799  fraction=0.65500  peak_slope=9.003e-06  t_peak=162949  comparison cadence=325897  difference=0.15000  below=0/3
t=474850  fraction=0.54500  peak_slope=6.002e-06  t_peak=176944  comparison cadence=353888  difference=0.47500  below=0/3
t=464853  fraction=0.55500  peak_slope=7.002e-06  t_peak=200937  comparison cadence=401873  difference=0.55500  below=0/3
t=637799  fraction=0.65500  peak_slope=9.003e-06  t_peak=162949  comparison cadence=325897  difference=0.14500  below=0/3
t=475850  fraction=0.54500  peak_slope=6.002e-06  t_peak=176944  comparison cadence=353888  difference=0.47500  below=0/3
t=465853  fraction=0.55500  peak_slope=7.002e-06  t_peak=200937  comparison cadence=401873  difference=0.55500  below=0/3
t=638799  fraction=0.65500  peak_slope=9.003e-06  t_peak=162949  comparison cadence=325897  difference=0.14500  below=0/3
t=639798  fraction=0.65500  peak_slope=9.003e-06  t_peak=162949  comparison cadence=325897  difference=0.14500  below=0/3
t=476850  fraction=0.54500  peak_slope=6.002e-06  t_peak=176944  comparison cadence=353888  difference=0.47500  below=0/3
t=466853  fraction=0.55500  peak_slope=7.002e-06  t_peak=200937  comparison cadence=401873  difference=0.55500  below=0/3
t=640798  fraction=0.65500  peak_slope=9.003e-06  t_peak=162949  comparison cadence=325897  difference=0.14500  below=0/3
t=477849  fraction=0.54500  peak_slope=6.002e-06  t_peak=176944  comparison cadence=353888  difference=0.46500  below=0/3
t=467852  fraction=0.55500  peak_slope=7.002e-06  t_peak=200937  comparison cadence=401873  difference=0.55500  below=0/3
t=641798  fraction=0.65500  peak_slope=9.003e-06  t_peak=162949  comparison cadence=325897  difference=0.14500  below=0/3
t=478849  fraction=0.54500  peak_slope=6.002e-06  t_peak=176944  comparison cadence=353888  difference=0.46500  below=0/3
t=642797  fraction=0.66000  peak_slope=9.003e-06  t_peak=162949  comparison cadence=325897  difference=0.15000  below=0/3
t=468852  fraction=0.55500  peak_slope=7.002e-06  t_peak=200937  comparison cadence=401873  difference=0.55500  below=0/3
t=643797  fraction=0.66000  peak_slope=9.003e-06  t_peak=162949  comparison cadence=325897  difference=0.15000  below=0/3
t=479849  fraction=0.54500  peak_slope=6.002e-06  t_peak=176944  comparison cadence=353888  difference=0.46000  below=0/3
t=469852  fraction=0.55500  peak_slope=7.002e-06  t_peak=200937  comparison cadence=401873  difference=0.55500  below=0/3
t=644797  fraction=0.66000  peak_slope=9.003e-06  t_peak=162949  comparison cadence=325897  difference=0.15000  below=0/3
t=480848  fraction=0.55000  peak_slope=6.002e-06  t_peak=176944  comparison cadence=353888  difference=0.46500  below=0/3
t=470851  fraction=0.55500  peak_slope=7.002e-06  t_peak=200937  comparison cadence=401873  difference=0.55500  below=0/3
t=645796  fraction=0.66000  peak_slope=9.003e-06  t_peak=162949  comparison cadence=325897  difference=0.15000  below=0/3
t=481848  fraction=0.55000  peak_slope=6.002e-06  t_peak=176944  comparison cadence=353888  difference=0.46500  below=0/3
t=646796  fraction=0.66000  peak_slope=9.003e-06  t_peak=162949  comparison cadence=325897  difference=0.14500  below=0/3
t=471851  fraction=0.55500  peak_slope=7.002e-06  t_peak=200937  comparison cadence=401873  difference=0.55500  below=0/3
t=647796  fraction=0.66000  peak_slope=9.003e-06  t_peak=162949  comparison cadence=325897  difference=0.14500  below=0/3
t=482848  fraction=0.55000  peak_slope=6.002e-06  t_peak=176944  comparison cadence=353888  difference=0.46500  below=0/3
t=472851  fraction=0.55500  peak_slope=7.002e-06  t_peak=200937  comparison cadence=401873  difference=0.55500  below=0/3
t=648795  fraction=0.66000  peak_slope=9.003e-06  t_peak=162949  comparison cadence=325897  difference=0.14500  below=0/3
t=483847  fraction=0.55000  peak_slope=6.002e-06  t_peak=176944  comparison cadence=353888  difference=0.46000  below=0/3
t=649795  fraction=0.66000  peak_slope=9.003e-06  t_peak=162949  comparison cadence=325897  difference=0.14500  below=0/3
t=473851  fraction=0.56000  peak_slope=7.002e-06  t_peak=200937  comparison cadence=401873  difference=0.56000  below=0/3
t=650795  fraction=0.66000  peak_slope=9.003e-06  t_peak=162949  comparison cadence=325897  difference=0.14500  below=0/3
t=484847  fraction=0.55000  peak_slope=6.002e-06  t_peak=176944  comparison cadence=353888  difference=0.46000  below=0/3
t=474850  fraction=0.56500  peak_slope=7.002e-06  t_peak=200937  comparison cadence=401873  difference=0.56500  below=0/3
t=651794  fraction=0.66000  peak_slope=9.003e-06  t_peak=162949  comparison cadence=325897  difference=0.14500  below=0/3
t=485847  fraction=0.55000  peak_slope=6.002e-06  t_peak=176944  comparison cadence=353888  difference=0.45500  below=0/3
t=475850  fraction=0.56500  peak_slope=7.002e-06  t_peak=200937  comparison cadence=401873  difference=0.56500  below=0/3
t=652794  fraction=0.66000  peak_slope=9.003e-06  t_peak=162949  comparison cadence=325897  difference=0.14500  below=0/3
t=486846  fraction=0.55000  peak_slope=6.002e-06  t_peak=176944  comparison cadence=353888  difference=0.45500  below=0/3
t=653794  fraction=0.66000  peak_slope=9.003e-06  t_peak=162949  comparison cadence=325897  difference=0.14500  below=0/3
t=476850  fraction=0.56500  peak_slope=7.002e-06  t_peak=200937  comparison cadence=401873  difference=0.56500  below=0/3
t=654793  fraction=0.66000  peak_slope=9.003e-06  t_peak=162949  comparison cadence=325897  difference=0.14500  below=0/3
t=487846  fraction=0.55000  peak_slope=6.002e-06  t_peak=176944  comparison cadence=353888  difference=0.45000  below=0/3
t=477849  fraction=0.56500  peak_slope=7.002e-06  t_peak=200937  comparison cadence=401873  difference=0.56500  below=0/3
t=655793  fraction=0.66000  peak_slope=9.003e-06  t_peak=162949  comparison cadence=325897  difference=0.14500  below=0/3
t=488846  fraction=0.55500  peak_slope=6.002e-06  t_peak=176944  comparison cadence=353888  difference=0.45500  below=0/3
t=478849  fraction=0.56500  peak_slope=7.002e-06  t_peak=200937  comparison cadence=401873  difference=0.56500  below=0/3
t=656793  fraction=0.66000  peak_slope=9.003e-06  t_peak=162949  comparison cadence=325897  difference=0.14500  below=0/3
t=489845  fraction=0.55500  peak_slope=6.002e-06  t_peak=176944  comparison cadence=353888  difference=0.45500  below=0/3
t=657793  fraction=0.66000  peak_slope=9.003e-06  t_peak=162949  comparison cadence=325897  difference=0.14500  below=0/3
t=479849  fraction=0.56500  peak_slope=7.002e-06  t_peak=200937  comparison cadence=401873  difference=0.56500  below=0/3
t=658792  fraction=0.66500  peak_slope=9.003e-06  t_peak=162949  comparison cadence=325897  difference=0.15000  below=0/3
t=490845  fraction=0.55500  peak_slope=6.002e-06  t_peak=176944  comparison cadence=353888  difference=0.45500  below=0/3
t=480848  fraction=0.56500  peak_slope=7.002e-06  t_peak=200937  comparison cadence=401873  difference=0.56000  below=0/3
t=659792  fraction=0.66500  peak_slope=9.003e-06  t_peak=162949  comparison cadence=325897  difference=0.15000  below=0/3
t=491845  fraction=0.56000  peak_slope=6.002e-06  t_peak=176944  comparison cadence=353888  difference=0.45500  below=0/3
t=481848  fraction=0.57000  peak_slope=7.002e-06  t_peak=200937  comparison cadence=401873  difference=0.56500  below=0/3
t=660792  fraction=0.67000  peak_slope=9.003e-06  t_peak=162949  comparison cadence=325897  difference=0.15500  below=0/3
t=661791  fraction=0.67000  peak_slope=9.003e-06  t_peak=162949  comparison cadence=325897  difference=0.15500  below=0/3
t=492845  fraction=0.56000  peak_slope=6.002e-06  t_peak=176944  comparison cadence=353888  difference=0.45500  below=0/3
t=482848  fraction=0.57000  peak_slope=7.002e-06  t_peak=200937  comparison cadence=401873  difference=0.56500  below=0/3
t=662791  fraction=0.67000  peak_slope=9.003e-06  t_peak=162949  comparison cadence=325897  difference=0.15500  below=0/3
t=493844  fraction=0.56000  peak_slope=6.002e-06  t_peak=176944  comparison cadence=353888  difference=0.45500  below=0/3
t=483847  fraction=0.57500  peak_slope=7.002e-06  t_peak=200937  comparison cadence=401873  difference=0.57000  below=0/3
t=663791  fraction=0.67000  peak_slope=9.003e-06  t_peak=162949  comparison cadence=325897  difference=0.15000  below=0/3
t=494844  fraction=0.56000  peak_slope=6.002e-06  t_peak=176944  comparison cadence=353888  difference=0.45500  below=0/3
t=664790  fraction=0.67000  peak_slope=9.003e-06  t_peak=162949  comparison cadence=325897  difference=0.15000  below=0/3
t=484847  fraction=0.57500  peak_slope=7.002e-06  t_peak=200937  comparison cadence=401873  difference=0.57000  below=0/3
t=665790  fraction=0.67000  peak_slope=9.003e-06  t_peak=162949  comparison cadence=325897  difference=0.14500  below=0/3
t=495844  fraction=0.56000  peak_slope=6.002e-06  t_peak=176944  comparison cadence=353888  difference=0.45500  below=0/3
t=485847  fraction=0.57500  peak_slope=7.002e-06  t_peak=200937  comparison cadence=401873  difference=0.57000  below=0/3
t=666790  fraction=0.67000  peak_slope=9.003e-06  t_peak=162949  comparison cadence=325897  difference=0.14500  below=0/3
t=496843  fraction=0.56000  peak_slope=6.002e-06  t_peak=176944  comparison cadence=353888  difference=0.45000  below=0/3
t=486846  fraction=0.57500  peak_slope=7.002e-06  t_peak=200937  comparison cadence=401873  difference=0.57000  below=0/3
t=667789  fraction=0.67000  peak_slope=9.003e-06  t_peak=162949  comparison cadence=325897  difference=0.14500  below=0/3
t=497843  fraction=0.56000  peak_slope=6.002e-06  t_peak=176944  comparison cadence=353888  difference=0.44500  below=0/3
t=668789  fraction=0.67000  peak_slope=9.003e-06  t_peak=162949  comparison cadence=325897  difference=0.14500  below=0/3
t=487846  fraction=0.57500  peak_slope=7.002e-06  t_peak=200937  comparison cadence=401873  difference=0.57000  below=0/3
t=669789  fraction=0.67000  peak_slope=9.003e-06  t_peak=162949  comparison cadence=325897  difference=0.14500  below=0/3
t=498843  fraction=0.56000  peak_slope=6.002e-06  t_peak=176944  comparison cadence=353888  difference=0.44500  below=0/3
t=488846  fraction=0.57500  peak_slope=7.002e-06  t_peak=200937  comparison cadence=401873  difference=0.57000  below=0/3
t=670788  fraction=0.67000  peak_slope=9.003e-06  t_peak=162949  comparison cadence=325897  difference=0.14500  below=0/3
t=499842  fraction=0.56500  peak_slope=6.002e-06  t_peak=176944  comparison cadence=353888  difference=0.45000  below=0/3
t=489845  fraction=0.57500  peak_slope=7.002e-06  t_peak=200937  comparison cadence=401873  difference=0.57000  below=0/3
t=671788  fraction=0.67000  peak_slope=9.003e-06  t_peak=162949  comparison cadence=325897  difference=0.14500  below=0/3
t=500842  fraction=0.56500  peak_slope=6.002e-06  t_peak=176944  comparison cadence=353888  difference=0.45000  below=0/3
t=672788  fraction=0.67000  peak_slope=9.003e-06  t_peak=162949  comparison cadence=325897  difference=0.14500  below=0/3
t=490845  fraction=0.57500  peak_slope=7.002e-06  t_peak=200937  comparison cadence=401873  difference=0.57000  below=0/3
t=673787  fraction=0.67000  peak_slope=9.003e-06  t_peak=162949  comparison cadence=325897  difference=0.14500  below=0/3
t=501842  fraction=0.56500  peak_slope=6.002e-06  t_peak=176944  comparison cadence=353888  difference=0.44500  below=0/3
t=491845  fraction=0.57500  peak_slope=7.002e-06  t_peak=200937  comparison cadence=401873  difference=0.57000  below=0/3
t=674787  fraction=0.67000  peak_slope=9.003e-06  t_peak=162949  comparison cadence=325897  difference=0.14500  below=0/3
t=502841  fraction=0.56500  peak_slope=6.002e-06  t_peak=176944  comparison cadence=353888  difference=0.44000  below=0/3
t=492845  fraction=0.57500  peak_slope=7.002e-06  t_peak=200937  comparison cadence=401873  difference=0.57000  below=0/3
t=675787  fraction=0.67000  peak_slope=9.003e-06  t_peak=162949  comparison cadence=325897  difference=0.14500  below=0/3
t=676787  fraction=0.67000  peak_slope=9.003e-06  t_peak=162949  comparison cadence=325897  difference=0.13500  below=0/3
t=503841  fraction=0.57000  peak_slope=6.002e-06  t_peak=176944  comparison cadence=353888  difference=0.44500  below=0/3
t=493844  fraction=0.57500  peak_slope=7.002e-06  t_peak=200937  comparison cadence=401873  difference=0.57000  below=0/3
t=677786  fraction=0.67000  peak_slope=9.003e-06  t_peak=162949  comparison cadence=325897  difference=0.13500  below=0/3
t=504841  fraction=0.57000  peak_slope=6.002e-06  t_peak=176944  comparison cadence=353888  difference=0.43500  below=0/3
t=494844  fraction=0.57500  peak_slope=7.002e-06  t_peak=200937  comparison cadence=401873  difference=0.57000  below=0/3
t=678786  fraction=0.67000  peak_slope=9.003e-06  t_peak=162949  comparison cadence=325897  difference=0.13000  below=0/3
t=505840  fraction=0.57000  peak_slope=6.002e-06  t_peak=176944  comparison cadence=353888  difference=0.43500  below=0/3
t=495844  fraction=0.57500  peak_slope=7.002e-06  t_peak=200937  comparison cadence=401873  difference=0.57000  below=0/3
t=679786  fraction=0.67000  peak_slope=9.003e-06  t_peak=162949  comparison cadence=325897  difference=0.13000  below=0/3
t=637799  fraction=0.65500  peak_slope=6.002e-06  t_peak=318899  comparison cadence=637799  difference=0.65500  below=0/3
t=680785  fraction=0.67000  peak_slope=9.003e-06  t_peak=162949  comparison cadence=325897  difference=0.13000  below=0/3
t=506840  fraction=0.57000  peak_slope=6.002e-06  t_peak=176944  comparison cadence=353888  difference=0.43500  below=0/3
t=496843  fraction=0.57500  peak_slope=7.002e-06  t_peak=200937  comparison cadence=401873  difference=0.57000  below=0/3
t=638799  fraction=0.65500  peak_slope=6.002e-06  t_peak=318899  comparison cadence=637799  difference=0.65500  below=0/3
t=681785  fraction=0.67000  peak_slope=9.003e-06  t_peak=162949  comparison cadence=325897  difference=0.13000  below=0/3
t=507840  fraction=0.57000  peak_slope=6.002e-06  t_peak=176944  comparison cadence=353888  difference=0.43000  below=0/3
t=497843  fraction=0.57500  peak_slope=7.002e-06  t_peak=200937  comparison cadence=401873  difference=0.56500  below=0/3
t=639798  fraction=0.65500  peak_slope=6.002e-06  t_peak=318899  comparison cadence=637799  difference=0.65500  below=0/3
t=682785  fraction=0.67000  peak_slope=9.003e-06  t_peak=162949  comparison cadence=325897  difference=0.13000  below=0/3
t=508839  fraction=0.57000  peak_slope=6.002e-06  t_peak=176944  comparison cadence=353888  difference=0.43000  below=0/3
t=498843  fraction=0.57500  peak_slope=7.002e-06  t_peak=200937  comparison cadence=401873  difference=0.56000  below=0/3
t=683784  fraction=0.67000  peak_slope=9.003e-06  t_peak=162949  comparison cadence=325897  difference=0.13000  below=0/3
t=640798  fraction=0.65500  peak_slope=6.002e-06  t_peak=318899  comparison cadence=637799  difference=0.65500  below=0/3
t=684784  fraction=0.67000  peak_slope=9.003e-06  t_peak=162949  comparison cadence=325897  difference=0.13000  below=0/3
t=641798  fraction=0.65500  peak_slope=6.002e-06  t_peak=318899  comparison cadence=637799  difference=0.65500  below=0/3
t=509839  fraction=0.57000  peak_slope=6.002e-06  t_peak=176944  comparison cadence=353888  difference=0.42000  below=0/3
t=499842  fraction=0.57500  peak_slope=7.002e-06  t_peak=200937  comparison cadence=401873  difference=0.56000  below=0/3
t=685784  fraction=0.67000  peak_slope=9.003e-06  t_peak=162949  comparison cadence=325897  difference=0.13000  below=0/3
t=642797  fraction=0.65500  peak_slope=6.002e-06  t_peak=318899  comparison cadence=637799  difference=0.65500  below=0/3
t=510839  fraction=0.57000  peak_slope=6.002e-06  t_peak=176944  comparison cadence=353888  difference=0.42000  below=0/3
t=500842  fraction=0.57500  peak_slope=7.002e-06  t_peak=200937  comparison cadence=401873  difference=0.56000  below=0/3
t=686783  fraction=0.67000  peak_slope=9.003e-06  t_peak=162949  comparison cadence=325897  difference=0.13000  below=0/3
t=643797  fraction=0.65500  peak_slope=6.002e-06  t_peak=318899  comparison cadence=637799  difference=0.65500  below=0/3
t=511839  fraction=0.57000  peak_slope=6.002e-06  t_peak=176944  comparison cadence=353888  difference=0.42000  below=0/3
t=687783  fraction=0.67000  peak_slope=9.003e-06  t_peak=162949  comparison cadence=325897  difference=0.13000  below=0/3
t=501842  fraction=0.57500  peak_slope=7.002e-06  t_peak=200937  comparison cadence=401873  difference=0.56000  below=0/3
t=644797  fraction=0.65500  peak_slope=6.002e-06  t_peak=318899  comparison cadence=637799  difference=0.65500  below=0/3
t=688783  fraction=0.67000  peak_slope=9.003e-06  t_peak=162949  comparison cadence=325897  difference=0.13000  below=0/3
t=645796  fraction=0.66000  peak_slope=6.002e-06  t_peak=318899  comparison cadence=637799  difference=0.66000  below=0/3
t=512838  fraction=0.57000  peak_slope=6.002e-06  t_peak=176944  comparison cadence=353888  difference=0.41500  below=0/3
t=502841  fraction=0.57500  peak_slope=7.002e-06  t_peak=200937  comparison cadence=401873  difference=0.56000  below=0/3
t=689782  fraction=0.67000  peak_slope=9.003e-06  t_peak=162949  comparison cadence=325897  difference=0.13000  below=0/3
t=646796  fraction=0.66000  peak_slope=6.002e-06  t_peak=318899  comparison cadence=637799  difference=0.66000  below=0/3
t=513838  fraction=0.57000  peak_slope=6.002e-06  t_peak=176944  comparison cadence=353888  difference=0.41000  below=0/3
t=503841  fraction=0.57500  peak_slope=7.002e-06  t_peak=200937  comparison cadence=401873  difference=0.55500  below=0/3
t=690782  fraction=0.67000  peak_slope=9.003e-06  t_peak=162949  comparison cadence=325897  difference=0.13000  below=0/3
t=647796  fraction=0.66000  peak_slope=6.002e-06  t_peak=318899  comparison cadence=637799  difference=0.66000  below=0/3
t=691782  fraction=0.67000  peak_slope=9.003e-06  t_peak=162949  comparison cadence=325897  difference=0.13000  below=0/3
t=514838  fraction=0.57000  peak_slope=6.002e-06  t_peak=176944  comparison cadence=353888  difference=0.41000  below=0/3
t=504841  fraction=0.57500  peak_slope=7.002e-06  t_peak=200937  comparison cadence=401873  difference=0.55500  below=0/3
t=648795  fraction=0.66000  peak_slope=6.002e-06  t_peak=318899  comparison cadence=637799  difference=0.66000  below=0/3
t=692781  fraction=0.67000  peak_slope=9.003e-06  t_peak=162949  comparison cadence=325897  difference=0.13000  below=0/3
t=649795  fraction=0.66000  peak_slope=6.002e-06  t_peak=318899  comparison cadence=637799  difference=0.66000  below=0/3
t=515837  fraction=0.57000  peak_slope=6.002e-06  t_peak=176944  comparison cadence=353888  difference=0.41000  below=0/3
t=505840  fraction=0.57500  peak_slope=7.002e-06  t_peak=200937  comparison cadence=401873  difference=0.55500  below=0/3
t=693781  fraction=0.67000  peak_slope=9.003e-06  t_peak=162949  comparison cadence=325897  difference=0.13000  below=0/3
t=650795  fraction=0.66000  peak_slope=6.002e-06  t_peak=318899  comparison cadence=637799  difference=0.66000  below=0/3
t=516837  fraction=0.57000  peak_slope=6.002e-06  t_peak=176944  comparison cadence=353888  difference=0.41000  below=0/3
t=506840  fraction=0.57500  peak_slope=7.002e-06  t_peak=200937  comparison cadence=401873  difference=0.55500  below=0/3
t=694781  fraction=0.67000  peak_slope=9.003e-06  t_peak=162949  comparison cadence=325897  difference=0.13000  below=0/3
t=651794  fraction=0.66000  peak_slope=6.002e-06  t_peak=318899  comparison cadence=637799  difference=0.66000  below=0/3
t=695781  fraction=0.67000  peak_slope=9.003e-06  t_peak=162949  comparison cadence=325897  difference=0.13000  below=0/3
t=517837  fraction=0.57000  peak_slope=6.002e-06  t_peak=176944  comparison cadence=353888  difference=0.40500  below=0/3
t=507840  fraction=0.57500  peak_slope=7.002e-06  t_peak=200937  comparison cadence=401873  difference=0.55500  below=0/3
t=652794  fraction=0.66000  peak_slope=6.002e-06  t_peak=318899  comparison cadence=637799  difference=0.66000  below=0/3
t=696780  fraction=0.67000  peak_slope=9.003e-06  t_peak=162949  comparison cadence=325897  difference=0.13000  below=0/3
t=518836  fraction=0.57000  peak_slope=6.002e-06  t_peak=176944  comparison cadence=353888  difference=0.40500  below=0/3
t=508839  fraction=0.58000  peak_slope=7.002e-06  t_peak=200937  comparison cadence=401873  difference=0.56000  below=0/3
t=653794  fraction=0.66000  peak_slope=6.002e-06  t_peak=318899  comparison cadence=637799  difference=0.66000  below=0/3
t=697780  fraction=0.67000  peak_slope=9.003e-06  t_peak=162949  comparison cadence=325897  difference=0.13000  below=0/3
t=654793  fraction=0.66000  peak_slope=6.002e-06  t_peak=318899  comparison cadence=637799  difference=0.66000  below=0/3
t=519836  fraction=0.57000  peak_slope=6.002e-06  t_peak=176944  comparison cadence=353888  difference=0.40500  below=0/3
t=509839  fraction=0.58000  peak_slope=7.002e-06  t_peak=200937  comparison cadence=401873  difference=0.56000  below=0/3
t=698780  fraction=0.67000  peak_slope=9.003e-06  t_peak=162949  comparison cadence=325897  difference=0.13000  below=0/3
t=655793  fraction=0.66000  peak_slope=6.002e-06  t_peak=318899  comparison cadence=637799  difference=0.66000  below=0/3
t=699779  fraction=0.67000  peak_slope=9.003e-06  t_peak=162949  comparison cadence=325897  difference=0.13000  below=0/3
t=520836  fraction=0.57000  peak_slope=6.002e-06  t_peak=176944  comparison cadence=353888  difference=0.40000  below=0/3
t=510839  fraction=0.58000  peak_slope=7.002e-06  t_peak=200937  comparison cadence=401873  difference=0.56000  below=0/3
t=656793  fraction=0.66000  peak_slope=6.002e-06  t_peak=318899  comparison cadence=637799  difference=0.66000  below=0/3
t=700779  fraction=0.67000  peak_slope=9.003e-06  t_peak=162949  comparison cadence=325897  difference=0.13000  below=0/3
t=511839  fraction=0.58000  peak_slope=7.002e-06  t_peak=200937  comparison cadence=401873  difference=0.56000  below=0/3
t=521835  fraction=0.57000  peak_slope=6.002e-06  t_peak=176944  comparison cadence=353888  difference=0.40000  below=0/3
t=657793  fraction=0.66000  peak_slope=6.002e-06  t_peak=318899  comparison cadence=637799  difference=0.66000  below=0/3
t=701779  fraction=0.67000  peak_slope=9.003e-06  t_peak=162949  comparison cadence=325897  difference=0.13000  below=0/3
t=658792  fraction=0.66000  peak_slope=6.002e-06  t_peak=318899  comparison cadence=637799  difference=0.66000  below=0/3
t=512838  fraction=0.58000  peak_slope=7.002e-06  t_peak=200937  comparison cadence=401873  difference=0.55500  below=0/3
t=522835  fraction=0.57000  peak_slope=6.002e-06  t_peak=176944  comparison cadence=353888  difference=0.39500  below=0/3
t=702778  fraction=0.67000  peak_slope=9.003e-06  t_peak=162949  comparison cadence=325897  difference=0.13000  below=0/3
t=659792  fraction=0.66000  peak_slope=6.002e-06  t_peak=318899  comparison cadence=637799  difference=0.66000  below=0/3
t=703778  fraction=0.67500  peak_slope=9.003e-06  t_peak=162949  comparison cadence=325897  difference=0.13500  below=0/3
t=513838  fraction=0.58000  peak_slope=7.002e-06  t_peak=200937  comparison cadence=401873  difference=0.55500  below=0/3
t=523835  fraction=0.57000  peak_slope=6.002e-06  t_peak=176944  comparison cadence=353888  difference=0.39500  below=0/3
t=660792  fraction=0.66000  peak_slope=6.002e-06  t_peak=318899  comparison cadence=637799  difference=0.66000  below=0/3
t=704778  fraction=0.67500  peak_slope=9.003e-06  t_peak=162949  comparison cadence=325897  difference=0.13500  below=0/3
t=514838  fraction=0.58000  peak_slope=7.002e-06  t_peak=200937  comparison cadence=401873  difference=0.54500  below=0/3
t=524834  fraction=0.57000  peak_slope=6.002e-06  t_peak=176944  comparison cadence=353888  difference=0.38500  below=0/3
t=661791  fraction=0.66000  peak_slope=6.002e-06  t_peak=318899  comparison cadence=637799  difference=0.66000  below=0/3
t=705777  fraction=0.67500  peak_slope=9.003e-06  t_peak=162949  comparison cadence=325897  difference=0.13500  below=0/3
t=662791  fraction=0.66000  peak_slope=6.002e-06  t_peak=318899  comparison cadence=637799  difference=0.66000  below=0/3
t=515837  fraction=0.58000  peak_slope=7.002e-06  t_peak=200937  comparison cadence=401873  difference=0.54500  below=0/3
t=706777  fraction=0.67500  peak_slope=9.003e-06  t_peak=162949  comparison cadence=325897  difference=0.13500  below=0/3
t=525834  fraction=0.57000  peak_slope=6.002e-06  t_peak=176944  comparison cadence=353888  difference=0.38500  below=0/3
t=663791  fraction=0.66000  peak_slope=6.002e-06  t_peak=318899  comparison cadence=637799  difference=0.66000  below=0/3
t=707777  fraction=0.67500  peak_slope=9.003e-06  t_peak=162949  comparison cadence=325897  difference=0.13500  below=0/3
t=516837  fraction=0.58000  peak_slope=7.002e-06  t_peak=200937  comparison cadence=401873  difference=0.54500  below=0/3
t=526834  fraction=0.57500  peak_slope=6.002e-06  t_peak=176944  comparison cadence=353888  difference=0.39000  below=0/3
t=664790  fraction=0.66000  peak_slope=6.002e-06  t_peak=318899  comparison cadence=637799  difference=0.66000  below=0/3
t=708776  fraction=0.67500  peak_slope=9.003e-06  t_peak=162949  comparison cadence=325897  difference=0.13000  below=0/3
t=517837  fraction=0.58000  peak_slope=7.002e-06  t_peak=200937  comparison cadence=401873  difference=0.54500  below=0/3
t=527834  fraction=0.57500  peak_slope=6.002e-06  t_peak=176944  comparison cadence=353888  difference=0.38000  below=0/3
t=709776  fraction=0.67500  peak_slope=9.003e-06  t_peak=162949  comparison cadence=325897  difference=0.13000  below=0/3
t=665790  fraction=0.66000  peak_slope=6.002e-06  t_peak=318899  comparison cadence=637799  difference=0.66000  below=0/3
t=518836  fraction=0.58000  peak_slope=7.002e-06  t_peak=200937  comparison cadence=401873  difference=0.54500  below=0/3
t=710776  fraction=0.67500  peak_slope=9.003e-06  t_peak=162949  comparison cadence=325897  difference=0.12500  below=0/3
t=666790  fraction=0.66000  peak_slope=6.002e-06  t_peak=318899  comparison cadence=637799  difference=0.66000  below=0/3
t=528833  fraction=0.57500  peak_slope=6.002e-06  t_peak=176944  comparison cadence=353888  difference=0.37500  below=0/3
t=711775  fraction=0.67500  peak_slope=9.003e-06  t_peak=162949  comparison cadence=325897  difference=0.12500  below=0/3
t=667789  fraction=0.66000  peak_slope=6.002e-06  t_peak=318899  comparison cadence=637799  difference=0.66000  below=0/3
t=519836  fraction=0.58000  peak_slope=7.002e-06  t_peak=200937  comparison cadence=401873  difference=0.54500  below=0/3
t=529833  fraction=0.57500  peak_slope=6.002e-06  t_peak=176944  comparison cadence=353888  difference=0.37000  below=0/3
t=712775  fraction=0.67500  peak_slope=9.003e-06  t_peak=162949  comparison cadence=325897  difference=0.12500  below=0/3
t=668789  fraction=0.66000  peak_slope=6.002e-06  t_peak=318899  comparison cadence=637799  difference=0.66000  below=0/3
t=520836  fraction=0.58000  peak_slope=7.002e-06  t_peak=200937  comparison cadence=401873  difference=0.54500  below=0/3
t=530833  fraction=0.57500  peak_slope=6.002e-06  t_peak=176944  comparison cadence=353888  difference=0.36000  below=0/3
t=713775  fraction=0.67500  peak_slope=9.003e-06  t_peak=162949  comparison cadence=325897  difference=0.12500  below=0/3
t=669789  fraction=0.66000  peak_slope=6.002e-06  t_peak=318899  comparison cadence=637799  difference=0.66000  below=0/3
t=714775  fraction=0.67500  peak_slope=9.003e-06  t_peak=162949  comparison cadence=325897  difference=0.12500  below=0/3
t=521835  fraction=0.58000  peak_slope=7.002e-06  t_peak=200937  comparison cadence=401873  difference=0.54500  below=0/3
t=670788  fraction=0.66000  peak_slope=6.002e-06  t_peak=318899  comparison cadence=637799  difference=0.66000  below=0/3
t=531832  fraction=0.57500  peak_slope=6.002e-06  t_peak=176944  comparison cadence=353888  difference=0.36000  below=0/3
t=715774  fraction=0.67500  peak_slope=9.003e-06  t_peak=162949  comparison cadence=325897  difference=0.12500  below=0/3
t=671788  fraction=0.66000  peak_slope=6.002e-06  t_peak=318899  comparison cadence=637799  difference=0.66000  below=0/3
t=522835  fraction=0.58000  peak_slope=7.002e-06  t_peak=200937  comparison cadence=401873  difference=0.54500  below=0/3
t=532832  fraction=0.57500  peak_slope=6.002e-06  t_peak=176944  comparison cadence=353888  difference=0.36000  below=0/3
t=716774  fraction=0.67500  peak_slope=9.003e-06  t_peak=162949  comparison cadence=325897  difference=0.12000  below=0/3
t=672788  fraction=0.66000  peak_slope=6.002e-06  t_peak=318899  comparison cadence=637799  difference=0.66000  below=0/3
t=523835  fraction=0.58000  peak_slope=7.002e-06  t_peak=200937  comparison cadence=401873  difference=0.54500  below=0/3
t=717774  fraction=0.67500  peak_slope=9.003e-06  t_peak=162949  comparison cadence=325897  difference=0.12000  below=0/3
t=533832  fraction=0.57500  peak_slope=6.002e-06  t_peak=176944  comparison cadence=353888  difference=0.36000  below=0/3
t=673787  fraction=0.66000  peak_slope=6.002e-06  t_peak=318899  comparison cadence=637799  difference=0.66000  below=0/3
t=718773  fraction=0.67500  peak_slope=9.003e-06  t_peak=162949  comparison cadence=325897  difference=0.12000  below=0/3
t=524834  fraction=0.58000  peak_slope=7.002e-06  t_peak=200937  comparison cadence=401873  difference=0.54000  below=0/3
t=534831  fraction=0.57500  peak_slope=6.002e-06  t_peak=176944  comparison cadence=353888  difference=0.35500  below=0/3
t=674787  fraction=0.66000  peak_slope=6.002e-06  t_peak=318899  comparison cadence=637799  difference=0.66000  below=0/3
t=719773  fraction=0.67500  peak_slope=9.003e-06  t_peak=162949  comparison cadence=325897  difference=0.12000  below=0/3
t=525834  fraction=0.58000  peak_slope=7.002e-06  t_peak=200937  comparison cadence=401873  difference=0.54000  below=0/3
t=675787  fraction=0.66000  peak_slope=6.002e-06  t_peak=318899  comparison cadence=637799  difference=0.66000  below=0/3
t=535831  fraction=0.57500  peak_slope=6.002e-06  t_peak=176944  comparison cadence=353888  difference=0.35500  below=0/3
t=720773  fraction=0.67500  peak_slope=9.003e-06  t_peak=162949  comparison cadence=325897  difference=0.12000  below=0/3
t=676787  fraction=0.66000  peak_slope=6.002e-06  t_peak=318899  comparison cadence=637799  difference=0.66000  below=0/3
t=526834  fraction=0.58000  peak_slope=7.002e-06  t_peak=200937  comparison cadence=401873  difference=0.54000  below=0/3
t=721772  fraction=0.67500  peak_slope=9.003e-06  t_peak=162949  comparison cadence=325897  difference=0.12000  below=0/3
t=536831  fraction=0.57500  peak_slope=6.002e-06  t_peak=176944  comparison cadence=353888  difference=0.35000  below=0/3
t=677786  fraction=0.66000  peak_slope=6.002e-06  t_peak=318899  comparison cadence=637799  difference=0.66000  below=0/3
t=722772  fraction=0.68000  peak_slope=9.003e-06  t_peak=162949  comparison cadence=325897  difference=0.12500  below=0/3
t=527834  fraction=0.58000  peak_slope=7.002e-06  t_peak=200937  comparison cadence=401873  difference=0.54000  below=0/3
t=537830  fraction=0.57500  peak_slope=6.002e-06  t_peak=176944  comparison cadence=353888  difference=0.34500  below=0/3
t=678786  fraction=0.66500  peak_slope=6.002e-06  t_peak=318899  comparison cadence=637799  difference=0.66500  below=0/3
t=723772  fraction=0.68000  peak_slope=9.003e-06  t_peak=162949  comparison cadence=325897  difference=0.12500  below=0/3
t=528833  fraction=0.58000  peak_slope=7.002e-06  t_peak=200937  comparison cadence=401873  difference=0.52500  below=0/3
t=679786  fraction=0.66500  peak_slope=6.002e-06  t_peak=318899  comparison cadence=637799  difference=0.66500  below=0/3
t=724771  fraction=0.68000  peak_slope=9.003e-06  t_peak=162949  comparison cadence=325897  difference=0.12500  below=0/3
t=538830  fraction=0.57500  peak_slope=6.002e-06  t_peak=176944  comparison cadence=353888  difference=0.33500  below=0/3
t=680785  fraction=0.66500  peak_slope=6.002e-06  t_peak=318899  comparison cadence=637799  difference=0.66500  below=0/3
t=529833  fraction=0.58000  peak_slope=7.002e-06  t_peak=200937  comparison cadence=401873  difference=0.52000  below=0/3
t=725771  fraction=0.68000  peak_slope=9.003e-06  t_peak=162949  comparison cadence=325897  difference=0.12500  below=0/3
t=539830  fraction=0.58000  peak_slope=6.002e-06  t_peak=176944  comparison cadence=353888  difference=0.33500  below=0/3
t=681785  fraction=0.66500  peak_slope=6.002e-06  t_peak=318899  comparison cadence=637799  difference=0.66500  below=0/3
t=726771  fraction=0.68000  peak_slope=9.003e-06  t_peak=162949  comparison cadence=325897  difference=0.12500  below=0/3
t=530833  fraction=0.58000  peak_slope=7.002e-06  t_peak=200937  comparison cadence=401873  difference=0.51500  below=0/3
t=540829  fraction=0.58000  peak_slope=6.002e-06  t_peak=176944  comparison cadence=353888  difference=0.33500  below=0/3
t=682785  fraction=0.67000  peak_slope=6.002e-06  t_peak=318899  comparison cadence=637799  difference=0.67000  below=0/3
t=727770  fraction=0.68000  peak_slope=9.003e-06  t_peak=162949  comparison cadence=325897  difference=0.12500  below=0/3
t=531832  fraction=0.58500  peak_slope=7.002e-06  t_peak=200937  comparison cadence=401873  difference=0.52000  below=0/3
t=728770  fraction=0.68000  peak_slope=9.003e-06  t_peak=162949  comparison cadence=325897  difference=0.12500  below=0/3
t=683784  fraction=0.67000  peak_slope=6.002e-06  t_peak=318899  comparison cadence=637799  difference=0.67000  below=0/3
t=541829  fraction=0.58000  peak_slope=6.002e-06  t_peak=176944  comparison cadence=353888  difference=0.33000  below=0/3
t=532832  fraction=0.58500  peak_slope=7.002e-06  t_peak=200937  comparison cadence=401873  difference=0.51500  below=0/3
t=729770  fraction=0.68000  peak_slope=9.003e-06  t_peak=162949  comparison cadence=325897  difference=0.12500  below=0/3
t=684784  fraction=0.67000  peak_slope=6.002e-06  t_peak=318899  comparison cadence=637799  difference=0.67000  below=0/3
t=542829  fraction=0.58000  peak_slope=6.002e-06  t_peak=176944  comparison cadence=353888  difference=0.33000  below=0/3
t=730769  fraction=0.68000  peak_slope=9.003e-06  t_peak=162949  comparison cadence=325897  difference=0.12500  below=0/3
t=685784  fraction=0.67000  peak_slope=6.002e-06  t_peak=318899  comparison cadence=637799  difference=0.67000  below=0/3
t=533832  fraction=0.58500  peak_slope=7.002e-06  t_peak=200937  comparison cadence=401873  difference=0.51500  below=0/3
t=543828  fraction=0.58000  peak_slope=6.002e-06  t_peak=176944  comparison cadence=353888  difference=0.32500  below=0/3
t=731769  fraction=0.68000  peak_slope=9.003e-06  t_peak=162949  comparison cadence=325897  difference=0.12500  below=0/3
t=686783  fraction=0.67000  peak_slope=6.002e-06  t_peak=318899  comparison cadence=637799  difference=0.67000  below=0/3
t=534831  fraction=0.58500  peak_slope=7.002e-06  t_peak=200937  comparison cadence=401873  difference=0.51000  below=0/3
t=732769  fraction=0.68000  peak_slope=9.003e-06  t_peak=162949  comparison cadence=325897  difference=0.12000  below=0/3
t=687783  fraction=0.67000  peak_slope=6.002e-06  t_peak=318899  comparison cadence=637799  difference=0.67000  below=0/3
t=544828  fraction=0.58000  peak_slope=6.002e-06  t_peak=176944  comparison cadence=353888  difference=0.32500  below=0/3
t=733769  fraction=0.68000  peak_slope=9.003e-06  t_peak=162949  comparison cadence=325897  difference=0.12000  below=0/3
t=535831  fraction=0.58500  peak_slope=7.002e-06  t_peak=200937  comparison cadence=401873  difference=0.50500  below=0/3
t=688783  fraction=0.67000  peak_slope=6.002e-06  t_peak=318899  comparison cadence=637799  difference=0.67000  below=0/3
t=545828  fraction=0.58000  peak_slope=6.002e-06  t_peak=176944  comparison cadence=353888  difference=0.32000  below=0/3
t=734768  fraction=0.68000  peak_slope=9.003e-06  t_peak=162949  comparison cadence=325897  difference=0.12000  below=0/3
t=689782  fraction=0.67500  peak_slope=6.002e-06  t_peak=318899  comparison cadence=637799  difference=0.67500  below=0/3
t=536831  fraction=0.58500  peak_slope=7.002e-06  t_peak=200937  comparison cadence=401873  difference=0.50500  below=0/3
t=735768  fraction=0.68000  peak_slope=9.003e-06  t_peak=162949  comparison cadence=325897  difference=0.12000  below=0/3
t=546828  fraction=0.58000  peak_slope=6.002e-06  t_peak=176944  comparison cadence=353888  difference=0.32000  below=0/3
t=690782  fraction=0.67500  peak_slope=6.002e-06  t_peak=318899  comparison cadence=637799  difference=0.67500  below=0/3
t=537830  fraction=0.59000  peak_slope=7.002e-06  t_peak=200937  comparison cadence=401873  difference=0.51000  below=0/3
t=736768  fraction=0.68000  peak_slope=9.003e-06  t_peak=162949  comparison cadence=325897  difference=0.12000  below=0/3
t=691782  fraction=0.67500  peak_slope=6.002e-06  t_peak=318899  comparison cadence=637799  difference=0.67500  below=0/3
t=547827  fraction=0.58000  peak_slope=6.002e-06  t_peak=176944  comparison cadence=353888  difference=0.31500  below=0/3
t=737767  fraction=0.68000  peak_slope=9.003e-06  t_peak=162949  comparison cadence=325897  difference=0.11500  below=0/3
t=538830  fraction=0.59000  peak_slope=7.002e-06  t_peak=200937  comparison cadence=401873  difference=0.51000  below=0/3
t=692781  fraction=0.67500  peak_slope=6.002e-06  t_peak=318899  comparison cadence=637799  difference=0.67500  below=0/3
t=548827  fraction=0.58000  peak_slope=6.002e-06  t_peak=176944  comparison cadence=353888  difference=0.31500  below=0/3
t=738767  fraction=0.68000  peak_slope=9.003e-06  t_peak=162949  comparison cadence=325897  difference=0.11500  below=0/3
t=539830  fraction=0.59000  peak_slope=7.002e-06  t_peak=200937  comparison cadence=401873  difference=0.51000  below=0/3
t=693781  fraction=0.67500  peak_slope=6.002e-06  t_peak=318899  comparison cadence=637799  difference=0.67500  below=0/3
t=739767  fraction=0.68000  peak_slope=9.003e-06  t_peak=162949  comparison cadence=325897  difference=0.11500  below=0/3
t=549827  fraction=0.58500  peak_slope=6.002e-06  t_peak=176944  comparison cadence=353888  difference=0.32000  below=0/3
t=694781  fraction=0.67500  peak_slope=6.002e-06  t_peak=318899  comparison cadence=637799  difference=0.67500  below=0/3
t=540829  fraction=0.59000  peak_slope=7.002e-06  t_peak=200937  comparison cadence=401873  difference=0.51000  below=0/3
t=740766  fraction=0.68000  peak_slope=9.003e-06  t_peak=162949  comparison cadence=325897  difference=0.11500  below=0/3
t=550826  fraction=0.58500  peak_slope=6.002e-06  t_peak=176944  comparison cadence=353888  difference=0.31500  below=0/3
t=695781  fraction=0.67500  peak_slope=6.002e-06  t_peak=318899  comparison cadence=637799  difference=0.67500  below=0/3
t=741766  fraction=0.68000  peak_slope=9.003e-06  t_peak=162949  comparison cadence=325897  difference=0.11500  below=0/3
t=541829  fraction=0.59000  peak_slope=7.002e-06  t_peak=200937  comparison cadence=401873  difference=0.51000  below=0/3
t=696780  fraction=0.67500  peak_slope=6.002e-06  t_peak=318899  comparison cadence=637799  difference=0.67500  below=0/3
t=742766  fraction=0.68000  peak_slope=9.003e-06  t_peak=162949  comparison cadence=325897  difference=0.11500  below=0/3
t=551826  fraction=0.58500  peak_slope=6.002e-06  t_peak=176944  comparison cadence=353888  difference=0.31000  below=0/3
t=542829  fraction=0.59000  peak_slope=7.002e-06  t_peak=200937  comparison cadence=401873  difference=0.51000  below=0/3
t=697780  fraction=0.67500  peak_slope=6.002e-06  t_peak=318899  comparison cadence=637799  difference=0.67500  below=0/3
t=743765  fraction=0.68000  peak_slope=9.003e-06  t_peak=162949  comparison cadence=325897  difference=0.11500  below=0/3
t=552826  fraction=0.58500  peak_slope=6.002e-06  t_peak=176944  comparison cadence=353888  difference=0.31000  below=0/3
t=698780  fraction=0.67500  peak_slope=6.002e-06  t_peak=318899  comparison cadence=637799  difference=0.67500  below=0/3
t=543828  fraction=0.59000  peak_slope=7.002e-06  t_peak=200937  comparison cadence=401873  difference=0.51000  below=0/3
t=744765  fraction=0.68000  peak_slope=9.003e-06  t_peak=162949  comparison cadence=325897  difference=0.11500  below=0/3
t=553825  fraction=0.58500  peak_slope=6.002e-06  t_peak=176944  comparison cadence=353888  difference=0.30500  below=0/3
t=699779  fraction=0.67500  peak_slope=6.002e-06  t_peak=318899  comparison cadence=637799  difference=0.67500  below=0/3
t=745765  fraction=0.68000  peak_slope=9.003e-06  t_peak=162949  comparison cadence=325897  difference=0.11000  below=0/3
t=544828  fraction=0.59000  peak_slope=7.002e-06  t_peak=200937  comparison cadence=401873  difference=0.51000  below=0/3
t=746764  fraction=0.68000  peak_slope=9.003e-06  t_peak=162949  comparison cadence=325897  difference=0.11000  below=0/3
t=700779  fraction=0.67500  peak_slope=6.002e-06  t_peak=318899  comparison cadence=637799  difference=0.67500  below=0/3
t=554825  fraction=0.58500  peak_slope=6.002e-06  t_peak=176944  comparison cadence=353888  difference=0.30000  below=0/3
t=545828  fraction=0.59000  peak_slope=7.002e-06  t_peak=200937  comparison cadence=401873  difference=0.50500  below=0/3
t=747764  fraction=0.68000  peak_slope=9.003e-06  t_peak=162949  comparison cadence=325897  difference=0.11000  below=0/3
t=701779  fraction=0.67500  peak_slope=6.002e-06  t_peak=318899  comparison cadence=637799  difference=0.67500  below=0/3
t=555825  fraction=0.58500  peak_slope=6.002e-06  t_peak=176944  comparison cadence=353888  difference=0.30000  below=0/3
t=748764  fraction=0.68000  peak_slope=9.003e-06  t_peak=162949  comparison cadence=325897  difference=0.11000  below=0/3
t=546828  fraction=0.59000  peak_slope=7.002e-06  t_peak=200937  comparison cadence=401873  difference=0.50500  below=0/3
t=702778  fraction=0.67500  peak_slope=6.002e-06  t_peak=318899  comparison cadence=637799  difference=0.67500  below=0/3
t=749764  fraction=0.68000  peak_slope=9.003e-06  t_peak=162949  comparison cadence=325897  difference=0.11000  below=0/3
t=556824  fraction=0.58500  peak_slope=6.002e-06  t_peak=176944  comparison cadence=353888  difference=0.29500  below=0/3
t=703778  fraction=0.67500  peak_slope=6.002e-06  t_peak=318899  comparison cadence=637799  difference=0.67500  below=0/3
t=547827  fraction=0.59000  peak_slope=7.002e-06  t_peak=200937  comparison cadence=401873  difference=0.50500  below=0/3
t=750763  fraction=0.68000  peak_slope=9.003e-06  t_peak=162949  comparison cadence=325897  difference=0.11000  below=0/3
t=704778  fraction=0.67500  peak_slope=6.002e-06  t_peak=318899  comparison cadence=637799  difference=0.67500  below=0/3
t=557824  fraction=0.58500  peak_slope=6.002e-06  t_peak=176944  comparison cadence=353888  difference=0.29500  below=0/3
t=548827  fraction=0.59000  peak_slope=7.002e-06  t_peak=200937  comparison cadence=401873  difference=0.49500  below=0/3
t=751763  fraction=0.68000  peak_slope=9.003e-06  t_peak=162949  comparison cadence=325897  difference=0.11000  below=0/3
t=705777  fraction=0.67500  peak_slope=6.002e-06  t_peak=318899  comparison cadence=637799  difference=0.67500  below=0/3
t=558824  fraction=0.58500  peak_slope=6.002e-06  t_peak=176944  comparison cadence=353888  difference=0.29500  below=0/3
t=752763  fraction=0.68000  peak_slope=9.003e-06  t_peak=162949  comparison cadence=325897  difference=0.11000  below=0/3
t=549827  fraction=0.59000  peak_slope=7.002e-06  t_peak=200937  comparison cadence=401873  difference=0.49000  below=0/3
t=706777  fraction=0.67500  peak_slope=6.002e-06  t_peak=318899  comparison cadence=637799  difference=0.67500  below=0/3
t=753762  fraction=0.68000  peak_slope=9.003e-06  t_peak=162949  comparison cadence=325897  difference=0.11000  below=0/3
t=559823  fraction=0.58500  peak_slope=6.002e-06  t_peak=176944  comparison cadence=353888  difference=0.29500  below=0/3
t=707777  fraction=0.67500  peak_slope=6.002e-06  t_peak=318899  comparison cadence=637799  difference=0.67500  below=0/3
t=550826  fraction=0.59000  peak_slope=7.002e-06  t_peak=200937  comparison cadence=401873  difference=0.48500  below=0/3
t=754762  fraction=0.68000  peak_slope=9.003e-06  t_peak=162949  comparison cadence=325897  difference=0.11000  below=0/3
t=708776  fraction=0.67500  peak_slope=6.002e-06  t_peak=318899  comparison cadence=637799  difference=0.67500  below=0/3
t=560823  fraction=0.58500  peak_slope=6.002e-06  t_peak=176944  comparison cadence=353888  difference=0.29500  below=0/3
t=551826  fraction=0.59000  peak_slope=7.002e-06  t_peak=200937  comparison cadence=401873  difference=0.48500  below=0/3
t=755762  fraction=0.68500  peak_slope=9.003e-06  t_peak=162949  comparison cadence=325897  difference=0.11500  below=0/3
t=709776  fraction=0.67500  peak_slope=6.002e-06  t_peak=318899  comparison cadence=637799  difference=0.67500  below=0/3
t=561823  fraction=0.58500  peak_slope=6.002e-06  t_peak=176944  comparison cadence=353888  difference=0.29500  below=0/3
t=756761  fraction=0.68500  peak_slope=9.003e-06  t_peak=162949  comparison cadence=325897  difference=0.11500  below=0/3
t=552826  fraction=0.59000  peak_slope=7.002e-06  t_peak=200937  comparison cadence=401873  difference=0.48500  below=0/3
t=710776  fraction=0.67500  peak_slope=6.002e-06  t_peak=318899  comparison cadence=637799  difference=0.67500  below=0/3
t=757761  fraction=0.68500  peak_slope=9.003e-06  t_peak=162949  comparison cadence=325897  difference=0.11500  below=0/3
t=562822  fraction=0.58500  peak_slope=6.002e-06  t_peak=176944  comparison cadence=353888  difference=0.29500  below=0/3
t=553825  fraction=0.59000  peak_slope=7.002e-06  t_peak=200937  comparison cadence=401873  difference=0.47500  below=0/3
t=711775  fraction=0.67500  peak_slope=6.002e-06  t_peak=318899  comparison cadence=637799  difference=0.67500  below=0/3
t=758761  fraction=0.68500  peak_slope=9.003e-06  t_peak=162949  comparison cadence=325897  difference=0.11500  below=0/3
t=563822  fraction=0.58500  peak_slope=6.002e-06  t_peak=176944  comparison cadence=353888  difference=0.29500  below=0/3
t=712775  fraction=0.67500  peak_slope=6.002e-06  t_peak=318899  comparison cadence=637799  difference=0.67500  below=0/3
t=759760  fraction=0.68500  peak_slope=9.003e-06  t_peak=162949  comparison cadence=325897  difference=0.11500  below=0/3
t=554825  fraction=0.59000  peak_slope=7.002e-06  t_peak=200937  comparison cadence=401873  difference=0.46000  below=0/3
t=713775  fraction=0.67500  peak_slope=6.002e-06  t_peak=318899  comparison cadence=637799  difference=0.67500  below=0/3
t=760760  fraction=0.68500  peak_slope=9.003e-06  t_peak=162949  comparison cadence=325897  difference=0.11500  below=0/3
t=564822  fraction=0.58500  peak_slope=6.002e-06  t_peak=176944  comparison cadence=353888  difference=0.29500  below=0/3
t=555825  fraction=0.59000  peak_slope=7.002e-06  t_peak=200937  comparison cadence=401873  difference=0.46000  below=0/3
t=714775  fraction=0.67500  peak_slope=6.002e-06  t_peak=318899  comparison cadence=637799  difference=0.67500  below=0/3
t=761760  fraction=0.68500  peak_slope=9.003e-06  t_peak=162949  comparison cadence=325897  difference=0.11500  below=0/3
t=565822  fraction=0.58500  peak_slope=6.002e-06  t_peak=176944  comparison cadence=353888  difference=0.29500  below=0/3
t=556824  fraction=0.59000  peak_slope=7.002e-06  t_peak=200937  comparison cadence=401873  difference=0.45000  below=0/3
t=762759  fraction=0.68500  peak_slope=9.003e-06  t_peak=162949  comparison cadence=325897  difference=0.11500  below=0/3
t=715774  fraction=0.67500  peak_slope=6.002e-06  t_peak=318899  comparison cadence=637799  difference=0.67500  below=0/3
t=566821  fraction=0.58500  peak_slope=6.002e-06  t_peak=176944  comparison cadence=353888  difference=0.29500  below=0/3
t=763759  fraction=0.68500  peak_slope=9.003e-06  t_peak=162949  comparison cadence=325897  difference=0.11500  below=0/3
t=716774  fraction=0.67500  peak_slope=6.002e-06  t_peak=318899  comparison cadence=637799  difference=0.67500  below=0/3
t=557824  fraction=0.59000  peak_slope=7.002e-06  t_peak=200937  comparison cadence=401873  difference=0.45000  below=0/3
t=764759  fraction=0.68500  peak_slope=9.003e-06  t_peak=162949  comparison cadence=325897  difference=0.11500  below=0/3
t=717774  fraction=0.67500  peak_slope=6.002e-06  t_peak=318899  comparison cadence=637799  difference=0.67500  below=0/3
t=567821  fraction=0.59000  peak_slope=6.002e-06  t_peak=176944  comparison cadence=353888  difference=0.29500  below=0/3
t=558824  fraction=0.59000  peak_slope=7.002e-06  t_peak=200937  comparison cadence=401873  difference=0.44500  below=0/3
t=765758  fraction=0.68500  peak_slope=9.003e-06  t_peak=162949  comparison cadence=325897  difference=0.11500  below=0/3
t=718773  fraction=0.67500  peak_slope=6.002e-06  t_peak=318899  comparison cadence=637799  difference=0.67500  below=0/3
t=568821  fraction=0.59000  peak_slope=6.002e-06  t_peak=176944  comparison cadence=353888  difference=0.28500  below=0/3
t=559823  fraction=0.59000  peak_slope=7.002e-06  t_peak=200937  comparison cadence=401873  difference=0.44500  below=0/3
t=766758  fraction=0.68500  peak_slope=9.003e-06  t_peak=162949  comparison cadence=325897  difference=0.11500  below=0/3
t=719773  fraction=0.67500  peak_slope=6.002e-06  t_peak=318899  comparison cadence=637799  difference=0.67500  below=0/3
t=767758  fraction=0.68500  peak_slope=9.003e-06  t_peak=162949  comparison cadence=325897  difference=0.11500  below=0/3
t=569820  fraction=0.59000  peak_slope=6.002e-06  t_peak=176944  comparison cadence=353888  difference=0.28000  below=0/3
t=720773  fraction=0.67500  peak_slope=6.002e-06  t_peak=318899  comparison cadence=637799  difference=0.67500  below=0/3
t=560823  fraction=0.59000  peak_slope=7.002e-06  t_peak=200937  comparison cadence=401873  difference=0.44500  below=0/3
t=768758  fraction=0.68500  peak_slope=9.003e-06  t_peak=162949  comparison cadence=325897  difference=0.11500  below=0/3
t=721772  fraction=0.67500  peak_slope=6.002e-06  t_peak=318899  comparison cadence=637799  difference=0.67500  below=0/3
t=570820  fraction=0.59000  peak_slope=6.002e-06  t_peak=176944  comparison cadence=353888  difference=0.27500  below=0/3
t=561823  fraction=0.59000  peak_slope=7.002e-06  t_peak=200937  comparison cadence=401873  difference=0.44500  below=0/3
t=769757  fraction=0.68500  peak_slope=9.003e-06  t_peak=162949  comparison cadence=325897  difference=0.11500  below=0/3
t=722772  fraction=0.67500  peak_slope=6.002e-06  t_peak=318899  comparison cadence=637799  difference=0.67500  below=0/3
t=571820  fraction=0.59000  peak_slope=6.002e-06  t_peak=176944  comparison cadence=353888  difference=0.27500  below=0/3
t=770757  fraction=0.68500  peak_slope=9.003e-06  t_peak=162949  comparison cadence=325897  difference=0.11500  below=0/3
t=562822  fraction=0.59000  peak_slope=7.002e-06  t_peak=200937  comparison cadence=401873  difference=0.44000  below=0/3
t=723772  fraction=0.67500  peak_slope=6.002e-06  t_peak=318899  comparison cadence=637799  difference=0.67500  below=0/3
t=771757  fraction=0.68500  peak_slope=9.003e-06  t_peak=162949  comparison cadence=325897  difference=0.11500  below=0/3
t=572819  fraction=0.59000  peak_slope=6.002e-06  t_peak=176944  comparison cadence=353888  difference=0.27000  below=0/3
t=563822  fraction=0.59000  peak_slope=7.002e-06  t_peak=200937  comparison cadence=401873  difference=0.44000  below=0/3
t=724771  fraction=0.67500  peak_slope=6.002e-06  t_peak=318899  comparison cadence=637799  difference=0.67000  below=0/3
t=772756  fraction=0.68500  peak_slope=9.003e-06  t_peak=162949  comparison cadence=325897  difference=0.11500  below=0/3
t=725771  fraction=0.67500  peak_slope=6.002e-06  t_peak=318899  comparison cadence=637799  difference=0.67000  below=0/3
t=573819  fraction=0.59000  peak_slope=6.002e-06  t_peak=176944  comparison cadence=353888  difference=0.27000  below=0/3
t=564822  fraction=0.59000  peak_slope=7.002e-06  t_peak=200937  comparison cadence=401873  difference=0.44000  below=0/3
t=773756  fraction=0.68500  peak_slope=9.003e-06  t_peak=162949  comparison cadence=325897  difference=0.11500  below=0/3
t=726771  fraction=0.67500  peak_slope=6.002e-06  t_peak=318899  comparison cadence=637799  difference=0.67000  below=0/3
t=774756  fraction=0.68500  peak_slope=9.003e-06  t_peak=162949  comparison cadence=325897  difference=0.11500  below=0/3
t=574819  fraction=0.59000  peak_slope=6.002e-06  t_peak=176944  comparison cadence=353888  difference=0.27000  below=0/3
t=565822  fraction=0.59000  peak_slope=7.002e-06  t_peak=200937  comparison cadence=401873  difference=0.43500  below=0/3
t=727770  fraction=0.67500  peak_slope=6.002e-06  t_peak=318899  comparison cadence=637799  difference=0.67000  below=0/3
t=775755  fraction=0.68500  peak_slope=9.003e-06  t_peak=162949  comparison cadence=325897  difference=0.11500  below=0/3
t=575818  fraction=0.59000  peak_slope=6.002e-06  t_peak=176944  comparison cadence=353888  difference=0.27000  below=0/3
t=566821  fraction=0.59000  peak_slope=7.002e-06  t_peak=200937  comparison cadence=401873  difference=0.43500  below=0/3
t=728770  fraction=0.67500  peak_slope=6.002e-06  t_peak=318899  comparison cadence=637799  difference=0.67000  below=0/3
t=776755  fraction=0.68500  peak_slope=9.003e-06  t_peak=162949  comparison cadence=325897  difference=0.11500  below=0/3
t=576818  fraction=0.59000  peak_slope=6.002e-06  t_peak=176944  comparison cadence=353888  difference=0.26500  below=0/3
t=729770  fraction=0.67500  peak_slope=6.002e-06  t_peak=318899  comparison cadence=637799  difference=0.67000  below=0/3
t=777755  fraction=0.68500  peak_slope=9.003e-06  t_peak=162949  comparison cadence=325897  difference=0.11500  below=0/3
t=567821  fraction=0.59000  peak_slope=7.002e-06  t_peak=200937  comparison cadence=401873  difference=0.43000  below=0/3
t=778754  fraction=0.68500  peak_slope=9.003e-06  t_peak=162949  comparison cadence=325897  difference=0.11000  below=0/3
t=730769  fraction=0.67500  peak_slope=6.002e-06  t_peak=318899  comparison cadence=637799  difference=0.67000  below=0/3
t=577818  fraction=0.59000  peak_slope=6.002e-06  t_peak=176944  comparison cadence=353888  difference=0.26500  below=0/3
t=568821  fraction=0.59000  peak_slope=7.002e-06  t_peak=200937  comparison cadence=401873  difference=0.43000  below=0/3
t=779754  fraction=0.68500  peak_slope=9.003e-06  t_peak=162949  comparison cadence=325897  difference=0.11000  below=0/3
t=731769  fraction=0.67500  peak_slope=6.002e-06  t_peak=318899  comparison cadence=637799  difference=0.67000  below=0/3
t=578817  fraction=0.59000  peak_slope=6.002e-06  t_peak=176944  comparison cadence=353888  difference=0.26000  below=0/3
t=780754  fraction=0.68500  peak_slope=9.003e-06  t_peak=162949  comparison cadence=325897  difference=0.11000  below=0/3
t=569820  fraction=0.59000  peak_slope=7.002e-06  t_peak=200937  comparison cadence=401873  difference=0.43000  below=0/3
t=732769  fraction=0.67500  peak_slope=6.002e-06  t_peak=318899  comparison cadence=637799  difference=0.67000  below=0/3
t=781753  fraction=0.68500  peak_slope=9.003e-06  t_peak=162949  comparison cadence=325897  difference=0.11000  below=0/3
t=579817  fraction=0.59500  peak_slope=6.002e-06  t_peak=176944  comparison cadence=353888  difference=0.26500  below=0/3
t=733769  fraction=0.67500  peak_slope=6.002e-06  t_peak=318899  comparison cadence=637799  difference=0.67000  below=0/3
t=570820  fraction=0.59500  peak_slope=7.002e-06  t_peak=200937  comparison cadence=401873  difference=0.43500  below=0/3
t=782753  fraction=0.68500  peak_slope=9.003e-06  t_peak=162949  comparison cadence=325897  difference=0.11000  below=0/3
t=734768  fraction=0.67500  peak_slope=6.002e-06  t_peak=318899  comparison cadence=637799  difference=0.67000  below=0/3
t=580817  fraction=0.59500  peak_slope=6.002e-06  t_peak=176944  comparison cadence=353888  difference=0.26500  below=0/3
t=571820  fraction=0.59500  peak_slope=7.002e-06  t_peak=200937  comparison cadence=401873  difference=0.43500  below=0/3
t=783753  fraction=0.68500  peak_slope=9.003e-06  t_peak=162949  comparison cadence=325897  difference=0.10500  below=0/3
t=735768  fraction=0.67500  peak_slope=6.002e-06  t_peak=318899  comparison cadence=637799  difference=0.66500  below=0/3
t=581816  fraction=0.59500  peak_slope=6.002e-06  t_peak=176944  comparison cadence=353888  difference=0.26500  below=0/3
t=784752  fraction=0.68500  peak_slope=9.003e-06  t_peak=162949  comparison cadence=325897  difference=0.10000  below=0/3
t=572819  fraction=0.59500  peak_slope=7.002e-06  t_peak=200937  comparison cadence=401873  difference=0.43500  below=0/3
t=736768  fraction=0.67500  peak_slope=6.002e-06  t_peak=318899  comparison cadence=637799  difference=0.66500  below=0/3
t=785752  fraction=0.68500  peak_slope=9.003e-06  t_peak=162949  comparison cadence=325897  difference=0.10000  below=0/3
t=582816  fraction=0.59500  peak_slope=6.002e-06  t_peak=176944  comparison cadence=353888  difference=0.26000  below=0/3
t=737767  fraction=0.67500  peak_slope=6.002e-06  t_peak=318899  comparison cadence=637799  difference=0.66500  below=0/3
t=573819  fraction=0.59500  peak_slope=7.002e-06  t_peak=200937  comparison cadence=401873  difference=0.42000  below=0/3
t=786752  fraction=0.68500  peak_slope=9.003e-06  t_peak=162949  comparison cadence=325897  difference=0.10000  below=0/3
t=583816  fraction=0.59500  peak_slope=6.002e-06  t_peak=176944  comparison cadence=353888  difference=0.25500  below=0/3
t=738767  fraction=0.67500  peak_slope=6.002e-06  t_peak=318899  comparison cadence=637799  difference=0.66500  below=0/3
t=787752  fraction=0.68500  peak_slope=9.003e-06  t_peak=162949  comparison cadence=325897  difference=0.10000  below=0/3
t=574819  fraction=0.59500  peak_slope=7.002e-06  t_peak=200937  comparison cadence=401873  difference=0.41500  below=0/3
t=739767  fraction=0.67500  peak_slope=6.002e-06  t_peak=318899  comparison cadence=637799  difference=0.66500  below=0/3
t=584816  fraction=0.59500  peak_slope=6.002e-06  t_peak=176944  comparison cadence=353888  difference=0.25500  below=0/3
t=788751  fraction=0.68500  peak_slope=9.003e-06  t_peak=162949  comparison cadence=325897  difference=0.10000  below=0/3
t=575818  fraction=0.59500  peak_slope=7.002e-06  t_peak=200937  comparison cadence=401873  difference=0.41500  below=0/3
t=740766  fraction=0.67500  peak_slope=6.002e-06  t_peak=318899  comparison cadence=637799  difference=0.66500  below=0/3
t=789751  fraction=0.68500  peak_slope=9.003e-06  t_peak=162949  comparison cadence=325897  difference=0.10000  below=0/3
t=585815  fraction=0.59500  peak_slope=6.002e-06  t_peak=176944  comparison cadence=353888  difference=0.25500  below=0/3
t=741766  fraction=0.67500  peak_slope=6.002e-06  t_peak=318899  comparison cadence=637799  difference=0.66500  below=0/3
t=576818  fraction=0.59500  peak_slope=7.002e-06  t_peak=200937  comparison cadence=401873  difference=0.41500  below=0/3
t=790751  fraction=0.68500  peak_slope=9.003e-06  t_peak=162949  comparison cadence=325897  difference=0.10000  below=0/3
t=586815  fraction=0.59500  peak_slope=6.002e-06  t_peak=176944  comparison cadence=353888  difference=0.25000  below=0/3
t=742766  fraction=0.67500  peak_slope=6.002e-06  t_peak=318899  comparison cadence=637799  difference=0.65000  below=0/3
t=791750  fraction=0.68500  peak_slope=9.003e-06  t_peak=162949  comparison cadence=325897  difference=0.10000  below=0/3
t=577818  fraction=0.60000  peak_slope=7.002e-06  t_peak=200937  comparison cadence=401873  difference=0.42000  below=0/3
t=587815  fraction=0.59500  peak_slope=6.002e-06  t_peak=176944  comparison cadence=353888  difference=0.25000  below=0/3
t=743765  fraction=0.67500  peak_slope=6.002e-06  t_peak=318899  comparison cadence=637799  difference=0.65000  below=0/3
t=792750  fraction=0.68500  peak_slope=9.003e-06  t_peak=162949  comparison cadence=325897  difference=0.10000  below=0/3
t=578817  fraction=0.60000  peak_slope=7.002e-06  t_peak=200937  comparison cadence=401873  difference=0.42000  below=0/3
t=744765  fraction=0.67500  peak_slope=6.002e-06  t_peak=318899  comparison cadence=637799  difference=0.65000  below=0/3
t=793750  fraction=0.68500  peak_slope=9.003e-06  t_peak=162949  comparison cadence=325897  difference=0.10000  below=0/3
t=588814  fraction=0.59500  peak_slope=6.002e-06  t_peak=176944  comparison cadence=353888  difference=0.25000  below=0/3
t=745765  fraction=0.67500  peak_slope=6.002e-06  t_peak=318899  comparison cadence=637799  difference=0.64500  below=0/3
t=794749  fraction=0.68500  peak_slope=9.003e-06  t_peak=162949  comparison cadence=325897  difference=0.09500  below=0/3
t=579817  fraction=0.60000  peak_slope=7.002e-06  t_peak=200937  comparison cadence=401873  difference=0.41500  below=0/3
t=589814  fraction=0.59500  peak_slope=6.002e-06  t_peak=176944  comparison cadence=353888  difference=0.24500  below=0/3
t=795749  fraction=0.68500  peak_slope=9.003e-06  t_peak=162949  comparison cadence=325897  difference=0.08500  below=0/3
t=746764  fraction=0.68000  peak_slope=6.002e-06  t_peak=318899  comparison cadence=637799  difference=0.64500  below=0/3
t=580817  fraction=0.60000  peak_slope=7.002e-06  t_peak=200937  comparison cadence=401873  difference=0.41500  below=0/3
t=590814  fraction=0.59500  peak_slope=6.002e-06  t_peak=176944  comparison cadence=353888  difference=0.24500  below=0/3
t=796749  fraction=0.69000  peak_slope=9.003e-06  t_peak=162949  comparison cadence=325897  difference=0.09000  below=0/3
t=747764  fraction=0.68000  peak_slope=6.002e-06  t_peak=318899  comparison cadence=637799  difference=0.64500  below=0/3
t=581816  fraction=0.60000  peak_slope=7.002e-06  t_peak=200937  comparison cadence=401873  difference=0.41000  below=0/3
t=797748  fraction=0.69000  peak_slope=9.003e-06  t_peak=162949  comparison cadence=325897  difference=0.08500  below=0/3
t=591813  fraction=0.59500  peak_slope=6.002e-06  t_peak=176944  comparison cadence=353888  difference=0.24500  below=0/3
t=748764  fraction=0.68000  peak_slope=6.002e-06  t_peak=318899  comparison cadence=637799  difference=0.64500  below=0/3
t=798748  fraction=0.69000  peak_slope=9.003e-06  t_peak=162949  comparison cadence=325897  difference=0.08500  below=0/3
t=749764  fraction=0.68000  peak_slope=6.002e-06  t_peak=318899  comparison cadence=637799  difference=0.64000  below=0/3
t=582816  fraction=0.60000  peak_slope=7.002e-06  t_peak=200937  comparison cadence=401873  difference=0.41000  below=0/3
t=592813  fraction=0.59500  peak_slope=6.002e-06  t_peak=176944  comparison cadence=353888  difference=0.24500  below=0/3
t=799748  fraction=0.69000  peak_slope=9.003e-06  t_peak=162949  comparison cadence=325897  difference=0.08000  below=0/3
t=750763  fraction=0.68000  peak_slope=6.002e-06  t_peak=318899  comparison cadence=637799  difference=0.64000  below=0/3
t=583816  fraction=0.60000  peak_slope=7.002e-06  t_peak=200937  comparison cadence=401873  difference=0.41000  below=0/3
t=593813  fraction=0.59500  peak_slope=6.002e-06  t_peak=176944  comparison cadence=353888  difference=0.24500  below=0/3
t=800747  fraction=0.69000  peak_slope=9.003e-06  t_peak=162949  comparison cadence=325897  difference=0.08000  below=0/3
t=751763  fraction=0.68000  peak_slope=6.002e-06  t_peak=318899  comparison cadence=637799  difference=0.63500  below=0/3
t=584816  fraction=0.60000  peak_slope=7.002e-06  t_peak=200937  comparison cadence=401873  difference=0.41000  below=0/3
t=801747  fraction=0.69000  peak_slope=9.003e-06  t_peak=162949  comparison cadence=325897  difference=0.07000  below=0/3
t=594812  fraction=0.59500  peak_slope=6.002e-06  t_peak=176944  comparison cadence=353888  difference=0.24500  below=0/3
t=752763  fraction=0.68000  peak_slope=6.002e-06  t_peak=318899  comparison cadence=637799  difference=0.63000  below=0/3
t=802747  fraction=0.69000  peak_slope=9.003e-06  t_peak=162949  comparison cadence=325897  difference=0.07000  below=0/3
t=595812  fraction=0.59500  peak_slope=6.002e-06  t_peak=176944  comparison cadence=353888  difference=0.24000  below=0/3
t=585815  fraction=0.60000  peak_slope=7.002e-06  t_peak=200937  comparison cadence=401873  difference=0.41000  below=0/3
t=753762  fraction=0.68000  peak_slope=6.002e-06  t_peak=318899  comparison cadence=637799  difference=0.63000  below=0/3
t=803746  fraction=0.69000  peak_slope=9.003e-06  t_peak=162949  comparison cadence=325897  difference=0.07000  below=0/3
t=754762  fraction=0.68000  peak_slope=6.002e-06  t_peak=318899  comparison cadence=637799  difference=0.62500  below=0/3
t=596812  fraction=0.59500  peak_slope=6.002e-06  t_peak=176944  comparison cadence=353888  difference=0.24000  below=0/3
t=586815  fraction=0.60000  peak_slope=7.002e-06  t_peak=200937  comparison cadence=401873  difference=0.39500  below=0/3
t=804746  fraction=0.69000  peak_slope=9.003e-06  t_peak=162949  comparison cadence=325897  difference=0.07000  below=0/3
t=755762  fraction=0.68000  peak_slope=6.002e-06  t_peak=318899  comparison cadence=637799  difference=0.62500  below=0/3
t=597811  fraction=0.59500  peak_slope=6.002e-06  t_peak=176944  comparison cadence=353888  difference=0.24000  below=0/3
t=805746  fraction=0.69000  peak_slope=9.003e-06  t_peak=162949  comparison cadence=325897  difference=0.07000  below=0/3
t=587815  fraction=0.60000  peak_slope=7.002e-06  t_peak=200937  comparison cadence=401873  difference=0.39500  below=0/3
t=756761  fraction=0.68000  peak_slope=6.002e-06  t_peak=318899  comparison cadence=637799  difference=0.62500  below=0/3
t=806746  fraction=0.69000  peak_slope=9.003e-06  t_peak=162949  comparison cadence=325897  difference=0.07000  below=0/3
t=598811  fraction=0.59500  peak_slope=6.002e-06  t_peak=176944  comparison cadence=353888  difference=0.24000  below=0/3
t=588814  fraction=0.60000  peak_slope=7.002e-06  t_peak=200937  comparison cadence=401873  difference=0.38500  below=0/3
t=757761  fraction=0.68000  peak_slope=6.002e-06  t_peak=318899  comparison cadence=637799  difference=0.62500  below=0/3
t=807745  fraction=0.69000  peak_slope=9.003e-06  t_peak=162949  comparison cadence=325897  difference=0.06500  below=0/3
t=599811  fraction=0.59500  peak_slope=6.002e-06  t_peak=176944  comparison cadence=353888  difference=0.24000  below=0/3
t=758761  fraction=0.68000  peak_slope=6.002e-06  t_peak=318899  comparison cadence=637799  difference=0.62500  below=0/3
t=589814  fraction=0.60000  peak_slope=7.002e-06  t_peak=200937  comparison cadence=401873  difference=0.38000  below=0/3
t=808745  fraction=0.69000  peak_slope=9.003e-06  t_peak=162949  comparison cadence=325897  difference=0.06500  below=0/3
t=759760  fraction=0.68000  peak_slope=6.002e-06  t_peak=318899  comparison cadence=637799  difference=0.62500  below=0/3
t=600810  fraction=0.59500  peak_slope=6.002e-06  t_peak=176944  comparison cadence=353888  difference=0.24000  below=0/3
t=809745  fraction=0.69000  peak_slope=9.003e-06  t_peak=162949  comparison cadence=325897  difference=0.06500  below=0/3
t=590814  fraction=0.60000  peak_slope=7.002e-06  t_peak=200937  comparison cadence=401873  difference=0.38000  below=0/3
t=760760  fraction=0.68000  peak_slope=6.002e-06  t_peak=318899  comparison cadence=637799  difference=0.62500  below=0/3
t=810744  fraction=0.69000  peak_slope=9.003e-06  t_peak=162949  comparison cadence=325897  difference=0.06500  below=0/3
t=601810  fraction=0.59500  peak_slope=6.002e-06  t_peak=176944  comparison cadence=353888  difference=0.23500  below=0/3
t=591813  fraction=0.60000  peak_slope=7.002e-06  t_peak=200937  comparison cadence=401873  difference=0.38000  below=0/3
t=761760  fraction=0.68000  peak_slope=6.002e-06  t_peak=318899  comparison cadence=637799  difference=0.62000  below=0/3
t=811744  fraction=0.69000  peak_slope=9.003e-06  t_peak=162949  comparison cadence=325897  difference=0.06500  below=0/3
t=602810  fraction=0.59500  peak_slope=6.002e-06  t_peak=176944  comparison cadence=353888  difference=0.23500  below=0/3
t=762759  fraction=0.68000  peak_slope=6.002e-06  t_peak=318899  comparison cadence=637799  difference=0.62000  below=0/3
t=592813  fraction=0.60000  peak_slope=7.002e-06  t_peak=200937  comparison cadence=401873  difference=0.38000  below=0/3
t=812744  fraction=0.69000  peak_slope=9.003e-06  t_peak=162949  comparison cadence=325897  difference=0.06500  below=0/3
t=603810  fraction=0.59500  peak_slope=6.002e-06  t_peak=176944  comparison cadence=353888  difference=0.23000  below=0/3
t=763759  fraction=0.68000  peak_slope=6.002e-06  t_peak=318899  comparison cadence=637799  difference=0.62000  below=0/3
t=813743  fraction=0.69000  peak_slope=9.003e-06  t_peak=162949  comparison cadence=325897  difference=0.06500  below=0/3
t=593813  fraction=0.60000  peak_slope=7.002e-06  t_peak=200937  comparison cadence=401873  difference=0.38000  below=0/3
t=764759  fraction=0.68000  peak_slope=6.002e-06  t_peak=318899  comparison cadence=637799  difference=0.62000  below=0/3
t=814743  fraction=0.69000  peak_slope=9.003e-06  t_peak=162949  comparison cadence=325897  difference=0.06500  below=0/3
t=604809  fraction=0.59500  peak_slope=6.002e-06  t_peak=176944  comparison cadence=353888  difference=0.22500  below=0/3
t=594812  fraction=0.60000  peak_slope=7.002e-06  t_peak=200937  comparison cadence=401873  difference=0.38000  below=0/3
t=765758  fraction=0.68000  peak_slope=6.002e-06  t_peak=318899  comparison cadence=637799  difference=0.61500  below=0/3
t=815743  fraction=0.69000  peak_slope=9.003e-06  t_peak=162949  comparison cadence=325897  difference=0.06500  below=0/3
t=605809  fraction=0.59500  peak_slope=6.002e-06  t_peak=176944  comparison cadence=353888  difference=0.22500  below=0/3
t=816742  fraction=0.69000  peak_slope=9.003e-06  t_peak=162949  comparison cadence=325897  difference=0.06500  below=0/3
t=766758  fraction=0.68000  peak_slope=6.002e-06  t_peak=318899  comparison cadence=637799  difference=0.61500  below=0/3
t=595812  fraction=0.60000  peak_slope=7.002e-06  t_peak=200937  comparison cadence=401873  difference=0.38000  below=0/3
t=606809  fraction=0.59500  peak_slope=6.002e-06  t_peak=176944  comparison cadence=353888  difference=0.22500  below=0/3
t=817742  fraction=0.69000  peak_slope=9.003e-06  t_peak=162949  comparison cadence=325897  difference=0.06500  below=0/3
t=767758  fraction=0.68000  peak_slope=6.002e-06  t_peak=318899  comparison cadence=637799  difference=0.61500  below=0/3
t=596812  fraction=0.60000  peak_slope=7.002e-06  t_peak=200937  comparison cadence=401873  difference=0.37000  below=0/3
t=818742  fraction=0.69000  peak_slope=9.003e-06  t_peak=162949  comparison cadence=325897  difference=0.06500  below=0/3
t=768758  fraction=0.68000  peak_slope=6.002e-06  t_peak=318899  comparison cadence=637799  difference=0.61500  below=0/3
t=607808  fraction=0.60000  peak_slope=6.002e-06  t_peak=176944  comparison cadence=353888  difference=0.23000  below=0/3
t=597811  fraction=0.60000  peak_slope=7.002e-06  t_peak=200937  comparison cadence=401873  difference=0.36500  below=0/3
t=819741  fraction=0.69000  peak_slope=9.003e-06  t_peak=162949  comparison cadence=325897  difference=0.06500  below=0/3
t=769757  fraction=0.68000  peak_slope=6.002e-06  t_peak=318899  comparison cadence=637799  difference=0.61500  below=0/3
t=608808  fraction=0.60000  peak_slope=6.002e-06  t_peak=176944  comparison cadence=353888  difference=0.22500  below=0/3
t=820741  fraction=0.69000  peak_slope=9.003e-06  t_peak=162949  comparison cadence=325897  difference=0.06500  below=0/3
t=770757  fraction=0.68000  peak_slope=6.002e-06  t_peak=318899  comparison cadence=637799  difference=0.61000  below=0/3
t=598811  fraction=0.60000  peak_slope=7.002e-06  t_peak=200937  comparison cadence=401873  difference=0.36500  below=0/3
t=609808  fraction=0.60000  peak_slope=6.002e-06  t_peak=176944  comparison cadence=353888  difference=0.22500  below=0/3
t=821741  fraction=0.69000  peak_slope=9.003e-06  t_peak=162949  comparison cadence=325897  difference=0.06500  below=0/3
t=771757  fraction=0.68000  peak_slope=6.002e-06  t_peak=318899  comparison cadence=637799  difference=0.60000  below=0/3
t=599811  fraction=0.60000  peak_slope=7.002e-06  t_peak=200937  comparison cadence=401873  difference=0.35500  below=0/3
t=822740  fraction=0.69000  peak_slope=9.003e-06  t_peak=162949  comparison cadence=325897  difference=0.06500  below=0/3
t=610807  fraction=0.60000  peak_slope=6.002e-06  t_peak=176944  comparison cadence=353888  difference=0.22500  below=0/3
t=772756  fraction=0.68000  peak_slope=6.002e-06  t_peak=318899  comparison cadence=637799  difference=0.60000  below=0/3
t=600810  fraction=0.60000  peak_slope=7.002e-06  t_peak=200937  comparison cadence=401873  difference=0.34500  below=0/3
t=823740  fraction=0.69000  peak_slope=9.003e-06  t_peak=162949  comparison cadence=325897  difference=0.06500  below=0/3
t=773756  fraction=0.68000  peak_slope=6.002e-06  t_peak=318899  comparison cadence=637799  difference=0.60000  below=0/3
t=611807  fraction=0.60000  peak_slope=6.002e-06  t_peak=176944  comparison cadence=353888  difference=0.22500  below=0/3
t=824740  fraction=0.69000  peak_slope=9.003e-06  t_peak=162949  comparison cadence=325897  difference=0.06000  below=0/3
t=601810  fraction=0.60000  peak_slope=7.002e-06  t_peak=200937  comparison cadence=401873  difference=0.33500  below=0/3
t=774756  fraction=0.68000  peak_slope=6.002e-06  t_peak=318899  comparison cadence=637799  difference=0.60000  below=0/3
t=612807  fraction=0.60000  peak_slope=6.002e-06  t_peak=176944  comparison cadence=353888  difference=0.22500  below=0/3
t=825740  fraction=0.69000  peak_slope=9.003e-06  t_peak=162949  comparison cadence=325897  difference=0.06000  below=0/3
t=775755  fraction=0.68000  peak_slope=6.002e-06  t_peak=318899  comparison cadence=637799  difference=0.60000  below=0/3
t=602810  fraction=0.60000  peak_slope=7.002e-06  t_peak=200937  comparison cadence=401873  difference=0.33000  below=0/3
t=826739  fraction=0.69000  peak_slope=9.003e-06  t_peak=162949  comparison cadence=325897  difference=0.06000  below=0/3
t=613806  fraction=0.60000  peak_slope=6.002e-06  t_peak=176944  comparison cadence=353888  difference=0.22500  below=0/3
t=776755  fraction=0.68000  peak_slope=6.002e-06  t_peak=318899  comparison cadence=637799  difference=0.59500  below=0/3
t=827739  fraction=0.69000  peak_slope=9.003e-06  t_peak=162949  comparison cadence=325897  difference=0.06000  below=0/3
t=603810  fraction=0.60000  peak_slope=7.002e-06  t_peak=200937  comparison cadence=401873  difference=0.33000  below=0/3
t=614806  fraction=0.60000  peak_slope=6.002e-06  t_peak=176944  comparison cadence=353888  difference=0.22000  below=0/3
t=777755  fraction=0.68000  peak_slope=6.002e-06  t_peak=318899  comparison cadence=637799  difference=0.59000  below=0/3
t=828739  fraction=0.69000  peak_slope=9.003e-06  t_peak=162949  comparison cadence=325897  difference=0.06000  below=0/3
t=604809  fraction=0.60000  peak_slope=7.002e-06  t_peak=200937  comparison cadence=401873  difference=0.32500  below=0/3
t=778754  fraction=0.68000  peak_slope=6.002e-06  t_peak=318899  comparison cadence=637799  difference=0.59000  below=0/3
t=615806  fraction=0.60000  peak_slope=6.002e-06  t_peak=176944  comparison cadence=353888  difference=0.22000  below=0/3
t=829738  fraction=0.69000  peak_slope=9.003e-06  t_peak=162949  comparison cadence=325897  difference=0.06000  below=0/3
t=779754  fraction=0.68000  peak_slope=6.002e-06  t_peak=318899  comparison cadence=637799  difference=0.59000  below=0/3
t=605809  fraction=0.60000  peak_slope=7.002e-06  t_peak=200937  comparison cadence=401873  difference=0.32000  below=0/3
t=830738  fraction=0.69000  peak_slope=9.003e-06  t_peak=162949  comparison cadence=325897  difference=0.06000  below=0/3
t=616805  fraction=0.60000  peak_slope=6.002e-06  t_peak=176944  comparison cadence=353888  difference=0.22000  below=0/3
t=780754  fraction=0.68000  peak_slope=6.002e-06  t_peak=318899  comparison cadence=637799  difference=0.58500  below=0/3
t=831738  fraction=0.69000  peak_slope=9.003e-06  t_peak=162949  comparison cadence=325897  difference=0.06000  below=0/3
t=606809  fraction=0.60000  peak_slope=7.002e-06  t_peak=200937  comparison cadence=401873  difference=0.32000  below=0/3
t=617805  fraction=0.60000  peak_slope=6.002e-06  t_peak=176944  comparison cadence=353888  difference=0.22000  below=0/3
t=781753  fraction=0.68000  peak_slope=6.002e-06  t_peak=318899  comparison cadence=637799  difference=0.58000  below=0/3
t=832737  fraction=0.69000  peak_slope=9.003e-06  t_peak=162949  comparison cadence=325897  difference=0.06000  below=0/3
t=607808  fraction=0.60500  peak_slope=7.002e-06  t_peak=200937  comparison cadence=401873  difference=0.32500  below=0/3
t=618805  fraction=0.60000  peak_slope=6.002e-06  t_peak=176944  comparison cadence=353888  difference=0.21500  below=0/3
t=782753  fraction=0.68000  peak_slope=6.002e-06  t_peak=318899  comparison cadence=637799  difference=0.58000  below=0/3
t=833737  fraction=0.69000  peak_slope=9.003e-06  t_peak=162949  comparison cadence=325897  difference=0.06000  below=0/3
t=783753  fraction=0.68000  peak_slope=6.002e-06  t_peak=318899  comparison cadence=637799  difference=0.57500  below=0/3
t=608808  fraction=0.60500  peak_slope=7.002e-06  t_peak=200937  comparison cadence=401873  difference=0.31500  below=0/3
t=834737  fraction=0.69000  peak_slope=9.003e-06  t_peak=162949  comparison cadence=325897  difference=0.06000  below=0/3
t=619804  fraction=0.60000  peak_slope=6.002e-06  t_peak=176944  comparison cadence=353888  difference=0.21500  below=0/3
t=784752  fraction=0.68000  peak_slope=6.002e-06  t_peak=318899  comparison cadence=637799  difference=0.57500  below=0/3
t=835736  fraction=0.69000  peak_slope=9.003e-06  t_peak=162949  comparison cadence=325897  difference=0.06000  below=0/3
t=609808  fraction=0.60500  peak_slope=7.002e-06  t_peak=200937  comparison cadence=401873  difference=0.31000  below=0/3
t=620804  fraction=0.60000  peak_slope=6.002e-06  t_peak=176944  comparison cadence=353888  difference=0.21500  below=0/3
t=836736  fraction=0.69000  peak_slope=9.003e-06  t_peak=162949  comparison cadence=325897  difference=0.06000  below=0/3
t=785752  fraction=0.68000  peak_slope=6.002e-06  t_peak=318899  comparison cadence=637799  difference=0.57500  below=0/3
t=610807  fraction=0.60500  peak_slope=7.002e-06  t_peak=200937  comparison cadence=401873  difference=0.30500  below=0/3
t=621804  fraction=0.60000  peak_slope=6.002e-06  t_peak=176944  comparison cadence=353888  difference=0.21500  below=0/3
t=837736  fraction=0.69000  peak_slope=9.003e-06  t_peak=162949  comparison cadence=325897  difference=0.06000  below=0/3
t=786752  fraction=0.68000  peak_slope=6.002e-06  t_peak=318899  comparison cadence=637799  difference=0.57000  below=0/3
t=838735  fraction=0.69000  peak_slope=9.003e-06  t_peak=162949  comparison cadence=325897  difference=0.06000  below=0/3
t=611807  fraction=0.60500  peak_slope=7.002e-06  t_peak=200937  comparison cadence=401873  difference=0.30000  below=0/3
t=622804  fraction=0.60000  peak_slope=6.002e-06  t_peak=176944  comparison cadence=353888  difference=0.21500  below=0/3
t=787752  fraction=0.68000  peak_slope=6.002e-06  t_peak=318899  comparison cadence=637799  difference=0.56500  below=0/3
t=839735  fraction=0.69000  peak_slope=9.003e-06  t_peak=162949  comparison cadence=325897  difference=0.06000  below=0/3
t=788751  fraction=0.68000  peak_slope=6.002e-06  t_peak=318899  comparison cadence=637799  difference=0.56000  below=0/3
t=612807  fraction=0.60500  peak_slope=7.002e-06  t_peak=200937  comparison cadence=401873  difference=0.29000  below=0/3
t=623803  fraction=0.60000  peak_slope=6.002e-06  t_peak=176944  comparison cadence=353888  difference=0.21500  below=0/3
t=840735  fraction=0.69000  peak_slope=9.003e-06  t_peak=162949  comparison cadence=325897  difference=0.06000  below=0/3
t=789751  fraction=0.68000  peak_slope=6.002e-06  t_peak=318899  comparison cadence=637799  difference=0.56000  below=0/3
t=613806  fraction=0.60500  peak_slope=7.002e-06  t_peak=200937  comparison cadence=401873  difference=0.29000  below=0/3
t=624803  fraction=0.60000  peak_slope=6.002e-06  t_peak=176944  comparison cadence=353888  difference=0.21000  below=0/3
t=841734  fraction=0.69500  peak_slope=9.003e-06  t_peak=162949  comparison cadence=325897  difference=0.06500  below=0/3
t=790751  fraction=0.68000  peak_slope=6.002e-06  t_peak=318899  comparison cadence=637799  difference=0.56000  below=0/3
t=842734  fraction=0.69500  peak_slope=9.003e-06  t_peak=162949  comparison cadence=325897  difference=0.06500  below=0/3
t=614806  fraction=0.60500  peak_slope=7.002e-06  t_peak=200937  comparison cadence=401873  difference=0.28000  below=0/3
t=625803  fraction=0.60000  peak_slope=6.002e-06  t_peak=176944  comparison cadence=353888  difference=0.21000  below=0/3
t=791750  fraction=0.68000  peak_slope=6.002e-06  t_peak=318899  comparison cadence=637799  difference=0.55500  below=0/3
t=843734  fraction=0.69500  peak_slope=9.003e-06  t_peak=162949  comparison cadence=325897  difference=0.06500  below=0/3
t=792750  fraction=0.68000  peak_slope=6.002e-06  t_peak=318899  comparison cadence=637799  difference=0.55000  below=0/3
t=615806  fraction=0.60500  peak_slope=7.002e-06  t_peak=200937  comparison cadence=401873  difference=0.28000  below=0/3
t=626802  fraction=0.60000  peak_slope=6.002e-06  t_peak=176944  comparison cadence=353888  difference=0.20500  below=0/3
t=844734  fraction=0.69500  peak_slope=9.003e-06  t_peak=162949  comparison cadence=325897  difference=0.06000  below=0/3
t=793750  fraction=0.68000  peak_slope=6.002e-06  t_peak=318899  comparison cadence=637799  difference=0.55000  below=0/3
t=627802  fraction=0.60000  peak_slope=6.002e-06  t_peak=176944  comparison cadence=353888  difference=0.20500  below=0/3
t=616805  fraction=0.60500  peak_slope=7.002e-06  t_peak=200937  comparison cadence=401873  difference=0.28000  below=0/3
t=845733  fraction=0.69500  peak_slope=9.003e-06  t_peak=162949  comparison cadence=325897  difference=0.06000  below=0/3
t=794749  fraction=0.68000  peak_slope=6.002e-06  t_peak=318899  comparison cadence=637799  difference=0.54500  below=0/3
t=846733  fraction=0.69500  peak_slope=9.003e-06  t_peak=162949  comparison cadence=325897  difference=0.06000  below=0/3
t=628802  fraction=0.60000  peak_slope=6.002e-06  t_peak=176944  comparison cadence=353888  difference=0.20000  below=0/3
t=617805  fraction=0.60500  peak_slope=7.002e-06  t_peak=200937  comparison cadence=401873  difference=0.27500  below=0/3
t=795749  fraction=0.68000  peak_slope=6.002e-06  t_peak=318899  comparison cadence=637799  difference=0.54500  below=0/3
t=847733  fraction=0.69500  peak_slope=9.003e-06  t_peak=162949  comparison cadence=325897  difference=0.06000  below=0/3
t=796749  fraction=0.68000  peak_slope=6.002e-06  t_peak=318899  comparison cadence=637799  difference=0.54000  below=0/3
t=629801  fraction=0.60000  peak_slope=6.002e-06  t_peak=176944  comparison cadence=353888  difference=0.20000  below=0/3
t=618805  fraction=0.60500  peak_slope=7.002e-06  t_peak=200937  comparison cadence=401873  difference=0.27500  below=0/3
t=848732  fraction=0.69500  peak_slope=9.003e-06  t_peak=162949  comparison cadence=325897  difference=0.06000  below=0/3
t=797748  fraction=0.68000  peak_slope=6.002e-06  t_peak=318899  comparison cadence=637799  difference=0.53000  below=0/3
t=849732  fraction=0.69500  peak_slope=9.003e-06  t_peak=162949  comparison cadence=325897  difference=0.06000  below=0/3
t=630801  fraction=0.60000  peak_slope=6.002e-06  t_peak=176944  comparison cadence=353888  difference=0.19500  below=0/3
t=619804  fraction=0.60500  peak_slope=7.002e-06  t_peak=200937  comparison cadence=401873  difference=0.27000  below=0/3
t=798748  fraction=0.68000  peak_slope=6.002e-06  t_peak=318899  comparison cadence=637799  difference=0.52500  below=0/3
t=850732  fraction=0.69500  peak_slope=9.003e-06  t_peak=162949  comparison cadence=325897  difference=0.06000  below=0/3
t=631801  fraction=0.60000  peak_slope=6.002e-06  t_peak=176944  comparison cadence=353888  difference=0.19500  below=0/3
t=620804  fraction=0.60500  peak_slope=7.002e-06  t_peak=200937  comparison cadence=401873  difference=0.27000  below=0/3
t=799748  fraction=0.68000  peak_slope=6.002e-06  t_peak=318899  comparison cadence=637799  difference=0.52500  below=0/3
t=851731  fraction=0.69500  peak_slope=9.003e-06  t_peak=162949  comparison cadence=325897  difference=0.06000  below=0/3
t=621804  fraction=0.60500  peak_slope=7.002e-06  t_peak=200937  comparison cadence=401873  difference=0.27000  below=0/3
t=632800  fraction=0.60000  peak_slope=6.002e-06  t_peak=176944  comparison cadence=353888  difference=0.19500  below=0/3
t=800747  fraction=0.68000  peak_slope=6.002e-06  t_peak=318899  comparison cadence=637799  difference=0.52000  below=0/3
t=852731  fraction=0.69500  peak_slope=9.003e-06  t_peak=162949  comparison cadence=325897  difference=0.06000  below=0/3
t=801747  fraction=0.68000  peak_slope=6.002e-06  t_peak=318899  comparison cadence=637799  difference=0.51500  below=0/3
t=853731  fraction=0.70000  peak_slope=9.003e-06  t_peak=162949  comparison cadence=325897  difference=0.06500  below=0/3
t=622804  fraction=0.60500  peak_slope=7.002e-06  t_peak=200937  comparison cadence=401873  difference=0.27000  below=0/3
t=633800  fraction=0.60500  peak_slope=6.002e-06  t_peak=176944  comparison cadence=353888  difference=0.20000  below=0/3
t=854730  fraction=0.70500  peak_slope=9.003e-06  t_peak=162949  comparison cadence=325897  difference=0.07000  below=0/3
t=802747  fraction=0.68000  peak_slope=6.002e-06  t_peak=318899  comparison cadence=637799  difference=0.51500  below=0/3
t=623803  fraction=0.60500  peak_slope=7.002e-06  t_peak=200937  comparison cadence=401873  difference=0.27000  below=0/3
t=634800  fraction=0.61000  peak_slope=6.002e-06  t_peak=176944  comparison cadence=353888  difference=0.20500  below=0/3
t=855730  fraction=0.70500  peak_slope=9.003e-06  t_peak=162949  comparison cadence=325897  difference=0.06500  below=0/3
t=803746  fraction=0.68000  peak_slope=6.002e-06  t_peak=318899  comparison cadence=637799  difference=0.51500  below=0/3
t=635799  fraction=0.61000  peak_slope=6.002e-06  t_peak=176944  comparison cadence=353888  difference=0.20500  below=0/3
t=624803  fraction=0.60500  peak_slope=7.002e-06  t_peak=200937  comparison cadence=401873  difference=0.26500  below=0/3
t=856730  fraction=0.70500  peak_slope=9.003e-06  t_peak=162949  comparison cadence=325897  difference=0.06500  below=0/3
t=804746  fraction=0.68000  peak_slope=6.002e-06  t_peak=318899  comparison cadence=637799  difference=0.51000  below=0/3
t=857729  fraction=0.70500  peak_slope=9.003e-06  t_peak=162949  comparison cadence=325897  difference=0.06500  below=0/3
t=805746  fraction=0.68000  peak_slope=6.002e-06  t_peak=318899  comparison cadence=637799  difference=0.50000  below=0/3
t=636799  fraction=0.61000  peak_slope=6.002e-06  t_peak=176944  comparison cadence=353888  difference=0.20500  below=0/3
t=625803  fraction=0.60500  peak_slope=7.002e-06  t_peak=200937  comparison cadence=401873  difference=0.26500  below=0/3
t=858729  fraction=0.70500  peak_slope=9.003e-06  t_peak=162949  comparison cadence=325897  difference=0.06500  below=0/3
t=806746  fraction=0.68000  peak_slope=6.002e-06  t_peak=318899  comparison cadence=637799  difference=0.50000  below=0/3
t=637799  fraction=0.61000  peak_slope=6.002e-06  t_peak=176944  comparison cadence=353888  difference=0.20500  below=0/3
t=626802  fraction=0.60500  peak_slope=7.002e-06  t_peak=200937  comparison cadence=401873  difference=0.26000  below=0/3
t=859729  fraction=0.70500  peak_slope=9.003e-06  t_peak=162949  comparison cadence=325897  difference=0.06500  below=0/3
t=807745  fraction=0.68000  peak_slope=6.002e-06  t_peak=318899  comparison cadence=637799  difference=0.48500  below=0/3
t=638799  fraction=0.61000  peak_slope=6.002e-06  t_peak=176944  comparison cadence=353888  difference=0.20500  below=0/3
t=860729  fraction=0.70500  peak_slope=9.003e-06  t_peak=162949  comparison cadence=325897  difference=0.06500  below=0/3
t=627802  fraction=0.60500  peak_slope=7.002e-06  t_peak=200937  comparison cadence=401873  difference=0.26000  below=0/3
t=808745  fraction=0.68000  peak_slope=6.002e-06  t_peak=318899  comparison cadence=637799  difference=0.48500  below=0/3
t=861728  fraction=0.70500  peak_slope=9.003e-06  t_peak=162949  comparison cadence=325897  difference=0.06500  below=0/3
t=639798  fraction=0.61000  peak_slope=6.002e-06  t_peak=176944  comparison cadence=353888  difference=0.20500  below=0/3
t=628802  fraction=0.60500  peak_slope=7.002e-06  t_peak=200937  comparison cadence=401873  difference=0.26000  below=0/3
t=809745  fraction=0.68000  peak_slope=6.002e-06  t_peak=318899  comparison cadence=637799  difference=0.48500  below=0/3
t=862728  fraction=0.70500  peak_slope=9.003e-06  t_peak=162949  comparison cadence=325897  difference=0.06500  below=0/3
t=810744  fraction=0.68000  peak_slope=6.002e-06  t_peak=318899  comparison cadence=637799  difference=0.48000  below=0/3
t=640798  fraction=0.61000  peak_slope=6.002e-06  t_peak=176944  comparison cadence=353888  difference=0.20500  below=0/3
t=629801  fraction=0.60500  peak_slope=7.002e-06  t_peak=200937  comparison cadence=401873  difference=0.26000  below=0/3
t=863728  fraction=0.70500  peak_slope=9.003e-06  t_peak=162949  comparison cadence=325897  difference=0.06500  below=0/3
t=811744  fraction=0.68000  peak_slope=6.002e-06  t_peak=318899  comparison cadence=637799  difference=0.48000  below=0/3
t=864727  fraction=0.70500  peak_slope=9.003e-06  t_peak=162949  comparison cadence=325897  difference=0.06500  below=0/3
t=641798  fraction=0.61000  peak_slope=6.002e-06  t_peak=176944  comparison cadence=353888  difference=0.20500  below=0/3
t=630801  fraction=0.60500  peak_slope=7.002e-06  t_peak=200937  comparison cadence=401873  difference=0.26000  below=0/3
t=812744  fraction=0.68000  peak_slope=6.002e-06  t_peak=318899  comparison cadence=637799  difference=0.48000  below=0/3
t=865727  fraction=0.70500  peak_slope=9.003e-06  t_peak=162949  comparison cadence=325897  difference=0.06500  below=0/3
t=642797  fraction=0.61000  peak_slope=6.002e-06  t_peak=176944  comparison cadence=353888  difference=0.20000  below=0/3
t=631801  fraction=0.60500  peak_slope=7.002e-06  t_peak=200937  comparison cadence=401873  difference=0.26000  below=0/3
t=813743  fraction=0.68000  peak_slope=6.002e-06  t_peak=318899  comparison cadence=637799  difference=0.47500  below=0/3
t=866727  fraction=0.70500  peak_slope=9.003e-06  t_peak=162949  comparison cadence=325897  difference=0.06500  below=0/3
t=643797  fraction=0.61000  peak_slope=6.002e-06  t_peak=176944  comparison cadence=353888  difference=0.20000  below=0/3
t=814743  fraction=0.68000  peak_slope=6.002e-06  t_peak=318899  comparison cadence=637799  difference=0.47500  below=0/3
t=632800  fraction=0.60500  peak_slope=7.002e-06  t_peak=200937  comparison cadence=401873  difference=0.26000  below=0/3
t=867726  fraction=0.70500  peak_slope=9.003e-06  t_peak=162949  comparison cadence=325897  difference=0.06500  below=0/3
t=815743  fraction=0.68000  peak_slope=6.002e-06  t_peak=318899  comparison cadence=637799  difference=0.47000  below=0/3
t=868726  fraction=0.70500  peak_slope=9.003e-06  t_peak=162949  comparison cadence=325897  difference=0.06500  below=0/3
t=644797  fraction=0.61000  peak_slope=6.002e-06  t_peak=176944  comparison cadence=353888  difference=0.20000  below=0/3
t=633800  fraction=0.60500  peak_slope=7.002e-06  t_peak=200937  comparison cadence=401873  difference=0.26000  below=0/3
t=816742  fraction=0.68000  peak_slope=6.002e-06  t_peak=318899  comparison cadence=637799  difference=0.47000  below=0/3
t=869726  fraction=0.70500  peak_slope=9.003e-06  t_peak=162949  comparison cadence=325897  difference=0.06500  below=0/3
t=645796  fraction=0.61000  peak_slope=6.002e-06  t_peak=176944  comparison cadence=353888  difference=0.19000  below=0/3
t=634800  fraction=0.60500  peak_slope=7.002e-06  t_peak=200937  comparison cadence=401873  difference=0.25000  below=0/3
t=817742  fraction=0.68000  peak_slope=6.002e-06  t_peak=318899  comparison cadence=637799  difference=0.46500  below=0/3
t=870725  fraction=0.70500  peak_slope=9.003e-06  t_peak=162949  comparison cadence=325897  difference=0.06500  below=0/3
t=646796  fraction=0.61000  peak_slope=6.002e-06  t_peak=176944  comparison cadence=353888  difference=0.19000  below=0/3
t=635799  fraction=0.60500  peak_slope=7.002e-06  t_peak=200937  comparison cadence=401873  difference=0.24500  below=0/3
t=818742  fraction=0.68000  peak_slope=6.002e-06  t_peak=318899  comparison cadence=637799  difference=0.46000  below=0/3
t=871725  fraction=0.70500  peak_slope=9.003e-06  t_peak=162949  comparison cadence=325897  difference=0.06500  below=0/3
t=819741  fraction=0.68000  peak_slope=6.002e-06  t_peak=318899  comparison cadence=637799  difference=0.46000  below=0/3
t=872725  fraction=0.70500  peak_slope=9.003e-06  t_peak=162949  comparison cadence=325897  difference=0.06000  below=0/3
t=647796  fraction=0.61000  peak_slope=6.002e-06  t_peak=176944  comparison cadence=353888  difference=0.19000  below=0/3
t=636799  fraction=0.60500  peak_slope=7.002e-06  t_peak=200937  comparison cadence=401873  difference=0.24500  below=0/3
t=873724  fraction=0.70500  peak_slope=9.003e-06  t_peak=162949  comparison cadence=325897  difference=0.06000  below=0/3
t=820741  fraction=0.68000  peak_slope=6.002e-06  t_peak=318899  comparison cadence=637799  difference=0.45500  below=0/3
t=648795  fraction=0.61000  peak_slope=6.002e-06  t_peak=176944  comparison cadence=353888  difference=0.19000  below=0/3
t=637799  fraction=0.60500  peak_slope=7.002e-06  t_peak=200937  comparison cadence=401873  difference=0.24500  below=0/3
t=874724  fraction=0.70500  peak_slope=9.003e-06  t_peak=162949  comparison cadence=325897  difference=0.06000  below=0/3
t=821741  fraction=0.68000  peak_slope=6.002e-06  t_peak=318899  comparison cadence=637799  difference=0.45500  below=0/3
t=649795  fraction=0.61000  peak_slope=6.002e-06  t_peak=176944  comparison cadence=353888  difference=0.19000  below=0/3
t=875724  fraction=0.70500  peak_slope=9.003e-06  t_peak=162949  comparison cadence=325897  difference=0.06000  below=0/3
t=638799  fraction=0.60500  peak_slope=7.002e-06  t_peak=200937  comparison cadence=401873  difference=0.24500  below=0/3
t=822740  fraction=0.68000  peak_slope=6.002e-06  t_peak=318899  comparison cadence=637799  difference=0.45000  below=0/3
t=650795  fraction=0.61000  peak_slope=6.002e-06  t_peak=176944  comparison cadence=353888  difference=0.19000  below=0/3
t=876723  fraction=0.70500  peak_slope=9.003e-06  t_peak=162949  comparison cadence=325897  difference=0.06000  below=0/3
t=823740  fraction=0.68000  peak_slope=6.002e-06  t_peak=318899  comparison cadence=637799  difference=0.45000  below=0/3
t=639798  fraction=0.60500  peak_slope=7.002e-06  t_peak=200937  comparison cadence=401873  difference=0.24500  below=0/3
t=877723  fraction=0.70500  peak_slope=9.003e-06  t_peak=162949  comparison cadence=325897  difference=0.06000  below=0/3
t=824740  fraction=0.68000  peak_slope=6.002e-06  t_peak=318899  comparison cadence=637799  difference=0.45000  below=0/3
t=651794  fraction=0.61000  peak_slope=6.002e-06  t_peak=176944  comparison cadence=353888  difference=0.19000  below=0/3
t=640798  fraction=0.60500  peak_slope=7.002e-06  t_peak=200937  comparison cadence=401873  difference=0.24500  below=0/3
t=878723  fraction=0.70500  peak_slope=9.003e-06  t_peak=162949  comparison cadence=325897  difference=0.06000  below=0/3
t=825740  fraction=0.68000  peak_slope=6.002e-06  t_peak=318899  comparison cadence=637799  difference=0.44500  below=0/3
t=652794  fraction=0.61000  peak_slope=6.002e-06  t_peak=176944  comparison cadence=353888  difference=0.19000  below=0/3
t=879723  fraction=0.70500  peak_slope=9.003e-06  t_peak=162949  comparison cadence=325897  difference=0.06000  below=0/3
t=641798  fraction=0.60500  peak_slope=7.002e-06  t_peak=200937  comparison cadence=401873  difference=0.24500  below=0/3
t=826739  fraction=0.68000  peak_slope=6.002e-06  t_peak=318899  comparison cadence=637799  difference=0.44500  below=0/3
t=653794  fraction=0.61000  peak_slope=6.002e-06  t_peak=176944  comparison cadence=353888  difference=0.19000  below=0/3
t=880722  fraction=0.70500  peak_slope=9.003e-06  t_peak=162949  comparison cadence=325897  difference=0.06000  below=0/3
t=827739  fraction=0.68000  peak_slope=6.002e-06  t_peak=318899  comparison cadence=637799  difference=0.44500  below=0/3
t=642797  fraction=0.60500  peak_slope=7.002e-06  t_peak=200937  comparison cadence=401873  difference=0.24500  below=0/3
t=881722  fraction=0.70500  peak_slope=9.003e-06  t_peak=162949  comparison cadence=325897  difference=0.06000  below=0/3
t=654793  fraction=0.61000  peak_slope=6.002e-06  t_peak=176944  comparison cadence=353888  difference=0.19000  below=0/3
t=828739  fraction=0.68000  peak_slope=6.002e-06  t_peak=318899  comparison cadence=637799  difference=0.44000  below=0/3
t=643797  fraction=0.60500  peak_slope=7.002e-06  t_peak=200937  comparison cadence=401873  difference=0.23500  below=0/3
t=882722  fraction=0.70500  peak_slope=9.003e-06  t_peak=162949  comparison cadence=325897  difference=0.06000  below=0/3
t=829738  fraction=0.68000  peak_slope=6.002e-06  t_peak=318899  comparison cadence=637799  difference=0.44000  below=0/3
t=655793  fraction=0.61000  peak_slope=6.002e-06  t_peak=176944  comparison cadence=353888  difference=0.19000  below=0/3
t=883721  fraction=0.70500  peak_slope=9.003e-06  t_peak=162949  comparison cadence=325897  difference=0.06000  below=0/3
t=644797  fraction=0.60500  peak_slope=7.002e-06  t_peak=200937  comparison cadence=401873  difference=0.23000  below=0/3
t=830738  fraction=0.68000  peak_slope=6.002e-06  t_peak=318899  comparison cadence=637799  difference=0.44000  below=0/3
t=656793  fraction=0.61000  peak_slope=6.002e-06  t_peak=176944  comparison cadence=353888  difference=0.19000  below=0/3
t=884721  fraction=0.70500  peak_slope=9.003e-06  t_peak=162949  comparison cadence=325897  difference=0.06000  below=0/3
t=831738  fraction=0.68000  peak_slope=6.002e-06  t_peak=318899  comparison cadence=637799  difference=0.43500  below=0/3
t=645796  fraction=0.60500  peak_slope=7.002e-06  t_peak=200937  comparison cadence=401873  difference=0.23000  below=0/3
t=885721  fraction=0.70500  peak_slope=9.003e-06  t_peak=162949  comparison cadence=325897  difference=0.06000  below=0/3
t=657793  fraction=0.61000  peak_slope=6.002e-06  t_peak=176944  comparison cadence=353888  difference=0.19000  below=0/3
t=832737  fraction=0.68000  peak_slope=6.002e-06  t_peak=318899  comparison cadence=637799  difference=0.43500  below=0/3
t=646796  fraction=0.60500  peak_slope=7.002e-06  t_peak=200937  comparison cadence=401873  difference=0.23000  below=0/3
t=886720  fraction=0.70500  peak_slope=9.003e-06  t_peak=162949  comparison cadence=325897  difference=0.06000  below=0/3
t=658792  fraction=0.61000  peak_slope=6.002e-06  t_peak=176944  comparison cadence=353888  difference=0.19000  below=0/3
t=833737  fraction=0.68000  peak_slope=6.002e-06  t_peak=318899  comparison cadence=637799  difference=0.43000  below=0/3
t=887720  fraction=0.70500  peak_slope=9.003e-06  t_peak=162949  comparison cadence=325897  difference=0.06000  below=0/3
t=647796  fraction=0.60500  peak_slope=7.002e-06  t_peak=200937  comparison cadence=401873  difference=0.23000  below=0/3
t=834737  fraction=0.68000  peak_slope=6.002e-06  t_peak=318899  comparison cadence=637799  difference=0.42500  below=0/3
t=659792  fraction=0.61000  peak_slope=6.002e-06  t_peak=176944  comparison cadence=353888  difference=0.18500  below=0/3
t=888720  fraction=0.70500  peak_slope=9.003e-06  t_peak=162949  comparison cadence=325897  difference=0.06000  below=0/3
t=648795  fraction=0.60500  peak_slope=7.002e-06  t_peak=200937  comparison cadence=401873  difference=0.23000  below=0/3
t=835736  fraction=0.68000  peak_slope=6.002e-06  t_peak=318899  comparison cadence=637799  difference=0.42500  below=0/3
t=889719  fraction=0.70500  peak_slope=9.003e-06  t_peak=162949  comparison cadence=325897  difference=0.06000  below=0/3
t=660792  fraction=0.61000  peak_slope=6.002e-06  t_peak=176944  comparison cadence=353888  difference=0.18500  below=0/3
t=836736  fraction=0.68000  peak_slope=6.002e-06  t_peak=318899  comparison cadence=637799  difference=0.42500  below=0/3
t=890719  fraction=0.70500  peak_slope=9.003e-06  t_peak=162949  comparison cadence=325897  difference=0.06000  below=0/3
t=649795  fraction=0.60500  peak_slope=7.002e-06  t_peak=200937  comparison cadence=401873  difference=0.23000  below=0/3
t=661791  fraction=0.61000  peak_slope=6.002e-06  t_peak=176944  comparison cadence=353888  difference=0.18500  below=0/3
t=837736  fraction=0.68000  peak_slope=6.002e-06  t_peak=318899  comparison cadence=637799  difference=0.42500  below=0/3
t=891719  fraction=0.70500  peak_slope=9.003e-06  t_peak=162949  comparison cadence=325897  difference=0.06000  below=0/3
t=650795  fraction=0.60500  peak_slope=7.002e-06  t_peak=200937  comparison cadence=401873  difference=0.23000  below=0/3
t=662791  fraction=0.61000  peak_slope=6.002e-06  t_peak=176944  comparison cadence=353888  difference=0.18500  below=0/3
t=838735  fraction=0.68000  peak_slope=6.002e-06  t_peak=318899  comparison cadence=637799  difference=0.42000  below=0/3
t=892718  fraction=0.70500  peak_slope=9.003e-06  t_peak=162949  comparison cadence=325897  difference=0.06000  below=0/3
t=651794  fraction=0.60500  peak_slope=7.002e-06  t_peak=200937  comparison cadence=401873  difference=0.23000  below=0/3
t=893718  fraction=0.70500  peak_slope=9.003e-06  t_peak=162949  comparison cadence=325897  difference=0.06000  below=0/3
t=839735  fraction=0.68000  peak_slope=6.002e-06  t_peak=318899  comparison cadence=637799  difference=0.41000  below=0/3
t=663791  fraction=0.61500  peak_slope=6.002e-06  t_peak=176944  comparison cadence=353888  difference=0.19000  below=0/3
t=894718  fraction=0.70500  peak_slope=9.003e-06  t_peak=162949  comparison cadence=325897  difference=0.06000  below=0/3
t=840735  fraction=0.68000  peak_slope=6.002e-06  t_peak=318899  comparison cadence=637799  difference=0.41000  below=0/3
t=652794  fraction=0.60500  peak_slope=7.002e-06  t_peak=200937  comparison cadence=401873  difference=0.22500  below=0/3
t=664790  fraction=0.61500  peak_slope=6.002e-06  t_peak=176944  comparison cadence=353888  difference=0.19000  below=0/3
t=895717  fraction=0.70500  peak_slope=9.003e-06  t_peak=162949  comparison cadence=325897  difference=0.06000  below=0/3
t=841734  fraction=0.68000  peak_slope=6.002e-06  t_peak=318899  comparison cadence=637799  difference=0.41000  below=0/3
t=653794  fraction=0.60500  peak_slope=7.002e-06  t_peak=200937  comparison cadence=401873  difference=0.22500  below=0/3
t=665790  fraction=0.61500  peak_slope=6.002e-06  t_peak=176944  comparison cadence=353888  difference=0.19000  below=0/3
t=896717  fraction=0.70500  peak_slope=9.003e-06  t_peak=162949  comparison cadence=325897  difference=0.06000  below=0/3
t=842734  fraction=0.68500  peak_slope=6.002e-06  t_peak=318899  comparison cadence=637799  difference=0.41500  below=0/3
t=654793  fraction=0.60500  peak_slope=7.002e-06  t_peak=200937  comparison cadence=401873  difference=0.22500  below=0/3
t=897717  fraction=0.70500  peak_slope=9.003e-06  t_peak=162949  comparison cadence=325897  difference=0.06000  below=0/3
t=666790  fraction=0.61500  peak_slope=6.002e-06  t_peak=176944  comparison cadence=353888  difference=0.19000  below=0/3
t=843734  fraction=0.68500  peak_slope=6.002e-06  t_peak=318899  comparison cadence=637799  difference=0.41500  below=0/3
t=898717  fraction=0.70500  peak_slope=9.003e-06  t_peak=162949  comparison cadence=325897  difference=0.06000  below=0/3
t=655793  fraction=0.60500  peak_slope=7.002e-06  t_peak=200937  comparison cadence=401873  difference=0.22500  below=0/3
t=844734  fraction=0.68500  peak_slope=6.002e-06  t_peak=318899  comparison cadence=637799  difference=0.41500  below=0/3
t=667789  fraction=0.61500  peak_slope=6.002e-06  t_peak=176944  comparison cadence=353888  difference=0.19000  below=0/3
t=899716  fraction=0.70500  peak_slope=9.003e-06  t_peak=162949  comparison cadence=325897  difference=0.06000  below=0/3
t=845733  fraction=0.68500  peak_slope=6.002e-06  t_peak=318899  comparison cadence=637799  difference=0.41500  below=0/3
t=656793  fraction=0.60500  peak_slope=7.002e-06  t_peak=200937  comparison cadence=401873  difference=0.22500  below=0/3
t=668789  fraction=0.61500  peak_slope=6.002e-06  t_peak=176944  comparison cadence=353888  difference=0.19000  below=0/3
t=900716  fraction=0.70500  peak_slope=9.003e-06  t_peak=162949  comparison cadence=325897  difference=0.06000  below=0/3
t=846733  fraction=0.68500  peak_slope=6.002e-06  t_peak=318899  comparison cadence=637799  difference=0.41500  below=0/3
t=657793  fraction=0.60500  peak_slope=7.002e-06  t_peak=200937  comparison cadence=401873  difference=0.22000  below=0/3
t=901716  fraction=0.70500  peak_slope=9.003e-06  t_peak=162949  comparison cadence=325897  difference=0.06000  below=0/3
t=669789  fraction=0.61500  peak_slope=6.002e-06  t_peak=176944  comparison cadence=353888  difference=0.18500  below=0/3
t=847733  fraction=0.68500  peak_slope=6.002e-06  t_peak=318899  comparison cadence=637799  difference=0.41500  below=0/3
t=902715  fraction=0.70500  peak_slope=9.003e-06  t_peak=162949  comparison cadence=325897  difference=0.06000  below=0/3
t=658792  fraction=0.60500  peak_slope=7.002e-06  t_peak=200937  comparison cadence=401873  difference=0.22000  below=0/3
t=848732  fraction=0.68500  peak_slope=6.002e-06  t_peak=318899  comparison cadence=637799  difference=0.41500  below=0/3
t=670788  fraction=0.61500  peak_slope=6.002e-06  t_peak=176944  comparison cadence=353888  difference=0.18500  below=0/3
t=903715  fraction=0.70500  peak_slope=9.003e-06  t_peak=162949  comparison cadence=325897  difference=0.06000  below=0/3
t=849732  fraction=0.68500  peak_slope=6.002e-06  t_peak=318899  comparison cadence=637799  difference=0.41500  below=0/3
t=659792  fraction=0.60500  peak_slope=7.002e-06  t_peak=200937  comparison cadence=401873  difference=0.22000  below=0/3
t=671788  fraction=0.61500  peak_slope=6.002e-06  t_peak=176944  comparison cadence=353888  difference=0.18500  below=0/3
t=904715  fraction=0.70500  peak_slope=9.003e-06  t_peak=162949  comparison cadence=325897  difference=0.06000  below=0/3
t=850732  fraction=0.68500  peak_slope=6.002e-06  t_peak=318899  comparison cadence=637799  difference=0.40000  below=0/3
t=905714  fraction=0.70500  peak_slope=9.003e-06  t_peak=162949  comparison cadence=325897  difference=0.06000  below=0/3
t=660792  fraction=0.60500  peak_slope=7.002e-06  t_peak=200937  comparison cadence=401873  difference=0.22000  below=0/3
t=672788  fraction=0.61500  peak_slope=6.002e-06  t_peak=176944  comparison cadence=353888  difference=0.18500  below=0/3
t=851731  fraction=0.68500  peak_slope=6.002e-06  t_peak=318899  comparison cadence=637799  difference=0.40000  below=0/3
t=906714  fraction=0.70500  peak_slope=9.003e-06  t_peak=162949  comparison cadence=325897  difference=0.06000  below=0/3
t=661791  fraction=0.60500  peak_slope=7.002e-06  t_peak=200937  comparison cadence=401873  difference=0.21500  below=0/3
t=673787  fraction=0.61500  peak_slope=6.002e-06  t_peak=176944  comparison cadence=353888  difference=0.18000  below=0/3
t=852731  fraction=0.68500  peak_slope=6.002e-06  t_peak=318899  comparison cadence=637799  difference=0.39500  below=0/3
t=907714  fraction=0.70500  peak_slope=9.003e-06  t_peak=162949  comparison cadence=325897  difference=0.06000  below=0/3
t=853731  fraction=0.68500  peak_slope=6.002e-06  t_peak=318899  comparison cadence=637799  difference=0.39500  below=0/3
t=662791  fraction=0.60500  peak_slope=7.002e-06  t_peak=200937  comparison cadence=401873  difference=0.21500  below=0/3
t=674787  fraction=0.61500  peak_slope=6.002e-06  t_peak=176944  comparison cadence=353888  difference=0.18000  below=0/3
t=908713  fraction=0.70500  peak_slope=9.003e-06  t_peak=162949  comparison cadence=325897  difference=0.06000  below=0/3
t=854730  fraction=0.68500  peak_slope=6.002e-06  t_peak=318899  comparison cadence=637799  difference=0.39000  below=0/3
t=909713  fraction=0.70500  peak_slope=9.003e-06  t_peak=162949  comparison cadence=325897  difference=0.06000  below=0/3
t=675787  fraction=0.61500  peak_slope=6.002e-06  t_peak=176944  comparison cadence=353888  difference=0.18000  below=0/3
t=663791  fraction=0.60500  peak_slope=7.002e-06  t_peak=200937  comparison cadence=401873  difference=0.21500  below=0/3
t=855730  fraction=0.68500  peak_slope=6.002e-06  t_peak=318899  comparison cadence=637799  difference=0.38500  below=0/3
t=910713  fraction=0.70500  peak_slope=9.003e-06  t_peak=162949  comparison cadence=325897  difference=0.06000  below=0/3
t=676787  fraction=0.61500  peak_slope=6.002e-06  t_peak=176944  comparison cadence=353888  difference=0.17500  below=0/3
t=664790  fraction=0.60500  peak_slope=7.002e-06  t_peak=200937  comparison cadence=401873  difference=0.21000  below=0/3
t=856730  fraction=0.68500  peak_slope=6.002e-06  t_peak=318899  comparison cadence=637799  difference=0.38500  below=0/3
t=911712  fraction=0.70500  peak_slope=9.003e-06  t_peak=162949  comparison cadence=325897  difference=0.06000  below=0/3
t=677786  fraction=0.61500  peak_slope=6.002e-06  t_peak=176944  comparison cadence=353888  difference=0.17500  below=0/3
t=857729  fraction=0.68500  peak_slope=6.002e-06  t_peak=318899  comparison cadence=637799  difference=0.38500  below=0/3
t=665790  fraction=0.60500  peak_slope=7.002e-06  t_peak=200937  comparison cadence=401873  difference=0.21000  below=0/3
t=912712  fraction=0.70500  peak_slope=9.003e-06  t_peak=162949  comparison cadence=325897  difference=0.06000  below=0/3
t=858729  fraction=0.68500  peak_slope=6.002e-06  t_peak=318899  comparison cadence=637799  difference=0.38500  below=0/3
t=913712  fraction=0.70500  peak_slope=9.003e-06  t_peak=162949  comparison cadence=325897  difference=0.06000  below=0/3
t=678786  fraction=0.61500  peak_slope=6.002e-06  t_peak=176944  comparison cadence=353888  difference=0.17000  below=0/3
t=666790  fraction=0.60500  peak_slope=7.002e-06  t_peak=200937  comparison cadence=401873  difference=0.21000  below=0/3
t=859729  fraction=0.68500  peak_slope=6.002e-06  t_peak=318899  comparison cadence=637799  difference=0.38000  below=0/3
t=914711  fraction=0.70500  peak_slope=9.003e-06  t_peak=162949  comparison cadence=325897  difference=0.06000  below=0/3
t=679786  fraction=0.61500  peak_slope=6.002e-06  t_peak=176944  comparison cadence=353888  difference=0.17000  below=0/3
t=667789  fraction=0.60500  peak_slope=7.002e-06  t_peak=200937  comparison cadence=401873  difference=0.21000  below=0/3
t=860729  fraction=0.68500  peak_slope=6.002e-06  t_peak=318899  comparison cadence=637799  difference=0.38000  below=0/3
t=915711  fraction=0.70500  peak_slope=9.003e-06  t_peak=162949  comparison cadence=325897  difference=0.05500  below=0/3
t=680785  fraction=0.61500  peak_slope=6.002e-06  t_peak=176944  comparison cadence=353888  difference=0.17000  below=0/3
t=916711  fraction=0.70500  peak_slope=9.003e-06  t_peak=162949  comparison cadence=325897  difference=0.05500  below=0/3
t=668789  fraction=0.60500  peak_slope=7.002e-06  t_peak=200937  comparison cadence=401873  difference=0.21000  below=0/3
t=861728  fraction=0.68500  peak_slope=6.002e-06  t_peak=318899  comparison cadence=637799  difference=0.38000  below=0/3
t=917711  fraction=0.70500  peak_slope=9.003e-06  t_peak=162949  comparison cadence=325897  difference=0.05500  below=0/3
t=862728  fraction=0.68500  peak_slope=6.002e-06  t_peak=318899  comparison cadence=637799  difference=0.38000  below=0/3
t=681785  fraction=0.61500  peak_slope=6.002e-06  t_peak=176944  comparison cadence=353888  difference=0.17000  below=0/3
t=669789  fraction=0.60500  peak_slope=7.002e-06  t_peak=200937  comparison cadence=401873  difference=0.20500  below=0/3
t=918710  fraction=0.70500  peak_slope=9.003e-06  t_peak=162949  comparison cadence=325897  difference=0.05500  below=0/3
t=863728  fraction=0.68500  peak_slope=6.002e-06  t_peak=318899  comparison cadence=637799  difference=0.38000  below=0/3
t=682785  fraction=0.61500  peak_slope=6.002e-06  t_peak=176944  comparison cadence=353888  difference=0.17000  below=0/3
t=670788  fraction=0.60500  peak_slope=7.002e-06  t_peak=200937  comparison cadence=401873  difference=0.20500  below=0/3
t=919710  fraction=0.70500  peak_slope=9.003e-06  t_peak=162949  comparison cadence=325897  difference=0.05000  below=1/3
t=864727  fraction=0.68500  peak_slope=6.002e-06  t_peak=318899  comparison cadence=637799  difference=0.38000  below=0/3
t=683784  fraction=0.61500  peak_slope=6.002e-06  t_peak=176944  comparison cadence=353888  difference=0.17000  below=0/3
t=920710  fraction=0.70500  peak_slope=9.003e-06  t_peak=162949  comparison cadence=325897  difference=0.05000  below=2/3
t=671788  fraction=0.60500  peak_slope=7.002e-06  t_peak=200937  comparison cadence=401873  difference=0.20000  below=0/3
t=865727  fraction=0.68500  peak_slope=6.002e-06  t_peak=318899  comparison cadence=637799  difference=0.38000  below=0/3
t=921709  fraction=0.70500  peak_slope=9.003e-06  t_peak=162949  comparison cadence=325897  difference=0.05000  below=3/3
Stopping at t=921709.266237415
Saved 59 remaining particles to /scratch/group/p.phy260085.000//Mass_Fraction/Outputs/Ejection_Results/remaining_particles_2117473_4.csv
t=684784  fraction=0.61500  peak_slope=6.002e-06  t_peak=176944  comparison cadence=353888  difference=0.16500  below=0/3
t=866727  fraction=0.68500  peak_slope=6.002e-06  t_peak=318899  comparison cadence=637799  difference=0.38000  below=0/3
t=672788  fraction=0.60500  peak_slope=7.002e-06  t_peak=200937  comparison cadence=401873  difference=0.20000  below=0/3
t=867726  fraction=0.68500  peak_slope=6.002e-06  t_peak=318899  comparison cadence=637799  difference=0.37500  below=0/3
t=685784  fraction=0.61500  peak_slope=6.002e-06  t_peak=176944  comparison cadence=353888  difference=0.16500  below=0/3
t=673787  fraction=0.60500  peak_slope=7.002e-06  t_peak=200937  comparison cadence=401873  difference=0.20000  below=0/3
t=868726  fraction=0.68500  peak_slope=6.002e-06  t_peak=318899  comparison cadence=637799  difference=0.37500  below=0/3
t=686783  fraction=0.61500  peak_slope=6.002e-06  t_peak=176944  comparison cadence=353888  difference=0.16000  below=0/3
t=674787  fraction=0.60500  peak_slope=7.002e-06  t_peak=200937  comparison cadence=401873  difference=0.20000  below=0/3
t=869726  fraction=0.68500  peak_slope=6.002e-06  t_peak=318899  comparison cadence=637799  difference=0.36500  below=0/3
t=687783  fraction=0.61500  peak_slope=6.002e-06  t_peak=176944  comparison cadence=353888  difference=0.16000  below=0/3
t=870725  fraction=0.68500  peak_slope=6.002e-06  t_peak=318899  comparison cadence=637799  difference=0.36500  below=0/3
t=675787  fraction=0.60500  peak_slope=7.002e-06  t_peak=200937  comparison cadence=401873  difference=0.20000  below=0/3
t=688783  fraction=0.61500  peak_slope=6.002e-06  t_peak=176944  comparison cadence=353888  difference=0.16000  below=0/3
t=871725  fraction=0.68500  peak_slope=6.002e-06  t_peak=318899  comparison cadence=637799  difference=0.36500  below=0/3
t=676787  fraction=0.60500  peak_slope=7.002e-06  t_peak=200937  comparison cadence=401873  difference=0.20000  below=0/3
t=872725  fraction=0.68500  peak_slope=6.002e-06  t_peak=318899  comparison cadence=637799  difference=0.36500  below=0/3
t=689782  fraction=0.61500  peak_slope=6.002e-06  t_peak=176944  comparison cadence=353888  difference=0.16000  below=0/3
t=677786  fraction=0.60500  peak_slope=7.002e-06  t_peak=200937  comparison cadence=401873  difference=0.20000  below=0/3
t=873724  fraction=0.68500  peak_slope=6.002e-06  t_peak=318899  comparison cadence=637799  difference=0.36000  below=0/3
t=690782  fraction=0.61500  peak_slope=6.002e-06  t_peak=176944  comparison cadence=353888  difference=0.15500  below=0/3
t=874724  fraction=0.69000  peak_slope=6.002e-06  t_peak=318899  comparison cadence=637799  difference=0.36500  below=0/3
t=678786  fraction=0.60500  peak_slope=7.002e-06  t_peak=200937  comparison cadence=401873  difference=0.20000  below=0/3
t=691782  fraction=0.61500  peak_slope=6.002e-06  t_peak=176944  comparison cadence=353888  difference=0.15500  below=0/3
t=875724  fraction=0.69000  peak_slope=6.002e-06  t_peak=318899  comparison cadence=637799  difference=0.35500  below=0/3
t=679786  fraction=0.60500  peak_slope=7.002e-06  t_peak=200937  comparison cadence=401873  difference=0.20000  below=0/3
t=876723  fraction=0.69000  peak_slope=6.002e-06  t_peak=318899  comparison cadence=637799  difference=0.35500  below=0/3
t=692781  fraction=0.61500  peak_slope=6.002e-06  t_peak=176944  comparison cadence=353888  difference=0.15500  below=0/3
t=680785  fraction=0.60500  peak_slope=7.002e-06  t_peak=200937  comparison cadence=401873  difference=0.20000  below=0/3
t=877723  fraction=0.69000  peak_slope=6.002e-06  t_peak=318899  comparison cadence=637799  difference=0.35500  below=0/3
t=693781  fraction=0.61500  peak_slope=6.002e-06  t_peak=176944  comparison cadence=353888  difference=0.15500  below=0/3
t=878723  fraction=0.69000  peak_slope=6.002e-06  t_peak=318899  comparison cadence=637799  difference=0.35500  below=0/3
t=681785  fraction=0.60500  peak_slope=7.002e-06  t_peak=200937  comparison cadence=401873  difference=0.20000  below=0/3
t=694781  fraction=0.61500  peak_slope=6.002e-06  t_peak=176944  comparison cadence=353888  difference=0.15500  below=0/3
t=879723  fraction=0.69000  peak_slope=6.002e-06  t_peak=318899  comparison cadence=637799  difference=0.35000  below=0/3
t=682785  fraction=0.60500  peak_slope=7.002e-06  t_peak=200937  comparison cadence=401873  difference=0.20000  below=0/3
t=695781  fraction=0.61500  peak_slope=6.002e-06  t_peak=176944  comparison cadence=353888  difference=0.15500  below=0/3
t=880722  fraction=0.69000  peak_slope=6.002e-06  t_peak=318899  comparison cadence=637799  difference=0.35000  below=0/3
t=683784  fraction=0.60500  peak_slope=7.002e-06  t_peak=200937  comparison cadence=401873  difference=0.19500  below=0/3
t=881722  fraction=0.69000  peak_slope=6.002e-06  t_peak=318899  comparison cadence=637799  difference=0.34500  below=0/3
t=696780  fraction=0.61500  peak_slope=6.002e-06  t_peak=176944  comparison cadence=353888  difference=0.15500  below=0/3
t=684784  fraction=0.60500  peak_slope=7.002e-06  t_peak=200937  comparison cadence=401873  difference=0.19500  below=0/3
t=882722  fraction=0.69000  peak_slope=6.002e-06  t_peak=318899  comparison cadence=637799  difference=0.34500  below=0/3
t=697780  fraction=0.61500  peak_slope=6.002e-06  t_peak=176944  comparison cadence=353888  difference=0.15500  below=0/3
t=883721  fraction=0.69000  peak_slope=6.002e-06  t_peak=318899  comparison cadence=637799  difference=0.34500  below=0/3
t=685784  fraction=0.60500  peak_slope=7.002e-06  t_peak=200937  comparison cadence=401873  difference=0.19000  below=0/3
t=698780  fraction=0.61500  peak_slope=6.002e-06  t_peak=176944  comparison cadence=353888  difference=0.15500  below=0/3
t=884721  fraction=0.69000  peak_slope=6.002e-06  t_peak=318899  comparison cadence=637799  difference=0.34500  below=0/3
t=686783  fraction=0.60500  peak_slope=7.002e-06  t_peak=200937  comparison cadence=401873  difference=0.19000  below=0/3
t=699779  fraction=0.61500  peak_slope=6.002e-06  t_peak=176944  comparison cadence=353888  difference=0.15500  below=0/3
t=885721  fraction=0.69000  peak_slope=6.002e-06  t_peak=318899  comparison cadence=637799  difference=0.34000  below=0/3
t=687783  fraction=0.60500  peak_slope=7.002e-06  t_peak=200937  comparison cadence=401873  difference=0.19000  below=0/3
t=886720  fraction=0.69000  peak_slope=6.002e-06  t_peak=318899  comparison cadence=637799  difference=0.32500  below=0/3
t=700779  fraction=0.61500  peak_slope=6.002e-06  t_peak=176944  comparison cadence=353888  difference=0.15500  below=0/3
t=887720  fraction=0.69000  peak_slope=6.002e-06  t_peak=318899  comparison cadence=637799  difference=0.32500  below=0/3
t=688783  fraction=0.60500  peak_slope=7.002e-06  t_peak=200937  comparison cadence=401873  difference=0.19000  below=0/3
t=701779  fraction=0.61500  peak_slope=6.002e-06  t_peak=176944  comparison cadence=353888  difference=0.15500  below=0/3
t=888720  fraction=0.69000  peak_slope=6.002e-06  t_peak=318899  comparison cadence=637799  difference=0.32500  below=0/3
t=689782  fraction=0.60500  peak_slope=7.002e-06  t_peak=200937  comparison cadence=401873  difference=0.19000  below=0/3
t=702778  fraction=0.61500  peak_slope=6.002e-06  t_peak=176944  comparison cadence=353888  difference=0.15500  below=0/3
t=889719  fraction=0.69000  peak_slope=6.002e-06  t_peak=318899  comparison cadence=637799  difference=0.32500  below=0/3
t=690782  fraction=0.60500  peak_slope=7.002e-06  t_peak=200937  comparison cadence=401873  difference=0.18500  below=0/3
t=703778  fraction=0.61500  peak_slope=6.002e-06  t_peak=176944  comparison cadence=353888  difference=0.15500  below=0/3
t=890719  fraction=0.69000  peak_slope=6.002e-06  t_peak=318899  comparison cadence=637799  difference=0.32500  below=0/3
t=891719  fraction=0.69000  peak_slope=6.002e-06  t_peak=318899  comparison cadence=637799  difference=0.32000  below=0/3
t=691782  fraction=0.60500  peak_slope=7.002e-06  t_peak=200937  comparison cadence=401873  difference=0.18500  below=0/3
t=704778  fraction=0.61500  peak_slope=6.002e-06  t_peak=176944  comparison cadence=353888  difference=0.15500  below=0/3
t=892718  fraction=0.69000  peak_slope=6.002e-06  t_peak=318899  comparison cadence=637799  difference=0.31500  below=0/3
t=705777  fraction=0.61500  peak_slope=6.002e-06  t_peak=176944  comparison cadence=353888  difference=0.15500  below=0/3
t=692781  fraction=0.60500  peak_slope=7.002e-06  t_peak=200937  comparison cadence=401873  difference=0.18500  below=0/3
t=893718  fraction=0.69000  peak_slope=6.002e-06  t_peak=318899  comparison cadence=637799  difference=0.31500  below=0/3
t=706777  fraction=0.61500  peak_slope=6.002e-06  t_peak=176944  comparison cadence=353888  difference=0.15500  below=0/3
t=693781  fraction=0.60500  peak_slope=7.002e-06  t_peak=200937  comparison cadence=401873  difference=0.18000  below=0/3
t=894718  fraction=0.69000  peak_slope=6.002e-06  t_peak=318899  comparison cadence=637799  difference=0.31500  below=0/3
t=707777  fraction=0.61500  peak_slope=6.002e-06  t_peak=176944  comparison cadence=353888  difference=0.15000  below=0/3
t=694781  fraction=0.60500  peak_slope=7.002e-06  t_peak=200937  comparison cadence=401873  difference=0.18000  below=0/3
t=895717  fraction=0.69000  peak_slope=6.002e-06  t_peak=318899  comparison cadence=637799  difference=0.31000  below=0/3
t=896717  fraction=0.69000  peak_slope=6.002e-06  t_peak=318899  comparison cadence=637799  difference=0.31000  below=0/3
t=708776  fraction=0.61500  peak_slope=6.002e-06  t_peak=176944  comparison cadence=353888  difference=0.15000  below=0/3
t=695781  fraction=0.60500  peak_slope=7.002e-06  t_peak=200937  comparison cadence=401873  difference=0.18000  below=0/3
t=897717  fraction=0.69000  peak_slope=6.002e-06  t_peak=318899  comparison cadence=637799  difference=0.30500  below=0/3
