==========================================
Mass Fraction MPI Run
==========================================
Date:               Mon Sep 14 00:37:29 CDT 2026
Host:               ac038
Array job ID:       2117473
Array task ID:      5
MPI ranks:          4
CPUs per task:      1
Nodes allocated:    1
Python:             /scratch/user/u.hm357857/.conda/envs/comets/bin/python
Conda environment:  /scratch/user/u.hm357857/.conda/envs/comets
==========================================

1.0306047602635033
1.1180303107368643
1.2217006689761574
1.1622955902426464
0.7625348222209194
1.2097729153739736
1.0321232941889884
0.9802561131774516
1.0160845717356335
1.0836979717164275
1.1917952695437402
1.1252238052303545
1.03714873589316
1.0232393174025196
0.9497845874812836
1.1327986768289033
0.9838704560802113
0.8176663973453447
1.0625026978273246
1.1916554921287053
0.8006771628976894
1.0825730188979044
1.1295009458057153
0.8388090150358748
1.0077845121861588
1.2349578085969395
1.049097103864531
0.7960727572136421
0.9394548785536423
0.8954896109217343
0.985972968110048
0.7748900017599647
1.0408678567226324
1.008223726129784
1.0335769782171833
0.8975861590290097
1.0530383451315022
1.0096056579261066
1.1495626126642124
1.0117940655634188
0.9737447738426954
0.9824249709185571
0.9562086226398371
1.0380545421591716
0.9417353575132694
1.1827127201745822
1.0640890900116238
0.7965217949948744
1.164303707629631
0.9004515535519049
0.769118850645902
1.1897985652441345
1.0899794675610648
0.8963335673749038
0.8888704032373638
0.9995348207442507
0.8270099892845773
1.2238448471329875
0.8133012512203444
1.12417354834774
1.0432809344928593
0.79516182626785
0.9040804196196179
1.2068027689018248
1.2722759994909205
1.1941071153032525
1.2555202141692146
0.8814659018467801
1.0711304960755208
1.2309145235660204
0.8096163221779434
1.2249470392712252
0.8682608693120677
1.160983059959516
0.8478745952393183
1.069237301320388
1.2709179716161219
1.2449071203585764
1.0259369244753869
1.2020987758364172
1.001635056558296
1.0253554085785526
1.080247101344138
0.7878588037416991
1.140321986056519
1.1343639887168522
0.9869701046141606
1.0003425620133193
1.0146231597727358
1.0472600535106986
1.043558609262258
1.2781358762038328
1.2644596446764278
0.7498405187940819
1.208097070872291
0.7423514613876661
0.9142601891796294
1.001925105511972
1.1509320539833392
0.9584800408780529
1.2221417199106202
1.067473780491319
0.8811937974378335
1.2256172036010768
1.258196219430673
1.2510612021628076
0.9899616010088809
0.728452940009764
0.9827246114526975
0.9927763458586574
0.8597239441180329
1.2375827326281128
1.1695194199283756
1.0566684338993324
0.9913891477110797
1.2081702758342436
1.2352248708758047
1.1757076258334145
1.1862482088588462
0.7219238620273426
0.97083527109616
0.8286760149110605
1.2332885017473696
0.8675752955287741
1.0499970150530307
1.1295531939335413
0.7519548665669242
1.136840653086655
0.8741757899794123
0.8302324337190758
1.0443018000549222
1.0951882505076111
0.8073784471887374
0.7308383436604206
0.9980832223143832
0.7201728996262607
1.1307850441322052
0.8786825301988672
1.2827632870134835
1.2158546391448597
0.8651731559567222
0.8337216233503335
1.2429162023045615
1.1166222700256911
1.2646602648956817
1.0642232589322391
0.9042329073975779
1.0698591383802412
1.0684280506268866
0.7844608300682075
1.0649571518802745
0.854851619146485
1.1133444406822084
0.8565364551802104
1.0795644472746944
1.2535852352636117
1.253451638115849
1.1204368082146063
1.0526691530247962
1.0445276892427038
1.2127864898961263
1.0498056473593516
0.8276567509919941
1.2806376430190354
1.0752299811271695
0.9260702812140087
1.1836580577138842
1.031336591918702
1.1905958682182736
1.2202960500908844
1.2115872958744194
1.1957250551284089
0.8639679821328007
1.0525539966333033
0.7330799713634595
0.7615838623778318
1.132019214905408
1.141459400471788
0.7541154292166221
1.0069742679932852
1.1059856329160835
0.9542366319867361
1.2051285400023029
1.0966728263980432
1.1458985167188989
0.9367925976012181
0.8383830020517419
0.7730846302096096
0.8184616207935755
0.9464904824424984
1.034650224537983
1.216591885639551
1.0803625675596826
0.9366725303133666
1.2663872130066833
1.2053747923932607
1.0032261791473183
1.0948854153671288
0.8533622883399663
0.9882478743653532
0.7449962020290444
1.1604653445866058
0.9345693694188584
1.137047743334377
1.1269999514665023
0.9938684337336281
1.2016562990131097
0.8095020960510625
0.9468040487831015
1.0252680558046092
1.1493293551726116
0.7862850027973856
0.8619152907817406
0.7551861183678881
0.7284282573036337
1.1948640237668622
0.8877667638072804
1.1474796358320587
1.2745196456368146
0.8890293036952956
0.7514115577449859
1.188951969960926
1.033014181185639
1.1336001674653484
1.0021086998830344
0.7417342670182052
1.0283995977865357
1.0881585123517024
0.9422331154517626
1.0621979858200115
0.7533498231440992
1.2010637667100479
0.8891257440643557
1.2273801862355374
1.2027964296387252
1.129094919857923
1.0392549703242457
1.018240215654258
1.1367896701931208
0.8425396527421775
1.038056312271169
1.074076481564907
0.7728809334611746
1.1598894347148345
1.2483612014920504
1.216991304974349
1.2212711407634915
1.2193657462684977
1.0925338359203822
0.8186430662114773
1.272351659038141
0.9187412828840518
0.8110692152032384
1.0773883852552517
1.0949537627858013
0.8878242654667372
1.2258821170812293
1.094974069915882
0.7532315852781779
1.1933073947021087
1.0838843888885712
1.1250938000177717
0.8106152265164461
0.7324267281432406
0.812400487608047
0.8337791550482994
0.8637573851336376
1.1197038914061745
1.1877815024512959
1.1249470902249206
0.8263199834176809
1.1129584371365877
1.1866285493545756
1.0277204823035258
1.1321459980494495
0.7768098478583185
0.7201845520338275
0.7577427541310608
1.0651434200937409
0.7310137986039003
1.2445829712365102
1.1172399608946648
0.7218396735843834
1.19713600586671
0.7845081322863157
0.9656575738506146
1.2254337077545314
1.0896530465748986
0.8436321556099434
0.9051594093205853
0.9204278060185226
0.9759991075821379
1.2148769721322934
0.9712051346779667
1.1876639628308725
1.180327326447602
0.9941547815505727
0.8482159360545876
1.1147480935786271
1.2285370459213656
1.0681732177360823
1.0734037715764864
0.8671735895475015
1.1785596344665903
1.2435703969271816
0.930949633654243
1.1131987235048793
0.9212254911278674
1.2497545674844255
0.9020906130315914
1.1779117186976327
1.281268017601409
1.0004442531715996
1.0799069945158954
1.1541235753631056
1.1533410929811103
1.1334077546463148
1.1910838510915829
1.0772382875906343
1.1831863431262946
1.1942177427938496
0.9472755697474033
1.2204991720825296
0.821739731034212
0.9230261587716306
1.2333499387160842
0.7464584032929457
0.9337046009614757
1.2647107599706886
1.108247830149569
0.8250561534112021
0.785258057159859
1.0009504521881012
1.0599580614626225
0.7675046075592836
1.221928656102451
0.8221667558013541
0.8909227076544577
1.1746320665674341
1.2066498008999138
0.761628480126707
0.8523978791699576
0.7665347771208277
0.9458695475330952
1.247452854477202
0.7938391320241849
0.8360521949285216
0.9289716509030284
0.7375432107654973
0.8965399665131257
0.9835310458202411
1.1044173144855711
0.7466508257213874
1.0674624737872644
0.7173887950050952
0.7849625170854225
1.1532292391370442
1.119165335352326
1.0486410742098466
1.1487775296678102
0.8934615970905018
1.190368934889213
1.118305359032946
1.135104821248789
0.736378532797383
1.024541861822929
0.8797184404268056
1.2214499037309816
0.8325807389449256
1.0333995097904503
0.8242084023947227
0.9265326099124507
1.1206854885546431
0.9332453364246085
1.0731540270655333
1.1637634896696898
0.9405228383281872
0.7841237977435308
0.8621211229442873
1.2784157678607633
1.0532537132557762
1.1142319933765734
1.002705824600005
0.7667390015220971
0.957119051690598
1.0559482066432715
0.71828831755095
0.7369585693282511
1.0226346265761177
0.8354470901517105
1.0494854804359715
1.2023694526869113
0.9167258560306248
1.200865470270406
1.0421080593568028
1.145487128592405
1.1569598767563551
0.9557248851056046
1.163886431071738
1.0154603744513082
1.1402305028753743
0.9392831391293832
1.2214555066762163
0.9296204846854952
1.2019527013504725
0.803671825410818
1.2772955377750908
1.1067011809932579
1.0251608365978484
1.0411439270616694
0.7304649890129946
1.2048651621555195
0.7514142837424429
0.8096398930016291
1.0308488839911176
0.9680284008570411
0.8961274581385866
1.0887793212882528
1.0718524068574093
0.8916912237428406
0.993640122746887
1.0873418940524577
1.2063113985956453
0.8266933273168732
1.1515040323755594
0.9655877874660402
0.7293846887192097
1.2457659005176906
1.1210962009904117
0.9644966216549418
0.7552073966540717
0.958748572110268
0.8461660069347001
1.187416898333308
0.9228738221729162
0.8940860469464862
0.9556261137973908
0.9023645522011208
0.8513119900761847
0.7927980463628355
1.1376718012207285
0.9599276275448906
1.0681616177984037
0.9003929316107591
0.8370005560895286
1.1558451051667533
1.1262772651590804
1.265341670191267
1.0850198099560184
0.9989108977959422
1.1675887470820459
1.2658904230750474
1.1721050142730716
0.7969035887253406
1.0144656784563362
0.9072595138146586
1.201909585217172
0.9155170824293912
1.0808891706518622
0.8886020158033261
0.8541441819442932
1.074588486003944
0.8031574055999273
1.196829392356953
1.125284456513677
0.8588191355735055
0.8215183063559358
0.9287367547174606
1.0426740725179446
1.2613329001480333
1.2111751749123676
1.2827198328754537
0.7643848601066696
0.975725448282811
1.044586353286927
0.8781704362929238
0.7298781617089654
1.1642106410308024
0.8180050938668495
1.2035427596236938
1.1989475140992716
0.7672765827639386
1.1480476222334792
1.1615084712049495
1.0708807607157227
1.2568763457390573
0.8418911154593145
1.2388247600597084
1.178941535515217
1.2100324290321018
0.8652331231810897
1.1184990788087452
0.7775968481985484
1.0615704317646528
0.7504913692060349
1.2725984566086177
1.0239325182922427
1.2412592080341998
0.9470368137850564
1.1691955123171132
0.7463627370377152
0.9764543663533675
1.1414678478961786
0.8626870269872683
0.7733130154822608
1.2698153816251256
1.1882388373802448
0.7450346843651333
0.7410383483190011
1.034198427962799
1.0407352040004745
0.8976036790855619
1.2724758250063446
0.8880457876207704
0.7367149200025764
1.169674081818183
1.2068224113024448
0.8973765719997561
0.8305957034972427
0.7946334431074368
0.865791295486942
1.2305162404342982
0.9675948744928746
0.8406135147142356
0.8751201831561
0.8434804715014542
0.9792515151651986
0.8583686811414155
1.0216682076344439
0.8493601388536234
1.1976373356847112
0.777925666684031
0.8392911177931738
1.2708469464072663
1.0820293216038706
1.1280762206874186
1.0409511839954606
0.7395938998887296
1.16710918914769
1.1234097996512258
1.2295580993807378
0.8617654228920505
1.2397581691921473
0.7696761951401598
1.209114946444012
0.8827230275756303
1.2004072616866055
0.7373009014697768
0.8748097113688557
1.05665018298907
0.7216710321892134
1.0519738391628373
1.2674181472056545
0.7580457172186481
0.9213041282964762
0.9516772402896836
1.1791281393599031
1.22159140776851
1.2773327146792477
1.0351332831563214
0.9644773944490589
0.8528110997344477
1.0574605918722297
0.9585520923136946
0.7877362262796762
1.1313572537655947
0.8644791858647974
1.2398836047683648
1.0666187625546824
0.717668302842907
1.2661951836227046
1.1418598756156408
1.065786896544985
1.1164869311639147
0.7947879499415486
1.0982418717550984
1.1054433072154368
1.213385655047939
0.7197753742638205
1.033875227124845
0.7824177182001139
1.0573562166207666
0.7657692511416534
1.1592096932320493
1.2821029987564285
0.8916121270363487
1.1069278981547117
0.839325581322653
0.7812828045315892
1.244638196226035
0.7786945412012658
0.8347337078567186
1.1911466775590067
1.154704705859466
0.8410884969703523
0.9620317738558597
1.064875765133061
1.0463728496999307
0.9405747697699055
1.249738057412778
0.8223599539289542
0.9652546024361849
1.2192465852930119
1.01398354623735
0.9863034395627823
0.7609373394496978
0.8087673550948827
0.8035563404723387
1.030318230249866
0.7499674845318108
0.7186089290386477
0.9565016478993698
0.9799873311820855
0.9220740023642368
0.9953872277193134
1.1406885509931868
0.8552953823281545
1.0331428014147503
0.7550364501019393
0.9399506438693865
1.2812060060729467
1.2488522705959155
1.0151276036360954
1.0197707875404411
0.7825235665424857
1.0679637799064776
1.027936735921325
1.0264168972209826
0.968174948006475
1.2824461330374526
0.8517519608138036
1.1699609872404095
0.7211521843721717
1.2314699105465654
0.9048503828844475
0.8172492363819581
1.2033703959505004
0.8664111116620746
1.0337110504702478
1.052931107573658
0.7232021806777691
0.7602585235441549
0.9807195612942344
1.1806517078389644
1.168023176434395
1.2568644551472568
1.1882626759950634
0.8260352355519834
0.8037351462031517
1.0562200366407544
0.8591759521517807
0.9366394944036025
1.2309835978903416
0.8027511321097283
1.140371551527458
1.048243774304292
0.9396976586239889
1.1219272588690374
1.0628460955248302
1.122996914436679
1.1019733119992385
1.173668864981986
0.849701034753231
1.2380380867607677
1.0602754924880917
1.1101895524871
0.9194358348538645
0.7500716398738955
0.952035834068629
1.1404517764401052
0.8605398014922846
0.7915644268731192
0.8774617458503051
0.7998709745264115
1.2712947256914648
1.1982565785890407
1.2755383830325702
0.9950479690503397
0.8699765091721707
1.1083738860682912
0.7285731517942678
0.8979944195516274
0.9644929524720847
0.9914947881167144
0.8736768449505039
0.7590109887137645
1.1102107672024575
1.2677426143931574
1.1059743257337842
0.8033676520033485
1.1330835917315125
1.2174127396029595
Running 200 simulations with 1 MPI ranks
Rank 0: 200 simulations
1.273586097847571
1.2662369225319734
1.1291576165607888
0.8789886443209313
1.0343724291852439
1.0288651738386723
1.251801865701033
0.9424309868589344
0.8798322575393871
0.8585898020754741
1.0066434200963055
0.758883919990053
0.9353503408730106
0.9324584296395351
0.7797856618331637
1.2633192435287497
1.1930502433265837
1.1284029703473126
0.9757179948351917
0.7729737227299703
1.1449772606212738
0.8570385172520649
0.8899343481963901
0.9830544732226997
0.9432868256394329
0.8615177233791638
0.7924583458077518
1.1650268961926245
1.031762187369206
1.229475473117305
0.9578942242243746
1.1104231878672994
1.0041143570835456
Running 200 simulations with 1 MPI ranks
Rank 0: 200 simulations
1.2597593932447804
1.0184956974185808
0.9520875094627925
1.124901746862019
1.103021802063436
1.207568379140407
0.8807186280932933
0.7688183953785476
0.8304839893400963
1.0142794371053814
0.7419624007882826
0.792781398510981
0.7265981444568383
0.7243838824841304
1.1965195244374027
1.0266156368085975
1.2702931966014483
0.7200735284376405
0.9973802795487483
1.117657064690694
0.861635096179048
0.8119447021903805
0.8888727964717298
0.9726281021218386
0.7997934141583154
0.8317167659908926
1.1861263153814392
1.1856149693105307
1.2090764463856656
0.8778473300298275
1.2237428789861562
1.0705662275555055
Running 200 simulations with 1 MPI ranks
Rank 0: 200 simulations
1.0727631007291636
0.7851916642880516
1.007876093309719
1.0904550967992646
1.0251019137999247
0.9279233928631112
1.2194660677939166
0.8866993900792413
1.1878837820014803
0.9385239929778597
1.0359201943787728
1.2150484757606463
1.021989431577129
0.9086784495679455
1.015624457744433
1.0932799560813475
1.1212080926729413
0.9153983805605235
0.8581135980187605
0.8008960755091604
1.269504793369309
0.9136469581266842
0.9701908616032033
0.7672704017012074
0.8681548928649646
1.024838658732766
1.0156847708812236
1.2596306165825961
0.8221017116153249
0.904252562020057
1.2135462704844042
0.950525986038541
0.9598198838524952
0.8457663724312104
0.8686940620475653
0.8705217666763314
0.9352724228209703
1.0916359644359275
1.1347969668852884
1.2314125405739051
0.8733100649513985
1.0483559634699449
1.0100197401524338
Running 200 simulations with 1 MPI ranks
Rank 0: 200 simulations
t=651897  fraction=0.47500  peak_slope=4.001e-06  t_peak=325948  comparison cadence=651897  difference=0.47500  below=0/3
t=652897  fraction=0.47500  peak_slope=4.001e-06  t_peak=325948  comparison cadence=651897  difference=0.47500  below=0/3
t=653897  fraction=0.47500  peak_slope=4.001e-06  t_peak=325948  comparison cadence=651897  difference=0.47500  below=0/3
t=654896  fraction=0.47500  peak_slope=4.001e-06  t_peak=325948  comparison cadence=651897  difference=0.47500  below=0/3
t=655896  fraction=0.48000  peak_slope=4.001e-06  t_peak=325948  comparison cadence=651897  difference=0.48000  below=0/3
t=656896  fraction=0.48000  peak_slope=4.001e-06  t_peak=325948  comparison cadence=651897  difference=0.48000  below=0/3
t=657896  fraction=0.48000  peak_slope=4.001e-06  t_peak=325948  comparison cadence=651897  difference=0.48000  below=0/3
t=658896  fraction=0.48000  peak_slope=4.001e-06  t_peak=325948  comparison cadence=651897  difference=0.48000  below=0/3
t=659896  fraction=0.48000  peak_slope=4.001e-06  t_peak=325948  comparison cadence=651897  difference=0.48000  below=0/3
t=660896  fraction=0.48000  peak_slope=4.001e-06  t_peak=325948  comparison cadence=651897  difference=0.48000  below=0/3
t=661895  fraction=0.48000  peak_slope=4.001e-06  t_peak=325948  comparison cadence=651897  difference=0.48000  below=0/3
t=662895  fraction=0.48000  peak_slope=4.001e-06  t_peak=325948  comparison cadence=651897  difference=0.48000  below=0/3
t=663895  fraction=0.48000  peak_slope=4.001e-06  t_peak=325948  comparison cadence=651897  difference=0.48000  below=0/3
t=664895  fraction=0.48000  peak_slope=4.001e-06  t_peak=325948  comparison cadence=651897  difference=0.48000  below=0/3
t=665895  fraction=0.48000  peak_slope=4.001e-06  t_peak=325948  comparison cadence=651897  difference=0.48000  below=0/3
t=666895  fraction=0.48500  peak_slope=4.001e-06  t_peak=325948  comparison cadence=651897  difference=0.48500  below=0/3
t=667894  fraction=0.48500  peak_slope=4.001e-06  t_peak=325948  comparison cadence=651897  difference=0.48500  below=0/3
t=668894  fraction=0.48500  peak_slope=4.001e-06  t_peak=325948  comparison cadence=651897  difference=0.48500  below=0/3
t=669894  fraction=0.48500  peak_slope=4.001e-06  t_peak=325948  comparison cadence=651897  difference=0.48500  below=0/3
t=670894  fraction=0.49000  peak_slope=4.001e-06  t_peak=325948  comparison cadence=651897  difference=0.49000  below=0/3
t=671894  fraction=0.49000  peak_slope=4.001e-06  t_peak=325948  comparison cadence=651897  difference=0.49000  below=0/3
t=672894  fraction=0.49500  peak_slope=4.001e-06  t_peak=325948  comparison cadence=651897  difference=0.49500  below=0/3
t=673893  fraction=0.49500  peak_slope=4.001e-06  t_peak=325948  comparison cadence=651897  difference=0.49500  below=0/3
t=674893  fraction=0.50000  peak_slope=4.001e-06  t_peak=325948  comparison cadence=651897  difference=0.50000  below=0/3
t=675893  fraction=0.50000  peak_slope=4.001e-06  t_peak=325948  comparison cadence=651897  difference=0.50000  below=0/3
t=676893  fraction=0.50000  peak_slope=4.001e-06  t_peak=325948  comparison cadence=651897  difference=0.50000  below=0/3
t=677893  fraction=0.50000  peak_slope=4.001e-06  t_peak=325948  comparison cadence=651897  difference=0.50000  below=0/3
t=678893  fraction=0.50000  peak_slope=4.001e-06  t_peak=325948  comparison cadence=651897  difference=0.50000  below=0/3
t=679893  fraction=0.50000  peak_slope=4.001e-06  t_peak=325948  comparison cadence=651897  difference=0.50000  below=0/3
t=680892  fraction=0.50000  peak_slope=4.001e-06  t_peak=325948  comparison cadence=651897  difference=0.50000  below=0/3
t=681892  fraction=0.50000  peak_slope=4.001e-06  t_peak=325948  comparison cadence=651897  difference=0.50000  below=0/3
t=682892  fraction=0.50000  peak_slope=4.001e-06  t_peak=325948  comparison cadence=651897  difference=0.50000  below=0/3
t=683892  fraction=0.50000  peak_slope=4.001e-06  t_peak=325948  comparison cadence=651897  difference=0.50000  below=0/3
t=684892  fraction=0.50000  peak_slope=4.001e-06  t_peak=325948  comparison cadence=651897  difference=0.50000  below=0/3
t=685892  fraction=0.50000  peak_slope=4.001e-06  t_peak=325948  comparison cadence=651897  difference=0.50000  below=0/3
t=686891  fraction=0.50000  peak_slope=4.001e-06  t_peak=325948  comparison cadence=651897  difference=0.50000  below=0/3
t=687891  fraction=0.50000  peak_slope=4.001e-06  t_peak=325948  comparison cadence=651897  difference=0.50000  below=0/3
t=688891  fraction=0.50000  peak_slope=4.001e-06  t_peak=325948  comparison cadence=651897  difference=0.50000  below=0/3
t=689891  fraction=0.50000  peak_slope=4.001e-06  t_peak=325948  comparison cadence=651897  difference=0.50000  below=0/3
t=690891  fraction=0.50000  peak_slope=4.001e-06  t_peak=325948  comparison cadence=651897  difference=0.50000  below=0/3
t=691891  fraction=0.50000  peak_slope=4.001e-06  t_peak=325948  comparison cadence=651897  difference=0.50000  below=0/3
t=692890  fraction=0.50000  peak_slope=4.001e-06  t_peak=325948  comparison cadence=651897  difference=0.50000  below=0/3
t=693890  fraction=0.50000  peak_slope=4.001e-06  t_peak=325948  comparison cadence=651897  difference=0.50000  below=0/3
t=694890  fraction=0.50000  peak_slope=4.001e-06  t_peak=325948  comparison cadence=651897  difference=0.50000  below=0/3
t=695890  fraction=0.50000  peak_slope=4.001e-06  t_peak=325948  comparison cadence=651897  difference=0.50000  below=0/3
t=696890  fraction=0.50000  peak_slope=4.001e-06  t_peak=325948  comparison cadence=651897  difference=0.50000  below=0/3
t=697890  fraction=0.50000  peak_slope=4.001e-06  t_peak=325948  comparison cadence=651897  difference=0.50000  below=0/3
t=698890  fraction=0.50000  peak_slope=4.001e-06  t_peak=325948  comparison cadence=651897  difference=0.50000  below=0/3
t=699889  fraction=0.50000  peak_slope=4.001e-06  t_peak=325948  comparison cadence=651897  difference=0.50000  below=0/3
t=700889  fraction=0.50000  peak_slope=4.001e-06  t_peak=325948  comparison cadence=651897  difference=0.50000  below=0/3
t=701889  fraction=0.50000  peak_slope=4.001e-06  t_peak=325948  comparison cadence=651897  difference=0.50000  below=0/3
t=702889  fraction=0.50000  peak_slope=4.001e-06  t_peak=325948  comparison cadence=651897  difference=0.50000  below=0/3
t=703889  fraction=0.50000  peak_slope=4.001e-06  t_peak=325948  comparison cadence=651897  difference=0.50000  below=0/3
t=704889  fraction=0.50000  peak_slope=4.001e-06  t_peak=325948  comparison cadence=651897  difference=0.50000  below=0/3
t=743882  fraction=0.49500  peak_slope=5.001e-06  t_peak=371941  comparison cadence=743882  difference=0.49500  below=0/3
t=705888  fraction=0.50000  peak_slope=4.001e-06  t_peak=325948  comparison cadence=651897  difference=0.50000  below=0/3
t=744882  fraction=0.49500  peak_slope=5.001e-06  t_peak=371941  comparison cadence=743882  difference=0.49500  below=0/3
t=706888  fraction=0.50500  peak_slope=4.001e-06  t_peak=325948  comparison cadence=651897  difference=0.50500  below=0/3
t=745882  fraction=0.49500  peak_slope=5.001e-06  t_peak=371941  comparison cadence=743882  difference=0.49500  below=0/3
t=707888  fraction=0.50500  peak_slope=4.001e-06  t_peak=325948  comparison cadence=651897  difference=0.50500  below=0/3
t=746882  fraction=0.49500  peak_slope=5.001e-06  t_peak=371941  comparison cadence=743882  difference=0.49500  below=0/3
t=708888  fraction=0.50500  peak_slope=4.001e-06  t_peak=325948  comparison cadence=651897  difference=0.50500  below=0/3
t=747882  fraction=0.49500  peak_slope=5.001e-06  t_peak=371941  comparison cadence=743882  difference=0.49500  below=0/3
t=709888  fraction=0.50500  peak_slope=4.001e-06  t_peak=325948  comparison cadence=651897  difference=0.50500  below=0/3
t=748882  fraction=0.50000  peak_slope=5.001e-06  t_peak=371941  comparison cadence=743882  difference=0.50000  below=0/3
t=710888  fraction=0.50500  peak_slope=4.001e-06  t_peak=325948  comparison cadence=651897  difference=0.50500  below=0/3
t=749881  fraction=0.50000  peak_slope=5.001e-06  t_peak=371941  comparison cadence=743882  difference=0.50000  below=0/3
t=711887  fraction=0.50500  peak_slope=4.001e-06  t_peak=325948  comparison cadence=651897  difference=0.50500  below=0/3
t=750881  fraction=0.50000  peak_slope=5.001e-06  t_peak=371941  comparison cadence=743882  difference=0.50000  below=0/3
t=712887  fraction=0.50500  peak_slope=4.001e-06  t_peak=325948  comparison cadence=651897  difference=0.50500  below=0/3
t=751881  fraction=0.50000  peak_slope=5.001e-06  t_peak=371941  comparison cadence=743882  difference=0.50000  below=0/3
t=713887  fraction=0.50500  peak_slope=4.001e-06  t_peak=325948  comparison cadence=651897  difference=0.50500  below=0/3
t=752881  fraction=0.50000  peak_slope=5.001e-06  t_peak=371941  comparison cadence=743882  difference=0.50000  below=0/3
t=714887  fraction=0.50500  peak_slope=4.001e-06  t_peak=325948  comparison cadence=651897  difference=0.50500  below=0/3
t=753881  fraction=0.50000  peak_slope=5.001e-06  t_peak=371941  comparison cadence=743882  difference=0.50000  below=0/3
t=715887  fraction=0.50500  peak_slope=4.001e-06  t_peak=325948  comparison cadence=651897  difference=0.50500  below=0/3
t=754881  fraction=0.50000  peak_slope=5.001e-06  t_peak=371941  comparison cadence=743882  difference=0.50000  below=0/3
t=716887  fraction=0.50500  peak_slope=4.001e-06  t_peak=325948  comparison cadence=651897  difference=0.50500  below=0/3
t=755880  fraction=0.50000  peak_slope=5.001e-06  t_peak=371941  comparison cadence=743882  difference=0.50000  below=0/3
t=717887  fraction=0.50500  peak_slope=4.001e-06  t_peak=325948  comparison cadence=651897  difference=0.50500  below=0/3
t=756880  fraction=0.50000  peak_slope=5.001e-06  t_peak=371941  comparison cadence=743882  difference=0.50000  below=0/3
t=718886  fraction=0.51000  peak_slope=4.001e-06  t_peak=325948  comparison cadence=651897  difference=0.51000  below=0/3
t=757880  fraction=0.50000  peak_slope=5.001e-06  t_peak=371941  comparison cadence=743882  difference=0.50000  below=0/3
t=719886  fraction=0.51500  peak_slope=4.001e-06  t_peak=325948  comparison cadence=651897  difference=0.51500  below=0/3
t=758880  fraction=0.50000  peak_slope=5.001e-06  t_peak=371941  comparison cadence=743882  difference=0.50000  below=0/3
t=720886  fraction=0.51500  peak_slope=4.001e-06  t_peak=325948  comparison cadence=651897  difference=0.51500  below=0/3
t=759880  fraction=0.50000  peak_slope=5.001e-06  t_peak=371941  comparison cadence=743882  difference=0.50000  below=0/3
t=721886  fraction=0.51500  peak_slope=4.001e-06  t_peak=325948  comparison cadence=651897  difference=0.51500  below=0/3
t=760880  fraction=0.50000  peak_slope=5.001e-06  t_peak=371941  comparison cadence=743882  difference=0.50000  below=0/3
t=722886  fraction=0.51500  peak_slope=4.001e-06  t_peak=325948  comparison cadence=651897  difference=0.51500  below=0/3
t=761880  fraction=0.50000  peak_slope=5.001e-06  t_peak=371941  comparison cadence=743882  difference=0.50000  below=0/3
t=723886  fraction=0.51500  peak_slope=4.001e-06  t_peak=325948  comparison cadence=651897  difference=0.51500  below=0/3
t=762879  fraction=0.50000  peak_slope=5.001e-06  t_peak=371941  comparison cadence=743882  difference=0.50000  below=0/3
t=724885  fraction=0.52000  peak_slope=4.001e-06  t_peak=325948  comparison cadence=651897  difference=0.52000  below=0/3
t=763879  fraction=0.50000  peak_slope=5.001e-06  t_peak=371941  comparison cadence=743882  difference=0.50000  below=0/3
t=764879  fraction=0.50000  peak_slope=5.001e-06  t_peak=371941  comparison cadence=743882  difference=0.50000  below=0/3
t=725885  fraction=0.52000  peak_slope=4.001e-06  t_peak=325948  comparison cadence=651897  difference=0.52000  below=0/3
t=765879  fraction=0.50000  peak_slope=5.001e-06  t_peak=371941  comparison cadence=743882  difference=0.50000  below=0/3
t=726885  fraction=0.52000  peak_slope=4.001e-06  t_peak=325948  comparison cadence=651897  difference=0.52000  below=0/3
t=766879  fraction=0.50000  peak_slope=5.001e-06  t_peak=371941  comparison cadence=743882  difference=0.50000  below=0/3
t=727885  fraction=0.52000  peak_slope=4.001e-06  t_peak=325948  comparison cadence=651897  difference=0.52000  below=0/3
t=767879  fraction=0.50000  peak_slope=5.001e-06  t_peak=371941  comparison cadence=743882  difference=0.50000  below=0/3
t=728885  fraction=0.52000  peak_slope=4.001e-06  t_peak=325948  comparison cadence=651897  difference=0.52000  below=0/3
t=768878  fraction=0.50000  peak_slope=5.001e-06  t_peak=371941  comparison cadence=743882  difference=0.50000  below=0/3
t=729885  fraction=0.52000  peak_slope=4.001e-06  t_peak=325948  comparison cadence=651897  difference=0.52000  below=0/3
t=769878  fraction=0.50500  peak_slope=5.001e-06  t_peak=371941  comparison cadence=743882  difference=0.50500  below=0/3
t=730884  fraction=0.52000  peak_slope=4.001e-06  t_peak=325948  comparison cadence=651897  difference=0.52000  below=0/3
t=770878  fraction=0.50500  peak_slope=5.001e-06  t_peak=371941  comparison cadence=743882  difference=0.50500  below=0/3
t=731884  fraction=0.52000  peak_slope=4.001e-06  t_peak=325948  comparison cadence=651897  difference=0.52000  below=0/3
t=771878  fraction=0.50500  peak_slope=5.001e-06  t_peak=371941  comparison cadence=743882  difference=0.50500  below=0/3
t=732884  fraction=0.52000  peak_slope=4.001e-06  t_peak=325948  comparison cadence=651897  difference=0.52000  below=0/3
t=772878  fraction=0.50500  peak_slope=5.001e-06  t_peak=371941  comparison cadence=743882  difference=0.50500  below=0/3
t=733884  fraction=0.52000  peak_slope=4.001e-06  t_peak=325948  comparison cadence=651897  difference=0.52000  below=0/3
t=773878  fraction=0.50500  peak_slope=5.001e-06  t_peak=371941  comparison cadence=743882  difference=0.50500  below=0/3
t=734884  fraction=0.52000  peak_slope=4.001e-06  t_peak=325948  comparison cadence=651897  difference=0.52000  below=0/3
t=774877  fraction=0.50500  peak_slope=5.001e-06  t_peak=371941  comparison cadence=743882  difference=0.50500  below=0/3
t=735884  fraction=0.52000  peak_slope=4.001e-06  t_peak=325948  comparison cadence=651897  difference=0.52000  below=0/3
t=775877  fraction=0.50500  peak_slope=5.001e-06  t_peak=371941  comparison cadence=743882  difference=0.50500  below=0/3
t=736883  fraction=0.52000  peak_slope=4.001e-06  t_peak=325948  comparison cadence=651897  difference=0.52000  below=0/3
t=776877  fraction=0.50500  peak_slope=5.001e-06  t_peak=371941  comparison cadence=743882  difference=0.50500  below=0/3
t=737883  fraction=0.52000  peak_slope=4.001e-06  t_peak=325948  comparison cadence=651897  difference=0.52000  below=0/3
t=777877  fraction=0.50500  peak_slope=5.001e-06  t_peak=371941  comparison cadence=743882  difference=0.50500  below=0/3
t=738883  fraction=0.52000  peak_slope=4.001e-06  t_peak=325948  comparison cadence=651897  difference=0.52000  below=0/3
t=778877  fraction=0.50500  peak_slope=5.001e-06  t_peak=371941  comparison cadence=743882  difference=0.50500  below=0/3
t=739883  fraction=0.52500  peak_slope=4.001e-06  t_peak=325948  comparison cadence=651897  difference=0.52500  below=0/3
t=779877  fraction=0.50500  peak_slope=5.001e-06  t_peak=371941  comparison cadence=743882  difference=0.50500  below=0/3
t=740883  fraction=0.52500  peak_slope=4.001e-06  t_peak=325948  comparison cadence=651897  difference=0.52500  below=0/3
t=780877  fraction=0.50500  peak_slope=5.001e-06  t_peak=371941  comparison cadence=743882  difference=0.50500  below=0/3
t=741883  fraction=0.52500  peak_slope=4.001e-06  t_peak=325948  comparison cadence=651897  difference=0.52500  below=0/3
t=781876  fraction=0.50500  peak_slope=5.001e-06  t_peak=371941  comparison cadence=743882  difference=0.50500  below=0/3
t=742883  fraction=0.52500  peak_slope=4.001e-06  t_peak=325948  comparison cadence=651897  difference=0.52500  below=0/3
t=782876  fraction=0.50500  peak_slope=5.001e-06  t_peak=371941  comparison cadence=743882  difference=0.50500  below=0/3
t=743882  fraction=0.52500  peak_slope=4.001e-06  t_peak=325948  comparison cadence=651897  difference=0.52500  below=0/3
t=783876  fraction=0.50500  peak_slope=5.001e-06  t_peak=371941  comparison cadence=743882  difference=0.50500  below=0/3
t=744882  fraction=0.52500  peak_slope=4.001e-06  t_peak=325948  comparison cadence=651897  difference=0.52500  below=0/3
t=784876  fraction=0.50500  peak_slope=5.001e-06  t_peak=371941  comparison cadence=743882  difference=0.50500  below=0/3
t=745882  fraction=0.52500  peak_slope=4.001e-06  t_peak=325948  comparison cadence=651897  difference=0.52500  below=0/3
t=785876  fraction=0.50500  peak_slope=5.001e-06  t_peak=371941  comparison cadence=743882  difference=0.50500  below=0/3
t=746882  fraction=0.52500  peak_slope=4.001e-06  t_peak=325948  comparison cadence=651897  difference=0.52500  below=0/3
t=786876  fraction=0.50500  peak_slope=5.001e-06  t_peak=371941  comparison cadence=743882  difference=0.50500  below=0/3
t=747882  fraction=0.52500  peak_slope=4.001e-06  t_peak=325948  comparison cadence=651897  difference=0.52500  below=0/3
t=787875  fraction=0.50500  peak_slope=5.001e-06  t_peak=371941  comparison cadence=743882  difference=0.50500  below=0/3
t=748882  fraction=0.52500  peak_slope=4.001e-06  t_peak=325948  comparison cadence=651897  difference=0.52500  below=0/3
t=788875  fraction=0.50500  peak_slope=5.001e-06  t_peak=371941  comparison cadence=743882  difference=0.50500  below=0/3
t=749881  fraction=0.52500  peak_slope=4.001e-06  t_peak=325948  comparison cadence=651897  difference=0.52500  below=0/3
t=789875  fraction=0.50500  peak_slope=5.001e-06  t_peak=371941  comparison cadence=743882  difference=0.50500  below=0/3
t=750881  fraction=0.52500  peak_slope=4.001e-06  t_peak=325948  comparison cadence=651897  difference=0.52500  below=0/3
t=790875  fraction=0.50500  peak_slope=5.001e-06  t_peak=371941  comparison cadence=743882  difference=0.50500  below=0/3
t=751881  fraction=0.53000  peak_slope=4.001e-06  t_peak=325948  comparison cadence=651897  difference=0.53000  below=0/3
t=791875  fraction=0.50500  peak_slope=5.001e-06  t_peak=371941  comparison cadence=743882  difference=0.50500  below=0/3
t=752881  fraction=0.53000  peak_slope=4.001e-06  t_peak=325948  comparison cadence=651897  difference=0.53000  below=0/3
t=792875  fraction=0.50500  peak_slope=5.001e-06  t_peak=371941  comparison cadence=743882  difference=0.50500  below=0/3
t=753881  fraction=0.53000  peak_slope=4.001e-06  t_peak=325948  comparison cadence=651897  difference=0.53000  below=0/3
t=793874  fraction=0.50500  peak_slope=5.001e-06  t_peak=371941  comparison cadence=743882  difference=0.50500  below=0/3
t=794874  fraction=0.50500  peak_slope=5.001e-06  t_peak=371941  comparison cadence=743882  difference=0.50500  below=0/3
t=754881  fraction=0.53000  peak_slope=4.001e-06  t_peak=325948  comparison cadence=651897  difference=0.53000  below=0/3
t=795874  fraction=0.50500  peak_slope=5.001e-06  t_peak=371941  comparison cadence=743882  difference=0.50500  below=0/3
t=755880  fraction=0.53000  peak_slope=4.001e-06  t_peak=325948  comparison cadence=651897  difference=0.53000  below=0/3
t=796874  fraction=0.50500  peak_slope=5.001e-06  t_peak=371941  comparison cadence=743882  difference=0.50500  below=0/3
t=756880  fraction=0.53000  peak_slope=4.001e-06  t_peak=325948  comparison cadence=651897  difference=0.53000  below=0/3
t=797874  fraction=0.50500  peak_slope=5.001e-06  t_peak=371941  comparison cadence=743882  difference=0.50500  below=0/3
t=757880  fraction=0.53000  peak_slope=4.001e-06  t_peak=325948  comparison cadence=651897  difference=0.53000  below=0/3
t=798874  fraction=0.50500  peak_slope=5.001e-06  t_peak=371941  comparison cadence=743882  difference=0.50500  below=0/3
t=758880  fraction=0.53000  peak_slope=4.001e-06  t_peak=325948  comparison cadence=651897  difference=0.53000  below=0/3
t=799874  fraction=0.51000  peak_slope=5.001e-06  t_peak=371941  comparison cadence=743882  difference=0.51000  below=0/3
t=759880  fraction=0.53000  peak_slope=4.001e-06  t_peak=325948  comparison cadence=651897  difference=0.53000  below=0/3
t=800873  fraction=0.51000  peak_slope=5.001e-06  t_peak=371941  comparison cadence=743882  difference=0.51000  below=0/3
t=760880  fraction=0.53000  peak_slope=4.001e-06  t_peak=325948  comparison cadence=651897  difference=0.53000  below=0/3
t=801873  fraction=0.51000  peak_slope=5.001e-06  t_peak=371941  comparison cadence=743882  difference=0.51000  below=0/3
t=761880  fraction=0.53000  peak_slope=4.001e-06  t_peak=325948  comparison cadence=651897  difference=0.53000  below=0/3
t=802873  fraction=0.51500  peak_slope=5.001e-06  t_peak=371941  comparison cadence=743882  difference=0.51500  below=0/3
t=762879  fraction=0.53000  peak_slope=4.001e-06  t_peak=325948  comparison cadence=651897  difference=0.53000  below=0/3
t=803873  fraction=0.51500  peak_slope=5.001e-06  t_peak=371941  comparison cadence=743882  difference=0.51500  below=0/3
t=763879  fraction=0.53500  peak_slope=4.001e-06  t_peak=325948  comparison cadence=651897  difference=0.53500  below=0/3
t=804873  fraction=0.51500  peak_slope=5.001e-06  t_peak=371941  comparison cadence=743882  difference=0.51500  below=0/3
t=764879  fraction=0.53500  peak_slope=4.001e-06  t_peak=325948  comparison cadence=651897  difference=0.53500  below=0/3
t=805873  fraction=0.51500  peak_slope=5.001e-06  t_peak=371941  comparison cadence=743882  difference=0.51500  below=0/3
t=765879  fraction=0.53500  peak_slope=4.001e-06  t_peak=325948  comparison cadence=651897  difference=0.53500  below=0/3
t=806872  fraction=0.51500  peak_slope=5.001e-06  t_peak=371941  comparison cadence=743882  difference=0.51500  below=0/3
t=766879  fraction=0.53500  peak_slope=4.001e-06  t_peak=325948  comparison cadence=651897  difference=0.53500  below=0/3
t=807872  fraction=0.51500  peak_slope=5.001e-06  t_peak=371941  comparison cadence=743882  difference=0.51500  below=0/3
t=767879  fraction=0.53500  peak_slope=4.001e-06  t_peak=325948  comparison cadence=651897  difference=0.53500  below=0/3
t=808872  fraction=0.51500  peak_slope=5.001e-06  t_peak=371941  comparison cadence=743882  difference=0.51500  below=0/3
t=768878  fraction=0.53500  peak_slope=4.001e-06  t_peak=325948  comparison cadence=651897  difference=0.53500  below=0/3
t=809872  fraction=0.51500  peak_slope=5.001e-06  t_peak=371941  comparison cadence=743882  difference=0.51500  below=0/3
t=769878  fraction=0.53500  peak_slope=4.001e-06  t_peak=325948  comparison cadence=651897  difference=0.53500  below=0/3
t=810872  fraction=0.51500  peak_slope=5.001e-06  t_peak=371941  comparison cadence=743882  difference=0.51500  below=0/3
t=770878  fraction=0.53500  peak_slope=4.001e-06  t_peak=325948  comparison cadence=651897  difference=0.53500  below=0/3
t=811872  fraction=0.51500  peak_slope=5.001e-06  t_peak=371941  comparison cadence=743882  difference=0.51500  below=0/3
t=771878  fraction=0.53500  peak_slope=4.001e-06  t_peak=325948  comparison cadence=651897  difference=0.53500  below=0/3
t=812871  fraction=0.51500  peak_slope=5.001e-06  t_peak=371941  comparison cadence=743882  difference=0.51500  below=0/3
t=772878  fraction=0.54000  peak_slope=4.001e-06  t_peak=325948  comparison cadence=651897  difference=0.54000  below=0/3
t=813871  fraction=0.52000  peak_slope=5.001e-06  t_peak=371941  comparison cadence=743882  difference=0.52000  below=0/3
t=773878  fraction=0.54000  peak_slope=4.001e-06  t_peak=325948  comparison cadence=651897  difference=0.54000  below=0/3
t=814871  fraction=0.52000  peak_slope=5.001e-06  t_peak=371941  comparison cadence=743882  difference=0.52000  below=0/3
t=774877  fraction=0.54000  peak_slope=4.001e-06  t_peak=325948  comparison cadence=651897  difference=0.54000  below=0/3
t=815871  fraction=0.52000  peak_slope=5.001e-06  t_peak=371941  comparison cadence=743882  difference=0.52000  below=0/3
t=775877  fraction=0.54000  peak_slope=4.001e-06  t_peak=325948  comparison cadence=651897  difference=0.54000  below=0/3
t=816871  fraction=0.52500  peak_slope=5.001e-06  t_peak=371941  comparison cadence=743882  difference=0.52500  below=0/3
t=776877  fraction=0.54000  peak_slope=4.001e-06  t_peak=325948  comparison cadence=651897  difference=0.54000  below=0/3
t=817871  fraction=0.52500  peak_slope=5.001e-06  t_peak=371941  comparison cadence=743882  difference=0.52500  below=0/3
t=777877  fraction=0.54500  peak_slope=4.001e-06  t_peak=325948  comparison cadence=651897  difference=0.54500  below=0/3
t=818871  fraction=0.52500  peak_slope=5.001e-06  t_peak=371941  comparison cadence=743882  difference=0.52500  below=0/3
t=778877  fraction=0.54500  peak_slope=4.001e-06  t_peak=325948  comparison cadence=651897  difference=0.54500  below=0/3
t=819870  fraction=0.52500  peak_slope=5.001e-06  t_peak=371941  comparison cadence=743882  difference=0.52500  below=0/3
t=779877  fraction=0.54500  peak_slope=4.001e-06  t_peak=325948  comparison cadence=651897  difference=0.54500  below=0/3
t=820870  fraction=0.52500  peak_slope=5.001e-06  t_peak=371941  comparison cadence=743882  difference=0.52500  below=0/3
t=780877  fraction=0.54500  peak_slope=4.001e-06  t_peak=325948  comparison cadence=651897  difference=0.54500  below=0/3
t=821870  fraction=0.53000  peak_slope=5.001e-06  t_peak=371941  comparison cadence=743882  difference=0.53000  below=0/3
t=781876  fraction=0.54500  peak_slope=4.001e-06  t_peak=325948  comparison cadence=651897  difference=0.54500  below=0/3
t=822870  fraction=0.53000  peak_slope=5.001e-06  t_peak=371941  comparison cadence=743882  difference=0.53000  below=0/3
t=782876  fraction=0.54500  peak_slope=4.001e-06  t_peak=325948  comparison cadence=651897  difference=0.54500  below=0/3
t=823870  fraction=0.53000  peak_slope=5.001e-06  t_peak=371941  comparison cadence=743882  difference=0.53000  below=0/3
t=783876  fraction=0.54500  peak_slope=4.001e-06  t_peak=325948  comparison cadence=651897  difference=0.54500  below=0/3
t=824870  fraction=0.53000  peak_slope=5.001e-06  t_peak=371941  comparison cadence=743882  difference=0.53000  below=0/3
t=784876  fraction=0.55000  peak_slope=4.001e-06  t_peak=325948  comparison cadence=651897  difference=0.55000  below=0/3
t=825869  fraction=0.53500  peak_slope=5.001e-06  t_peak=371941  comparison cadence=743882  difference=0.53500  below=0/3
t=785876  fraction=0.55000  peak_slope=4.001e-06  t_peak=325948  comparison cadence=651897  difference=0.55000  below=0/3
t=826869  fraction=0.53500  peak_slope=5.001e-06  t_peak=371941  comparison cadence=743882  difference=0.53500  below=0/3
t=786876  fraction=0.55000  peak_slope=4.001e-06  t_peak=325948  comparison cadence=651897  difference=0.55000  below=0/3
t=827869  fraction=0.53500  peak_slope=5.001e-06  t_peak=371941  comparison cadence=743882  difference=0.53500  below=0/3
t=787875  fraction=0.55500  peak_slope=4.001e-06  t_peak=325948  comparison cadence=651897  difference=0.55500  below=0/3
t=828869  fraction=0.53500  peak_slope=5.001e-06  t_peak=371941  comparison cadence=743882  difference=0.53500  below=0/3
t=788875  fraction=0.55500  peak_slope=4.001e-06  t_peak=325948  comparison cadence=651897  difference=0.55500  below=0/3
t=829869  fraction=0.53500  peak_slope=5.001e-06  t_peak=371941  comparison cadence=743882  difference=0.53500  below=0/3
t=789875  fraction=0.56000  peak_slope=4.001e-06  t_peak=325948  comparison cadence=651897  difference=0.56000  below=0/3
t=830869  fraction=0.53500  peak_slope=5.001e-06  t_peak=371941  comparison cadence=743882  difference=0.53500  below=0/3
t=831868  fraction=0.53500  peak_slope=5.001e-06  t_peak=371941  comparison cadence=743882  difference=0.53500  below=0/3
t=790875  fraction=0.56500  peak_slope=4.001e-06  t_peak=325948  comparison cadence=651897  difference=0.56500  below=0/3
t=832868  fraction=0.53500  peak_slope=5.001e-06  t_peak=371941  comparison cadence=743882  difference=0.53500  below=0/3
t=791875  fraction=0.56500  peak_slope=4.001e-06  t_peak=325948  comparison cadence=651897  difference=0.56500  below=0/3
t=833868  fraction=0.53500  peak_slope=5.001e-06  t_peak=371941  comparison cadence=743882  difference=0.53500  below=0/3
t=792875  fraction=0.56500  peak_slope=4.001e-06  t_peak=325948  comparison cadence=651897  difference=0.56500  below=0/3
t=834868  fraction=0.53500  peak_slope=5.001e-06  t_peak=371941  comparison cadence=743882  difference=0.53500  below=0/3
t=793874  fraction=0.56500  peak_slope=4.001e-06  t_peak=325948  comparison cadence=651897  difference=0.56500  below=0/3
t=835868  fraction=0.53500  peak_slope=5.001e-06  t_peak=371941  comparison cadence=743882  difference=0.53500  below=0/3
t=794874  fraction=0.56500  peak_slope=4.001e-06  t_peak=325948  comparison cadence=651897  difference=0.56500  below=0/3
t=836868  fraction=0.54000  peak_slope=5.001e-06  t_peak=371941  comparison cadence=743882  difference=0.54000  below=0/3
t=795874  fraction=0.56500  peak_slope=4.001e-06  t_peak=325948  comparison cadence=651897  difference=0.56500  below=0/3
t=837868  fraction=0.54000  peak_slope=5.001e-06  t_peak=371941  comparison cadence=743882  difference=0.54000  below=0/3
t=796874  fraction=0.56500  peak_slope=4.001e-06  t_peak=325948  comparison cadence=651897  difference=0.56500  below=0/3
t=838867  fraction=0.54500  peak_slope=5.001e-06  t_peak=371941  comparison cadence=743882  difference=0.54500  below=0/3
t=797874  fraction=0.56500  peak_slope=4.001e-06  t_peak=325948  comparison cadence=651897  difference=0.56500  below=0/3
t=839867  fraction=0.54500  peak_slope=5.001e-06  t_peak=371941  comparison cadence=743882  difference=0.54500  below=0/3
t=798874  fraction=0.56500  peak_slope=4.001e-06  t_peak=325948  comparison cadence=651897  difference=0.56500  below=0/3
t=840867  fraction=0.54500  peak_slope=5.001e-06  t_peak=371941  comparison cadence=743882  difference=0.54500  below=0/3
t=799874  fraction=0.56500  peak_slope=4.001e-06  t_peak=325948  comparison cadence=651897  difference=0.56500  below=0/3
t=841867  fraction=0.54500  peak_slope=5.001e-06  t_peak=371941  comparison cadence=743882  difference=0.54500  below=0/3
t=800873  fraction=0.56500  peak_slope=4.001e-06  t_peak=325948  comparison cadence=651897  difference=0.56500  below=0/3
t=842867  fraction=0.54500  peak_slope=5.001e-06  t_peak=371941  comparison cadence=743882  difference=0.54500  below=0/3
t=801873  fraction=0.56500  peak_slope=4.001e-06  t_peak=325948  comparison cadence=651897  difference=0.56500  below=0/3
t=843867  fraction=0.54500  peak_slope=5.001e-06  t_peak=371941  comparison cadence=743882  difference=0.54500  below=0/3
t=802873  fraction=0.56500  peak_slope=4.001e-06  t_peak=325948  comparison cadence=651897  difference=0.56500  below=0/3
t=844866  fraction=0.54500  peak_slope=5.001e-06  t_peak=371941  comparison cadence=743882  difference=0.54500  below=0/3
t=803873  fraction=0.56500  peak_slope=4.001e-06  t_peak=325948  comparison cadence=651897  difference=0.56500  below=0/3
t=845866  fraction=0.54500  peak_slope=5.001e-06  t_peak=371941  comparison cadence=743882  difference=0.54500  below=0/3
t=804873  fraction=0.56500  peak_slope=4.001e-06  t_peak=325948  comparison cadence=651897  difference=0.56500  below=0/3
t=846866  fraction=0.54500  peak_slope=5.001e-06  t_peak=371941  comparison cadence=743882  difference=0.54500  below=0/3
t=805873  fraction=0.56500  peak_slope=4.001e-06  t_peak=325948  comparison cadence=651897  difference=0.56500  below=0/3
t=847866  fraction=0.54500  peak_slope=5.001e-06  t_peak=371941  comparison cadence=743882  difference=0.54500  below=0/3
t=806872  fraction=0.56500  peak_slope=4.001e-06  t_peak=325948  comparison cadence=651897  difference=0.56500  below=0/3
t=848866  fraction=0.54500  peak_slope=5.001e-06  t_peak=371941  comparison cadence=743882  difference=0.54500  below=0/3
t=807872  fraction=0.56500  peak_slope=4.001e-06  t_peak=325948  comparison cadence=651897  difference=0.56500  below=0/3
t=849866  fraction=0.54500  peak_slope=5.001e-06  t_peak=371941  comparison cadence=743882  difference=0.54500  below=0/3
t=808872  fraction=0.57000  peak_slope=4.001e-06  t_peak=325948  comparison cadence=651897  difference=0.57000  below=0/3
t=850865  fraction=0.54500  peak_slope=5.001e-06  t_peak=371941  comparison cadence=743882  difference=0.54500  below=0/3
t=809872  fraction=0.57000  peak_slope=4.001e-06  t_peak=325948  comparison cadence=651897  difference=0.57000  below=0/3
t=851865  fraction=0.54500  peak_slope=5.001e-06  t_peak=371941  comparison cadence=743882  difference=0.54500  below=0/3
t=810872  fraction=0.57000  peak_slope=4.001e-06  t_peak=325948  comparison cadence=651897  difference=0.57000  below=0/3
t=852865  fraction=0.54500  peak_slope=5.001e-06  t_peak=371941  comparison cadence=743882  difference=0.54500  below=0/3
t=811872  fraction=0.57500  peak_slope=4.001e-06  t_peak=325948  comparison cadence=651897  difference=0.57500  below=0/3
t=853865  fraction=0.54500  peak_slope=5.001e-06  t_peak=371941  comparison cadence=743882  difference=0.54500  below=0/3
t=812871  fraction=0.57500  peak_slope=4.001e-06  t_peak=325948  comparison cadence=651897  difference=0.57500  below=0/3
t=854865  fraction=0.54500  peak_slope=5.001e-06  t_peak=371941  comparison cadence=743882  difference=0.54500  below=0/3
t=813871  fraction=0.57500  peak_slope=4.001e-06  t_peak=325948  comparison cadence=651897  difference=0.57500  below=0/3
t=855865  fraction=0.54500  peak_slope=5.001e-06  t_peak=371941  comparison cadence=743882  difference=0.54500  below=0/3
t=814871  fraction=0.58000  peak_slope=4.001e-06  t_peak=325948  comparison cadence=651897  difference=0.58000  below=0/3
t=856865  fraction=0.54500  peak_slope=5.001e-06  t_peak=371941  comparison cadence=743882  difference=0.54500  below=0/3
t=815871  fraction=0.58000  peak_slope=4.001e-06  t_peak=325948  comparison cadence=651897  difference=0.58000  below=0/3
t=857864  fraction=0.54500  peak_slope=5.001e-06  t_peak=371941  comparison cadence=743882  difference=0.54500  below=0/3
t=816871  fraction=0.58000  peak_slope=4.001e-06  t_peak=325948  comparison cadence=651897  difference=0.58000  below=0/3
t=858864  fraction=0.54500  peak_slope=5.001e-06  t_peak=371941  comparison cadence=743882  difference=0.54500  below=0/3
t=817871  fraction=0.58000  peak_slope=4.001e-06  t_peak=325948  comparison cadence=651897  difference=0.58000  below=0/3
t=859864  fraction=0.54500  peak_slope=5.001e-06  t_peak=371941  comparison cadence=743882  difference=0.54500  below=0/3
t=818871  fraction=0.58000  peak_slope=4.001e-06  t_peak=325948  comparison cadence=651897  difference=0.58000  below=0/3
t=860864  fraction=0.54500  peak_slope=5.001e-06  t_peak=371941  comparison cadence=743882  difference=0.54500  below=0/3
t=819870  fraction=0.58000  peak_slope=4.001e-06  t_peak=325948  comparison cadence=651897  difference=0.58000  below=0/3
t=861864  fraction=0.54500  peak_slope=5.001e-06  t_peak=371941  comparison cadence=743882  difference=0.54500  below=0/3
t=820870  fraction=0.58000  peak_slope=4.001e-06  t_peak=325948  comparison cadence=651897  difference=0.58000  below=0/3
t=862864  fraction=0.54500  peak_slope=5.001e-06  t_peak=371941  comparison cadence=743882  difference=0.54500  below=0/3
t=821870  fraction=0.58000  peak_slope=4.001e-06  t_peak=325948  comparison cadence=651897  difference=0.58000  below=0/3
t=863863  fraction=0.54500  peak_slope=5.001e-06  t_peak=371941  comparison cadence=743882  difference=0.54500  below=0/3
t=864863  fraction=0.54500  peak_slope=5.001e-06  t_peak=371941  comparison cadence=743882  difference=0.54500  below=0/3
t=822870  fraction=0.58000  peak_slope=4.001e-06  t_peak=325948  comparison cadence=651897  difference=0.57500  below=0/3
t=865863  fraction=0.54500  peak_slope=5.001e-06  t_peak=371941  comparison cadence=743882  difference=0.54500  below=0/3
t=823870  fraction=0.58000  peak_slope=4.001e-06  t_peak=325948  comparison cadence=651897  difference=0.57500  below=0/3
t=866863  fraction=0.54500  peak_slope=5.001e-06  t_peak=371941  comparison cadence=743882  difference=0.54500  below=0/3
t=824870  fraction=0.58000  peak_slope=4.001e-06  t_peak=325948  comparison cadence=651897  difference=0.57500  below=0/3
t=867863  fraction=0.54500  peak_slope=5.001e-06  t_peak=371941  comparison cadence=743882  difference=0.54500  below=0/3
t=825869  fraction=0.58000  peak_slope=4.001e-06  t_peak=325948  comparison cadence=651897  difference=0.57500  below=0/3
t=868863  fraction=0.54500  peak_slope=5.001e-06  t_peak=371941  comparison cadence=743882  difference=0.54500  below=0/3
t=826869  fraction=0.58000  peak_slope=4.001e-06  t_peak=325948  comparison cadence=651897  difference=0.57500  below=0/3
t=869862  fraction=0.54500  peak_slope=5.001e-06  t_peak=371941  comparison cadence=743882  difference=0.54500  below=0/3
t=827869  fraction=0.58000  peak_slope=4.001e-06  t_peak=325948  comparison cadence=651897  difference=0.57000  below=0/3
t=870862  fraction=0.54500  peak_slope=5.001e-06  t_peak=371941  comparison cadence=743882  difference=0.54500  below=0/3
t=828869  fraction=0.58000  peak_slope=4.001e-06  t_peak=325948  comparison cadence=651897  difference=0.57000  below=0/3
t=871862  fraction=0.54500  peak_slope=5.001e-06  t_peak=371941  comparison cadence=743882  difference=0.54500  below=0/3
t=829869  fraction=0.58000  peak_slope=4.001e-06  t_peak=325948  comparison cadence=651897  difference=0.57000  below=0/3
t=872862  fraction=0.55000  peak_slope=5.001e-06  t_peak=371941  comparison cadence=743882  difference=0.55000  below=0/3
t=830869  fraction=0.58000  peak_slope=4.001e-06  t_peak=325948  comparison cadence=651897  difference=0.57000  below=0/3
t=873862  fraction=0.55000  peak_slope=5.001e-06  t_peak=371941  comparison cadence=743882  difference=0.55000  below=0/3
t=831868  fraction=0.58000  peak_slope=4.001e-06  t_peak=325948  comparison cadence=651897  difference=0.57000  below=0/3
t=874862  fraction=0.55000  peak_slope=5.001e-06  t_peak=371941  comparison cadence=743882  difference=0.55000  below=0/3
t=832868  fraction=0.58000  peak_slope=4.001e-06  t_peak=325948  comparison cadence=651897  difference=0.57000  below=0/3
t=875862  fraction=0.55000  peak_slope=5.001e-06  t_peak=371941  comparison cadence=743882  difference=0.55000  below=0/3
t=833868  fraction=0.58000  peak_slope=4.001e-06  t_peak=325948  comparison cadence=651897  difference=0.57000  below=0/3
t=876861  fraction=0.55000  peak_slope=5.001e-06  t_peak=371941  comparison cadence=743882  difference=0.55000  below=0/3
t=834868  fraction=0.58000  peak_slope=4.001e-06  t_peak=325948  comparison cadence=651897  difference=0.56500  below=0/3
t=877861  fraction=0.55000  peak_slope=5.001e-06  t_peak=371941  comparison cadence=743882  difference=0.55000  below=0/3
t=835868  fraction=0.58000  peak_slope=4.001e-06  t_peak=325948  comparison cadence=651897  difference=0.56500  below=0/3
t=878861  fraction=0.55500  peak_slope=5.001e-06  t_peak=371941  comparison cadence=743882  difference=0.55500  below=0/3
t=836868  fraction=0.58000  peak_slope=4.001e-06  t_peak=325948  comparison cadence=651897  difference=0.56500  below=0/3
t=879861  fraction=0.55500  peak_slope=5.001e-06  t_peak=371941  comparison cadence=743882  difference=0.55500  below=0/3
t=837868  fraction=0.58000  peak_slope=4.001e-06  t_peak=325948  comparison cadence=651897  difference=0.56500  below=0/3
t=880861  fraction=0.55500  peak_slope=5.001e-06  t_peak=371941  comparison cadence=743882  difference=0.55500  below=0/3
t=838867  fraction=0.58000  peak_slope=4.001e-06  t_peak=325948  comparison cadence=651897  difference=0.56500  below=0/3
t=881861  fraction=0.55500  peak_slope=5.001e-06  t_peak=371941  comparison cadence=743882  difference=0.55500  below=0/3
t=839867  fraction=0.58000  peak_slope=4.001e-06  t_peak=325948  comparison cadence=651897  difference=0.56500  below=0/3
t=882860  fraction=0.55500  peak_slope=5.001e-06  t_peak=371941  comparison cadence=743882  difference=0.55500  below=0/3
t=840867  fraction=0.58000  peak_slope=4.001e-06  t_peak=325948  comparison cadence=651897  difference=0.56500  below=0/3
t=883860  fraction=0.55500  peak_slope=5.001e-06  t_peak=371941  comparison cadence=743882  difference=0.55500  below=0/3
t=841867  fraction=0.58000  peak_slope=4.001e-06  t_peak=325948  comparison cadence=651897  difference=0.56500  below=0/3
t=884860  fraction=0.55500  peak_slope=5.001e-06  t_peak=371941  comparison cadence=743882  difference=0.55500  below=0/3
t=842867  fraction=0.58000  peak_slope=4.001e-06  t_peak=325948  comparison cadence=651897  difference=0.56500  below=0/3
t=885860  fraction=0.55500  peak_slope=5.001e-06  t_peak=371941  comparison cadence=743882  difference=0.55500  below=0/3
t=843867  fraction=0.58000  peak_slope=4.001e-06  t_peak=325948  comparison cadence=651897  difference=0.56500  below=0/3
t=886860  fraction=0.55500  peak_slope=5.001e-06  t_peak=371941  comparison cadence=743882  difference=0.55500  below=0/3
t=844866  fraction=0.58000  peak_slope=4.001e-06  t_peak=325948  comparison cadence=651897  difference=0.56500  below=0/3
t=887860  fraction=0.55500  peak_slope=5.001e-06  t_peak=371941  comparison cadence=743882  difference=0.55500  below=0/3
t=845866  fraction=0.58000  peak_slope=4.001e-06  t_peak=325948  comparison cadence=651897  difference=0.56500  below=0/3
t=888859  fraction=0.55500  peak_slope=5.001e-06  t_peak=371941  comparison cadence=743882  difference=0.55500  below=0/3
t=846866  fraction=0.58000  peak_slope=4.001e-06  t_peak=325948  comparison cadence=651897  difference=0.56000  below=0/3
t=889859  fraction=0.55500  peak_slope=5.001e-06  t_peak=371941  comparison cadence=743882  difference=0.55500  below=0/3
t=847866  fraction=0.58000  peak_slope=4.001e-06  t_peak=325948  comparison cadence=651897  difference=0.56000  below=0/3
t=890859  fraction=0.55500  peak_slope=5.001e-06  t_peak=371941  comparison cadence=743882  difference=0.55500  below=0/3
t=848866  fraction=0.58000  peak_slope=4.001e-06  t_peak=325948  comparison cadence=651897  difference=0.55500  below=0/3
t=891859  fraction=0.55500  peak_slope=5.001e-06  t_peak=371941  comparison cadence=743882  difference=0.55500  below=0/3
t=849866  fraction=0.58000  peak_slope=4.001e-06  t_peak=325948  comparison cadence=651897  difference=0.55500  below=0/3
t=892859  fraction=0.55500  peak_slope=5.001e-06  t_peak=371941  comparison cadence=743882  difference=0.55500  below=0/3
t=850865  fraction=0.58000  peak_slope=4.001e-06  t_peak=325948  comparison cadence=651897  difference=0.55500  below=0/3
t=893859  fraction=0.55500  peak_slope=5.001e-06  t_peak=371941  comparison cadence=743882  difference=0.55500  below=0/3
t=851865  fraction=0.58000  peak_slope=4.001e-06  t_peak=325948  comparison cadence=651897  difference=0.55500  below=0/3
t=894859  fraction=0.55500  peak_slope=5.001e-06  t_peak=371941  comparison cadence=743882  difference=0.55500  below=0/3
t=852865  fraction=0.58000  peak_slope=4.001e-06  t_peak=325948  comparison cadence=651897  difference=0.55500  below=0/3
t=895858  fraction=0.55500  peak_slope=5.001e-06  t_peak=371941  comparison cadence=743882  difference=0.55500  below=0/3
t=896858  fraction=0.55500  peak_slope=5.001e-06  t_peak=371941  comparison cadence=743882  difference=0.55500  below=0/3
t=853865  fraction=0.58000  peak_slope=4.001e-06  t_peak=325948  comparison cadence=651897  difference=0.55500  below=0/3
t=897858  fraction=0.56000  peak_slope=5.001e-06  t_peak=371941  comparison cadence=743882  difference=0.56000  below=0/3
t=854865  fraction=0.58000  peak_slope=4.001e-06  t_peak=325948  comparison cadence=651897  difference=0.55500  below=0/3
t=898858  fraction=0.56000  peak_slope=5.001e-06  t_peak=371941  comparison cadence=743882  difference=0.56000  below=0/3
t=855865  fraction=0.58000  peak_slope=4.001e-06  t_peak=325948  comparison cadence=651897  difference=0.55500  below=0/3
t=899858  fraction=0.56000  peak_slope=5.001e-06  t_peak=371941  comparison cadence=743882  difference=0.56000  below=0/3
t=856865  fraction=0.58000  peak_slope=4.001e-06  t_peak=325948  comparison cadence=651897  difference=0.55500  below=0/3
t=900858  fraction=0.56000  peak_slope=5.001e-06  t_peak=371941  comparison cadence=743882  difference=0.56000  below=0/3
t=857864  fraction=0.58000  peak_slope=4.001e-06  t_peak=325948  comparison cadence=651897  difference=0.55500  below=0/3
t=901857  fraction=0.56000  peak_slope=5.001e-06  t_peak=371941  comparison cadence=743882  difference=0.56000  below=0/3
t=858864  fraction=0.58000  peak_slope=4.001e-06  t_peak=325948  comparison cadence=651897  difference=0.55500  below=0/3
t=902857  fraction=0.56000  peak_slope=5.001e-06  t_peak=371941  comparison cadence=743882  difference=0.56000  below=0/3
t=859864  fraction=0.58000  peak_slope=4.001e-06  t_peak=325948  comparison cadence=651897  difference=0.55500  below=0/3
t=903857  fraction=0.56000  peak_slope=5.001e-06  t_peak=371941  comparison cadence=743882  difference=0.56000  below=0/3
t=860864  fraction=0.58500  peak_slope=4.001e-06  t_peak=325948  comparison cadence=651897  difference=0.56000  below=0/3
t=904857  fraction=0.56000  peak_slope=5.001e-06  t_peak=371941  comparison cadence=743882  difference=0.56000  below=0/3
t=861864  fraction=0.58500  peak_slope=4.001e-06  t_peak=325948  comparison cadence=651897  difference=0.56000  below=0/3
t=905857  fraction=0.56000  peak_slope=5.001e-06  t_peak=371941  comparison cadence=743882  difference=0.56000  below=0/3
t=862864  fraction=0.58500  peak_slope=4.001e-06  t_peak=325948  comparison cadence=651897  difference=0.55500  below=0/3
t=906857  fraction=0.56000  peak_slope=5.001e-06  t_peak=371941  comparison cadence=743882  difference=0.56000  below=0/3
t=863863  fraction=0.58500  peak_slope=4.001e-06  t_peak=325948  comparison cadence=651897  difference=0.55500  below=0/3
t=907856  fraction=0.56000  peak_slope=5.001e-06  t_peak=371941  comparison cadence=743882  difference=0.56000  below=0/3
t=864863  fraction=0.58500  peak_slope=4.001e-06  t_peak=325948  comparison cadence=651897  difference=0.55500  below=0/3
t=908856  fraction=0.56000  peak_slope=5.001e-06  t_peak=371941  comparison cadence=743882  difference=0.56000  below=0/3
t=865863  fraction=0.58500  peak_slope=4.001e-06  t_peak=325948  comparison cadence=651897  difference=0.55000  below=0/3
t=909856  fraction=0.56000  peak_slope=5.001e-06  t_peak=371941  comparison cadence=743882  difference=0.56000  below=0/3
t=866863  fraction=0.58500  peak_slope=4.001e-06  t_peak=325948  comparison cadence=651897  difference=0.55000  below=0/3
t=910856  fraction=0.56000  peak_slope=5.001e-06  t_peak=371941  comparison cadence=743882  difference=0.56000  below=0/3
t=867863  fraction=0.58500  peak_slope=4.001e-06  t_peak=325948  comparison cadence=651897  difference=0.55000  below=0/3
t=911856  fraction=0.56000  peak_slope=5.001e-06  t_peak=371941  comparison cadence=743882  difference=0.56000  below=0/3
t=868863  fraction=0.58500  peak_slope=4.001e-06  t_peak=325948  comparison cadence=651897  difference=0.55000  below=0/3
t=912856  fraction=0.56000  peak_slope=5.001e-06  t_peak=371941  comparison cadence=743882  difference=0.56000  below=0/3
t=869862  fraction=0.58500  peak_slope=4.001e-06  t_peak=325948  comparison cadence=651897  difference=0.54500  below=0/3
t=913856  fraction=0.56000  peak_slope=5.001e-06  t_peak=371941  comparison cadence=743882  difference=0.56000  below=0/3
t=870862  fraction=0.58500  peak_slope=4.001e-06  t_peak=325948  comparison cadence=651897  difference=0.54000  below=0/3
t=914855  fraction=0.56000  peak_slope=5.001e-06  t_peak=371941  comparison cadence=743882  difference=0.56000  below=0/3
t=871862  fraction=0.58500  peak_slope=4.001e-06  t_peak=325948  comparison cadence=651897  difference=0.54000  below=0/3
t=915855  fraction=0.56500  peak_slope=5.001e-06  t_peak=371941  comparison cadence=743882  difference=0.56500  below=0/3
t=872862  fraction=0.58500  peak_slope=4.001e-06  t_peak=325948  comparison cadence=651897  difference=0.54000  below=0/3
t=916855  fraction=0.56500  peak_slope=5.001e-06  t_peak=371941  comparison cadence=743882  difference=0.56500  below=0/3
t=873862  fraction=0.58500  peak_slope=4.001e-06  t_peak=325948  comparison cadence=651897  difference=0.54000  below=0/3
t=917855  fraction=0.56500  peak_slope=5.001e-06  t_peak=371941  comparison cadence=743882  difference=0.56500  below=0/3
t=874862  fraction=0.58500  peak_slope=4.001e-06  t_peak=325948  comparison cadence=651897  difference=0.53500  below=0/3
t=918855  fraction=0.56500  peak_slope=5.001e-06  t_peak=371941  comparison cadence=743882  difference=0.56500  below=0/3
t=875862  fraction=0.58500  peak_slope=4.001e-06  t_peak=325948  comparison cadence=651897  difference=0.53500  below=0/3
t=919855  fraction=0.57000  peak_slope=5.001e-06  t_peak=371941  comparison cadence=743882  difference=0.57000  below=0/3
t=876861  fraction=0.58500  peak_slope=4.001e-06  t_peak=325948  comparison cadence=651897  difference=0.53500  below=0/3
t=920854  fraction=0.57000  peak_slope=5.001e-06  t_peak=371941  comparison cadence=743882  difference=0.57000  below=0/3
t=877861  fraction=0.58500  peak_slope=4.001e-06  t_peak=325948  comparison cadence=651897  difference=0.53500  below=0/3
t=921854  fraction=0.57000  peak_slope=5.001e-06  t_peak=371941  comparison cadence=743882  difference=0.57000  below=0/3
t=878861  fraction=0.58500  peak_slope=4.001e-06  t_peak=325948  comparison cadence=651897  difference=0.53500  below=0/3
t=922854  fraction=0.57000  peak_slope=5.001e-06  t_peak=371941  comparison cadence=743882  difference=0.57000  below=0/3
t=879861  fraction=0.58500  peak_slope=4.001e-06  t_peak=325948  comparison cadence=651897  difference=0.53500  below=0/3
t=923854  fraction=0.57000  peak_slope=5.001e-06  t_peak=371941  comparison cadence=743882  difference=0.56500  below=0/3
t=880861  fraction=0.58500  peak_slope=4.001e-06  t_peak=325948  comparison cadence=651897  difference=0.53500  below=0/3
t=924854  fraction=0.57000  peak_slope=5.001e-06  t_peak=371941  comparison cadence=743882  difference=0.56500  below=0/3
t=881861  fraction=0.58500  peak_slope=4.001e-06  t_peak=325948  comparison cadence=651897  difference=0.53500  below=0/3
t=925854  fraction=0.57000  peak_slope=5.001e-06  t_peak=371941  comparison cadence=743882  difference=0.56500  below=0/3
t=882860  fraction=0.58500  peak_slope=4.001e-06  t_peak=325948  comparison cadence=651897  difference=0.53500  below=0/3
t=926853  fraction=0.57000  peak_slope=5.001e-06  t_peak=371941  comparison cadence=743882  difference=0.56000  below=0/3
t=883860  fraction=0.58500  peak_slope=4.001e-06  t_peak=325948  comparison cadence=651897  difference=0.53500  below=0/3
t=927853  fraction=0.57000  peak_slope=5.001e-06  t_peak=371941  comparison cadence=743882  difference=0.56000  below=0/3
t=884860  fraction=0.58500  peak_slope=4.001e-06  t_peak=325948  comparison cadence=651897  difference=0.53500  below=0/3
t=928853  fraction=0.57000  peak_slope=5.001e-06  t_peak=371941  comparison cadence=743882  difference=0.56000  below=0/3
t=885860  fraction=0.58500  peak_slope=4.001e-06  t_peak=325948  comparison cadence=651897  difference=0.53500  below=0/3
t=929853  fraction=0.57000  peak_slope=5.001e-06  t_peak=371941  comparison cadence=743882  difference=0.56000  below=0/3
t=886860  fraction=0.59000  peak_slope=4.001e-06  t_peak=325948  comparison cadence=651897  difference=0.54000  below=0/3
t=930853  fraction=0.57000  peak_slope=5.001e-06  t_peak=371941  comparison cadence=743882  difference=0.56000  below=0/3
t=931853  fraction=0.57000  peak_slope=5.001e-06  t_peak=371941  comparison cadence=743882  difference=0.56000  below=0/3
t=887860  fraction=0.59000  peak_slope=4.001e-06  t_peak=325948  comparison cadence=651897  difference=0.54000  below=0/3
t=932853  fraction=0.57000  peak_slope=5.001e-06  t_peak=371941  comparison cadence=743882  difference=0.56000  below=0/3
t=888859  fraction=0.59000  peak_slope=4.001e-06  t_peak=325948  comparison cadence=651897  difference=0.54000  below=0/3
t=933852  fraction=0.57000  peak_slope=5.001e-06  t_peak=371941  comparison cadence=743882  difference=0.56000  below=0/3
t=889859  fraction=0.59000  peak_slope=4.001e-06  t_peak=325948  comparison cadence=651897  difference=0.54000  below=0/3
t=934852  fraction=0.57000  peak_slope=5.001e-06  t_peak=371941  comparison cadence=743882  difference=0.56000  below=0/3
t=890859  fraction=0.59000  peak_slope=4.001e-06  t_peak=325948  comparison cadence=651897  difference=0.54000  below=0/3
t=935852  fraction=0.57000  peak_slope=5.001e-06  t_peak=371941  comparison cadence=743882  difference=0.56000  below=0/3
t=891859  fraction=0.59000  peak_slope=4.001e-06  t_peak=325948  comparison cadence=651897  difference=0.54000  below=0/3
t=936852  fraction=0.57000  peak_slope=5.001e-06  t_peak=371941  comparison cadence=743882  difference=0.56000  below=0/3
t=892859  fraction=0.59000  peak_slope=4.001e-06  t_peak=325948  comparison cadence=651897  difference=0.53000  below=0/3
t=937852  fraction=0.57000  peak_slope=5.001e-06  t_peak=371941  comparison cadence=743882  difference=0.56000  below=0/3
t=893859  fraction=0.59000  peak_slope=4.001e-06  t_peak=325948  comparison cadence=651897  difference=0.52500  below=0/3
t=938852  fraction=0.57000  peak_slope=5.001e-06  t_peak=371941  comparison cadence=743882  difference=0.56000  below=0/3
t=894859  fraction=0.59000  peak_slope=4.001e-06  t_peak=325948  comparison cadence=651897  difference=0.52500  below=0/3
t=939851  fraction=0.57000  peak_slope=5.001e-06  t_peak=371941  comparison cadence=743882  difference=0.56000  below=0/3
t=895858  fraction=0.59000  peak_slope=4.001e-06  t_peak=325948  comparison cadence=651897  difference=0.52500  below=0/3
t=940851  fraction=0.57000  peak_slope=5.001e-06  t_peak=371941  comparison cadence=743882  difference=0.56000  below=0/3
t=896858  fraction=0.59000  peak_slope=4.001e-06  t_peak=325948  comparison cadence=651897  difference=0.52500  below=0/3
t=941851  fraction=0.57000  peak_slope=5.001e-06  t_peak=371941  comparison cadence=743882  difference=0.56000  below=0/3
t=897858  fraction=0.59000  peak_slope=4.001e-06  t_peak=325948  comparison cadence=651897  difference=0.52500  below=0/3
t=942851  fraction=0.57000  peak_slope=5.001e-06  t_peak=371941  comparison cadence=743882  difference=0.56000  below=0/3
t=898858  fraction=0.59000  peak_slope=4.001e-06  t_peak=325948  comparison cadence=651897  difference=0.52000  below=0/3
t=943851  fraction=0.57000  peak_slope=5.001e-06  t_peak=371941  comparison cadence=743882  difference=0.56000  below=0/3
t=899858  fraction=0.59000  peak_slope=4.001e-06  t_peak=325948  comparison cadence=651897  difference=0.52000  below=0/3
t=944851  fraction=0.57000  peak_slope=5.001e-06  t_peak=371941  comparison cadence=743882  difference=0.56000  below=0/3
t=900858  fraction=0.59000  peak_slope=4.001e-06  t_peak=325948  comparison cadence=651897  difference=0.51500  below=0/3
t=945850  fraction=0.57000  peak_slope=5.001e-06  t_peak=371941  comparison cadence=743882  difference=0.56000  below=0/3
t=901857  fraction=0.59000  peak_slope=4.001e-06  t_peak=325948  comparison cadence=651897  difference=0.51500  below=0/3
t=946850  fraction=0.57000  peak_slope=5.001e-06  t_peak=371941  comparison cadence=743882  difference=0.56000  below=0/3
t=902857  fraction=0.59000  peak_slope=4.001e-06  t_peak=325948  comparison cadence=651897  difference=0.51500  below=0/3
t=947850  fraction=0.57000  peak_slope=5.001e-06  t_peak=371941  comparison cadence=743882  difference=0.56000  below=0/3
t=903857  fraction=0.59000  peak_slope=4.001e-06  t_peak=325948  comparison cadence=651897  difference=0.51500  below=0/3
t=948850  fraction=0.57000  peak_slope=5.001e-06  t_peak=371941  comparison cadence=743882  difference=0.56000  below=0/3
t=904857  fraction=0.59000  peak_slope=4.001e-06  t_peak=325948  comparison cadence=651897  difference=0.51500  below=0/3
t=949850  fraction=0.57000  peak_slope=5.001e-06  t_peak=371941  comparison cadence=743882  difference=0.56000  below=0/3
t=905857  fraction=0.59500  peak_slope=4.001e-06  t_peak=325948  comparison cadence=651897  difference=0.51500  below=0/3
t=950850  fraction=0.57000  peak_slope=5.001e-06  t_peak=371941  comparison cadence=743882  difference=0.56000  below=0/3
t=906857  fraction=0.59500  peak_slope=4.001e-06  t_peak=325948  comparison cadence=651897  difference=0.51500  below=0/3
t=951850  fraction=0.57000  peak_slope=5.001e-06  t_peak=371941  comparison cadence=743882  difference=0.55500  below=0/3
t=907856  fraction=0.59500  peak_slope=4.001e-06  t_peak=325948  comparison cadence=651897  difference=0.51500  below=0/3
t=952849  fraction=0.57500  peak_slope=5.001e-06  t_peak=371941  comparison cadence=743882  difference=0.56000  below=0/3
t=953849  fraction=0.57500  peak_slope=5.001e-06  t_peak=371941  comparison cadence=743882  difference=0.55500  below=0/3
t=908856  fraction=0.59500  peak_slope=4.001e-06  t_peak=325948  comparison cadence=651897  difference=0.51000  below=0/3
t=954849  fraction=0.57500  peak_slope=5.001e-06  t_peak=371941  comparison cadence=743882  difference=0.55500  below=0/3
t=909856  fraction=0.59500  peak_slope=4.001e-06  t_peak=325948  comparison cadence=651897  difference=0.51000  below=0/3
t=955849  fraction=0.57500  peak_slope=5.001e-06  t_peak=371941  comparison cadence=743882  difference=0.55000  below=0/3
t=910856  fraction=0.59500  peak_slope=4.001e-06  t_peak=325948  comparison cadence=651897  difference=0.51000  below=0/3
t=956849  fraction=0.57500  peak_slope=5.001e-06  t_peak=371941  comparison cadence=743882  difference=0.55000  below=0/3
t=911856  fraction=0.59500  peak_slope=4.001e-06  t_peak=325948  comparison cadence=651897  difference=0.51000  below=0/3
t=957849  fraction=0.57500  peak_slope=5.001e-06  t_peak=371941  comparison cadence=743882  difference=0.55000  below=0/3
t=912856  fraction=0.59500  peak_slope=4.001e-06  t_peak=325948  comparison cadence=651897  difference=0.51000  below=0/3
t=958848  fraction=0.57500  peak_slope=5.001e-06  t_peak=371941  comparison cadence=743882  difference=0.55000  below=0/3
t=913856  fraction=0.59500  peak_slope=4.001e-06  t_peak=325948  comparison cadence=651897  difference=0.51000  below=0/3
t=959848  fraction=0.57500  peak_slope=5.001e-06  t_peak=371941  comparison cadence=743882  difference=0.55000  below=0/3
t=914855  fraction=0.59500  peak_slope=4.001e-06  t_peak=325948  comparison cadence=651897  difference=0.51000  below=0/3
t=960848  fraction=0.57500  peak_slope=5.001e-06  t_peak=371941  comparison cadence=743882  difference=0.55000  below=0/3
t=915855  fraction=0.59500  peak_slope=4.001e-06  t_peak=325948  comparison cadence=651897  difference=0.51000  below=0/3
t=961848  fraction=0.57500  peak_slope=5.001e-06  t_peak=371941  comparison cadence=743882  difference=0.55000  below=0/3
t=916855  fraction=0.59500  peak_slope=4.001e-06  t_peak=325948  comparison cadence=651897  difference=0.50000  below=0/3
t=962848  fraction=0.57500  peak_slope=5.001e-06  t_peak=371941  comparison cadence=743882  difference=0.55000  below=0/3
t=917855  fraction=0.59500  peak_slope=4.001e-06  t_peak=325948  comparison cadence=651897  difference=0.49500  below=0/3
t=963848  fraction=0.57500  peak_slope=5.001e-06  t_peak=371941  comparison cadence=743882  difference=0.55000  below=0/3
t=918855  fraction=0.59500  peak_slope=4.001e-06  t_peak=325948  comparison cadence=651897  difference=0.49500  below=0/3
t=964847  fraction=0.57500  peak_slope=5.001e-06  t_peak=371941  comparison cadence=743882  difference=0.55000  below=0/3
t=919855  fraction=0.59500  peak_slope=4.001e-06  t_peak=325948  comparison cadence=651897  difference=0.49500  below=0/3
t=965847  fraction=0.57500  peak_slope=5.001e-06  t_peak=371941  comparison cadence=743882  difference=0.54500  below=0/3
t=920854  fraction=0.59500  peak_slope=4.001e-06  t_peak=325948  comparison cadence=651897  difference=0.49500  below=0/3
t=966847  fraction=0.57500  peak_slope=5.001e-06  t_peak=371941  comparison cadence=743882  difference=0.54000  below=0/3
t=921854  fraction=0.59500  peak_slope=4.001e-06  t_peak=325948  comparison cadence=651897  difference=0.49500  below=0/3
t=967847  fraction=0.57500  peak_slope=5.001e-06  t_peak=371941  comparison cadence=743882  difference=0.54000  below=0/3
t=922854  fraction=0.59500  peak_slope=4.001e-06  t_peak=325948  comparison cadence=651897  difference=0.49000  below=0/3
t=968847  fraction=0.57500  peak_slope=5.001e-06  t_peak=371941  comparison cadence=743882  difference=0.54000  below=0/3
t=923854  fraction=0.59500  peak_slope=4.001e-06  t_peak=325948  comparison cadence=651897  difference=0.49000  below=0/3
t=969847  fraction=0.57500  peak_slope=5.001e-06  t_peak=371941  comparison cadence=743882  difference=0.54000  below=0/3
t=924854  fraction=0.59500  peak_slope=4.001e-06  t_peak=325948  comparison cadence=651897  difference=0.48500  below=0/3
t=970847  fraction=0.57500  peak_slope=5.001e-06  t_peak=371941  comparison cadence=743882  difference=0.54000  below=0/3
t=925854  fraction=0.59500  peak_slope=4.001e-06  t_peak=325948  comparison cadence=651897  difference=0.48500  below=0/3
t=971846  fraction=0.57500  peak_slope=5.001e-06  t_peak=371941  comparison cadence=743882  difference=0.53500  below=0/3
t=926853  fraction=0.59500  peak_slope=4.001e-06  t_peak=325948  comparison cadence=651897  difference=0.48500  below=0/3
t=972846  fraction=0.57500  peak_slope=5.001e-06  t_peak=371941  comparison cadence=743882  difference=0.53500  below=0/3
t=927853  fraction=0.59500  peak_slope=4.001e-06  t_peak=325948  comparison cadence=651897  difference=0.48000  below=0/3
t=973846  fraction=0.57500  peak_slope=5.001e-06  t_peak=371941  comparison cadence=743882  difference=0.53500  below=0/3
t=928853  fraction=0.59500  peak_slope=4.001e-06  t_peak=325948  comparison cadence=651897  difference=0.48000  below=0/3
t=974846  fraction=0.57500  peak_slope=5.001e-06  t_peak=371941  comparison cadence=743882  difference=0.53500  below=0/3
t=975846  fraction=0.57500  peak_slope=5.001e-06  t_peak=371941  comparison cadence=743882  difference=0.53500  below=0/3
t=929853  fraction=0.59500  peak_slope=4.001e-06  t_peak=325948  comparison cadence=651897  difference=0.47500  below=0/3
t=976846  fraction=0.57500  peak_slope=5.001e-06  t_peak=371941  comparison cadence=743882  difference=0.53500  below=0/3
t=930853  fraction=0.59500  peak_slope=4.001e-06  t_peak=325948  comparison cadence=651897  difference=0.47500  below=0/3
t=977845  fraction=0.57500  peak_slope=5.001e-06  t_peak=371941  comparison cadence=743882  difference=0.53500  below=0/3
t=931853  fraction=0.59500  peak_slope=4.001e-06  t_peak=325948  comparison cadence=651897  difference=0.47500  below=0/3
t=978845  fraction=0.57500  peak_slope=5.001e-06  t_peak=371941  comparison cadence=743882  difference=0.53000  below=0/3
t=932853  fraction=0.59500  peak_slope=4.001e-06  t_peak=325948  comparison cadence=651897  difference=0.47500  below=0/3
t=979845  fraction=0.57500  peak_slope=5.001e-06  t_peak=371941  comparison cadence=743882  difference=0.53000  below=0/3
t=933852  fraction=0.59500  peak_slope=4.001e-06  t_peak=325948  comparison cadence=651897  difference=0.47500  below=0/3
t=980845  fraction=0.57500  peak_slope=5.001e-06  t_peak=371941  comparison cadence=743882  difference=0.53000  below=0/3
t=934852  fraction=0.59500  peak_slope=4.001e-06  t_peak=325948  comparison cadence=651897  difference=0.47500  below=0/3
t=981845  fraction=0.57500  peak_slope=5.001e-06  t_peak=371941  comparison cadence=743882  difference=0.53000  below=0/3
t=935852  fraction=0.59500  peak_slope=4.001e-06  t_peak=325948  comparison cadence=651897  difference=0.47500  below=0/3
t=982845  fraction=0.57500  peak_slope=5.001e-06  t_peak=371941  comparison cadence=743882  difference=0.53000  below=0/3
t=936852  fraction=0.59500  peak_slope=4.001e-06  t_peak=325948  comparison cadence=651897  difference=0.47500  below=0/3
t=983844  fraction=0.57500  peak_slope=5.001e-06  t_peak=371941  comparison cadence=743882  difference=0.53000  below=0/3
t=937852  fraction=0.59500  peak_slope=4.001e-06  t_peak=325948  comparison cadence=651897  difference=0.47500  below=0/3
t=984844  fraction=0.57500  peak_slope=5.001e-06  t_peak=371941  comparison cadence=743882  difference=0.53000  below=0/3
t=938852  fraction=0.59500  peak_slope=4.001e-06  t_peak=325948  comparison cadence=651897  difference=0.47000  below=0/3
t=985844  fraction=0.57500  peak_slope=5.001e-06  t_peak=371941  comparison cadence=743882  difference=0.53000  below=0/3
t=939851  fraction=0.59500  peak_slope=4.001e-06  t_peak=325948  comparison cadence=651897  difference=0.47000  below=0/3
t=986844  fraction=0.58000  peak_slope=5.001e-06  t_peak=371941  comparison cadence=743882  difference=0.53500  below=0/3
t=940851  fraction=0.59500  peak_slope=4.001e-06  t_peak=325948  comparison cadence=651897  difference=0.46500  below=0/3
t=987844  fraction=0.58000  peak_slope=5.001e-06  t_peak=371941  comparison cadence=743882  difference=0.53500  below=0/3
t=941851  fraction=0.59500  peak_slope=4.001e-06  t_peak=325948  comparison cadence=651897  difference=0.46500  below=0/3
t=988844  fraction=0.58000  peak_slope=5.001e-06  t_peak=371941  comparison cadence=743882  difference=0.53500  below=0/3
t=942851  fraction=0.59500  peak_slope=4.001e-06  t_peak=325948  comparison cadence=651897  difference=0.46500  below=0/3
t=989844  fraction=0.58000  peak_slope=5.001e-06  t_peak=371941  comparison cadence=743882  difference=0.53500  below=0/3
t=943851  fraction=0.59500  peak_slope=4.001e-06  t_peak=325948  comparison cadence=651897  difference=0.46500  below=0/3
t=990843  fraction=0.58000  peak_slope=5.001e-06  t_peak=371941  comparison cadence=743882  difference=0.53000  below=0/3
t=944851  fraction=0.59500  peak_slope=4.001e-06  t_peak=325948  comparison cadence=651897  difference=0.46500  below=0/3
t=991843  fraction=0.58000  peak_slope=5.001e-06  t_peak=371941  comparison cadence=743882  difference=0.53000  below=0/3
t=945850  fraction=0.59500  peak_slope=4.001e-06  t_peak=325948  comparison cadence=651897  difference=0.46000  below=0/3
t=992843  fraction=0.58000  peak_slope=5.001e-06  t_peak=371941  comparison cadence=743882  difference=0.53000  below=0/3
t=946850  fraction=0.59500  peak_slope=4.001e-06  t_peak=325948  comparison cadence=651897  difference=0.46000  below=0/3
t=993843  fraction=0.58000  peak_slope=5.001e-06  t_peak=371941  comparison cadence=743882  difference=0.53000  below=0/3
t=947850  fraction=0.59500  peak_slope=4.001e-06  t_peak=325948  comparison cadence=651897  difference=0.46000  below=0/3
t=994843  fraction=0.58000  peak_slope=5.001e-06  t_peak=371941  comparison cadence=743882  difference=0.53000  below=0/3
t=948850  fraction=0.59500  peak_slope=4.001e-06  t_peak=325948  comparison cadence=651897  difference=0.46000  below=0/3
t=995843  fraction=0.58000  peak_slope=5.001e-06  t_peak=371941  comparison cadence=743882  difference=0.53000  below=0/3
t=949850  fraction=0.59500  peak_slope=4.001e-06  t_peak=325948  comparison cadence=651897  difference=0.46000  below=0/3
t=996842  fraction=0.58000  peak_slope=5.001e-06  t_peak=371941  comparison cadence=743882  difference=0.53000  below=0/3
t=950850  fraction=0.59500  peak_slope=4.001e-06  t_peak=325948  comparison cadence=651897  difference=0.46000  below=0/3
t=997842  fraction=0.58500  peak_slope=5.001e-06  t_peak=371941  comparison cadence=743882  difference=0.53500  below=0/3
t=951850  fraction=0.59500  peak_slope=4.001e-06  t_peak=325948  comparison cadence=651897  difference=0.46000  below=0/3
t=998842  fraction=0.58500  peak_slope=5.001e-06  t_peak=371941  comparison cadence=743882  difference=0.53500  below=0/3
t=999842  fraction=0.58500  peak_slope=5.001e-06  t_peak=371941  comparison cadence=743882  difference=0.53500  below=0/3
t=952849  fraction=0.59500  peak_slope=4.001e-06  t_peak=325948  comparison cadence=651897  difference=0.46000  below=0/3
t=1000842  fraction=0.58500  peak_slope=5.001e-06  t_peak=371941  comparison cadence=743882  difference=0.53500  below=0/3
t=953849  fraction=0.59500  peak_slope=4.001e-06  t_peak=325948  comparison cadence=651897  difference=0.46000  below=0/3
t=1001842  fraction=0.58500  peak_slope=5.001e-06  t_peak=371941  comparison cadence=743882  difference=0.53500  below=0/3
t=954849  fraction=0.59500  peak_slope=4.001e-06  t_peak=325948  comparison cadence=651897  difference=0.45500  below=0/3
t=1002841  fraction=0.58500  peak_slope=5.001e-06  t_peak=371941  comparison cadence=743882  difference=0.53500  below=0/3
t=955849  fraction=0.59500  peak_slope=4.001e-06  t_peak=325948  comparison cadence=651897  difference=0.45500  below=0/3
t=1003841  fraction=0.58500  peak_slope=5.001e-06  t_peak=371941  comparison cadence=743882  difference=0.53500  below=0/3
t=956849  fraction=0.59500  peak_slope=4.001e-06  t_peak=325948  comparison cadence=651897  difference=0.45500  below=0/3
t=1004841  fraction=0.59000  peak_slope=5.001e-06  t_peak=371941  comparison cadence=743882  difference=0.54000  below=0/3
t=957849  fraction=0.59500  peak_slope=4.001e-06  t_peak=325948  comparison cadence=651897  difference=0.45500  below=0/3
t=1005841  fraction=0.59000  peak_slope=5.001e-06  t_peak=371941  comparison cadence=743882  difference=0.54000  below=0/3
t=958848  fraction=0.59500  peak_slope=4.001e-06  t_peak=325948  comparison cadence=651897  difference=0.45500  below=0/3
t=1006841  fraction=0.59000  peak_slope=5.001e-06  t_peak=371941  comparison cadence=743882  difference=0.53500  below=0/3
t=959848  fraction=0.59500  peak_slope=4.001e-06  t_peak=325948  comparison cadence=651897  difference=0.45500  below=0/3
t=1007841  fraction=0.59000  peak_slope=5.001e-06  t_peak=371941  comparison cadence=743882  difference=0.53500  below=0/3
t=960848  fraction=0.59500  peak_slope=4.001e-06  t_peak=325948  comparison cadence=651897  difference=0.45500  below=0/3
t=1008841  fraction=0.59000  peak_slope=5.001e-06  t_peak=371941  comparison cadence=743882  difference=0.53500  below=0/3
t=961848  fraction=0.59500  peak_slope=4.001e-06  t_peak=325948  comparison cadence=651897  difference=0.45500  below=0/3
t=1009840  fraction=0.59000  peak_slope=5.001e-06  t_peak=371941  comparison cadence=743882  difference=0.53500  below=0/3
t=962848  fraction=0.59500  peak_slope=4.001e-06  t_peak=325948  comparison cadence=651897  difference=0.45500  below=0/3
t=1010840  fraction=0.59000  peak_slope=5.001e-06  t_peak=371941  comparison cadence=743882  difference=0.53500  below=0/3
t=963848  fraction=0.59500  peak_slope=4.001e-06  t_peak=325948  comparison cadence=651897  difference=0.45500  below=0/3
t=1011840  fraction=0.59000  peak_slope=5.001e-06  t_peak=371941  comparison cadence=743882  difference=0.53500  below=0/3
t=964847  fraction=0.59500  peak_slope=4.001e-06  t_peak=325948  comparison cadence=651897  difference=0.45500  below=0/3
t=1012840  fraction=0.59000  peak_slope=5.001e-06  t_peak=371941  comparison cadence=743882  difference=0.53500  below=0/3
t=965847  fraction=0.59500  peak_slope=4.001e-06  t_peak=325948  comparison cadence=651897  difference=0.45500  below=0/3
t=1013840  fraction=0.59500  peak_slope=5.001e-06  t_peak=371941  comparison cadence=743882  difference=0.54000  below=0/3
t=966847  fraction=0.59500  peak_slope=4.001e-06  t_peak=325948  comparison cadence=651897  difference=0.45500  below=0/3
t=1014840  fraction=0.59500  peak_slope=5.001e-06  t_peak=371941  comparison cadence=743882  difference=0.54000  below=0/3
t=967847  fraction=0.59500  peak_slope=4.001e-06  t_peak=325948  comparison cadence=651897  difference=0.45500  below=0/3
t=1015839  fraction=0.59500  peak_slope=5.001e-06  t_peak=371941  comparison cadence=743882  difference=0.54000  below=0/3
t=968847  fraction=0.59500  peak_slope=4.001e-06  t_peak=325948  comparison cadence=651897  difference=0.45500  below=0/3
t=1016839  fraction=0.59500  peak_slope=5.001e-06  t_peak=371941  comparison cadence=743882  difference=0.53500  below=0/3
t=969847  fraction=0.59500  peak_slope=4.001e-06  t_peak=325948  comparison cadence=651897  difference=0.45500  below=0/3
t=1017839  fraction=0.59500  peak_slope=5.001e-06  t_peak=371941  comparison cadence=743882  difference=0.53000  below=0/3
t=970847  fraction=0.59500  peak_slope=4.001e-06  t_peak=325948  comparison cadence=651897  difference=0.45500  below=0/3
t=1018839  fraction=0.59500  peak_slope=5.001e-06  t_peak=371941  comparison cadence=743882  difference=0.53000  below=0/3
t=971846  fraction=0.59500  peak_slope=4.001e-06  t_peak=325948  comparison cadence=651897  difference=0.45500  below=0/3
t=1019839  fraction=0.59500  peak_slope=5.001e-06  t_peak=371941  comparison cadence=743882  difference=0.53000  below=0/3
t=972846  fraction=0.59500  peak_slope=4.001e-06  t_peak=325948  comparison cadence=651897  difference=0.45500  below=0/3
t=1020839  fraction=0.59500  peak_slope=5.001e-06  t_peak=371941  comparison cadence=743882  difference=0.52500  below=0/3
t=1021838  fraction=0.59500  peak_slope=5.001e-06  t_peak=371941  comparison cadence=743882  difference=0.52500  below=0/3
t=973846  fraction=0.59500  peak_slope=4.001e-06  t_peak=325948  comparison cadence=651897  difference=0.45500  below=0/3
t=1022838  fraction=0.59500  peak_slope=5.001e-06  t_peak=371941  comparison cadence=743882  difference=0.52500  below=0/3
t=974846  fraction=0.59500  peak_slope=4.001e-06  t_peak=325948  comparison cadence=651897  difference=0.45000  below=0/3
t=1023838  fraction=0.59500  peak_slope=5.001e-06  t_peak=371941  comparison cadence=743882  difference=0.52500  below=0/3
t=975846  fraction=0.59500  peak_slope=4.001e-06  t_peak=325948  comparison cadence=651897  difference=0.45000  below=0/3
t=1024838  fraction=0.59500  peak_slope=5.001e-06  t_peak=371941  comparison cadence=743882  difference=0.52500  below=0/3
t=976846  fraction=0.59500  peak_slope=4.001e-06  t_peak=325948  comparison cadence=651897  difference=0.44000  below=0/3
t=1025838  fraction=0.59500  peak_slope=5.001e-06  t_peak=371941  comparison cadence=743882  difference=0.52500  below=0/3
t=977845  fraction=0.60000  peak_slope=4.001e-06  t_peak=325948  comparison cadence=651897  difference=0.44000  below=0/3
t=1026838  fraction=0.59500  peak_slope=5.001e-06  t_peak=371941  comparison cadence=743882  difference=0.52500  below=0/3
t=978845  fraction=0.60000  peak_slope=4.001e-06  t_peak=325948  comparison cadence=651897  difference=0.44000  below=0/3
t=1027837  fraction=0.59500  peak_slope=5.001e-06  t_peak=371941  comparison cadence=743882  difference=0.52500  below=0/3
t=979845  fraction=0.60000  peak_slope=4.001e-06  t_peak=325948  comparison cadence=651897  difference=0.44000  below=0/3
t=1028837  fraction=0.59500  peak_slope=5.001e-06  t_peak=371941  comparison cadence=743882  difference=0.52500  below=0/3
t=980845  fraction=0.60000  peak_slope=4.001e-06  t_peak=325948  comparison cadence=651897  difference=0.44000  below=0/3
t=1029837  fraction=0.59500  peak_slope=5.001e-06  t_peak=371941  comparison cadence=743882  difference=0.52500  below=0/3
t=981845  fraction=0.60000  peak_slope=4.001e-06  t_peak=325948  comparison cadence=651897  difference=0.44000  below=0/3
t=1030837  fraction=0.60000  peak_slope=5.001e-06  t_peak=371941  comparison cadence=743882  difference=0.53000  below=0/3
t=982845  fraction=0.60500  peak_slope=4.001e-06  t_peak=325948  comparison cadence=651897  difference=0.44500  below=0/3
t=1031837  fraction=0.60000  peak_slope=5.001e-06  t_peak=371941  comparison cadence=743882  difference=0.52500  below=0/3
t=983844  fraction=0.60500  peak_slope=4.001e-06  t_peak=325948  comparison cadence=651897  difference=0.44500  below=0/3
t=1032837  fraction=0.60000  peak_slope=5.001e-06  t_peak=371941  comparison cadence=743882  difference=0.52500  below=0/3
t=984844  fraction=0.60500  peak_slope=4.001e-06  t_peak=325948  comparison cadence=651897  difference=0.44500  below=0/3
t=1033837  fraction=0.60000  peak_slope=5.001e-06  t_peak=371941  comparison cadence=743882  difference=0.52500  below=0/3
t=985844  fraction=0.60500  peak_slope=4.001e-06  t_peak=325948  comparison cadence=651897  difference=0.44500  below=0/3
t=1034836  fraction=0.60000  peak_slope=5.001e-06  t_peak=371941  comparison cadence=743882  difference=0.52500  below=0/3
t=986844  fraction=0.60500  peak_slope=4.001e-06  t_peak=325948  comparison cadence=651897  difference=0.44500  below=0/3
t=1035836  fraction=0.60000  peak_slope=5.001e-06  t_peak=371941  comparison cadence=743882  difference=0.52500  below=0/3
t=987844  fraction=0.60500  peak_slope=4.001e-06  t_peak=325948  comparison cadence=651897  difference=0.44500  below=0/3
t=1036836  fraction=0.60000  peak_slope=5.001e-06  t_peak=371941  comparison cadence=743882  difference=0.52500  below=0/3
t=988844  fraction=0.60500  peak_slope=4.001e-06  t_peak=325948  comparison cadence=651897  difference=0.44500  below=0/3
t=1037836  fraction=0.60000  peak_slope=5.001e-06  t_peak=371941  comparison cadence=743882  difference=0.52500  below=0/3
t=989844  fraction=0.60500  peak_slope=4.001e-06  t_peak=325948  comparison cadence=651897  difference=0.44500  below=0/3
t=1038836  fraction=0.60000  peak_slope=5.001e-06  t_peak=371941  comparison cadence=743882  difference=0.52500  below=0/3
t=990843  fraction=0.60500  peak_slope=4.001e-06  t_peak=325948  comparison cadence=651897  difference=0.44500  below=0/3
t=1009840  fraction=0.61500  peak_slope=5.001e-06  t_peak=504920  comparison cadence=1009840  difference=0.61500  below=0/3
t=1039836  fraction=0.60000  peak_slope=5.001e-06  t_peak=371941  comparison cadence=743882  difference=0.52500  below=0/3
t=991843  fraction=0.60500  peak_slope=4.001e-06  t_peak=325948  comparison cadence=651897  difference=0.44500  below=0/3
t=1010840  fraction=0.61500  peak_slope=5.001e-06  t_peak=504920  comparison cadence=1009840  difference=0.61500  below=0/3
t=1040835  fraction=0.60000  peak_slope=5.001e-06  t_peak=371941  comparison cadence=743882  difference=0.52500  below=0/3
t=992843  fraction=0.60500  peak_slope=4.001e-06  t_peak=325948  comparison cadence=651897  difference=0.44500  below=0/3
t=1011840  fraction=0.61500  peak_slope=5.001e-06  t_peak=504920  comparison cadence=1009840  difference=0.61500  below=0/3
t=1041835  fraction=0.60000  peak_slope=5.001e-06  t_peak=371941  comparison cadence=743882  difference=0.52500  below=0/3
t=993843  fraction=0.60500  peak_slope=4.001e-06  t_peak=325948  comparison cadence=651897  difference=0.44500  below=0/3
t=1012840  fraction=0.61500  peak_slope=5.001e-06  t_peak=504920  comparison cadence=1009840  difference=0.61500  below=0/3
t=1042835  fraction=0.60500  peak_slope=5.001e-06  t_peak=371941  comparison cadence=743882  difference=0.53000  below=0/3
t=994843  fraction=0.61000  peak_slope=4.001e-06  t_peak=325948  comparison cadence=651897  difference=0.44500  below=0/3
t=1013840  fraction=0.61500  peak_slope=5.001e-06  t_peak=504920  comparison cadence=1009840  difference=0.61500  below=0/3
t=1043835  fraction=0.60500  peak_slope=5.001e-06  t_peak=371941  comparison cadence=743882  difference=0.53000  below=0/3
t=995843  fraction=0.61000  peak_slope=4.001e-06  t_peak=325948  comparison cadence=651897  difference=0.44500  below=0/3
t=1014840  fraction=0.61500  peak_slope=5.001e-06  t_peak=504920  comparison cadence=1009840  difference=0.61500  below=0/3
t=1044835  fraction=0.60500  peak_slope=5.001e-06  t_peak=371941  comparison cadence=743882  difference=0.53000  below=0/3
t=996842  fraction=0.61000  peak_slope=4.001e-06  t_peak=325948  comparison cadence=651897  difference=0.44000  below=0/3
t=1015839  fraction=0.61500  peak_slope=5.001e-06  t_peak=504920  comparison cadence=1009840  difference=0.61500  below=0/3
t=1045835  fraction=0.60500  peak_slope=5.001e-06  t_peak=371941  comparison cadence=743882  difference=0.53000  below=0/3
t=997842  fraction=0.61000  peak_slope=4.001e-06  t_peak=325948  comparison cadence=651897  difference=0.44000  below=0/3
t=1016839  fraction=0.61500  peak_slope=5.001e-06  t_peak=504920  comparison cadence=1009840  difference=0.61500  below=0/3
t=1046834  fraction=0.60500  peak_slope=5.001e-06  t_peak=371941  comparison cadence=743882  difference=0.53000  below=0/3
t=1017839  fraction=0.61500  peak_slope=5.001e-06  t_peak=504920  comparison cadence=1009840  difference=0.61500  below=0/3
t=998842  fraction=0.61000  peak_slope=4.001e-06  t_peak=325948  comparison cadence=651897  difference=0.44000  below=0/3
t=1047834  fraction=0.60500  peak_slope=5.001e-06  t_peak=371941  comparison cadence=743882  difference=0.53000  below=0/3
t=1018839  fraction=0.62000  peak_slope=5.001e-06  t_peak=504920  comparison cadence=1009840  difference=0.62000  below=0/3
t=999842  fraction=0.61000  peak_slope=4.001e-06  t_peak=325948  comparison cadence=651897  difference=0.44000  below=0/3
t=1048834  fraction=0.60500  peak_slope=5.001e-06  t_peak=371941  comparison cadence=743882  difference=0.53000  below=0/3
t=1019839  fraction=0.62000  peak_slope=5.001e-06  t_peak=504920  comparison cadence=1009840  difference=0.62000  below=0/3
t=1000842  fraction=0.61000  peak_slope=4.001e-06  t_peak=325948  comparison cadence=651897  difference=0.44000  below=0/3
t=1049834  fraction=0.60500  peak_slope=5.001e-06  t_peak=371941  comparison cadence=743882  difference=0.53000  below=0/3
t=1020839  fraction=0.62000  peak_slope=5.001e-06  t_peak=504920  comparison cadence=1009840  difference=0.62000  below=0/3
t=1001842  fraction=0.61000  peak_slope=4.001e-06  t_peak=325948  comparison cadence=651897  difference=0.44000  below=0/3
t=1050834  fraction=0.60500  peak_slope=5.001e-06  t_peak=371941  comparison cadence=743882  difference=0.53000  below=0/3
t=1021838  fraction=0.62000  peak_slope=5.001e-06  t_peak=504920  comparison cadence=1009840  difference=0.62000  below=0/3
t=1002841  fraction=0.61000  peak_slope=4.001e-06  t_peak=325948  comparison cadence=651897  difference=0.44000  below=0/3
t=1051834  fraction=0.60500  peak_slope=5.001e-06  t_peak=371941  comparison cadence=743882  difference=0.53000  below=0/3
t=1022838  fraction=0.62000  peak_slope=5.001e-06  t_peak=504920  comparison cadence=1009840  difference=0.62000  below=0/3
t=1003841  fraction=0.61000  peak_slope=4.001e-06  t_peak=325948  comparison cadence=651897  difference=0.43500  below=0/3
t=1052834  fraction=0.60500  peak_slope=5.001e-06  t_peak=371941  comparison cadence=743882  difference=0.53000  below=0/3
t=1023838  fraction=0.62000  peak_slope=5.001e-06  t_peak=504920  comparison cadence=1009840  difference=0.62000  below=0/3
t=1053833  fraction=0.60500  peak_slope=5.001e-06  t_peak=371941  comparison cadence=743882  difference=0.53000  below=0/3
t=1004841  fraction=0.61000  peak_slope=4.001e-06  t_peak=325948  comparison cadence=651897  difference=0.43000  below=0/3
t=1024838  fraction=0.62000  peak_slope=5.001e-06  t_peak=504920  comparison cadence=1009840  difference=0.62000  below=0/3
t=1054833  fraction=0.60500  peak_slope=5.001e-06  t_peak=371941  comparison cadence=743882  difference=0.51500  below=0/3
t=1005841  fraction=0.61000  peak_slope=4.001e-06  t_peak=325948  comparison cadence=651897  difference=0.43000  below=0/3
t=1025838  fraction=0.62000  peak_slope=5.001e-06  t_peak=504920  comparison cadence=1009840  difference=0.62000  below=0/3
t=1055833  fraction=0.61000  peak_slope=5.001e-06  t_peak=371941  comparison cadence=743882  difference=0.52000  below=0/3
t=1006841  fraction=0.61000  peak_slope=4.001e-06  t_peak=325948  comparison cadence=651897  difference=0.43000  below=0/3
t=1026838  fraction=0.62000  peak_slope=5.001e-06  t_peak=504920  comparison cadence=1009840  difference=0.62000  below=0/3
t=1056833  fraction=0.61000  peak_slope=5.001e-06  t_peak=371941  comparison cadence=743882  difference=0.51500  below=0/3
t=1007841  fraction=0.61000  peak_slope=4.001e-06  t_peak=325948  comparison cadence=651897  difference=0.42500  below=0/3
t=1027837  fraction=0.62000  peak_slope=5.001e-06  t_peak=504920  comparison cadence=1009840  difference=0.62000  below=0/3
t=1057833  fraction=0.61000  peak_slope=5.001e-06  t_peak=371941  comparison cadence=743882  difference=0.51500  below=0/3
t=1008841  fraction=0.61000  peak_slope=4.001e-06  t_peak=325948  comparison cadence=651897  difference=0.42500  below=0/3
t=1028837  fraction=0.62500  peak_slope=5.001e-06  t_peak=504920  comparison cadence=1009840  difference=0.62500  below=0/3
t=1058833  fraction=0.61000  peak_slope=5.001e-06  t_peak=371941  comparison cadence=743882  difference=0.51500  below=0/3
t=1009840  fraction=0.61000  peak_slope=4.001e-06  t_peak=325948  comparison cadence=651897  difference=0.41500  below=0/3
t=1029837  fraction=0.62500  peak_slope=5.001e-06  t_peak=504920  comparison cadence=1009840  difference=0.62500  below=0/3
t=1059832  fraction=0.61000  peak_slope=5.001e-06  t_peak=371941  comparison cadence=743882  difference=0.51000  below=0/3
t=1010840  fraction=0.61000  peak_slope=4.001e-06  t_peak=325948  comparison cadence=651897  difference=0.41500  below=0/3
t=1060832  fraction=0.61000  peak_slope=5.001e-06  t_peak=371941  comparison cadence=743882  difference=0.50500  below=0/3
t=1030837  fraction=0.62500  peak_slope=5.001e-06  t_peak=504920  comparison cadence=1009840  difference=0.62500  below=0/3
t=1011840  fraction=0.61000  peak_slope=4.001e-06  t_peak=325948  comparison cadence=651897  difference=0.41500  below=0/3
t=1061832  fraction=0.61000  peak_slope=5.001e-06  t_peak=371941  comparison cadence=743882  difference=0.50000  below=0/3
t=1031837  fraction=0.62500  peak_slope=5.001e-06  t_peak=504920  comparison cadence=1009840  difference=0.62500  below=0/3
t=1012840  fraction=0.61000  peak_slope=4.001e-06  t_peak=325948  comparison cadence=651897  difference=0.41500  below=0/3
t=1062832  fraction=0.61000  peak_slope=5.001e-06  t_peak=371941  comparison cadence=743882  difference=0.50000  below=0/3
t=863863  fraction=0.52500  peak_slope=5.001e-06  t_peak=431932  comparison cadence=863863  difference=0.52500  below=0/3
t=1032837  fraction=0.62500  peak_slope=5.001e-06  t_peak=504920  comparison cadence=1009840  difference=0.62500  below=0/3
t=1013840  fraction=0.61000  peak_slope=4.001e-06  t_peak=325948  comparison cadence=651897  difference=0.41500  below=0/3
