==========================================
Mass Fraction MPI Run
==========================================
Date:               Sun Sep 20 01:45:53 CDT 2026
Host:               ac052
Array job ID:       2145693
Array task ID:      4
MPI ranks:          4
CPUs per task:      1
Nodes allocated:    1
Python:             /scratch/user/u.hm357857/.conda/envs/comets/bin/python
Conda environment:  /scratch/user/u.hm357857/.conda/envs/comets
==========================================

13.604422791097072
5.521619365644975
14.008870119506478
8.028690195942847
3.235561655090336
4.816788479374248
3.6937520561543646
3.1556972142532618
5.991063002922252
5.140237613516203
8.063478377284284
12.36218923774385
10.176906196061012
7.214758623707013
5.82830727907783
13.293592288661232
4.240882588482407
2.5483610570534063
3.657070460067465
4.634037977442591
9.911932827603213
8.987581161207384
9.08908867488548
13.487340604430504
10.867155842201296
13.12069652801688
8.62449124516117
7.692154180328471
6.500738339727468
11.201510131305893
8.874077773064357
9.88498496397666
5.899166066910382
5.315358527738607
14.509538408199116
13.379519551355465
6.580416642632283
8.9457992244831
8.91537912308991
14.603768768193127
12.135072534445618
6.964591339118151
5.740140780647913
8.097599430658118
1.4204092095228207
1.5774887096120187
2.2213808365185335
4.868050280755046
9.278739656738228
8.382723272056399
10.513535144058519
6.426009280109152
2.46351697410024
1.570427689063843
2.0297121775037086
3.4071624570324586
1.1280530706247949
1.5331603711159958
1.8452790625862048
4.422074229197356
10.047961312846496
6.353169032335289
8.550894573591957
12.577011518808341
12.277625995359582
7.580302527275471
14.615869194961315
14.810842483955408
2.359702824807654
2.649389461800341
2.8414513647611375
2.933469964869966
8.302704979941105
7.195405362161564
8.52459546310622
7.66963403959751
13.095506710447442
11.805013781423778
10.690857424478459
5.450245961504261
3.730819003980676
3.290043933573831
4.359222200954173
2.480129545767637
9.818822109497258
8.637155615730352
11.9169806874961
9.601498201743727
5.881237651791585
6.654308385407221
6.534145788695805
5.786667232075784
5.8542491770505665
8.44386773506729
7.172009059221317
11.920569704946917
1.6624702366538515
4.627115175511144
3.1709240065543574
3.79434345793406
3.663966228221534
4.285947396663245
1.2604461671358282
4.515927880686797
1.4965282361815802
1.0166908346417323
4.035879245561263
1.398106550050402
2.434572707942131
2.43314798333638
2.6923163117553908
1.422240786552862
2.3215610189208524
2.4389725188174705
3.319029985791989
1.1819398014774785
5.479589088291355
10.38185458411768
12.009109660815238
10.171172873477854
5.164397604925956
10.127239323173184
9.821759269784764
10.81534198236177
5.374223999877841
6.337690629066732
7.078259618711721
10.448677429316003
1.2818964138582514
3.554457786257955
1.5318871959695657
1.5154950970237269
12.591155992141825
5.471178067140954
5.842528556810088
5.907947495394352
11.78384485245554
6.161968257672123
14.563842252679414
10.728584594775493
11.255739510916714
8.106902337004968
10.190298170312662
11.946908408064619
14.117007021252965
14.863718905061578
10.997777368391391
14.654299224790002
2.905523811491629
1.72379761409552
1.415568156267554
2.2876756189651273
1.6469288116840173
3.089206494930477
2.8193401099731257
2.4406702103858033
1.1673683296015183
4.27702097386749
1.8362893985387583
2.692859225482008
6.025906046708075
7.583616726739142
13.330115563476348
9.314580585526162
1.4843704044367225
4.588855482086402
4.739278859865385
1.8585326524280412
11.816225990804455
8.58204613384294
13.027774957940949
14.448175107599047
6.769569177256189
13.902314027827524
9.447175107787386
8.51601023990166
4.217303516659768
2.8554890235525914
4.912301691289913
2.4233007564756197
14.335203128565885
5.918837548657658
8.436339485125437
14.197358472421156
2.5407223614092054
2.620735952769722
2.5324176754801386
1.1863065594999038
2.5342018614967543
1.8869613040404403
2.051893610520792
1.133282752886693
11.30504836392974
13.402686517543485
9.821162830444957
12.72992895887127
8.789039868971283
7.352299436773314
11.69567247758048
8.88813423872093
4.205668324236823
4.348166785624727
1.1867638055725482
3.5838145758701323
4.207461493163951
4.789524658732521
4.8382997336325
3.61077429556091
1.7126147822902014
4.8013966166409485
2.139516753996233
4.158275310830037
1.5509439543791759
4.597797086293453
2.0644036204043283
2.59017950041792
11.526666848700572
14.94201468197559
5.1979138529778615
12.394434709650511
4.608197886400008
3.6904394567248304
1.3212743108914364
2.9760476029385736
11.908946473834835
14.978488865595242
13.253260975055014
11.334949902274175
11.396842494411239
14.106558340079745
8.344564151766829
9.789375167560628
1.9292661531605977
4.239033214081692
3.2619320798226865
2.104802673939038
2.104348825752322
3.937575360807274
2.36293475184674
3.1328015709892596
9.77352506188301
10.391756834356663
8.252021224188855
11.30678599244934
6.437646524948708
12.227781928198159
14.443523851650534
6.8980132408308545
12.686108002314569
7.963515777705056
8.705638049963433
12.933016770223269
11.673435957726316
8.07369444601968
6.4458980624334234
12.188211612746
4.434080043048756
2.0771587918698606
3.7430423027448088
3.1817593366156705
6.4017112937286145
7.761177059756216
13.681072750356083
12.36118428574755
6.835606683252925
9.199258718652667
14.419094137982816
8.933436007653345
4.507995658524061
3.939129579032408
2.3716963470471946
3.725865393049996
6.434819543575177
11.249692321306641
10.784898971758698
5.997241412469383
2.672653597059506
1.2583073973776058
4.29744861242264
4.948553062467947
13.358445286525058
6.135132892003002
13.462676701348913
8.166434699968633
3.513557593171543
2.305161898126344
2.903205878575768
3.4924752936611525
13.945580973472666
12.069092431454706
7.0859570892971435
13.077801762748312
7.454341621986042
12.3236746915035
6.960216737928714
9.941034889898372
12.878605931087211
14.380788372390043
5.506931221423636
11.920087810943684
11.74152888978454
6.827932184019546
8.197435412331672
8.664080626388289
13.419452893812313
6.0850962360120295
6.834830774671746
5.78436264395966
13.751432638832675
6.513095020341334
8.6665644646531
10.914313783106953
13.526553410559112
9.482159069052388
6.729596532706093
13.693462870495747
14.125523094065773
5.29781863174949
8.464624990909051
10.175071584376875
14.252452300491914
7.379035844536981
11.94653718204288
6.843654882642865
10.969816747914468
12.599753519044292
8.608353616947962
7.952909750434366
4.304858079176228
3.2897788403939012
3.9707837832805946
2.1267097858978663
8.339017508350903
12.785096357987502
9.364948822369316
10.33785378425113
1.3943843574218335
1.7338787192461944
1.8365235756246792
3.0423203645726122
2.383726701704156
1.1675972692588452
1.293607515656722
4.334171447377379
11.373989032917898
11.07138350271182
5.110767533959315
7.743978300982216
3.5879933278193623
3.33323159297454
2.4485943018842704
3.049557022588777
4.059728622458694
4.182575769821643
1.0666488556959366
2.7864945004067834
5.021312991489245
9.340528092353113
10.061055763733375
9.233417467861049
9.194494679242112
7.493157857802965
10.608265154776337
10.861257662475541
3.656315644469566
2.1011892318039966
1.7697597085786887
3.707671575722699
2.4643459402474033
1.628782641183291
4.8234909046574845
3.922908235413511
7.146508178256809
9.769178105365116
7.901359426081359
5.599929169709773
7.6804599856352755
14.394040822892123
12.839823289255182
8.226783069731033
1.5351092433186038
2.4756275032547634
4.265942946893732
3.458266878403038
12.253875919415746
9.927574465393159
14.641346076057664
10.278221874564704
3.593115126084213
1.445194535668584
4.762722121380261
1.6570293454263219
2.818940594820016
1.7012978976743054
4.477103341612246
1.8999633445875146
14.392132338481904
7.93254922186538
8.927792326472918
10.948540745361036
7.333181147917215
12.960957484208883
7.608676868984741
14.908834707383045
2.045093691731218
3.337948033543481
3.789383657576083
4.970926830148698
4.103558798005352
2.1606902074268706
2.2626055658075157
4.481101833018816
3.1018903343469657
4.798238972620753
4.153213169849668
4.461738514136735
2.9667420212829154
1.0337256496846017
3.5401829978092043
2.9505466143016554
7.4681799849323465
6.107738820110054
12.758483672332218
8.367682028552661
2.7479654137588945
2.077478533544095
3.78454007438937
1.5848463169141085
2.5612795220091944
1.5924207495260259
3.2092725726011673
2.535343401397091
1.3685691410997505
3.242791495977262
1.8140639185896466
3.8231673209018826
3.689637832068771
1.399956039916605
2.3566714394272985
4.258530609280122
4.183542347975504
4.073206597045857
1.4614830056961283
4.234079374071481
3.880782470891429
3.6038685967110062
3.8789153463245376
2.992246648397889
12.276447266081906
11.640849860657779
7.627406186436172
8.954996128657946
2.704179657520574
1.4408867448954892
1.2732079561231413
4.723774546415001
8.41614252848025
14.85464101583547
11.168878927650574
10.679292018744848
4.185791682516642
1.8005707235084052
1.894097246015094
2.2100281960962205
3.4406950904200544
3.3989834915406365
1.059881918290249
2.2033715020910307
10.971555021635956
8.12684239914847
12.113971820602584
7.786325356551281
13.985955637540096
10.247892203700308
9.160867556220921
10.968886120110113
13.743817914219385
12.438343109392665
11.04610456540432
11.981653456172982
12.347288747932275
7.1635937950771496
12.21082565974006
5.826051381441325
2.9769369333250317
3.4902499992970526
4.988788665290588
4.702175848565419
12.003015918235452
7.124705080346306
6.963678549263417
8.971692420038604
14.370599826236889
10.765036860755718
10.864048258524404
7.241328311297135
11.743384309631757
11.048448587239257
6.597285095776549
12.644380283306205
1.2249961847967898
3.903757754789821
3.5620186356627537
1.6906992673553205
8.170403899848317
11.224827177486091
12.514128423042578
5.982588523362105
2.2530673064365834
1.5286059846232116
2.706476112691479
3.11168634556986
8.321088348745741
11.546766840430518
9.834304862675191
7.38435583560023
1.3664241155272574
4.522759732078576
2.085024247286893
4.0351423990693664
7.7916440569262395
8.90468193133167
11.183529179803841
12.49991274624156
2.2209614703121363
2.1098073500979657
2.663444326501243
4.292599392629656
4.759373459726192
3.4605449890882722
4.200674851867079
4.800276040605034
5.1028934047423355
11.441644623991216
7.314653008322249
9.947438243853458
3.4920908184738932
1.6634070182168523
3.866703585521757
2.7075442366278915
7.227395458506557
13.908092133479732
11.85148597588234
11.37841324255633
10.256743121270924
13.238888111615596
5.364550313213746
13.898693727444641
4.082139262651454
3.0140915624170965
3.520851636635279
1.4706694781876486
2.7309444369820555
1.7001500471825781
1.5449431746485511
3.9912879445503426
2.221473649841373
4.85828378995161
3.673478120332483
1.2315973891104117
7.330248397805362
6.880411754915231
5.542606203239133
10.763892680070148
7.492254714179473
6.076485421243999
9.289319862467593
11.327171121616868
9.787308103212759
14.879082436548716
8.391931601630272
13.541182063045053
12.906855608851348
10.185318691908511
6.570990175999456
13.322007472092498
2.07178554323063
3.35961180446914
2.1000914240698307
1.7231546713005796
2.1370269962056487
3.1083806116067247
1.9571204969129208
1.6131540636906792
9.51904241981335
5.902457469181671
12.63705100112794
8.014219095837758
4.010606621475585
2.457838181185929
3.6603336289964465
2.6844342975259146
3.5866106986243205
3.659726379972487
2.34451867677731
4.696889997998699
13.92035858240232
14.012432299451161
7.039991217309146
8.15260304960267
4.350900881568742
2.1679521912518687
3.6381915469641544
3.669057125745048
10.632576335209357
12.971078176142484
11.095030910952818
14.543596887472916
12.598769093004542
9.643644553764927
11.953302540605929
5.352731439362611
3.676445269026928
3.9354597097728616
1.3029784367722113
2.5764843750059154
7.610888831928968
9.498945275593904
10.953613944825682
12.022218421397412
6.4489522503133365
12.367079476433442
7.590019202036567
7.077979156900437
9.717432311943288
12.993718072101228
8.236175027344068
11.208398450563665
6.390646586735164
8.762786177074755
11.144631618372244
10.842698659631298
1.7661254849728905
4.243409085785561
3.940139352844849
4.1932315951665835
10.418952627124437
8.5416727697115
9.368268739590242
13.028691087738896
13.692147833250361
5.302161207776899
13.047264782984074
7.586680168791361
6.5910015580211105
6.21862146435371
10.174510386087253
6.367749986355799
2.9301322131879965
3.986788123605191
3.221077214924567
2.504188599218378
7.011684693218653
9.691121373885377
5.591194391422087
14.470057163883938
2.7904670003660095
2.2729109178561857
3.4798774515998625
2.623408991140338
11.58357717979633
5.095172222356227
13.558725267512088
10.763213367901486
4.130054868985475
3.4808140551013094
1.2668235445776492
4.647709304460321
14.116060807788978
7.120420635927229
10.488613245083576
6.472626567161759
10.169973108725133
13.548137034381304
13.082147041900527
9.342074986799606
10.567105752895156
10.142453248531758
7.6383826056088555
14.806029788755032
4.179413913073735
3.3849219732670197
3.3039591131690775
2.9700074985779876
14.430047832517326
11.204109172231739
13.284381157536696
5.802178767439296
12.977908522433385
12.37641501473285
7.806908972369035
8.607493479145337
8.783469930630798
7.015109047882336
6.680114857605668
7.3579137499842515
2.610444214285079
2.0888609599381627
4.482876466974491
1.2300482448786956
4.922116826142395
2.9623292559599577
1.9869359738912706
1.264665679021784
2.66216602442842
1.3786922170087172
3.893898336212698
4.5576841836411885
10.657551430778145
11.048345097909397
13.19026188018775
7.777772878247736
2.3173764115478925
2.584308442864085
2.881560863207063
4.525290250478899
1.182338060795955
4.158526778525488
1.49306024046592
3.163387893873069
4.836023537633828
2.2133777520379168
2.9537928790257095
4.197206972296071
2.4288125251253017
2.2497484865085284
4.813455619410581
4.332200578570609
13.121002805862554
10.205232441498481
8.282514179408636
12.445803613060345
6.478727534700433
14.710548919228913
5.479825273449972
5.218280858609974
8.254901165258133
14.050447492044032
13.743165946308567
11.67087284071414
4.1591609315999705
3.90342728541796
4.731104707788753
1.3453750019562332
1.327730053587758
3.593080343649657
4.785599875786348
3.491129105280335
10.398289417442511
6.373236003355894
14.512353128383543
10.701001731315685
1.6667360839317134
4.659122699584549
2.783886281063424
1.232410019382658
1.673702294689082
1.814966460097223
4.052575628756659
4.3946638669115865
3.6785500809206115
4.298518327776225
4.432769105231204
1.9957051047941685
4.066776588968176
2.724229104285704
4.008528054714363
4.500825293077517
3.947059050001445
1.7588993575658396
4.582457044143793
3.3752059956222236
3.032639635951382
2.1210923254841663
4.52629225410303
2.6267308368485867
13.7011735316298
5.48873877583061
9.313150501762587
8.630951076564548
14.926667081558367
7.404600281092113
11.882962044246627
13.577299800401851
7.740892411795798
13.977087043279624
5.701871703489443
12.781320474234438
2.44769999064945
2.0196146629276437
1.2506600803881986
4.798013601112679
9.930841703513362
14.539901172230993
13.729742514186476
8.851612434668954
10.952406407556964
5.63628866464277
10.539804459423568
13.88879108093428
Running 200 simulations with 1 MPI ranks
Rank 0: 200 simulations
Running 200 simulations with 1 MPI ranks
Rank 0: 200 simulations
Running 200 simulations with 1 MPI ranks
Rank 0: 200 simulations
Running 200 simulations with 1 MPI ranks
Rank 0: 200 simulations
t=1173566  fraction=0.10000  peak_slope=2.684e-07  t_peak=536487  comparison cadence=1072974  difference=0.10000  below=0/3
t=1184742  fraction=0.10000  peak_slope=2.684e-07  t_peak=536487  comparison cadence=1072974  difference=0.10000  below=0/3
t=1195919  fraction=0.10000  peak_slope=2.684e-07  t_peak=536487  comparison cadence=1072974  difference=0.10000  below=0/3
t=1207096  fraction=0.10000  peak_slope=2.684e-07  t_peak=536487  comparison cadence=1072974  difference=0.10000  below=0/3
t=1218273  fraction=0.10000  peak_slope=2.684e-07  t_peak=536487  comparison cadence=1072974  difference=0.10000  below=0/3
t=1229450  fraction=0.10500  peak_slope=2.684e-07  t_peak=536487  comparison cadence=1072974  difference=0.10500  below=0/3
t=1240626  fraction=0.11500  peak_slope=2.684e-07  t_peak=536487  comparison cadence=1072974  difference=0.11500  below=0/3
t=1251803  fraction=0.11500  peak_slope=2.684e-07  t_peak=536487  comparison cadence=1072974  difference=0.11500  below=0/3
t=1262980  fraction=0.11500  peak_slope=2.684e-07  t_peak=536487  comparison cadence=1072974  difference=0.11500  below=0/3
t=1274157  fraction=0.11500  peak_slope=2.684e-07  t_peak=536487  comparison cadence=1072974  difference=0.11500  below=0/3
t=1285334  fraction=0.12000  peak_slope=2.684e-07  t_peak=536487  comparison cadence=1072974  difference=0.12000  below=0/3
t=1296510  fraction=0.12500  peak_slope=2.684e-07  t_peak=536487  comparison cadence=1072974  difference=0.12500  below=0/3
t=1307687  fraction=0.12500  peak_slope=2.684e-07  t_peak=536487  comparison cadence=1072974  difference=0.12500  below=0/3
t=1318864  fraction=0.12500  peak_slope=2.684e-07  t_peak=536487  comparison cadence=1072974  difference=0.12500  below=0/3
t=1330041  fraction=0.12500  peak_slope=2.684e-07  t_peak=536487  comparison cadence=1072974  difference=0.12500  below=0/3
t=1341218  fraction=0.12500  peak_slope=2.684e-07  t_peak=536487  comparison cadence=1072974  difference=0.12500  below=0/3
t=1352395  fraction=0.12500  peak_slope=2.684e-07  t_peak=536487  comparison cadence=1072974  difference=0.12500  below=0/3
t=1363571  fraction=0.12500  peak_slope=2.684e-07  t_peak=536487  comparison cadence=1072974  difference=0.12500  below=0/3
t=1374748  fraction=0.12500  peak_slope=2.684e-07  t_peak=536487  comparison cadence=1072974  difference=0.12500  below=0/3
t=1385925  fraction=0.12500  peak_slope=2.684e-07  t_peak=536487  comparison cadence=1072974  difference=0.12500  below=0/3
t=1397102  fraction=0.12500  peak_slope=2.684e-07  t_peak=536487  comparison cadence=1072974  difference=0.12500  below=0/3
t=1408279  fraction=0.12500  peak_slope=2.684e-07  t_peak=536487  comparison cadence=1072974  difference=0.12500  below=0/3
t=1419455  fraction=0.12500  peak_slope=2.684e-07  t_peak=536487  comparison cadence=1072974  difference=0.12500  below=0/3
t=1430632  fraction=0.12500  peak_slope=2.684e-07  t_peak=536487  comparison cadence=1072974  difference=0.12500  below=0/3
t=1441809  fraction=0.12500  peak_slope=2.684e-07  t_peak=536487  comparison cadence=1072974  difference=0.12500  below=0/3
t=1452986  fraction=0.12500  peak_slope=2.684e-07  t_peak=536487  comparison cadence=1072974  difference=0.12500  below=0/3
t=1464163  fraction=0.12500  peak_slope=2.684e-07  t_peak=536487  comparison cadence=1072974  difference=0.12500  below=0/3
t=1475340  fraction=0.12500  peak_slope=2.684e-07  t_peak=536487  comparison cadence=1072974  difference=0.12500  below=0/3
t=1486516  fraction=0.12500  peak_slope=2.684e-07  t_peak=536487  comparison cadence=1072974  difference=0.12500  below=0/3
t=1497693  fraction=0.13000  peak_slope=2.684e-07  t_peak=536487  comparison cadence=1072974  difference=0.13000  below=0/3
t=1508870  fraction=0.13000  peak_slope=2.684e-07  t_peak=536487  comparison cadence=1072974  difference=0.13000  below=0/3
t=1520047  fraction=0.13500  peak_slope=2.684e-07  t_peak=536487  comparison cadence=1072974  difference=0.13500  below=0/3
t=1531224  fraction=0.13500  peak_slope=2.684e-07  t_peak=536487  comparison cadence=1072974  difference=0.13500  below=0/3
t=1542400  fraction=0.10000  peak_slope=2.684e-07  t_peak=771200  comparison cadence=1542400  difference=0.10000  below=0/3
t=1553577  fraction=0.11000  peak_slope=2.684e-07  t_peak=771200  comparison cadence=1542400  difference=0.11000  below=0/3
t=1564754  fraction=0.11000  peak_slope=2.684e-07  t_peak=771200  comparison cadence=1542400  difference=0.11000  below=0/3
t=1575931  fraction=0.11000  peak_slope=2.684e-07  t_peak=771200  comparison cadence=1542400  difference=0.11000  below=0/3
t=1587108  fraction=0.11000  peak_slope=2.684e-07  t_peak=771200  comparison cadence=1542400  difference=0.11000  below=0/3
t=1598284  fraction=0.11000  peak_slope=2.684e-07  t_peak=771200  comparison cadence=1542400  difference=0.11000  below=0/3
t=1609461  fraction=0.11000  peak_slope=2.684e-07  t_peak=771200  comparison cadence=1542400  difference=0.11000  below=0/3
t=1620638  fraction=0.11000  peak_slope=2.684e-07  t_peak=771200  comparison cadence=1542400  difference=0.11000  below=0/3
t=1631815  fraction=0.11500  peak_slope=2.684e-07  t_peak=771200  comparison cadence=1542400  difference=0.11500  below=0/3
t=1698876  fraction=0.11000  peak_slope=4.474e-07  t_peak=849438  comparison cadence=1698876  difference=0.11000  below=0/3
t=1642992  fraction=0.12000  peak_slope=2.684e-07  t_peak=771200  comparison cadence=1542400  difference=0.12000  below=0/3
t=1710053  fraction=0.11000  peak_slope=4.474e-07  t_peak=849438  comparison cadence=1698876  difference=0.11000  below=0/3
t=1654169  fraction=0.12000  peak_slope=2.684e-07  t_peak=771200  comparison cadence=1542400  difference=0.12000  below=0/3
t=1721229  fraction=0.11000  peak_slope=4.474e-07  t_peak=849438  comparison cadence=1698876  difference=0.11000  below=0/3
t=1665345  fraction=0.12000  peak_slope=2.684e-07  t_peak=771200  comparison cadence=1542400  difference=0.12000  below=0/3
t=1732406  fraction=0.11000  peak_slope=4.474e-07  t_peak=849438  comparison cadence=1698876  difference=0.11000  below=0/3
t=1676522  fraction=0.12000  peak_slope=2.684e-07  t_peak=771200  comparison cadence=1542400  difference=0.12000  below=0/3
t=1743583  fraction=0.11000  peak_slope=4.474e-07  t_peak=849438  comparison cadence=1698876  difference=0.11000  below=0/3
t=1687699  fraction=0.12000  peak_slope=2.684e-07  t_peak=771200  comparison cadence=1542400  difference=0.12000  below=0/3
t=1754760  fraction=0.11000  peak_slope=4.474e-07  t_peak=849438  comparison cadence=1698876  difference=0.11000  below=0/3
t=1698876  fraction=0.12000  peak_slope=2.684e-07  t_peak=771200  comparison cadence=1542400  difference=0.12000  below=0/3
t=1765937  fraction=0.11000  peak_slope=4.474e-07  t_peak=849438  comparison cadence=1698876  difference=0.11000  below=0/3
t=1710053  fraction=0.12000  peak_slope=2.684e-07  t_peak=771200  comparison cadence=1542400  difference=0.12000  below=0/3
t=1777113  fraction=0.11500  peak_slope=4.474e-07  t_peak=849438  comparison cadence=1698876  difference=0.11500  below=0/3
t=1721229  fraction=0.12000  peak_slope=2.684e-07  t_peak=771200  comparison cadence=1542400  difference=0.12000  below=0/3
t=1788290  fraction=0.11500  peak_slope=4.474e-07  t_peak=849438  comparison cadence=1698876  difference=0.11500  below=0/3
t=1799467  fraction=0.11500  peak_slope=4.474e-07  t_peak=849438  comparison cadence=1698876  difference=0.11500  below=0/3
t=1732406  fraction=0.12000  peak_slope=2.684e-07  t_peak=771200  comparison cadence=1542400  difference=0.12000  below=0/3
t=1810644  fraction=0.11500  peak_slope=4.474e-07  t_peak=849438  comparison cadence=1698876  difference=0.11500  below=0/3
t=1743583  fraction=0.12500  peak_slope=2.684e-07  t_peak=771200  comparison cadence=1542400  difference=0.12500  below=0/3
t=1821821  fraction=0.12000  peak_slope=4.474e-07  t_peak=849438  comparison cadence=1698876  difference=0.12000  below=0/3
t=1754760  fraction=0.12500  peak_slope=2.684e-07  t_peak=771200  comparison cadence=1542400  difference=0.12500  below=0/3
t=1832998  fraction=0.13000  peak_slope=4.474e-07  t_peak=849438  comparison cadence=1698876  difference=0.13000  below=0/3
t=1765937  fraction=0.12500  peak_slope=2.684e-07  t_peak=771200  comparison cadence=1542400  difference=0.12500  below=0/3
t=1844174  fraction=0.13000  peak_slope=4.474e-07  t_peak=849438  comparison cadence=1698876  difference=0.13000  below=0/3
t=1777113  fraction=0.12500  peak_slope=2.684e-07  t_peak=771200  comparison cadence=1542400  difference=0.12500  below=0/3
t=1855351  fraction=0.13500  peak_slope=4.474e-07  t_peak=849438  comparison cadence=1698876  difference=0.13500  below=0/3
t=1788290  fraction=0.12500  peak_slope=2.684e-07  t_peak=771200  comparison cadence=1542400  difference=0.12500  below=0/3
t=1866528  fraction=0.13500  peak_slope=4.474e-07  t_peak=849438  comparison cadence=1698876  difference=0.13500  below=0/3
t=1799467  fraction=0.12500  peak_slope=2.684e-07  t_peak=771200  comparison cadence=1542400  difference=0.12500  below=0/3
t=1877705  fraction=0.13500  peak_slope=4.474e-07  t_peak=849438  comparison cadence=1698876  difference=0.13500  below=0/3
t=1810644  fraction=0.12500  peak_slope=2.684e-07  t_peak=771200  comparison cadence=1542400  difference=0.12500  below=0/3
t=1888882  fraction=0.13500  peak_slope=4.474e-07  t_peak=849438  comparison cadence=1698876  difference=0.13500  below=0/3
t=1821821  fraction=0.13000  peak_slope=2.684e-07  t_peak=771200  comparison cadence=1542400  difference=0.13000  below=0/3
t=1900058  fraction=0.13500  peak_slope=4.474e-07  t_peak=849438  comparison cadence=1698876  difference=0.13500  below=0/3
t=1832998  fraction=0.13000  peak_slope=2.684e-07  t_peak=771200  comparison cadence=1542400  difference=0.13000  below=0/3
t=1911235  fraction=0.13500  peak_slope=4.474e-07  t_peak=849438  comparison cadence=1698876  difference=0.13500  below=0/3
t=1844174  fraction=0.13000  peak_slope=2.684e-07  t_peak=771200  comparison cadence=1542400  difference=0.13000  below=0/3
t=1922412  fraction=0.13500  peak_slope=4.474e-07  t_peak=849438  comparison cadence=1698876  difference=0.13500  below=0/3
t=1855351  fraction=0.13000  peak_slope=2.684e-07  t_peak=771200  comparison cadence=1542400  difference=0.13000  below=0/3
t=1933589  fraction=0.13500  peak_slope=4.474e-07  t_peak=849438  comparison cadence=1698876  difference=0.13500  below=0/3
t=1866528  fraction=0.13000  peak_slope=2.684e-07  t_peak=771200  comparison cadence=1542400  difference=0.13000  below=0/3
t=1944766  fraction=0.13500  peak_slope=4.474e-07  t_peak=849438  comparison cadence=1698876  difference=0.13500  below=0/3
t=1877705  fraction=0.13500  peak_slope=2.684e-07  t_peak=771200  comparison cadence=1542400  difference=0.13500  below=0/3
t=1955943  fraction=0.13500  peak_slope=4.474e-07  t_peak=849438  comparison cadence=1698876  difference=0.13500  below=0/3
t=1888882  fraction=0.13500  peak_slope=2.684e-07  t_peak=771200  comparison cadence=1542400  difference=0.13500  below=0/3
t=1967119  fraction=0.13500  peak_slope=4.474e-07  t_peak=849438  comparison cadence=1698876  difference=0.13500  below=0/3
t=1900058  fraction=0.13500  peak_slope=2.684e-07  t_peak=771200  comparison cadence=1542400  difference=0.13500  below=0/3
t=1978296  fraction=0.13500  peak_slope=4.474e-07  t_peak=849438  comparison cadence=1698876  difference=0.13500  below=0/3
t=1911235  fraction=0.14000  peak_slope=2.684e-07  t_peak=771200  comparison cadence=1542400  difference=0.14000  below=0/3
t=1989473  fraction=0.13500  peak_slope=4.474e-07  t_peak=849438  comparison cadence=1698876  difference=0.13500  below=0/3
t=1922412  fraction=0.14000  peak_slope=2.684e-07  t_peak=771200  comparison cadence=1542400  difference=0.14000  below=0/3
t=2000650  fraction=0.13500  peak_slope=4.474e-07  t_peak=849438  comparison cadence=1698876  difference=0.13500  below=0/3
t=1933589  fraction=0.14000  peak_slope=2.684e-07  t_peak=771200  comparison cadence=1542400  difference=0.14000  below=0/3
t=2011827  fraction=0.13500  peak_slope=4.474e-07  t_peak=849438  comparison cadence=1698876  difference=0.13500  below=0/3
t=1944766  fraction=0.14000  peak_slope=2.684e-07  t_peak=771200  comparison cadence=1542400  difference=0.14000  below=0/3
t=2023003  fraction=0.13500  peak_slope=4.474e-07  t_peak=849438  comparison cadence=1698876  difference=0.13500  below=0/3
t=1955943  fraction=0.14000  peak_slope=2.684e-07  t_peak=771200  comparison cadence=1542400  difference=0.14000  below=0/3
t=2034180  fraction=0.13500  peak_slope=4.474e-07  t_peak=849438  comparison cadence=1698876  difference=0.13500  below=0/3
t=1967119  fraction=0.14000  peak_slope=2.684e-07  t_peak=771200  comparison cadence=1542400  difference=0.14000  below=0/3
t=2045357  fraction=0.13500  peak_slope=4.474e-07  t_peak=849438  comparison cadence=1698876  difference=0.13500  below=0/3
t=1978296  fraction=0.14000  peak_slope=2.684e-07  t_peak=771200  comparison cadence=1542400  difference=0.14000  below=0/3
t=2056534  fraction=0.13500  peak_slope=4.474e-07  t_peak=849438  comparison cadence=1698876  difference=0.13500  below=0/3
t=1989473  fraction=0.14000  peak_slope=2.684e-07  t_peak=771200  comparison cadence=1542400  difference=0.14000  below=0/3
t=2067711  fraction=0.13500  peak_slope=4.474e-07  t_peak=849438  comparison cadence=1698876  difference=0.13500  below=0/3
t=2000650  fraction=0.14000  peak_slope=2.684e-07  t_peak=771200  comparison cadence=1542400  difference=0.14000  below=0/3
t=2078887  fraction=0.13500  peak_slope=4.474e-07  t_peak=849438  comparison cadence=1698876  difference=0.13500  below=0/3
t=2011827  fraction=0.14000  peak_slope=2.684e-07  t_peak=771200  comparison cadence=1542400  difference=0.14000  below=0/3
t=2090064  fraction=0.13500  peak_slope=4.474e-07  t_peak=849438  comparison cadence=1698876  difference=0.13500  below=0/3
t=2023003  fraction=0.14000  peak_slope=2.684e-07  t_peak=771200  comparison cadence=1542400  difference=0.14000  below=0/3
t=2101241  fraction=0.13500  peak_slope=4.474e-07  t_peak=849438  comparison cadence=1698876  difference=0.13500  below=0/3
t=2112418  fraction=0.13500  peak_slope=4.474e-07  t_peak=849438  comparison cadence=1698876  difference=0.13000  below=0/3
t=2034180  fraction=0.14000  peak_slope=2.684e-07  t_peak=771200  comparison cadence=1542400  difference=0.14000  below=0/3
t=2123595  fraction=0.13500  peak_slope=4.474e-07  t_peak=849438  comparison cadence=1698876  difference=0.13000  below=0/3
t=2045357  fraction=0.14000  peak_slope=2.684e-07  t_peak=771200  comparison cadence=1542400  difference=0.14000  below=0/3
t=2134772  fraction=0.13500  peak_slope=4.474e-07  t_peak=849438  comparison cadence=1698876  difference=0.13000  below=0/3
t=2056534  fraction=0.14000  peak_slope=2.684e-07  t_peak=771200  comparison cadence=1542400  difference=0.14000  below=0/3
t=2145948  fraction=0.13500  peak_slope=4.474e-07  t_peak=849438  comparison cadence=1698876  difference=0.13000  below=0/3
t=2067711  fraction=0.14000  peak_slope=2.684e-07  t_peak=771200  comparison cadence=1542400  difference=0.14000  below=0/3
t=2157125  fraction=0.13500  peak_slope=4.474e-07  t_peak=849438  comparison cadence=1698876  difference=0.13000  below=0/3
t=2078887  fraction=0.14000  peak_slope=2.684e-07  t_peak=771200  comparison cadence=1542400  difference=0.13500  below=0/3
t=2168302  fraction=0.13500  peak_slope=4.474e-07  t_peak=849438  comparison cadence=1698876  difference=0.13000  below=0/3
t=2090064  fraction=0.14500  peak_slope=2.684e-07  t_peak=771200  comparison cadence=1542400  difference=0.14000  below=0/3
t=2179479  fraction=0.13500  peak_slope=4.474e-07  t_peak=849438  comparison cadence=1698876  difference=0.13000  below=0/3
t=2101241  fraction=0.14500  peak_slope=2.684e-07  t_peak=771200  comparison cadence=1542400  difference=0.14000  below=0/3
t=2190656  fraction=0.13500  peak_slope=4.474e-07  t_peak=849438  comparison cadence=1698876  difference=0.12000  below=0/3
t=2112418  fraction=0.14500  peak_slope=2.684e-07  t_peak=771200  comparison cadence=1542400  difference=0.14000  below=0/3
t=2201832  fraction=0.13500  peak_slope=4.474e-07  t_peak=849438  comparison cadence=1698876  difference=0.12000  below=0/3
t=2123595  fraction=0.14500  peak_slope=2.684e-07  t_peak=771200  comparison cadence=1542400  difference=0.14000  below=0/3
t=2213009  fraction=0.13500  peak_slope=4.474e-07  t_peak=849438  comparison cadence=1698876  difference=0.12000  below=0/3
t=2134772  fraction=0.15000  peak_slope=2.684e-07  t_peak=771200  comparison cadence=1542400  difference=0.14500  below=0/3
t=2224186  fraction=0.13500  peak_slope=4.474e-07  t_peak=849438  comparison cadence=1698876  difference=0.12000  below=0/3
t=2145948  fraction=0.15000  peak_slope=2.684e-07  t_peak=771200  comparison cadence=1542400  difference=0.14500  below=0/3
t=2235363  fraction=0.13500  peak_slope=4.474e-07  t_peak=849438  comparison cadence=1698876  difference=0.12000  below=0/3
t=2157125  fraction=0.15000  peak_slope=2.684e-07  t_peak=771200  comparison cadence=1542400  difference=0.14000  below=0/3
t=2246540  fraction=0.13500  peak_slope=4.474e-07  t_peak=849438  comparison cadence=1698876  difference=0.12000  below=0/3
t=2168302  fraction=0.15000  peak_slope=2.684e-07  t_peak=771200  comparison cadence=1542400  difference=0.14000  below=0/3
t=2257717  fraction=0.13500  peak_slope=4.474e-07  t_peak=849438  comparison cadence=1698876  difference=0.12000  below=0/3
t=2179479  fraction=0.15000  peak_slope=2.684e-07  t_peak=771200  comparison cadence=1542400  difference=0.13500  below=0/3
t=2268893  fraction=0.13500  peak_slope=4.474e-07  t_peak=849438  comparison cadence=1698876  difference=0.12000  below=0/3
t=2190656  fraction=0.15000  peak_slope=2.684e-07  t_peak=771200  comparison cadence=1542400  difference=0.13000  below=0/3
t=2280070  fraction=0.13500  peak_slope=4.474e-07  t_peak=849438  comparison cadence=1698876  difference=0.11500  below=0/3
t=2201832  fraction=0.15000  peak_slope=2.684e-07  t_peak=771200  comparison cadence=1542400  difference=0.13000  below=0/3
t=2291247  fraction=0.13500  peak_slope=4.474e-07  t_peak=849438  comparison cadence=1698876  difference=0.11500  below=0/3
t=2213009  fraction=0.15000  peak_slope=2.684e-07  t_peak=771200  comparison cadence=1542400  difference=0.13000  below=0/3
t=2302424  fraction=0.13500  peak_slope=4.474e-07  t_peak=849438  comparison cadence=1698876  difference=0.11500  below=0/3
t=2224186  fraction=0.15000  peak_slope=2.684e-07  t_peak=771200  comparison cadence=1542400  difference=0.13000  below=0/3
t=2313601  fraction=0.13500  peak_slope=4.474e-07  t_peak=849438  comparison cadence=1698876  difference=0.11500  below=0/3
t=2235363  fraction=0.15000  peak_slope=2.684e-07  t_peak=771200  comparison cadence=1542400  difference=0.13000  below=0/3
t=2324777  fraction=0.13500  peak_slope=4.474e-07  t_peak=849438  comparison cadence=1698876  difference=0.11500  below=0/3
t=2246540  fraction=0.15000  peak_slope=2.684e-07  t_peak=771200  comparison cadence=1542400  difference=0.13000  below=0/3
t=2335954  fraction=0.13500  peak_slope=4.474e-07  t_peak=849438  comparison cadence=1698876  difference=0.11500  below=0/3
t=2257717  fraction=0.15000  peak_slope=2.684e-07  t_peak=771200  comparison cadence=1542400  difference=0.13000  below=0/3
t=2347131  fraction=0.13500  peak_slope=4.474e-07  t_peak=849438  comparison cadence=1698876  difference=0.11000  below=0/3
t=2268893  fraction=0.15000  peak_slope=2.684e-07  t_peak=771200  comparison cadence=1542400  difference=0.12500  below=0/3
t=2358308  fraction=0.13500  peak_slope=4.474e-07  t_peak=849438  comparison cadence=1698876  difference=0.11000  below=0/3
t=2280070  fraction=0.15000  peak_slope=2.684e-07  t_peak=771200  comparison cadence=1542400  difference=0.12500  below=0/3
t=2369485  fraction=0.13500  peak_slope=4.474e-07  t_peak=849438  comparison cadence=1698876  difference=0.11000  below=0/3
t=2291247  fraction=0.15000  peak_slope=2.684e-07  t_peak=771200  comparison cadence=1542400  difference=0.12500  below=0/3
t=2380661  fraction=0.13500  peak_slope=4.474e-07  t_peak=849438  comparison cadence=1698876  difference=0.11000  below=0/3
t=2302424  fraction=0.15000  peak_slope=2.684e-07  t_peak=771200  comparison cadence=1542400  difference=0.12500  below=0/3
t=2391838  fraction=0.13500  peak_slope=4.474e-07  t_peak=849438  comparison cadence=1698876  difference=0.11000  below=0/3
t=2313601  fraction=0.15000  peak_slope=2.684e-07  t_peak=771200  comparison cadence=1542400  difference=0.11500  below=0/3
t=2403015  fraction=0.13500  peak_slope=4.474e-07  t_peak=849438  comparison cadence=1698876  difference=0.11000  below=0/3
t=2324777  fraction=0.15000  peak_slope=2.684e-07  t_peak=771200  comparison cadence=1542400  difference=0.11500  below=0/3
t=2414192  fraction=0.13500  peak_slope=4.474e-07  t_peak=849438  comparison cadence=1698876  difference=0.11000  below=0/3
t=2335954  fraction=0.15000  peak_slope=2.684e-07  t_peak=771200  comparison cadence=1542400  difference=0.11500  below=0/3
t=2425369  fraction=0.13500  peak_slope=4.474e-07  t_peak=849438  comparison cadence=1698876  difference=0.10500  below=0/3
t=2347131  fraction=0.15000  peak_slope=2.684e-07  t_peak=771200  comparison cadence=1542400  difference=0.11500  below=0/3
t=2436546  fraction=0.14000  peak_slope=4.474e-07  t_peak=849438  comparison cadence=1698876  difference=0.11000  below=0/3
t=2447722  fraction=0.14000  peak_slope=4.474e-07  t_peak=849438  comparison cadence=1698876  difference=0.11000  below=0/3
t=2358308  fraction=0.15000  peak_slope=2.684e-07  t_peak=771200  comparison cadence=1542400  difference=0.11500  below=0/3
t=2458899  fraction=0.14000  peak_slope=4.474e-07  t_peak=849438  comparison cadence=1698876  difference=0.11000  below=0/3
t=2369485  fraction=0.15000  peak_slope=2.684e-07  t_peak=771200  comparison cadence=1542400  difference=0.11500  below=0/3
t=2470076  fraction=0.14500  peak_slope=4.474e-07  t_peak=849438  comparison cadence=1698876  difference=0.11500  below=0/3
t=2380661  fraction=0.15000  peak_slope=2.684e-07  t_peak=771200  comparison cadence=1542400  difference=0.11500  below=0/3
t=2481253  fraction=0.14500  peak_slope=4.474e-07  t_peak=849438  comparison cadence=1698876  difference=0.11500  below=0/3
t=2391838  fraction=0.15000  peak_slope=2.684e-07  t_peak=771200  comparison cadence=1542400  difference=0.11500  below=0/3
t=2492430  fraction=0.14500  peak_slope=4.474e-07  t_peak=849438  comparison cadence=1698876  difference=0.11500  below=0/3
t=2403015  fraction=0.15000  peak_slope=2.684e-07  t_peak=771200  comparison cadence=1542400  difference=0.11500  below=0/3
t=2503606  fraction=0.14500  peak_slope=4.474e-07  t_peak=849438  comparison cadence=1698876  difference=0.11000  below=0/3
t=2414192  fraction=0.15000  peak_slope=2.684e-07  t_peak=771200  comparison cadence=1542400  difference=0.11500  below=0/3
t=2514783  fraction=0.14500  peak_slope=4.474e-07  t_peak=849438  comparison cadence=1698876  difference=0.09500  below=0/3
t=2425369  fraction=0.15000  peak_slope=2.684e-07  t_peak=771200  comparison cadence=1542400  difference=0.11500  below=0/3
t=2525960  fraction=0.14500  peak_slope=4.474e-07  t_peak=849438  comparison cadence=1698876  difference=0.09500  below=0/3
t=2436546  fraction=0.15000  peak_slope=2.684e-07  t_peak=771200  comparison cadence=1542400  difference=0.11500  below=0/3
t=2537137  fraction=0.14500  peak_slope=4.474e-07  t_peak=849438  comparison cadence=1698876  difference=0.09500  below=0/3
t=2447722  fraction=0.15000  peak_slope=2.684e-07  t_peak=771200  comparison cadence=1542400  difference=0.11500  below=0/3
t=2548314  fraction=0.14500  peak_slope=4.474e-07  t_peak=849438  comparison cadence=1698876  difference=0.09000  below=0/3
t=2458899  fraction=0.15000  peak_slope=2.684e-07  t_peak=771200  comparison cadence=1542400  difference=0.11500  below=0/3
t=2559490  fraction=0.14500  peak_slope=4.474e-07  t_peak=849438  comparison cadence=1698876  difference=0.09000  below=0/3
t=2470076  fraction=0.15000  peak_slope=2.684e-07  t_peak=771200  comparison cadence=1542400  difference=0.11000  below=0/3
t=2570667  fraction=0.14500  peak_slope=4.474e-07  t_peak=849438  comparison cadence=1698876  difference=0.09000  below=0/3
t=2481253  fraction=0.15000  peak_slope=2.684e-07  t_peak=771200  comparison cadence=1542400  difference=0.11000  below=0/3
t=2581844  fraction=0.14500  peak_slope=4.474e-07  t_peak=849438  comparison cadence=1698876  difference=0.08500  below=0/3
t=2492430  fraction=0.15000  peak_slope=2.684e-07  t_peak=771200  comparison cadence=1542400  difference=0.10500  below=0/3
t=2593021  fraction=0.14500  peak_slope=4.474e-07  t_peak=849438  comparison cadence=1698876  difference=0.08500  below=0/3
t=2503606  fraction=0.15000  peak_slope=2.684e-07  t_peak=771200  comparison cadence=1542400  difference=0.10000  below=0/3
t=2604198  fraction=0.14500  peak_slope=4.474e-07  t_peak=849438  comparison cadence=1698876  difference=0.08500  below=0/3
t=2514783  fraction=0.15000  peak_slope=2.684e-07  t_peak=771200  comparison cadence=1542400  difference=0.10000  below=0/3
t=2615375  fraction=0.14500  peak_slope=4.474e-07  t_peak=849438  comparison cadence=1698876  difference=0.08500  below=0/3
t=2525960  fraction=0.15000  peak_slope=2.684e-07  t_peak=771200  comparison cadence=1542400  difference=0.10000  below=0/3
t=2626551  fraction=0.14500  peak_slope=4.474e-07  t_peak=849438  comparison cadence=1698876  difference=0.08000  below=0/3
t=2537137  fraction=0.15000  peak_slope=2.684e-07  t_peak=771200  comparison cadence=1542400  difference=0.09500  below=0/3
t=2637728  fraction=0.14500  peak_slope=4.474e-07  t_peak=849438  comparison cadence=1698876  difference=0.08000  below=0/3
t=2548314  fraction=0.15500  peak_slope=2.684e-07  t_peak=771200  comparison cadence=1542400  difference=0.10000  below=0/3
t=2648905  fraction=0.14500  peak_slope=4.474e-07  t_peak=849438  comparison cadence=1698876  difference=0.08000  below=0/3
t=2559490  fraction=0.15500  peak_slope=2.684e-07  t_peak=771200  comparison cadence=1542400  difference=0.10000  below=0/3
t=2660082  fraction=0.14500  peak_slope=4.474e-07  t_peak=849438  comparison cadence=1698876  difference=0.08000  below=0/3
t=2570667  fraction=0.15500  peak_slope=2.684e-07  t_peak=771200  comparison cadence=1542400  difference=0.10000  below=0/3
t=2671259  fraction=0.14500  peak_slope=4.474e-07  t_peak=849438  comparison cadence=1698876  difference=0.08000  below=0/3
t=2581844  fraction=0.15500  peak_slope=2.684e-07  t_peak=771200  comparison cadence=1542400  difference=0.10000  below=0/3
t=2682435  fraction=0.14500  peak_slope=4.474e-07  t_peak=849438  comparison cadence=1698876  difference=0.08000  below=0/3
t=2593021  fraction=0.15500  peak_slope=2.684e-07  t_peak=771200  comparison cadence=1542400  difference=0.10000  below=0/3
t=2693612  fraction=0.14500  peak_slope=4.474e-07  t_peak=849438  comparison cadence=1698876  difference=0.08000  below=0/3
t=2604198  fraction=0.15500  peak_slope=2.684e-07  t_peak=771200  comparison cadence=1542400  difference=0.09500  below=0/3
t=2704789  fraction=0.14500  peak_slope=4.474e-07  t_peak=849438  comparison cadence=1698876  difference=0.08000  below=0/3
t=2615375  fraction=0.15500  peak_slope=2.684e-07  t_peak=771200  comparison cadence=1542400  difference=0.09500  below=0/3
t=2715966  fraction=0.14500  peak_slope=4.474e-07  t_peak=849438  comparison cadence=1698876  difference=0.08000  below=0/3
t=2626551  fraction=0.15500  peak_slope=2.684e-07  t_peak=771200  comparison cadence=1542400  difference=0.09500  below=0/3
t=2727143  fraction=0.14500  peak_slope=4.474e-07  t_peak=849438  comparison cadence=1698876  difference=0.08000  below=0/3
t=2637728  fraction=0.15500  peak_slope=2.684e-07  t_peak=771200  comparison cadence=1542400  difference=0.09000  below=0/3
t=2738320  fraction=0.14500  peak_slope=4.474e-07  t_peak=849438  comparison cadence=1698876  difference=0.08000  below=0/3
t=2648905  fraction=0.15500  peak_slope=2.684e-07  t_peak=771200  comparison cadence=1542400  difference=0.09000  below=0/3
t=2749496  fraction=0.14500  peak_slope=4.474e-07  t_peak=849438  comparison cadence=1698876  difference=0.08000  below=0/3
t=2660082  fraction=0.15500  peak_slope=2.684e-07  t_peak=771200  comparison cadence=1542400  difference=0.09000  below=0/3
t=2760673  fraction=0.15000  peak_slope=4.474e-07  t_peak=849438  comparison cadence=1698876  difference=0.08500  below=0/3
t=2771850  fraction=0.15000  peak_slope=4.474e-07  t_peak=849438  comparison cadence=1698876  difference=0.08500  below=0/3
t=2671259  fraction=0.15500  peak_slope=2.684e-07  t_peak=771200  comparison cadence=1542400  difference=0.09000  below=0/3
t=3084801  fraction=0.21000  peak_slope=2.684e-07  t_peak=1542400  comparison cadence=3084801  difference=0.21000  below=0/3
t=2783027  fraction=0.15000  peak_slope=4.474e-07  t_peak=849438  comparison cadence=1698876  difference=0.08500  below=0/3
t=2682435  fraction=0.15500  peak_slope=2.684e-07  t_peak=771200  comparison cadence=1542400  difference=0.08500  below=0/3
t=3095978  fraction=0.21000  peak_slope=2.684e-07  t_peak=1542400  comparison cadence=3084801  difference=0.21000  below=0/3
t=2794204  fraction=0.15000  peak_slope=4.474e-07  t_peak=849438  comparison cadence=1698876  difference=0.08500  below=0/3
t=2693612  fraction=0.15500  peak_slope=2.684e-07  t_peak=771200  comparison cadence=1542400  difference=0.08500  below=0/3
t=3107154  fraction=0.21500  peak_slope=2.684e-07  t_peak=1542400  comparison cadence=3084801  difference=0.21500  below=0/3
t=2805380  fraction=0.15000  peak_slope=4.474e-07  t_peak=849438  comparison cadence=1698876  difference=0.08000  below=0/3
t=2704789  fraction=0.15500  peak_slope=2.684e-07  t_peak=771200  comparison cadence=1542400  difference=0.08000  below=0/3
t=3118331  fraction=0.21500  peak_slope=2.684e-07  t_peak=1542400  comparison cadence=3084801  difference=0.21500  below=0/3
t=2816557  fraction=0.15000  peak_slope=4.474e-07  t_peak=849438  comparison cadence=1698876  difference=0.07500  below=0/3
t=2715966  fraction=0.15500  peak_slope=2.684e-07  t_peak=771200  comparison cadence=1542400  difference=0.08000  below=0/3
t=3129508  fraction=0.21500  peak_slope=2.684e-07  t_peak=1542400  comparison cadence=3084801  difference=0.21500  below=0/3
t=2827734  fraction=0.15000  peak_slope=4.474e-07  t_peak=849438  comparison cadence=1698876  difference=0.07500  below=0/3
t=3140685  fraction=0.21500  peak_slope=2.684e-07  t_peak=1542400  comparison cadence=3084801  difference=0.21500  below=0/3
t=2727143  fraction=0.15500  peak_slope=2.684e-07  t_peak=771200  comparison cadence=1542400  difference=0.08000  below=0/3
t=2838911  fraction=0.15000  peak_slope=4.474e-07  t_peak=849438  comparison cadence=1698876  difference=0.07500  below=0/3
t=3151862  fraction=0.21500  peak_slope=2.684e-07  t_peak=1542400  comparison cadence=3084801  difference=0.21500  below=0/3
t=2738320  fraction=0.15500  peak_slope=2.684e-07  t_peak=771200  comparison cadence=1542400  difference=0.08000  below=0/3
t=3163038  fraction=0.21500  peak_slope=2.684e-07  t_peak=1542400  comparison cadence=3084801  difference=0.21500  below=0/3
t=2850088  fraction=0.15000  peak_slope=4.474e-07  t_peak=849438  comparison cadence=1698876  difference=0.07500  below=0/3
t=2749496  fraction=0.15500  peak_slope=2.684e-07  t_peak=771200  comparison cadence=1542400  difference=0.08000  below=0/3
t=3174215  fraction=0.21500  peak_slope=2.684e-07  t_peak=1542400  comparison cadence=3084801  difference=0.21500  below=0/3
t=2861264  fraction=0.15000  peak_slope=4.474e-07  t_peak=849438  comparison cadence=1698876  difference=0.07500  below=0/3
t=2760673  fraction=0.15500  peak_slope=2.684e-07  t_peak=771200  comparison cadence=1542400  difference=0.07500  below=0/3
t=3185392  fraction=0.21500  peak_slope=2.684e-07  t_peak=1542400  comparison cadence=3084801  difference=0.21500  below=0/3
t=2872441  fraction=0.15000  peak_slope=4.474e-07  t_peak=849438  comparison cadence=1698876  difference=0.07500  below=0/3
t=2771850  fraction=0.15500  peak_slope=2.684e-07  t_peak=771200  comparison cadence=1542400  difference=0.07500  below=0/3
t=3196569  fraction=0.21500  peak_slope=2.684e-07  t_peak=1542400  comparison cadence=3084801  difference=0.21500  below=0/3
t=2883618  fraction=0.15000  peak_slope=4.474e-07  t_peak=849438  comparison cadence=1698876  difference=0.07500  below=0/3
t=2783027  fraction=0.15500  peak_slope=2.684e-07  t_peak=771200  comparison cadence=1542400  difference=0.07500  below=0/3
t=3207746  fraction=0.21500  peak_slope=2.684e-07  t_peak=1542400  comparison cadence=3084801  difference=0.21500  below=0/3
t=2894795  fraction=0.15000  peak_slope=4.474e-07  t_peak=849438  comparison cadence=1698876  difference=0.07500  below=0/3
t=2794204  fraction=0.15500  peak_slope=2.684e-07  t_peak=771200  comparison cadence=1542400  difference=0.07500  below=0/3
t=3218923  fraction=0.21500  peak_slope=2.684e-07  t_peak=1542400  comparison cadence=3084801  difference=0.21500  below=0/3
t=2905972  fraction=0.15000  peak_slope=4.474e-07  t_peak=849438  comparison cadence=1698876  difference=0.07500  below=0/3
t=3230099  fraction=0.21500  peak_slope=2.684e-07  t_peak=1542400  comparison cadence=3084801  difference=0.21500  below=0/3
t=2805380  fraction=0.15500  peak_slope=2.684e-07  t_peak=771200  comparison cadence=1542400  difference=0.07500  below=0/3
t=2917149  fraction=0.15500  peak_slope=4.474e-07  t_peak=849438  comparison cadence=1698876  difference=0.08000  below=0/3
t=3241276  fraction=0.21500  peak_slope=2.684e-07  t_peak=1542400  comparison cadence=3084801  difference=0.21500  below=0/3
t=2816557  fraction=0.15500  peak_slope=2.684e-07  t_peak=771200  comparison cadence=1542400  difference=0.07500  below=0/3
t=2928325  fraction=0.15500  peak_slope=4.474e-07  t_peak=849438  comparison cadence=1698876  difference=0.08000  below=0/3
t=3252453  fraction=0.21500  peak_slope=2.684e-07  t_peak=1542400  comparison cadence=3084801  difference=0.21500  below=0/3
t=2827734  fraction=0.15500  peak_slope=2.684e-07  t_peak=771200  comparison cadence=1542400  difference=0.07000  below=0/3
t=2939502  fraction=0.15500  peak_slope=4.474e-07  t_peak=849438  comparison cadence=1698876  difference=0.08000  below=0/3
t=3263630  fraction=0.21500  peak_slope=2.684e-07  t_peak=1542400  comparison cadence=3084801  difference=0.21500  below=0/3
t=2838911  fraction=0.15500  peak_slope=2.684e-07  t_peak=771200  comparison cadence=1542400  difference=0.07000  below=0/3
t=3274807  fraction=0.21500  peak_slope=2.684e-07  t_peak=1542400  comparison cadence=3084801  difference=0.21500  below=0/3
t=2950679  fraction=0.15500  peak_slope=4.474e-07  t_peak=849438  comparison cadence=1698876  difference=0.08000  below=0/3
t=2850088  fraction=0.15500  peak_slope=2.684e-07  t_peak=771200  comparison cadence=1542400  difference=0.07000  below=0/3
t=3285983  fraction=0.21500  peak_slope=2.684e-07  t_peak=1542400  comparison cadence=3084801  difference=0.21500  below=0/3
t=2961856  fraction=0.15500  peak_slope=4.474e-07  t_peak=849438  comparison cadence=1698876  difference=0.07500  below=0/3
t=2861264  fraction=0.16000  peak_slope=2.684e-07  t_peak=771200  comparison cadence=1542400  difference=0.07000  below=0/3
t=3297160  fraction=0.21500  peak_slope=2.684e-07  t_peak=1542400  comparison cadence=3084801  difference=0.21500  below=0/3
t=2973033  fraction=0.15500  peak_slope=4.474e-07  t_peak=849438  comparison cadence=1698876  difference=0.07500  below=0/3
t=3308337  fraction=0.21500  peak_slope=2.684e-07  t_peak=1542400  comparison cadence=3084801  difference=0.21500  below=0/3
t=2872441  fraction=0.16000  peak_slope=2.684e-07  t_peak=771200  comparison cadence=1542400  difference=0.07000  below=0/3
t=2984209  fraction=0.15500  peak_slope=4.474e-07  t_peak=849438  comparison cadence=1698876  difference=0.07500  below=0/3
t=3319514  fraction=0.21500  peak_slope=2.684e-07  t_peak=1542400  comparison cadence=3084801  difference=0.21500  below=0/3
t=2883618  fraction=0.16000  peak_slope=2.684e-07  t_peak=771200  comparison cadence=1542400  difference=0.07000  below=0/3
t=2995386  fraction=0.15500  peak_slope=4.474e-07  t_peak=849438  comparison cadence=1698876  difference=0.07500  below=0/3
t=3330691  fraction=0.21500  peak_slope=2.684e-07  t_peak=1542400  comparison cadence=3084801  difference=0.21500  below=0/3
t=3017740  fraction=0.15500  peak_slope=3.579e-07  t_peak=1508870  comparison cadence=3017740  difference=0.15500  below=0/3
t=2894795  fraction=0.16000  peak_slope=2.684e-07  t_peak=771200  comparison cadence=1542400  difference=0.07000  below=0/3
t=3006563  fraction=0.15500  peak_slope=4.474e-07  t_peak=849438  comparison cadence=1698876  difference=0.07500  below=0/3
t=3341868  fraction=0.21500  peak_slope=2.684e-07  t_peak=1542400  comparison cadence=3084801  difference=0.21500  below=0/3
t=3028917  fraction=0.15500  peak_slope=3.579e-07  t_peak=1508870  comparison cadence=3017740  difference=0.15500  below=0/3
t=2905972  fraction=0.16000  peak_slope=2.684e-07  t_peak=771200  comparison cadence=1542400  difference=0.07000  below=0/3
t=3017740  fraction=0.15500  peak_slope=4.474e-07  t_peak=849438  comparison cadence=1698876  difference=0.07500  below=0/3
t=3353044  fraction=0.21500  peak_slope=2.684e-07  t_peak=1542400  comparison cadence=3084801  difference=0.21500  below=0/3
t=3040094  fraction=0.15500  peak_slope=3.579e-07  t_peak=1508870  comparison cadence=3017740  difference=0.15500  below=0/3
t=2917149  fraction=0.16000  peak_slope=2.684e-07  t_peak=771200  comparison cadence=1542400  difference=0.07000  below=0/3
t=3028917  fraction=0.15500  peak_slope=4.474e-07  t_peak=849438  comparison cadence=1698876  difference=0.07500  below=0/3
t=3364221  fraction=0.21500  peak_slope=2.684e-07  t_peak=1542400  comparison cadence=3084801  difference=0.21500  below=0/3
t=3051270  fraction=0.15500  peak_slope=3.579e-07  t_peak=1508870  comparison cadence=3017740  difference=0.15500  below=0/3
t=2928325  fraction=0.16000  peak_slope=2.684e-07  t_peak=771200  comparison cadence=1542400  difference=0.07000  below=0/3
t=3040094  fraction=0.15500  peak_slope=4.474e-07  t_peak=849438  comparison cadence=1698876  difference=0.07500  below=0/3
t=3375398  fraction=0.21500  peak_slope=2.684e-07  t_peak=1542400  comparison cadence=3084801  difference=0.21500  below=0/3
t=3062447  fraction=0.15500  peak_slope=3.579e-07  t_peak=1508870  comparison cadence=3017740  difference=0.15500  below=0/3
t=2939502  fraction=0.16000  peak_slope=2.684e-07  t_peak=771200  comparison cadence=1542400  difference=0.07000  below=0/3
t=3386575  fraction=0.21500  peak_slope=2.684e-07  t_peak=1542400  comparison cadence=3084801  difference=0.21500  below=0/3
t=3051270  fraction=0.15500  peak_slope=4.474e-07  t_peak=849438  comparison cadence=1698876  difference=0.07500  below=0/3
t=3073624  fraction=0.15500  peak_slope=3.579e-07  t_peak=1508870  comparison cadence=3017740  difference=0.15500  below=0/3
t=3397752  fraction=0.21500  peak_slope=2.684e-07  t_peak=1542400  comparison cadence=3084801  difference=0.21500  below=0/3
t=2950679  fraction=0.16000  peak_slope=2.684e-07  t_peak=771200  comparison cadence=1542400  difference=0.07000  below=0/3
t=3062447  fraction=0.15500  peak_slope=4.474e-07  t_peak=849438  comparison cadence=1698876  difference=0.07500  below=0/3
t=3084801  fraction=0.15500  peak_slope=3.579e-07  t_peak=1508870  comparison cadence=3017740  difference=0.15500  below=0/3
t=3408928  fraction=0.21500  peak_slope=2.684e-07  t_peak=1542400  comparison cadence=3084801  difference=0.21500  below=0/3
t=2961856  fraction=0.16000  peak_slope=2.684e-07  t_peak=771200  comparison cadence=1542400  difference=0.07000  below=0/3
t=3073624  fraction=0.15500  peak_slope=4.474e-07  t_peak=849438  comparison cadence=1698876  difference=0.07500  below=0/3
t=3095978  fraction=0.15500  peak_slope=3.579e-07  t_peak=1508870  comparison cadence=3017740  difference=0.15500  below=0/3
t=3420105  fraction=0.21500  peak_slope=2.684e-07  t_peak=1542400  comparison cadence=3084801  difference=0.21500  below=0/3
t=3084801  fraction=0.15500  peak_slope=4.474e-07  t_peak=849438  comparison cadence=1698876  difference=0.07500  below=0/3
t=2973033  fraction=0.16000  peak_slope=2.684e-07  t_peak=771200  comparison cadence=1542400  difference=0.06500  below=0/3
t=3431282  fraction=0.21500  peak_slope=2.684e-07  t_peak=1542400  comparison cadence=3084801  difference=0.21500  below=0/3
t=3107154  fraction=0.15500  peak_slope=3.579e-07  t_peak=1508870  comparison cadence=3017740  difference=0.15500  below=0/3
t=3095978  fraction=0.15500  peak_slope=4.474e-07  t_peak=849438  comparison cadence=1698876  difference=0.07000  below=0/3
t=2984209  fraction=0.16000  peak_slope=2.684e-07  t_peak=771200  comparison cadence=1542400  difference=0.06500  below=0/3
t=3442459  fraction=0.21500  peak_slope=2.684e-07  t_peak=1542400  comparison cadence=3084801  difference=0.21500  below=0/3
t=3118331  fraction=0.15500  peak_slope=3.579e-07  t_peak=1508870  comparison cadence=3017740  difference=0.15500  below=0/3
t=3107154  fraction=0.15500  peak_slope=4.474e-07  t_peak=849438  comparison cadence=1698876  difference=0.07000  below=0/3
t=2995386  fraction=0.16000  peak_slope=2.684e-07  t_peak=771200  comparison cadence=1542400  difference=0.06500  below=0/3
t=3453636  fraction=0.21500  peak_slope=2.684e-07  t_peak=1542400  comparison cadence=3084801  difference=0.21500  below=0/3
t=3129508  fraction=0.15500  peak_slope=3.579e-07  t_peak=1508870  comparison cadence=3017740  difference=0.15500  below=0/3
t=3118331  fraction=0.15500  peak_slope=4.474e-07  t_peak=849438  comparison cadence=1698876  difference=0.07000  below=0/3
t=3006563  fraction=0.16000  peak_slope=2.684e-07  t_peak=771200  comparison cadence=1542400  difference=0.06500  below=0/3
t=3464812  fraction=0.21500  peak_slope=2.684e-07  t_peak=1542400  comparison cadence=3084801  difference=0.21500  below=0/3
t=3140685  fraction=0.15500  peak_slope=3.579e-07  t_peak=1508870  comparison cadence=3017740  difference=0.15500  below=0/3
t=3129508  fraction=0.15500  peak_slope=4.474e-07  t_peak=849438  comparison cadence=1698876  difference=0.07000  below=0/3
t=3475989  fraction=0.21500  peak_slope=2.684e-07  t_peak=1542400  comparison cadence=3084801  difference=0.21500  below=0/3
t=3017740  fraction=0.16000  peak_slope=2.684e-07  t_peak=771200  comparison cadence=1542400  difference=0.06500  below=0/3
t=3151862  fraction=0.15500  peak_slope=3.579e-07  t_peak=1508870  comparison cadence=3017740  difference=0.15500  below=0/3
t=3140685  fraction=0.15500  peak_slope=4.474e-07  t_peak=849438  comparison cadence=1698876  difference=0.06500  below=0/3
t=3487166  fraction=0.21500  peak_slope=2.684e-07  t_peak=1542400  comparison cadence=3084801  difference=0.21500  below=0/3
t=3028917  fraction=0.16000  peak_slope=2.684e-07  t_peak=771200  comparison cadence=1542400  difference=0.06500  below=0/3
t=3163038  fraction=0.15500  peak_slope=3.579e-07  t_peak=1508870  comparison cadence=3017740  difference=0.15500  below=0/3
t=3498343  fraction=0.21500  peak_slope=2.684e-07  t_peak=1542400  comparison cadence=3084801  difference=0.21500  below=0/3
t=3151862  fraction=0.15500  peak_slope=4.474e-07  t_peak=849438  comparison cadence=1698876  difference=0.06000  below=0/3
t=3040094  fraction=0.16000  peak_slope=2.684e-07  t_peak=771200  comparison cadence=1542400  difference=0.06000  below=0/3
t=3174215  fraction=0.15500  peak_slope=3.579e-07  t_peak=1508870  comparison cadence=3017740  difference=0.15500  below=0/3
t=3509520  fraction=0.21500  peak_slope=2.684e-07  t_peak=1542400  comparison cadence=3084801  difference=0.21500  below=0/3
t=3163038  fraction=0.15500  peak_slope=4.474e-07  t_peak=849438  comparison cadence=1698876  difference=0.06000  below=0/3
t=3051270  fraction=0.16000  peak_slope=2.684e-07  t_peak=771200  comparison cadence=1542400  difference=0.06000  below=0/3
t=3185392  fraction=0.15500  peak_slope=3.579e-07  t_peak=1508870  comparison cadence=3017740  difference=0.15500  below=0/3
t=3520697  fraction=0.21500  peak_slope=2.684e-07  t_peak=1542400  comparison cadence=3084801  difference=0.21500  below=0/3
t=3174215  fraction=0.15500  peak_slope=4.474e-07  t_peak=849438  comparison cadence=1698876  difference=0.06000  below=0/3
t=3062447  fraction=0.16000  peak_slope=2.684e-07  t_peak=771200  comparison cadence=1542400  difference=0.06000  below=0/3
t=3196569  fraction=0.15500  peak_slope=3.579e-07  t_peak=1508870  comparison cadence=3017740  difference=0.15500  below=0/3
t=3531873  fraction=0.21500  peak_slope=2.684e-07  t_peak=1542400  comparison cadence=3084801  difference=0.21500  below=0/3
t=3185392  fraction=0.15500  peak_slope=4.474e-07  t_peak=849438  comparison cadence=1698876  difference=0.06000  below=0/3
t=3073624  fraction=0.16000  peak_slope=2.684e-07  t_peak=771200  comparison cadence=1542400  difference=0.06000  below=0/3
t=3543050  fraction=0.21500  peak_slope=2.684e-07  t_peak=1542400  comparison cadence=3084801  difference=0.21500  below=0/3
t=3207746  fraction=0.15500  peak_slope=3.579e-07  t_peak=1508870  comparison cadence=3017740  difference=0.15500  below=0/3
t=3196569  fraction=0.15500  peak_slope=4.474e-07  t_peak=849438  comparison cadence=1698876  difference=0.06000  below=0/3
t=3084801  fraction=0.16000  peak_slope=2.684e-07  t_peak=771200  comparison cadence=1542400  difference=0.06000  below=0/3
t=3554227  fraction=0.21500  peak_slope=2.684e-07  t_peak=1542400  comparison cadence=3084801  difference=0.21500  below=0/3
t=3218923  fraction=0.15500  peak_slope=3.579e-07  t_peak=1508870  comparison cadence=3017740  difference=0.15500  below=0/3
t=3207746  fraction=0.15500  peak_slope=4.474e-07  t_peak=849438  comparison cadence=1698876  difference=0.06000  below=0/3
t=3565404  fraction=0.21500  peak_slope=2.684e-07  t_peak=1542400  comparison cadence=3084801  difference=0.21500  below=0/3
t=3095978  fraction=0.16000  peak_slope=2.684e-07  t_peak=771200  comparison cadence=1542400  difference=0.05000  below=0/3
t=3230099  fraction=0.15500  peak_slope=3.579e-07  t_peak=1508870  comparison cadence=3017740  difference=0.15500  below=0/3
t=3218923  fraction=0.15500  peak_slope=4.474e-07  t_peak=849438  comparison cadence=1698876  difference=0.06000  below=0/3
t=3576581  fraction=0.21500  peak_slope=2.684e-07  t_peak=1542400  comparison cadence=3084801  difference=0.21500  below=0/3
t=3107154  fraction=0.16000  peak_slope=2.684e-07  t_peak=771200  comparison cadence=1542400  difference=0.05000  below=0/3
t=3241276  fraction=0.15500  peak_slope=3.579e-07  t_peak=1508870  comparison cadence=3017740  difference=0.15500  below=0/3
t=3230099  fraction=0.15500  peak_slope=4.474e-07  t_peak=849438  comparison cadence=1698876  difference=0.06000  below=0/3
t=3587757  fraction=0.21500  peak_slope=2.684e-07  t_peak=1542400  comparison cadence=3084801  difference=0.21500  below=0/3
t=3118331  fraction=0.16000  peak_slope=2.684e-07  t_peak=771200  comparison cadence=1542400  difference=0.05000  below=0/3
t=3252453  fraction=0.15500  peak_slope=3.579e-07  t_peak=1508870  comparison cadence=3017740  difference=0.15500  below=0/3
t=3241276  fraction=0.15500  peak_slope=4.474e-07  t_peak=849438  comparison cadence=1698876  difference=0.06000  below=0/3
t=3598934  fraction=0.21500  peak_slope=2.684e-07  t_peak=1542400  comparison cadence=3084801  difference=0.21000  below=0/3
t=3263630  fraction=0.15500  peak_slope=3.579e-07  t_peak=1508870  comparison cadence=3017740  difference=0.15500  below=0/3
t=3129508  fraction=0.16000  peak_slope=2.684e-07  t_peak=771200  comparison cadence=1542400  difference=0.05000  below=0/3
t=3610111  fraction=0.21500  peak_slope=2.684e-07  t_peak=1542400  comparison cadence=3084801  difference=0.20500  below=0/3
t=3252453  fraction=0.15500  peak_slope=4.474e-07  t_peak=849438  comparison cadence=1698876  difference=0.06000  below=0/3
t=3274807  fraction=0.15500  peak_slope=3.579e-07  t_peak=1508870  comparison cadence=3017740  difference=0.15500  below=0/3
t=3140685  fraction=0.16000  peak_slope=2.684e-07  t_peak=771200  comparison cadence=1542400  difference=0.05000  below=0/3
t=3621288  fraction=0.21500  peak_slope=2.684e-07  t_peak=1542400  comparison cadence=3084801  difference=0.20000  below=0/3
t=3263630  fraction=0.15500  peak_slope=4.474e-07  t_peak=849438  comparison cadence=1698876  difference=0.05500  below=0/3
t=3285983  fraction=0.15500  peak_slope=3.579e-07  t_peak=1508870  comparison cadence=3017740  difference=0.15500  below=0/3
t=3151862  fraction=0.16000  peak_slope=2.684e-07  t_peak=771200  comparison cadence=1542400  difference=0.05000  below=0/3
t=3632465  fraction=0.21500  peak_slope=2.684e-07  t_peak=1542400  comparison cadence=3084801  difference=0.20000  below=0/3
t=3274807  fraction=0.15500  peak_slope=4.474e-07  t_peak=849438  comparison cadence=1698876  difference=0.05500  below=0/3
t=3297160  fraction=0.15500  peak_slope=3.579e-07  t_peak=1508870  comparison cadence=3017740  difference=0.15500  below=0/3
t=3643641  fraction=0.21500  peak_slope=2.684e-07  t_peak=1542400  comparison cadence=3084801  difference=0.20000  below=0/3
t=3163038  fraction=0.16000  peak_slope=2.684e-07  t_peak=771200  comparison cadence=1542400  difference=0.05000  below=0/3
t=3285983  fraction=0.15500  peak_slope=4.474e-07  t_peak=849438  comparison cadence=1698876  difference=0.05000  below=0/3
t=3308337  fraction=0.15500  peak_slope=3.579e-07  t_peak=1508870  comparison cadence=3017740  difference=0.15500  below=0/3
t=3654818  fraction=0.21500  peak_slope=2.684e-07  t_peak=1542400  comparison cadence=3084801  difference=0.20000  below=0/3
t=3174215  fraction=0.16000  peak_slope=2.684e-07  t_peak=771200  comparison cadence=1542400  difference=0.04500  below=1/3
t=3297160  fraction=0.15500  peak_slope=4.474e-07  t_peak=849438  comparison cadence=1698876  difference=0.05000  below=0/3
t=3665995  fraction=0.21500  peak_slope=2.684e-07  t_peak=1542400  comparison cadence=3084801  difference=0.20000  below=0/3
t=3319514  fraction=0.15500  peak_slope=3.579e-07  t_peak=1508870  comparison cadence=3017740  difference=0.15500  below=0/3
t=3185392  fraction=0.16000  peak_slope=2.684e-07  t_peak=771200  comparison cadence=1542400  difference=0.04000  below=2/3
t=3308337  fraction=0.15500  peak_slope=4.474e-07  t_peak=849438  comparison cadence=1698876  difference=0.05000  below=0/3
t=3677172  fraction=0.21500  peak_slope=2.684e-07  t_peak=1542400  comparison cadence=3084801  difference=0.20000  below=0/3
t=3330691  fraction=0.15500  peak_slope=3.579e-07  t_peak=1508870  comparison cadence=3017740  difference=0.15500  below=0/3
t=3196569  fraction=0.16000  peak_slope=2.684e-07  t_peak=771200  comparison cadence=1542400  difference=0.04000  below=3/3
Stopping at t=3196568.917528835
Saved 168 remaining particles to /scratch/group/p.phy260085.000//Mass_Fraction/Outputs/Ejection_Results/remaining_particles_2145693_4.csv
t=3319514  fraction=0.15500  peak_slope=4.474e-07  t_peak=849438  comparison cadence=1698876  difference=0.05000  below=0/3
t=3688349  fraction=0.21500  peak_slope=2.684e-07  t_peak=1542400  comparison cadence=3084801  difference=0.20000  below=0/3
t=3341868  fraction=0.15500  peak_slope=3.579e-07  t_peak=1508870  comparison cadence=3017740  difference=0.15500  below=0/3
t=3330691  fraction=0.15500  peak_slope=4.474e-07  t_peak=849438  comparison cadence=1698876  difference=0.05000  below=0/3
t=3699526  fraction=0.21500  peak_slope=2.684e-07  t_peak=1542400  comparison cadence=3084801  difference=0.20000  below=0/3
t=3353044  fraction=0.15500  peak_slope=3.579e-07  t_peak=1508870  comparison cadence=3017740  difference=0.15500  below=0/3
t=3341868  fraction=0.15500  peak_slope=4.474e-07  t_peak=849438  comparison cadence=1698876  difference=0.05000  below=0/3
t=3710702  fraction=0.21500  peak_slope=2.684e-07  t_peak=1542400  comparison cadence=3084801  difference=0.19500  below=0/3
t=3364221  fraction=0.15500  peak_slope=3.579e-07  t_peak=1508870  comparison cadence=3017740  difference=0.15500  below=0/3
t=3721879  fraction=0.21500  peak_slope=2.684e-07  t_peak=1542400  comparison cadence=3084801  difference=0.19500  below=0/3
t=3353044  fraction=0.16000  peak_slope=4.474e-07  t_peak=849438  comparison cadence=1698876  difference=0.05500  below=0/3
t=3375398  fraction=0.15500  peak_slope=3.579e-07  t_peak=1508870  comparison cadence=3017740  difference=0.15000  below=0/3
t=3733056  fraction=0.21500  peak_slope=2.684e-07  t_peak=1542400  comparison cadence=3084801  difference=0.19500  below=0/3
t=3364221  fraction=0.16000  peak_slope=4.474e-07  t_peak=849438  comparison cadence=1698876  difference=0.05500  below=0/3
t=3386575  fraction=0.15500  peak_slope=3.579e-07  t_peak=1508870  comparison cadence=3017740  difference=0.15000  below=0/3
t=3744233  fraction=0.21500  peak_slope=2.684e-07  t_peak=1542400  comparison cadence=3084801  difference=0.19000  below=0/3
t=3375398  fraction=0.16000  peak_slope=4.474e-07  t_peak=849438  comparison cadence=1698876  difference=0.05000  below=0/3
t=3397752  fraction=0.15500  peak_slope=3.579e-07  t_peak=1508870  comparison cadence=3017740  difference=0.15000  below=0/3
t=3755410  fraction=0.21500  peak_slope=2.684e-07  t_peak=1542400  comparison cadence=3084801  difference=0.19000  below=0/3
t=3386575  fraction=0.16000  peak_slope=4.474e-07  t_peak=849438  comparison cadence=1698876  difference=0.05000  below=0/3
t=3408928  fraction=0.15500  peak_slope=3.579e-07  t_peak=1508870  comparison cadence=3017740  difference=0.15000  below=0/3
t=3766586  fraction=0.21500  peak_slope=2.684e-07  t_peak=1542400  comparison cadence=3084801  difference=0.19000  below=0/3
t=3397752  fraction=0.16000  peak_slope=4.474e-07  t_peak=849438  comparison cadence=1698876  difference=0.05000  below=0/3
t=3420105  fraction=0.15500  peak_slope=3.579e-07  t_peak=1508870  comparison cadence=3017740  difference=0.15000  below=0/3
t=3777763  fraction=0.21500  peak_slope=2.684e-07  t_peak=1542400  comparison cadence=3084801  difference=0.19000  below=0/3
t=3408928  fraction=0.16000  peak_slope=4.474e-07  t_peak=849438  comparison cadence=1698876  difference=0.05000  below=0/3
t=3788940  fraction=0.21500  peak_slope=2.684e-07  t_peak=1542400  comparison cadence=3084801  difference=0.18500  below=0/3
t=3431282  fraction=0.15500  peak_slope=3.579e-07  t_peak=1508870  comparison cadence=3017740  difference=0.15000  below=0/3
t=3420105  fraction=0.16000  peak_slope=4.474e-07  t_peak=849438  comparison cadence=1698876  difference=0.05000  below=0/3
t=3800117  fraction=0.21500  peak_slope=2.684e-07  t_peak=1542400  comparison cadence=3084801  difference=0.18500  below=0/3
t=3442459  fraction=0.15500  peak_slope=3.579e-07  t_peak=1508870  comparison cadence=3017740  difference=0.14500  below=0/3
t=3431282  fraction=0.16000  peak_slope=4.474e-07  t_peak=849438  comparison cadence=1698876  difference=0.05000  below=0/3
t=3811294  fraction=0.21500  peak_slope=2.684e-07  t_peak=1542400  comparison cadence=3084801  difference=0.18000  below=0/3
t=3453636  fraction=0.15500  peak_slope=3.579e-07  t_peak=1508870  comparison cadence=3017740  difference=0.14500  below=0/3
t=3442459  fraction=0.16000  peak_slope=4.474e-07  t_peak=849438  comparison cadence=1698876  difference=0.05000  below=0/3
t=3822471  fraction=0.21500  peak_slope=2.684e-07  t_peak=1542400  comparison cadence=3084801  difference=0.18000  below=0/3
t=3464812  fraction=0.15500  peak_slope=3.579e-07  t_peak=1508870  comparison cadence=3017740  difference=0.14500  below=0/3
t=3453636  fraction=0.16000  peak_slope=4.474e-07  t_peak=849438  comparison cadence=1698876  difference=0.05000  below=0/3
t=3833647  fraction=0.21500  peak_slope=2.684e-07  t_peak=1542400  comparison cadence=3084801  difference=0.18000  below=0/3
t=3475989  fraction=0.15500  peak_slope=3.579e-07  t_peak=1508870  comparison cadence=3017740  difference=0.14500  below=0/3
t=3844824  fraction=0.21500  peak_slope=2.684e-07  t_peak=1542400  comparison cadence=3084801  difference=0.18000  below=0/3
t=3464812  fraction=0.16000  peak_slope=4.474e-07  t_peak=849438  comparison cadence=1698876  difference=0.05000  below=0/3
t=3487166  fraction=0.15500  peak_slope=3.579e-07  t_peak=1508870  comparison cadence=3017740  difference=0.14500  below=0/3
t=3856001  fraction=0.21500  peak_slope=2.684e-07  t_peak=1542400  comparison cadence=3084801  difference=0.18000  below=0/3
t=3475989  fraction=0.16000  peak_slope=4.474e-07  t_peak=849438  comparison cadence=1698876  difference=0.04500  below=1/3
t=3498343  fraction=0.15500  peak_slope=3.579e-07  t_peak=1508870  comparison cadence=3017740  difference=0.14500  below=0/3
t=3867178  fraction=0.21500  peak_slope=2.684e-07  t_peak=1542400  comparison cadence=3084801  difference=0.18000  below=0/3
t=3487166  fraction=0.16000  peak_slope=4.474e-07  t_peak=849438  comparison cadence=1698876  difference=0.04500  below=2/3
t=3509520  fraction=0.15500  peak_slope=3.579e-07  t_peak=1508870  comparison cadence=3017740  difference=0.14500  below=0/3
t=3878355  fraction=0.21500  peak_slope=2.684e-07  t_peak=1542400  comparison cadence=3084801  difference=0.18000  below=0/3
t=3498343  fraction=0.16500  peak_slope=4.474e-07  t_peak=849438  comparison cadence=1698876  difference=0.05000  below=0/3
t=3520697  fraction=0.15500  peak_slope=3.579e-07  t_peak=1508870  comparison cadence=3017740  difference=0.14500  below=0/3
t=3889531  fraction=0.21500  peak_slope=2.684e-07  t_peak=1542400  comparison cadence=3084801  difference=0.18000  below=0/3
t=3509520  fraction=0.16500  peak_slope=4.474e-07  t_peak=849438  comparison cadence=1698876  difference=0.05000  below=0/3
t=3531873  fraction=0.15500  peak_slope=3.579e-07  t_peak=1508870  comparison cadence=3017740  difference=0.14500  below=0/3
t=3900708  fraction=0.21500  peak_slope=2.684e-07  t_peak=1542400  comparison cadence=3084801  difference=0.18000  below=0/3
t=3520697  fraction=0.16500  peak_slope=4.474e-07  t_peak=849438  comparison cadence=1698876  difference=0.04500  below=1/3
t=3911885  fraction=0.21500  peak_slope=2.684e-07  t_peak=1542400  comparison cadence=3084801  difference=0.17000  below=0/3
t=3543050  fraction=0.15500  peak_slope=3.579e-07  t_peak=1508870  comparison cadence=3017740  difference=0.14500  below=0/3
t=3531873  fraction=0.16500  peak_slope=4.474e-07  t_peak=849438  comparison cadence=1698876  difference=0.03500  below=2/3
t=3923062  fraction=0.21500  peak_slope=2.684e-07  t_peak=1542400  comparison cadence=3084801  difference=0.17000  below=0/3
t=3554227  fraction=0.15500  peak_slope=3.579e-07  t_peak=1508870  comparison cadence=3017740  difference=0.14500  below=0/3
t=3543050  fraction=0.16500  peak_slope=4.474e-07  t_peak=849438  comparison cadence=1698876  difference=0.03500  below=3/3
Stopping at t=3543050.163834408
Saved 167 remaining particles to /scratch/group/p.phy260085.000//Mass_Fraction/Outputs/Ejection_Results/remaining_particles_2145693_4.csv
t=3934239  fraction=0.21500  peak_slope=2.684e-07  t_peak=1542400  comparison cadence=3084801  difference=0.17000  below=0/3
t=3565404  fraction=0.15500  peak_slope=3.579e-07  t_peak=1508870  comparison cadence=3017740  difference=0.14500  below=0/3
t=3945415  fraction=0.21500  peak_slope=2.684e-07  t_peak=1542400  comparison cadence=3084801  difference=0.16500  below=0/3
t=3576581  fraction=0.15500  peak_slope=3.579e-07  t_peak=1508870  comparison cadence=3017740  difference=0.14500  below=0/3
t=3956592  fraction=0.21500  peak_slope=2.684e-07  t_peak=1542400  comparison cadence=3084801  difference=0.16500  below=0/3
t=3587757  fraction=0.15500  peak_slope=3.579e-07  t_peak=1508870  comparison cadence=3017740  difference=0.14500  below=0/3
t=3967769  fraction=0.21500  peak_slope=2.684e-07  t_peak=1542400  comparison cadence=3084801  difference=0.16500  below=0/3
t=3598934  fraction=0.15500  peak_slope=3.579e-07  t_peak=1508870  comparison cadence=3017740  difference=0.14500  below=0/3
t=3978946  fraction=0.21500  peak_slope=2.684e-07  t_peak=1542400  comparison cadence=3084801  difference=0.16500  below=0/3
t=3610111  fraction=0.15500  peak_slope=3.579e-07  t_peak=1508870  comparison cadence=3017740  difference=0.14500  below=0/3
t=3990123  fraction=0.21500  peak_slope=2.684e-07  t_peak=1542400  comparison cadence=3084801  difference=0.16500  below=0/3
t=3621288  fraction=0.15500  peak_slope=3.579e-07  t_peak=1508870  comparison cadence=3017740  difference=0.14500  below=0/3
t=4001300  fraction=0.21500  peak_slope=2.684e-07  t_peak=1542400  comparison cadence=3084801  difference=0.16500  below=0/3
t=3632465  fraction=0.15500  peak_slope=3.579e-07  t_peak=1508870  comparison cadence=3017740  difference=0.14500  below=0/3
t=4012476  fraction=0.21500  peak_slope=2.684e-07  t_peak=1542400  comparison cadence=3084801  difference=0.16500  below=0/3
t=3643641  fraction=0.15500  peak_slope=3.579e-07  t_peak=1508870  comparison cadence=3017740  difference=0.14500  below=0/3
t=4023653  fraction=0.21500  peak_slope=2.684e-07  t_peak=1542400  comparison cadence=3084801  difference=0.16000  below=0/3
t=4034830  fraction=0.21500  peak_slope=2.684e-07  t_peak=1542400  comparison cadence=3084801  difference=0.16000  below=0/3
t=3654818  fraction=0.15500  peak_slope=3.579e-07  t_peak=1508870  comparison cadence=3017740  difference=0.14000  below=0/3
t=4046007  fraction=0.21500  peak_slope=2.684e-07  t_peak=1542400  comparison cadence=3084801  difference=0.15500  below=0/3
t=3665995  fraction=0.15500  peak_slope=3.579e-07  t_peak=1508870  comparison cadence=3017740  difference=0.14000  below=0/3
t=4057184  fraction=0.21500  peak_slope=2.684e-07  t_peak=1542400  comparison cadence=3084801  difference=0.15500  below=0/3
t=3677172  fraction=0.15500  peak_slope=3.579e-07  t_peak=1508870  comparison cadence=3017740  difference=0.14000  below=0/3
t=4068360  fraction=0.21500  peak_slope=2.684e-07  t_peak=1542400  comparison cadence=3084801  difference=0.15500  below=0/3
t=3688349  fraction=0.15500  peak_slope=3.579e-07  t_peak=1508870  comparison cadence=3017740  difference=0.14000  below=0/3
t=4079537  fraction=0.21500  peak_slope=2.684e-07  t_peak=1542400  comparison cadence=3084801  difference=0.15500  below=0/3
t=3699526  fraction=0.16000  peak_slope=3.579e-07  t_peak=1508870  comparison cadence=3017740  difference=0.14000  below=0/3
t=4090714  fraction=0.21500  peak_slope=2.684e-07  t_peak=1542400  comparison cadence=3084801  difference=0.15500  below=0/3
t=3710702  fraction=0.16000  peak_slope=3.579e-07  t_peak=1508870  comparison cadence=3017740  difference=0.14000  below=0/3
t=4101891  fraction=0.21500  peak_slope=2.684e-07  t_peak=1542400  comparison cadence=3084801  difference=0.15000  below=0/3
t=3721879  fraction=0.16000  peak_slope=3.579e-07  t_peak=1508870  comparison cadence=3017740  difference=0.14000  below=0/3
t=4113068  fraction=0.21500  peak_slope=2.684e-07  t_peak=1542400  comparison cadence=3084801  difference=0.15000  below=0/3
t=3733056  fraction=0.16000  peak_slope=3.579e-07  t_peak=1508870  comparison cadence=3017740  difference=0.14000  below=0/3
t=4124245  fraction=0.21500  peak_slope=2.684e-07  t_peak=1542400  comparison cadence=3084801  difference=0.15000  below=0/3
t=3744233  fraction=0.16000  peak_slope=3.579e-07  t_peak=1508870  comparison cadence=3017740  difference=0.14000  below=0/3
t=4135421  fraction=0.21500  peak_slope=2.684e-07  t_peak=1542400  comparison cadence=3084801  difference=0.14500  below=0/3
t=3755410  fraction=0.16000  peak_slope=3.579e-07  t_peak=1508870  comparison cadence=3017740  difference=0.14000  below=0/3
t=4146598  fraction=0.21500  peak_slope=2.684e-07  t_peak=1542400  comparison cadence=3084801  difference=0.14500  below=0/3
t=3766586  fraction=0.16000  peak_slope=3.579e-07  t_peak=1508870  comparison cadence=3017740  difference=0.14000  below=0/3
t=4157775  fraction=0.21500  peak_slope=2.684e-07  t_peak=1542400  comparison cadence=3084801  difference=0.14000  below=0/3
t=4168952  fraction=0.21500  peak_slope=2.684e-07  t_peak=1542400  comparison cadence=3084801  difference=0.14000  below=0/3
t=3777763  fraction=0.16000  peak_slope=3.579e-07  t_peak=1508870  comparison cadence=3017740  difference=0.14000  below=0/3
t=4180129  fraction=0.21500  peak_slope=2.684e-07  t_peak=1542400  comparison cadence=3084801  difference=0.13500  below=0/3
t=3788940  fraction=0.16000  peak_slope=3.579e-07  t_peak=1508870  comparison cadence=3017740  difference=0.14000  below=0/3
t=4191305  fraction=0.21500  peak_slope=2.684e-07  t_peak=1542400  comparison cadence=3084801  difference=0.13000  below=0/3
t=3800117  fraction=0.16000  peak_slope=3.579e-07  t_peak=1508870  comparison cadence=3017740  difference=0.14000  below=0/3
t=4202482  fraction=0.21500  peak_slope=2.684e-07  t_peak=1542400  comparison cadence=3084801  difference=0.13000  below=0/3
t=3811294  fraction=0.16000  peak_slope=3.579e-07  t_peak=1508870  comparison cadence=3017740  difference=0.14000  below=0/3
t=4213659  fraction=0.21500  peak_slope=2.684e-07  t_peak=1542400  comparison cadence=3084801  difference=0.13000  below=0/3
t=3822471  fraction=0.16000  peak_slope=3.579e-07  t_peak=1508870  comparison cadence=3017740  difference=0.14000  below=0/3
t=4224836  fraction=0.21500  peak_slope=2.684e-07  t_peak=1542400  comparison cadence=3084801  difference=0.12500  below=0/3
t=3833647  fraction=0.16000  peak_slope=3.579e-07  t_peak=1508870  comparison cadence=3017740  difference=0.14000  below=0/3
t=4236013  fraction=0.21500  peak_slope=2.684e-07  t_peak=1542400  comparison cadence=3084801  difference=0.12500  below=0/3
t=3844824  fraction=0.16000  peak_slope=3.579e-07  t_peak=1508870  comparison cadence=3017740  difference=0.14000  below=0/3
t=4247189  fraction=0.21500  peak_slope=2.684e-07  t_peak=1542400  comparison cadence=3084801  difference=0.12500  below=0/3
t=3856001  fraction=0.16000  peak_slope=3.579e-07  t_peak=1508870  comparison cadence=3017740  difference=0.14000  below=0/3
t=4258366  fraction=0.21500  peak_slope=2.684e-07  t_peak=1542400  comparison cadence=3084801  difference=0.11500  below=0/3
t=3867178  fraction=0.16000  peak_slope=3.579e-07  t_peak=1508870  comparison cadence=3017740  difference=0.14000  below=0/3
t=4269543  fraction=0.21500  peak_slope=2.684e-07  t_peak=1542400  comparison cadence=3084801  difference=0.11500  below=0/3
t=3878355  fraction=0.16000  peak_slope=3.579e-07  t_peak=1508870  comparison cadence=3017740  difference=0.14000  below=0/3
t=4280720  fraction=0.21500  peak_slope=2.684e-07  t_peak=1542400  comparison cadence=3084801  difference=0.11500  below=0/3
t=4291897  fraction=0.21500  peak_slope=2.684e-07  t_peak=1542400  comparison cadence=3084801  difference=0.11500  below=0/3
t=3889531  fraction=0.16000  peak_slope=3.579e-07  t_peak=1508870  comparison cadence=3017740  difference=0.14000  below=0/3
t=4303074  fraction=0.21500  peak_slope=2.684e-07  t_peak=1542400  comparison cadence=3084801  difference=0.11500  below=0/3
t=3900708  fraction=0.16000  peak_slope=3.579e-07  t_peak=1508870  comparison cadence=3017740  difference=0.13500  below=0/3
t=4314250  fraction=0.21500  peak_slope=2.684e-07  t_peak=1542400  comparison cadence=3084801  difference=0.11000  below=0/3
t=3911885  fraction=0.16000  peak_slope=3.579e-07  t_peak=1508870  comparison cadence=3017740  difference=0.13500  below=0/3
t=4325427  fraction=0.21500  peak_slope=2.684e-07  t_peak=1542400  comparison cadence=3084801  difference=0.10000  below=0/3
t=3923062  fraction=0.16000  peak_slope=3.579e-07  t_peak=1508870  comparison cadence=3017740  difference=0.13500  below=0/3
t=4336604  fraction=0.21500  peak_slope=2.684e-07  t_peak=1542400  comparison cadence=3084801  difference=0.10000  below=0/3
t=3934239  fraction=0.16000  peak_slope=3.579e-07  t_peak=1508870  comparison cadence=3017740  difference=0.13500  below=0/3
t=4347781  fraction=0.21500  peak_slope=2.684e-07  t_peak=1542400  comparison cadence=3084801  difference=0.10000  below=0/3
t=3945415  fraction=0.16000  peak_slope=3.579e-07  t_peak=1508870  comparison cadence=3017740  difference=0.13500  below=0/3
t=4358958  fraction=0.21500  peak_slope=2.684e-07  t_peak=1542400  comparison cadence=3084801  difference=0.10000  below=0/3
t=3956592  fraction=0.16000  peak_slope=3.579e-07  t_peak=1508870  comparison cadence=3017740  difference=0.13500  below=0/3
t=4370134  fraction=0.21500  peak_slope=2.684e-07  t_peak=1542400  comparison cadence=3084801  difference=0.09500  below=0/3
t=3967769  fraction=0.16000  peak_slope=3.579e-07  t_peak=1508870  comparison cadence=3017740  difference=0.13500  below=0/3
t=4381311  fraction=0.21500  peak_slope=2.684e-07  t_peak=1542400  comparison cadence=3084801  difference=0.09000  below=0/3
t=3978946  fraction=0.16000  peak_slope=3.579e-07  t_peak=1508870  comparison cadence=3017740  difference=0.13500  below=0/3
t=4392488  fraction=0.21500  peak_slope=2.684e-07  t_peak=1542400  comparison cadence=3084801  difference=0.09000  below=0/3
t=3990123  fraction=0.16000  peak_slope=3.579e-07  t_peak=1508870  comparison cadence=3017740  difference=0.13500  below=0/3
t=4403665  fraction=0.21500  peak_slope=2.684e-07  t_peak=1542400  comparison cadence=3084801  difference=0.09000  below=0/3
t=4414842  fraction=0.22000  peak_slope=2.684e-07  t_peak=1542400  comparison cadence=3084801  difference=0.09500  below=0/3
t=4001300  fraction=0.16000  peak_slope=3.579e-07  t_peak=1508870  comparison cadence=3017740  difference=0.13500  below=0/3
t=4426019  fraction=0.22000  peak_slope=2.684e-07  t_peak=1542400  comparison cadence=3084801  difference=0.09500  below=0/3
t=4012476  fraction=0.16000  peak_slope=3.579e-07  t_peak=1508870  comparison cadence=3017740  difference=0.13500  below=0/3
t=4437195  fraction=0.22000  peak_slope=2.684e-07  t_peak=1542400  comparison cadence=3084801  difference=0.09500  below=0/3
t=4023653  fraction=0.16000  peak_slope=3.579e-07  t_peak=1508870  comparison cadence=3017740  difference=0.13500  below=0/3
t=4448372  fraction=0.22000  peak_slope=2.684e-07  t_peak=1542400  comparison cadence=3084801  difference=0.09500  below=0/3
t=4034830  fraction=0.16000  peak_slope=3.579e-07  t_peak=1508870  comparison cadence=3017740  difference=0.13500  below=0/3
t=4459549  fraction=0.22000  peak_slope=2.684e-07  t_peak=1542400  comparison cadence=3084801  difference=0.09500  below=0/3
t=4046007  fraction=0.16000  peak_slope=3.579e-07  t_peak=1508870  comparison cadence=3017740  difference=0.13500  below=0/3
t=4470726  fraction=0.22000  peak_slope=2.684e-07  t_peak=1542400  comparison cadence=3084801  difference=0.09500  below=0/3
t=4057184  fraction=0.16000  peak_slope=3.579e-07  t_peak=1508870  comparison cadence=3017740  difference=0.13500  below=0/3
t=4481903  fraction=0.22000  peak_slope=2.684e-07  t_peak=1542400  comparison cadence=3084801  difference=0.09500  below=0/3
t=4068360  fraction=0.16000  peak_slope=3.579e-07  t_peak=1508870  comparison cadence=3017740  difference=0.13500  below=0/3
t=4493079  fraction=0.22000  peak_slope=2.684e-07  t_peak=1542400  comparison cadence=3084801  difference=0.09500  below=0/3
t=4079537  fraction=0.16000  peak_slope=3.579e-07  t_peak=1508870  comparison cadence=3017740  difference=0.13000  below=0/3
t=4504256  fraction=0.22000  peak_slope=2.684e-07  t_peak=1542400  comparison cadence=3084801  difference=0.09500  below=0/3
t=4090714  fraction=0.16000  peak_slope=3.579e-07  t_peak=1508870  comparison cadence=3017740  difference=0.13000  below=0/3
t=4515433  fraction=0.22000  peak_slope=2.684e-07  t_peak=1542400  comparison cadence=3084801  difference=0.09500  below=0/3
t=4101891  fraction=0.16000  peak_slope=3.579e-07  t_peak=1508870  comparison cadence=3017740  difference=0.12500  below=0/3
t=4526610  fraction=0.22000  peak_slope=2.684e-07  t_peak=1542400  comparison cadence=3084801  difference=0.09500  below=0/3
t=4537787  fraction=0.22000  peak_slope=2.684e-07  t_peak=1542400  comparison cadence=3084801  difference=0.09500  below=0/3
t=4113068  fraction=0.16000  peak_slope=3.579e-07  t_peak=1508870  comparison cadence=3017740  difference=0.12500  below=0/3
t=4548963  fraction=0.22000  peak_slope=2.684e-07  t_peak=1542400  comparison cadence=3084801  difference=0.09500  below=0/3
t=4124245  fraction=0.16000  peak_slope=3.579e-07  t_peak=1508870  comparison cadence=3017740  difference=0.12500  below=0/3
t=4560140  fraction=0.22000  peak_slope=2.684e-07  t_peak=1542400  comparison cadence=3084801  difference=0.09500  below=0/3
t=4135421  fraction=0.16000  peak_slope=3.579e-07  t_peak=1508870  comparison cadence=3017740  difference=0.12500  below=0/3
t=4571317  fraction=0.22000  peak_slope=2.684e-07  t_peak=1542400  comparison cadence=3084801  difference=0.09500  below=0/3
t=4146598  fraction=0.16000  peak_slope=3.579e-07  t_peak=1508870  comparison cadence=3017740  difference=0.12500  below=0/3
t=4582494  fraction=0.22000  peak_slope=2.684e-07  t_peak=1542400  comparison cadence=3084801  difference=0.09000  below=0/3
t=4157775  fraction=0.16000  peak_slope=3.579e-07  t_peak=1508870  comparison cadence=3017740  difference=0.12500  below=0/3
t=4593671  fraction=0.22000  peak_slope=2.684e-07  t_peak=1542400  comparison cadence=3084801  difference=0.09000  below=0/3
t=4168952  fraction=0.16000  peak_slope=3.579e-07  t_peak=1508870  comparison cadence=3017740  difference=0.12500  below=0/3
t=4604848  fraction=0.22000  peak_slope=2.684e-07  t_peak=1542400  comparison cadence=3084801  difference=0.08500  below=0/3
t=4180129  fraction=0.16000  peak_slope=3.579e-07  t_peak=1508870  comparison cadence=3017740  difference=0.12500  below=0/3
t=4616024  fraction=0.22000  peak_slope=2.684e-07  t_peak=1542400  comparison cadence=3084801  difference=0.08500  below=0/3
t=4191305  fraction=0.16000  peak_slope=3.579e-07  t_peak=1508870  comparison cadence=3017740  difference=0.11500  below=0/3
t=4627201  fraction=0.22000  peak_slope=2.684e-07  t_peak=1542400  comparison cadence=3084801  difference=0.08000  below=0/3
t=4202482  fraction=0.16000  peak_slope=3.579e-07  t_peak=1508870  comparison cadence=3017740  difference=0.11500  below=0/3
t=4638378  fraction=0.22000  peak_slope=2.684e-07  t_peak=1542400  comparison cadence=3084801  difference=0.07500  below=0/3
t=4213659  fraction=0.16000  peak_slope=3.579e-07  t_peak=1508870  comparison cadence=3017740  difference=0.11500  below=0/3
t=4649555  fraction=0.22000  peak_slope=2.684e-07  t_peak=1542400  comparison cadence=3084801  difference=0.07500  below=0/3
t=4660732  fraction=0.22000  peak_slope=2.684e-07  t_peak=1542400  comparison cadence=3084801  difference=0.07500  below=0/3
t=4224836  fraction=0.16000  peak_slope=3.579e-07  t_peak=1508870  comparison cadence=3017740  difference=0.11500  below=0/3
t=4671908  fraction=0.22000  peak_slope=2.684e-07  t_peak=1542400  comparison cadence=3084801  difference=0.07500  below=0/3
t=4236013  fraction=0.16000  peak_slope=3.579e-07  t_peak=1508870  comparison cadence=3017740  difference=0.11500  below=0/3
t=4683085  fraction=0.22000  peak_slope=2.684e-07  t_peak=1542400  comparison cadence=3084801  difference=0.07500  below=0/3
t=4247189  fraction=0.16000  peak_slope=3.579e-07  t_peak=1508870  comparison cadence=3017740  difference=0.11500  below=0/3
t=4694262  fraction=0.22000  peak_slope=2.684e-07  t_peak=1542400  comparison cadence=3084801  difference=0.07000  below=0/3
t=4258366  fraction=0.16000  peak_slope=3.579e-07  t_peak=1508870  comparison cadence=3017740  difference=0.11500  below=0/3
t=4705439  fraction=0.22000  peak_slope=2.684e-07  t_peak=1542400  comparison cadence=3084801  difference=0.07000  below=0/3
t=4269543  fraction=0.16000  peak_slope=3.579e-07  t_peak=1508870  comparison cadence=3017740  difference=0.11500  below=0/3
t=4716616  fraction=0.22000  peak_slope=2.684e-07  t_peak=1542400  comparison cadence=3084801  difference=0.06500  below=0/3
t=4280720  fraction=0.16000  peak_slope=3.579e-07  t_peak=1508870  comparison cadence=3017740  difference=0.11500  below=0/3
t=4727792  fraction=0.22000  peak_slope=2.684e-07  t_peak=1542400  comparison cadence=3084801  difference=0.06500  below=0/3
t=4291897  fraction=0.16000  peak_slope=3.579e-07  t_peak=1508870  comparison cadence=3017740  difference=0.11000  below=0/3
t=4738969  fraction=0.22000  peak_slope=2.684e-07  t_peak=1542400  comparison cadence=3084801  difference=0.06500  below=0/3
t=4303074  fraction=0.16000  peak_slope=3.579e-07  t_peak=1508870  comparison cadence=3017740  difference=0.11000  below=0/3
t=4750146  fraction=0.22000  peak_slope=2.684e-07  t_peak=1542400  comparison cadence=3084801  difference=0.06500  below=0/3
t=4314250  fraction=0.16000  peak_slope=3.579e-07  t_peak=1508870  comparison cadence=3017740  difference=0.11000  below=0/3
t=4761323  fraction=0.22000  peak_slope=2.684e-07  t_peak=1542400  comparison cadence=3084801  difference=0.06500  below=0/3
t=4325427  fraction=0.16000  peak_slope=3.579e-07  t_peak=1508870  comparison cadence=3017740  difference=0.11000  below=0/3
t=4772500  fraction=0.22000  peak_slope=2.684e-07  t_peak=1542400  comparison cadence=3084801  difference=0.06500  below=0/3
t=4783677  fraction=0.22000  peak_slope=2.684e-07  t_peak=1542400  comparison cadence=3084801  difference=0.06000  below=0/3
t=4336604  fraction=0.16000  peak_slope=3.579e-07  t_peak=1508870  comparison cadence=3017740  difference=0.11000  below=0/3
t=4794853  fraction=0.22000  peak_slope=2.684e-07  t_peak=1542400  comparison cadence=3084801  difference=0.06000  below=0/3
t=4347781  fraction=0.16000  peak_slope=3.579e-07  t_peak=1508870  comparison cadence=3017740  difference=0.11000  below=0/3
t=4806030  fraction=0.22000  peak_slope=2.684e-07  t_peak=1542400  comparison cadence=3084801  difference=0.06000  below=0/3
t=4358958  fraction=0.16000  peak_slope=3.579e-07  t_peak=1508870  comparison cadence=3017740  difference=0.11000  below=0/3
t=4817207  fraction=0.22000  peak_slope=2.684e-07  t_peak=1542400  comparison cadence=3084801  difference=0.05500  below=0/3
t=4370134  fraction=0.16000  peak_slope=3.579e-07  t_peak=1508870  comparison cadence=3017740  difference=0.10500  below=0/3
t=4828384  fraction=0.22000  peak_slope=2.684e-07  t_peak=1542400  comparison cadence=3084801  difference=0.05500  below=0/3
t=4381311  fraction=0.16000  peak_slope=3.579e-07  t_peak=1508870  comparison cadence=3017740  difference=0.10000  below=0/3
t=4839561  fraction=0.22000  peak_slope=2.684e-07  t_peak=1542400  comparison cadence=3084801  difference=0.05500  below=0/3
t=4392488  fraction=0.16000  peak_slope=3.579e-07  t_peak=1508870  comparison cadence=3017740  difference=0.10000  below=0/3
t=4850737  fraction=0.22000  peak_slope=2.684e-07  t_peak=1542400  comparison cadence=3084801  difference=0.05500  below=0/3
t=4403665  fraction=0.16000  peak_slope=3.579e-07  t_peak=1508870  comparison cadence=3017740  difference=0.10000  below=0/3
t=4861914  fraction=0.22000  peak_slope=2.684e-07  t_peak=1542400  comparison cadence=3084801  difference=0.05500  below=0/3
t=4414842  fraction=0.16000  peak_slope=3.579e-07  t_peak=1508870  comparison cadence=3017740  difference=0.10000  below=0/3
t=4873091  fraction=0.22000  peak_slope=2.684e-07  t_peak=1542400  comparison cadence=3084801  difference=0.05500  below=0/3
t=4426019  fraction=0.16000  peak_slope=3.579e-07  t_peak=1508870  comparison cadence=3017740  difference=0.10000  below=0/3
t=4884268  fraction=0.22000  peak_slope=2.684e-07  t_peak=1542400  comparison cadence=3084801  difference=0.05500  below=0/3
t=4895445  fraction=0.22000  peak_slope=2.684e-07  t_peak=1542400  comparison cadence=3084801  difference=0.05500  below=0/3
t=4437195  fraction=0.16000  peak_slope=3.579e-07  t_peak=1508870  comparison cadence=3017740  difference=0.10000  below=0/3
t=4906622  fraction=0.22000  peak_slope=2.684e-07  t_peak=1542400  comparison cadence=3084801  difference=0.05500  below=0/3
t=4448372  fraction=0.16000  peak_slope=3.579e-07  t_peak=1508870  comparison cadence=3017740  difference=0.10000  below=0/3
t=4917798  fraction=0.22000  peak_slope=2.684e-07  t_peak=1542400  comparison cadence=3084801  difference=0.05500  below=0/3
t=4459549  fraction=0.16000  peak_slope=3.579e-07  t_peak=1508870  comparison cadence=3017740  difference=0.10000  below=0/3
t=4928975  fraction=0.22000  peak_slope=2.684e-07  t_peak=1542400  comparison cadence=3084801  difference=0.05500  below=0/3
t=4470726  fraction=0.16000  peak_slope=3.579e-07  t_peak=1508870  comparison cadence=3017740  difference=0.10000  below=0/3
t=4940152  fraction=0.22000  peak_slope=2.684e-07  t_peak=1542400  comparison cadence=3084801  difference=0.05500  below=0/3
t=4481903  fraction=0.16000  peak_slope=3.579e-07  t_peak=1508870  comparison cadence=3017740  difference=0.10000  below=0/3
t=4951329  fraction=0.22000  peak_slope=2.684e-07  t_peak=1542400  comparison cadence=3084801  difference=0.05500  below=0/3
t=4493079  fraction=0.16000  peak_slope=3.579e-07  t_peak=1508870  comparison cadence=3017740  difference=0.09500  below=0/3
t=4962506  fraction=0.22000  peak_slope=2.684e-07  t_peak=1542400  comparison cadence=3084801  difference=0.05500  below=0/3
t=4504256  fraction=0.16000  peak_slope=3.579e-07  t_peak=1508870  comparison cadence=3017740  difference=0.09000  below=0/3
t=4973682  fraction=0.22000  peak_slope=2.684e-07  t_peak=1542400  comparison cadence=3084801  difference=0.05500  below=0/3
t=4515433  fraction=0.16000  peak_slope=3.579e-07  t_peak=1508870  comparison cadence=3017740  difference=0.09000  below=0/3
t=4984859  fraction=0.22000  peak_slope=2.684e-07  t_peak=1542400  comparison cadence=3084801  difference=0.05500  below=0/3
t=4526610  fraction=0.16000  peak_slope=3.579e-07  t_peak=1508870  comparison cadence=3017740  difference=0.08000  below=0/3
t=4996036  fraction=0.22000  peak_slope=2.684e-07  t_peak=1542400  comparison cadence=3084801  difference=0.05500  below=0/3
t=5007213  fraction=0.22000  peak_slope=2.684e-07  t_peak=1542400  comparison cadence=3084801  difference=0.05500  below=0/3
t=4537787  fraction=0.16000  peak_slope=3.579e-07  t_peak=1508870  comparison cadence=3017740  difference=0.08000  below=0/3
t=5018390  fraction=0.22000  peak_slope=2.684e-07  t_peak=1542400  comparison cadence=3084801  difference=0.05500  below=0/3
t=4548963  fraction=0.16000  peak_slope=3.579e-07  t_peak=1508870  comparison cadence=3017740  difference=0.07500  below=0/3
t=5029566  fraction=0.22000  peak_slope=2.684e-07  t_peak=1542400  comparison cadence=3084801  difference=0.05500  below=0/3
t=4560140  fraction=0.16000  peak_slope=3.579e-07  t_peak=1508870  comparison cadence=3017740  difference=0.07500  below=0/3
t=5040743  fraction=0.22000  peak_slope=2.684e-07  t_peak=1542400  comparison cadence=3084801  difference=0.05500  below=0/3
t=4571317  fraction=0.16000  peak_slope=3.579e-07  t_peak=1508870  comparison cadence=3017740  difference=0.07500  below=0/3
t=5051920  fraction=0.22000  peak_slope=2.684e-07  t_peak=1542400  comparison cadence=3084801  difference=0.05500  below=0/3
t=4582494  fraction=0.16000  peak_slope=3.579e-07  t_peak=1508870  comparison cadence=3017740  difference=0.07500  below=0/3
t=5063097  fraction=0.22000  peak_slope=2.684e-07  t_peak=1542400  comparison cadence=3084801  difference=0.05500  below=0/3
t=4593671  fraction=0.16000  peak_slope=3.579e-07  t_peak=1508870  comparison cadence=3017740  difference=0.07500  below=0/3
t=5074274  fraction=0.22000  peak_slope=2.684e-07  t_peak=1542400  comparison cadence=3084801  difference=0.05500  below=0/3
t=4604848  fraction=0.16000  peak_slope=3.579e-07  t_peak=1508870  comparison cadence=3017740  difference=0.07500  below=0/3
t=5085451  fraction=0.22000  peak_slope=2.684e-07  t_peak=1542400  comparison cadence=3084801  difference=0.05500  below=0/3
t=4616024  fraction=0.16000  peak_slope=3.579e-07  t_peak=1508870  comparison cadence=3017740  difference=0.07500  below=0/3
t=5096627  fraction=0.22000  peak_slope=2.684e-07  t_peak=1542400  comparison cadence=3084801  difference=0.05500  below=0/3
t=4627201  fraction=0.16000  peak_slope=3.579e-07  t_peak=1508870  comparison cadence=3017740  difference=0.07000  below=0/3
t=5107804  fraction=0.22000  peak_slope=2.684e-07  t_peak=1542400  comparison cadence=3084801  difference=0.05500  below=0/3
t=4638378  fraction=0.16000  peak_slope=3.579e-07  t_peak=1508870  comparison cadence=3017740  difference=0.07000  below=0/3
t=5118981  fraction=0.22000  peak_slope=2.684e-07  t_peak=1542400  comparison cadence=3084801  difference=0.05500  below=0/3
t=5130158  fraction=0.22000  peak_slope=2.684e-07  t_peak=1542400  comparison cadence=3084801  difference=0.05500  below=0/3
t=4649555  fraction=0.16000  peak_slope=3.579e-07  t_peak=1508870  comparison cadence=3017740  difference=0.07000  below=0/3
t=5141335  fraction=0.22000  peak_slope=2.684e-07  t_peak=1542400  comparison cadence=3084801  difference=0.05500  below=0/3
t=4660732  fraction=0.16000  peak_slope=3.579e-07  t_peak=1508870  comparison cadence=3017740  difference=0.06500  below=0/3
t=5152511  fraction=0.22000  peak_slope=2.684e-07  t_peak=1542400  comparison cadence=3084801  difference=0.04500  below=1/3
t=4671908  fraction=0.16000  peak_slope=3.579e-07  t_peak=1508870  comparison cadence=3017740  difference=0.06000  below=0/3
t=5163688  fraction=0.22000  peak_slope=2.684e-07  t_peak=1542400  comparison cadence=3084801  difference=0.04500  below=2/3
t=4683085  fraction=0.16000  peak_slope=3.579e-07  t_peak=1508870  comparison cadence=3017740  difference=0.06000  below=0/3
t=5174865  fraction=0.22000  peak_slope=2.684e-07  t_peak=1542400  comparison cadence=3084801  difference=0.04500  below=3/3
Stopping at t=5174865.065789687
Saved 156 remaining particles to /scratch/group/p.phy260085.000//Mass_Fraction/Outputs/Ejection_Results/remaining_particles_2145693_4.csv
t=4694262  fraction=0.16000  peak_slope=3.579e-07  t_peak=1508870  comparison cadence=3017740  difference=0.05500  below=0/3
t=4705439  fraction=0.16000  peak_slope=3.579e-07  t_peak=1508870  comparison cadence=3017740  difference=0.05500  below=0/3
t=4716616  fraction=0.16000  peak_slope=3.579e-07  t_peak=1508870  comparison cadence=3017740  difference=0.05500  below=0/3
t=4727792  fraction=0.16000  peak_slope=3.579e-07  t_peak=1508870  comparison cadence=3017740  difference=0.05500  below=0/3
t=4738969  fraction=0.16000  peak_slope=3.579e-07  t_peak=1508870  comparison cadence=3017740  difference=0.05500  below=0/3
t=4750146  fraction=0.16000  peak_slope=3.579e-07  t_peak=1508870  comparison cadence=3017740  difference=0.05500  below=0/3
t=4761323  fraction=0.16000  peak_slope=3.579e-07  t_peak=1508870  comparison cadence=3017740  difference=0.05500  below=0/3
t=4772500  fraction=0.16000  peak_slope=3.579e-07  t_peak=1508870  comparison cadence=3017740  difference=0.05500  below=0/3
t=4783677  fraction=0.16000  peak_slope=3.579e-07  t_peak=1508870  comparison cadence=3017740  difference=0.05500  below=0/3
t=4794853  fraction=0.16000  peak_slope=3.579e-07  t_peak=1508870  comparison cadence=3017740  difference=0.05500  below=0/3
t=4806030  fraction=0.16000  peak_slope=3.579e-07  t_peak=1508870  comparison cadence=3017740  difference=0.05500  below=0/3
