==========================================
Mass Fraction MPI Run
==========================================
Date:               Tue Sep 29 19:50:39 CDT 2026
Host:               ac047
Array job ID:       2174293
Array task ID:      4
MPI ranks:          4
CPUs per task:      1
Nodes allocated:    1
Python:             /scratch/user/u.hm357857/.conda/envs/comets/bin/python
Conda environment:  /scratch/user/u.hm357857/.conda/envs/comets
==========================================

1.7120447776983232
2.3293728016830726
1.0804058817096558
1.9426713666207232
0.9115410574888125
2.1946295894597947
1.8136612410480175
2.442617005171519
0.7752980726207033
0.8286187655510124
1.0385932877804198
1.4080213434255964
2.1568456818840045
1.0517314465552123
1.112457815759168
2.2478295331307665
2.1480380895793036
1.848180211675209
0.9316368364593122
2.2712342038532647
1.653780060170008
1.1634674646073666
1.407008046014126
2.1818196817548783
1.4599628787731578
2.1828611061092547
2.3508582538736897
2.057914406867339
1.1424607597123453
0.6688673315700044
1.0442344550657692
1.8111695003591828
1.4285262449842235
1.0719191259378578
0.634246338837317
0.7199110840214304
2.0759542158640283
2.34260815102424
2.1284321916045927
2.1405573853889375
1.598388945684472
0.9299764543679734
0.9419214261033197
2.1435156459519877
1.7425695777614787
0.5755632874308725
0.9176773109942524
2.2361858807468318
2.2877215126218804
2.1388397909244308
1.6728978685734575
1.5137555715827695
1.9514689902469677
2.356917387419276
0.650593700408286
0.841669597222241
1.1141154335236014
0.6303671852482648
1.2489068084687405
1.901949035959947
1.7420319476894741
1.9110930738642016
2.064472329357775
1.3526445240775387
1.9423421249904622
2.131981797490986
0.9008959582036915
1.5906529688603044
2.2468288737351187
2.1998701912947505
0.9644409978229989
2.0520048041291608
1.8112702134668004
1.9696699051735211
1.609195579791266
1.8939770836597096
0.8276389348638553
1.9615837032809524
1.5840336963057928
1.6068895117728357
1.385450822500383
1.0984687266103585
1.392742964115792
1.6526208174952148
0.9039957268737622
1.8457980706572743
1.2407908178038296
2.31235097684173
1.6875286875103692
0.9179756978273543
2.4671456572384325
0.9003703361955915
2.272888904465206
1.2663171569126686
1.485185893853765
0.5684234860818418
1.8214196680185546
1.4989860017491097
2.4024152502281106
0.9561807979416141
0.6159161899560011
2.285054269608461
1.8885277653488537
2.49074715379916
1.1933681489755559
1.9344687672194594
1.290425637357789
2.439472179047458
1.0587018628438931
1.4575493047158399
2.2820850448674923
0.8783039275136701
0.9955946603664685
1.3380018648431715
0.9807483750338435
1.0967764854392392
1.8914330819319545
0.894085374715148
2.4778167260743005
1.9445055809355862
1.8887220802362124
1.8319715077826764
0.929109085508381
1.051171812119697
1.6458196241395195
1.2661571964685985
1.7332445756076078
1.3261701588612473
1.2625846037228092
0.78348439471681
1.514217973254493
1.0084690483042549
2.115955166868705
0.564197623768441
0.5217784362860542
1.4973493370608482
1.2928630024001644
1.0178877260483483
1.2723834320917122
0.7391499792807252
1.2497426249335037
1.1311853596385315
1.6224253805780295
1.8040563875696511
2.2805879588271702
1.0302847158207729
1.506384609632784
0.7866814678215677
0.6492384353479133
1.2333032095983403
0.5252643667955192
1.160270323520206
2.289883218646146
1.7436132478889994
1.3867629290710828
1.4792446309993106
1.1216215049819935
2.1645274579483216
1.5565048575354636
2.0247369763336316
1.7813865245625005
2.178307557811635
0.6944390975779284
1.1631821647763039
2.0140384750160663
2.466178113256351
1.1733863517536816
0.7046614711018584
0.7038021426915633
1.0363371683902385
1.368361181469695
1.2634218750508799
1.8477620356457092
1.9981463842416949
1.7957239148842359
2.3586331090945487
0.871408613813994
2.317989028689265
1.1616472912338054
2.2165237408658856
1.271572007042017
1.516312992513291
0.7773284434087882
2.312554636533196
1.7249710092635995
1.6634847215798005
1.4790103772372116
0.7585813221320936
1.336544774273482
1.6055714096067097
1.2296834699566797
0.6663278044353986
0.9143066221367575
2.440895847639434
1.6143774795278196
1.097834414587213
2.3066971484293766
2.027818506034723
0.6650443918912232
1.367018986376751
0.964240343744561
0.813437835196763
2.3989166946059424
1.824826077329071
2.0888614939461307
1.5194732348302245
1.9630999495737733
1.338702940295783
1.8822518094546814
1.7452213626987885
1.8987444275785845
1.4358064309477903
1.1686831993851918
2.456837907917482
1.3561073465543811
1.7524326715144327
0.9326075904026958
0.7972798956200009
2.2267761147242693
2.262969432902808
1.9326655680891536
1.3713853074937656
1.2320654975852479
1.0558858453426931
1.9599879801472573
1.3628155369473496
1.9974547391466082
1.4258529428281714
1.0575441386980575
1.3379051045458905
0.820405145552479
0.6735165845867428
1.4886945112214875
1.4430828270219387
1.7311625949313556
1.4791598121879892
1.3357110578949112
1.1362818051829502
0.8520850735303727
0.7254733979197998
1.220418923791586
1.6811257850338195
1.256745962774226
2.0451865856460865
0.7406984519481941
1.3676493570180972
2.107883291069469
2.214953918858745
1.867244460900506
1.452448823333415
1.5208401987209255
1.5017613365039926
2.3851393507666026
0.9150063313546442
0.6634600719432338
1.9710697239314166
1.9663432172255764
2.396125033283947
1.2449873834874245
1.7088887430571535
1.6338770301746055
0.6161486346296092
0.8359783719579532
1.6116985317793737
1.6027973089257974
2.45616532931916
1.3793652275679307
2.111216094694057
2.3943322392036417
0.5659151355263192
2.420343318549958
0.865197222116433
2.0277921949402042
0.9891060024508733
2.294016442545881
1.147724805876947
1.6593020749520022
0.6283155569636563
2.046192950303461
2.0994471451587415
0.7293680088425163
0.6860984387607072
1.8998479649782016
1.7256897787220038
2.3657630863963774
0.7362070371591418
0.5638692512919572
0.7625287426999905
1.263429718278909
2.2548592201522712
1.6532373333280561
1.1449271241031267
2.1487586870052953
1.2441739478422411
1.296959054677964
0.5472798026204391
1.9712383925753563
2.2244987788770416
2.323026662164748
2.2493267466628275
2.3403161051951136
1.5204392653852863
1.8814995554604412
2.427468101793556
2.313657471227497
1.3613113809641095
1.4984902536956635
2.4810743607955086
1.5465580456674302
2.3633986178088744
0.6107604537086773
0.619483909854466
1.2036376805617381
2.07901794206268
2.4836708784548955
1.5461802763500914
2.47778507860106
1.7772362274707312
1.5667897095986638
1.5962517316801494
2.1758549218655254
1.1406624980771887
0.8926771917363057
1.9736357403340856
0.7506967017511301
1.574015406441212
1.34106322059476
0.9055534418411171
1.2838319699767877
1.9038377999371294
2.414694231850879
2.4773459622338083
1.28181895815293
1.3111979412911785
2.100017189997369
2.2182373500671932
1.2283059859569856
2.3411070168895236
0.8872158401468553
1.9138075823160299
0.5670571699621265
1.7175095891165035
0.8573998416673747
2.467196472073964
1.6161898903241523
1.2967428673201549
0.7690302070520043
0.8209716261186808
1.2090062016339522
1.6868661896592048
2.031882475634336
2.071202089360489
2.119241334479904
1.3447252152816782
0.9152440728826223
0.7806684901063621
0.8211579564065989
0.9133816125672345
1.8532090578317753
0.5262960131991501
0.8848816087541627
2.114712433893186
0.6837379104731807
2.2168355842284946
1.81085333663889
1.8751417270774797
2.084049299333929
2.1011418766314343
2.2491930438941985
2.0993188130123794
0.500355987871433
2.443949466487723
1.5699259942776502
2.300341907135939
1.6825614016458106
2.4340682986566016
1.1620913022464348
2.0029133959910665
0.5212642069312794
2.349514902427984
1.0188418041161058
1.894986992834087
2.336272482758039
0.7486111220881089
0.747835113323827
2.2517269367818216
1.4626539775561158
1.1070061481622235
0.7431666406702577
1.0428494774212436
2.341225421508829
0.770650619579748
1.7589653571324877
2.221885223680374
1.8346393016538944
2.3866563122798636
1.7604968781239703
0.5493127165914762
2.148575788142721
1.081579706992758
2.1605867792070717
1.5686553356518194
2.2192371759400147
0.7361178048255115
2.3989676556210364
1.381207211942909
1.3014904587803005
1.0684213486590064
1.99942849071985
2.396558316812369
1.9918596252327332
1.1493862921117768
1.4077944236494455
1.6938178913084518
1.1912493374614215
0.5774222260373052
1.3397796755069158
2.3975099044562
2.1507226903982106
1.3755229093446653
2.123475787432968
2.411633508694583
2.1747870440989665
2.2534162791805405
0.5880714553213517
1.6991422431813121
2.2214888328569855
1.241521553581182
2.4777159771418993
1.536512806104489
2.49157285647314
1.2077070538612231
0.9022644971272362
1.436806054886462
2.2853775007842487
0.7642141919206866
0.9455270053967182
2.229228024708428
0.9369344800672605
2.289875085600764
1.8164151423877242
2.3564435948121023
1.7864285252034293
2.1379517174785097
1.9117945975351966
2.283142401169729
2.3835788217649023
0.6727136336119643
2.4995892137910785
1.626958097991974
0.8253064168096012
1.5746330289361257
1.2277287292369834
1.0758489432201734
2.472135317244753
1.5427651008597822
1.7265287227880952
1.8514585038656708
0.9710087240668246
1.2886329321306749
0.9809969751219021
1.6783770033755938
2.425404095458635
1.1799721333195283
0.7765077888319922
2.2285629864622347
2.153681303382724
0.7422582280372199
2.4827066962964994
0.8122556122741333
1.6592494150918482
0.6900651115891181
2.4538173566980985
2.1810310213178736
1.5218426212181202
1.7949040291354903
0.5313214227418255
2.359102541986447
1.1932805182199504
2.2800038814696366
0.8244828139735008
1.8496159339313492
0.9457992880934443
1.4617052397347396
0.7243089527306403
1.162314430039725
1.7080102798512509
1.80894606056022
2.2601622686591893
1.2470235942923535
1.891950525652531
1.2984896255788982
1.584031417671538
0.9572777508819657
2.098366886604805
2.328625565159083
1.3065480100116407
1.3204446856377023
1.7147888733327417
1.5533562970098265
1.1277641336625583
1.3796090326667962
0.5519447158914332
2.107426985501513
1.205879772207042
0.8520690585114397
0.5859699149557378
1.7937658696699972
0.8603815781152155
1.7974270575323947
1.7332624044298706
2.252778925152419
2.2294382237863375
1.3873385257087567
2.0675537464915443
1.6841797429074326
0.7969621600144057
1.84325026549428
1.961189868334852
2.2985016558839044
1.7002219648308297
1.7525451209464196
0.8314426211709074
2.2923781855647505
0.9171410635906649
0.7183126213648041
0.7910966350077964
0.5172576663951718
0.8386533456857013
2.4407291909282787
1.8387208147696896
1.9552927743362865
1.7800589077398647
1.2210050842671836
1.9999331744701583
2.399410875698078
0.8602187841056543
0.7462576382735955
1.8455379944798747
1.3325952668949541
2.098205993406747
0.9818584453791162
1.3275203564131512
1.9109155690749422
1.327433276105155
1.4409812817400816
0.6378074094663637
1.5713556173271102
1.253155154651351
1.3796914065382606
1.490973849990003
0.7329574750772023
1.3657085144185372
1.817533977257453
0.734640128500144
1.556416071713906
1.183336967470961
2.1350565295237396
1.6460769914153672
1.9173841438995753
2.438531503020298
0.6862959896477301
0.6399660848717699
0.8100855281499859
2.1914809021882045
2.10400763596937
1.4274875160737373
1.889702809262541
1.041895733667073
0.505345893656121
1.964101256887502
2.0165474125876424
1.9698753919981973
0.9319976654669544
1.3923104936971475
1.2912881407758015
1.8474857168635612
0.7681346068830037
1.9470917978106865
1.3904262761680954
1.6412885404683502
0.9363083263218361
2.091344768926753
1.9270735015649973
1.2541669395999786
2.181654176703769
0.7863933882063217
2.0585696573951098
1.555258650756339
0.8895327669925897
1.256699733002693
0.5679893486927863
0.5984221095985403
2.289651042446293
0.7527269979338711
0.7356024253872531
1.9869344757099041
1.7237093568197481
0.7677986358480475
2.2031951479738283
1.6828325753594318
1.4725221382073157
0.8405462455654469
1.8629401794988245
0.5431849229853221
0.8076698826425535
1.9213768517961283
1.426643130608514
2.187510690739038
1.7895950859149605
1.997243081901965
1.5956732812808674
2.142723814130558
1.8271459453314542
2.09015772644503
1.6237089960735984
2.004910125678532
1.7152063139128577
1.154672292086899
2.454572107839699
2.0782368195786907
1.0914670155702655
2.0673935691192176
0.8009978205666608
2.2918698292715938
0.9721312744801809
1.3806609636980447
2.033188091381035
1.2234991271868934
1.5452824633498425
1.2676710137156582
1.8291623282012088
0.7072213801125813
1.5723317411056494
1.4501308066360021
1.21702388997009
1.1013776492217056
0.9311370138327539
0.6271897054508448
1.4680406644860413
1.4410724962375805
2.0603381754859065
0.8813991755895241
2.4166417678326466
2.024411160083636
1.411640900136202
1.8826529660985598
1.356378231331792
2.150880007513067
0.7989119733639864
2.100892355569759
1.8795187846295744
1.6769871307776603
1.5338467148006467
1.6607451216937128
2.236129350820515
1.3875760143967517
2.013495679067914
1.1308212730370955
1.1222391866827428
1.9881183526729402
1.042458639536027
1.1458376650887097
1.754390201426914
1.1781236754016262
1.622941322927826
2.331497724320414
1.402806876630915
0.5718107906620193
0.7257550157844876
0.5960340007487022
0.8238231092871975
1.1682259884901154
1.8854905035341447
1.3136199276858767
2.1927526794228074
2.1666937037448646
1.778385003909805
0.8899516590445888
2.422644104450991
1.9056418500081376
1.5703510755282493
2.4295683787065627
2.0197769331273276
0.8512453693468174
1.4645946169241437
1.05326396963152
1.0551661629582758
0.8577722047832395
0.6039252864840279
1.0547336913513428
1.8403693777945944
2.4070566621498366
0.9074987077504719
2.4436622967835446
2.2343121399040013
2.1769767598768412
2.2962946088960625
1.5769189202924587
0.61854572762207
1.8380010479420326
1.3924364495712351
2.3896092464239502
2.0546401089375905
1.1190534148365867
1.161709777048399
1.8529736355944373
1.5771435373972882
2.3879301334086964
1.8239126653076234
1.3719234317348485
1.2418913825223974
1.9962499310258333
1.728005658923926
1.1001242488224658
0.9449640987159067
1.6674416414109638
1.538859306737678
2.2356813249350127
2.3737687845915953
1.8943384574056987
1.7710634646549253
0.5555184032898148
1.3603272720383073
0.673611604099648
1.3572569624071744
2.316977075034849
0.5253460941916217
0.5816830399902089
0.696132186412455
2.4813480642647563
0.5436787607054172
0.8579353221578507
2.0856227750723138
0.7956321693762469
1.7684130004743828
0.6007437078856395
0.7312611050518019
1.0715258540171486
1.962756081991044
1.6225339056213168
1.18730554162621
1.1480948334264736
0.7941623210855342
1.4062720373299755
2.223412398416242
0.8366265244018762
1.3363103584908305
1.2332203882116457
1.0709344884315766
1.0962604018649449
2.3688835767864083
0.7023832754673454
2.26908336878343
0.5341749163921956
0.7048104073295165
1.3952902264210187
1.51463411270776
1.525782353323052
2.1116470715811566
1.547200967127332
0.8005013450518754
1.83235808480296
2.262336490388963
0.5240215831702808
2.1271711292027673
2.1748100156045034
1.0522312708318189
1.9665785264972624
0.7535456956215303
1.1453258927531298
2.271546024321915
0.6536953082812484
2.3640402821198547
1.214938692492201
0.9222695878050098
1.025442771081595
0.5771300053998916
1.614557017748711
1.916607077656363
2.0826123570517696
2.0767413598245454
2.4888939546466373
1.2882203133447432
1.29217139156479
1.1946946543596506
1.7278037243448159
2.039095978759465
0.5116473651803635
0.5526281792595651
1.1110685879346531
2.4402773846657633
1.0596145644046855
1.2966901669565474
1.324411219052244
2.1440797553283013
2.0841419521683715
2.311380175496966
1.4935276169874225
0.5300508194895546
Rank 1: 200 simulations
Rank 2: 200 simulations
Running 800 simulations with 4 MPI ranks
Rank 0: 200 simulations
Rank 3: 200 simulations
t=962848  fraction=0.18125  peak_slope=1.500e-06  t_peak=320949  comparison cadence=962848  difference=0.18125  below=0/3
t=963848  fraction=0.18125  peak_slope=1.500e-06  t_peak=320949  comparison cadence=962848  difference=0.18125  below=0/3
t=964847  fraction=0.18125  peak_slope=1.500e-06  t_peak=320949  comparison cadence=962848  difference=0.18125  below=0/3
t=965847  fraction=0.18250  peak_slope=1.500e-06  t_peak=320949  comparison cadence=962848  difference=0.18250  below=0/3
t=966847  fraction=0.18375  peak_slope=1.500e-06  t_peak=320949  comparison cadence=962848  difference=0.18375  below=0/3
t=967847  fraction=0.18375  peak_slope=1.500e-06  t_peak=320949  comparison cadence=962848  difference=0.18375  below=0/3
t=968847  fraction=0.18375  peak_slope=1.500e-06  t_peak=320949  comparison cadence=962848  difference=0.18375  below=0/3
t=969847  fraction=0.18375  peak_slope=1.500e-06  t_peak=320949  comparison cadence=962848  difference=0.18375  below=0/3
t=970847  fraction=0.18375  peak_slope=1.500e-06  t_peak=320949  comparison cadence=962848  difference=0.18375  below=0/3
t=971846  fraction=0.18375  peak_slope=1.500e-06  t_peak=320949  comparison cadence=962848  difference=0.18375  below=0/3
t=972846  fraction=0.18375  peak_slope=1.500e-06  t_peak=320949  comparison cadence=962848  difference=0.18375  below=0/3
t=973846  fraction=0.18375  peak_slope=1.500e-06  t_peak=320949  comparison cadence=962848  difference=0.18375  below=0/3
t=974846  fraction=0.18375  peak_slope=1.500e-06  t_peak=320949  comparison cadence=962848  difference=0.18375  below=0/3
t=975846  fraction=0.18375  peak_slope=1.500e-06  t_peak=320949  comparison cadence=962848  difference=0.18375  below=0/3
t=976846  fraction=0.18375  peak_slope=1.500e-06  t_peak=320949  comparison cadence=962848  difference=0.18375  below=0/3
t=977845  fraction=0.18375  peak_slope=1.500e-06  t_peak=320949  comparison cadence=962848  difference=0.18375  below=0/3
t=978845  fraction=0.18375  peak_slope=1.500e-06  t_peak=320949  comparison cadence=962848  difference=0.18375  below=0/3
t=979845  fraction=0.18375  peak_slope=1.500e-06  t_peak=320949  comparison cadence=962848  difference=0.18375  below=0/3
t=980845  fraction=0.18375  peak_slope=1.500e-06  t_peak=320949  comparison cadence=962848  difference=0.18375  below=0/3
t=981845  fraction=0.18375  peak_slope=1.500e-06  t_peak=320949  comparison cadence=962848  difference=0.18375  below=0/3
t=982845  fraction=0.18375  peak_slope=1.500e-06  t_peak=320949  comparison cadence=962848  difference=0.18375  below=0/3
t=983844  fraction=0.18375  peak_slope=1.500e-06  t_peak=320949  comparison cadence=962848  difference=0.18375  below=0/3
t=984844  fraction=0.18375  peak_slope=1.500e-06  t_peak=320949  comparison cadence=962848  difference=0.18375  below=0/3
t=985844  fraction=0.18375  peak_slope=1.500e-06  t_peak=320949  comparison cadence=962848  difference=0.18375  below=0/3
t=986844  fraction=0.18375  peak_slope=1.500e-06  t_peak=320949  comparison cadence=962848  difference=0.18375  below=0/3
t=987844  fraction=0.18375  peak_slope=1.500e-06  t_peak=320949  comparison cadence=962848  difference=0.18375  below=0/3
t=988844  fraction=0.18375  peak_slope=1.500e-06  t_peak=320949  comparison cadence=962848  difference=0.18375  below=0/3
t=989844  fraction=0.18375  peak_slope=1.500e-06  t_peak=320949  comparison cadence=962848  difference=0.18375  below=0/3
t=990843  fraction=0.18375  peak_slope=1.500e-06  t_peak=320949  comparison cadence=962848  difference=0.18375  below=0/3
t=991843  fraction=0.18375  peak_slope=1.500e-06  t_peak=320949  comparison cadence=962848  difference=0.18375  below=0/3
t=992843  fraction=0.18375  peak_slope=1.500e-06  t_peak=320949  comparison cadence=962848  difference=0.18375  below=0/3
t=993843  fraction=0.18375  peak_slope=1.500e-06  t_peak=320949  comparison cadence=962848  difference=0.18375  below=0/3
t=994843  fraction=0.18500  peak_slope=1.500e-06  t_peak=320949  comparison cadence=962848  difference=0.18500  below=0/3
t=995843  fraction=0.18500  peak_slope=1.500e-06  t_peak=320949  comparison cadence=962848  difference=0.18500  below=0/3
t=996842  fraction=0.18500  peak_slope=1.500e-06  t_peak=320949  comparison cadence=962848  difference=0.18500  below=0/3
t=997842  fraction=0.18500  peak_slope=1.500e-06  t_peak=320949  comparison cadence=962848  difference=0.18500  below=0/3
t=998842  fraction=0.18500  peak_slope=1.500e-06  t_peak=320949  comparison cadence=962848  difference=0.18500  below=0/3
t=999842  fraction=0.18500  peak_slope=1.500e-06  t_peak=320949  comparison cadence=962848  difference=0.18500  below=0/3
t=1000842  fraction=0.18500  peak_slope=1.500e-06  t_peak=320949  comparison cadence=962848  difference=0.18500  below=0/3
t=1001842  fraction=0.18500  peak_slope=1.500e-06  t_peak=320949  comparison cadence=962848  difference=0.18500  below=0/3
t=1002841  fraction=0.18500  peak_slope=1.500e-06  t_peak=320949  comparison cadence=962848  difference=0.18500  below=0/3
t=1003841  fraction=0.18500  peak_slope=1.500e-06  t_peak=320949  comparison cadence=962848  difference=0.18500  below=0/3
t=1004841  fraction=0.18500  peak_slope=1.500e-06  t_peak=320949  comparison cadence=962848  difference=0.18500  below=0/3
t=1005841  fraction=0.18500  peak_slope=1.500e-06  t_peak=320949  comparison cadence=962848  difference=0.18500  below=0/3
t=1006841  fraction=0.18500  peak_slope=1.500e-06  t_peak=320949  comparison cadence=962848  difference=0.18500  below=0/3
t=1007841  fraction=0.18500  peak_slope=1.500e-06  t_peak=320949  comparison cadence=962848  difference=0.18500  below=0/3
t=1008841  fraction=0.18500  peak_slope=1.500e-06  t_peak=320949  comparison cadence=962848  difference=0.18500  below=0/3
t=1009840  fraction=0.18500  peak_slope=1.500e-06  t_peak=320949  comparison cadence=962848  difference=0.18500  below=0/3
t=1010840  fraction=0.18500  peak_slope=1.500e-06  t_peak=320949  comparison cadence=962848  difference=0.18500  below=0/3
t=1011840  fraction=0.18500  peak_slope=1.500e-06  t_peak=320949  comparison cadence=962848  difference=0.18500  below=0/3
t=1012840  fraction=0.18500  peak_slope=1.500e-06  t_peak=320949  comparison cadence=962848  difference=0.18500  below=0/3
t=1013840  fraction=0.18500  peak_slope=1.500e-06  t_peak=320949  comparison cadence=962848  difference=0.18500  below=0/3
t=1014840  fraction=0.18500  peak_slope=1.500e-06  t_peak=320949  comparison cadence=962848  difference=0.18500  below=0/3
t=1015839  fraction=0.18500  peak_slope=1.500e-06  t_peak=320949  comparison cadence=962848  difference=0.18500  below=0/3
t=1016839  fraction=0.18500  peak_slope=1.500e-06  t_peak=320949  comparison cadence=962848  difference=0.18500  below=0/3
t=1017839  fraction=0.18500  peak_slope=1.500e-06  t_peak=320949  comparison cadence=962848  difference=0.18500  below=0/3
t=1018839  fraction=0.18500  peak_slope=1.500e-06  t_peak=320949  comparison cadence=962848  difference=0.18500  below=0/3
t=1019839  fraction=0.18500  peak_slope=1.500e-06  t_peak=320949  comparison cadence=962848  difference=0.18500  below=0/3
t=1020839  fraction=0.18500  peak_slope=1.500e-06  t_peak=320949  comparison cadence=962848  difference=0.18500  below=0/3
t=1021838  fraction=0.18500  peak_slope=1.500e-06  t_peak=320949  comparison cadence=962848  difference=0.18500  below=0/3
t=1022838  fraction=0.18500  peak_slope=1.500e-06  t_peak=320949  comparison cadence=962848  difference=0.18500  below=0/3
t=1023838  fraction=0.18500  peak_slope=1.500e-06  t_peak=320949  comparison cadence=962848  difference=0.18500  below=0/3
t=1024838  fraction=0.18500  peak_slope=1.500e-06  t_peak=320949  comparison cadence=962848  difference=0.18500  below=0/3
t=1025838  fraction=0.18500  peak_slope=1.500e-06  t_peak=320949  comparison cadence=962848  difference=0.18500  below=0/3
t=1026838  fraction=0.18500  peak_slope=1.500e-06  t_peak=320949  comparison cadence=962848  difference=0.18500  below=0/3
t=1027837  fraction=0.18500  peak_slope=1.500e-06  t_peak=320949  comparison cadence=962848  difference=0.18500  below=0/3
t=1028837  fraction=0.18500  peak_slope=1.500e-06  t_peak=320949  comparison cadence=962848  difference=0.18500  below=0/3
t=1029837  fraction=0.18500  peak_slope=1.500e-06  t_peak=320949  comparison cadence=962848  difference=0.18500  below=0/3
t=1030837  fraction=0.18500  peak_slope=1.500e-06  t_peak=320949  comparison cadence=962848  difference=0.18500  below=0/3
t=1031837  fraction=0.18500  peak_slope=1.500e-06  t_peak=320949  comparison cadence=962848  difference=0.18500  below=0/3
t=1032837  fraction=0.18625  peak_slope=1.500e-06  t_peak=320949  comparison cadence=962848  difference=0.18625  below=0/3
t=1033837  fraction=0.18625  peak_slope=1.500e-06  t_peak=320949  comparison cadence=962848  difference=0.18625  below=0/3
t=1034836  fraction=0.18625  peak_slope=1.500e-06  t_peak=320949  comparison cadence=962848  difference=0.18625  below=0/3
t=1035836  fraction=0.18625  peak_slope=1.500e-06  t_peak=320949  comparison cadence=962848  difference=0.18625  below=0/3
t=1036836  fraction=0.18625  peak_slope=1.500e-06  t_peak=320949  comparison cadence=962848  difference=0.18625  below=0/3
t=1037836  fraction=0.18625  peak_slope=1.500e-06  t_peak=320949  comparison cadence=962848  difference=0.18625  below=0/3
t=1038836  fraction=0.18750  peak_slope=1.500e-06  t_peak=320949  comparison cadence=962848  difference=0.18750  below=0/3
t=1039836  fraction=0.18750  peak_slope=1.500e-06  t_peak=320949  comparison cadence=962848  difference=0.18750  below=0/3
t=1040835  fraction=0.18750  peak_slope=1.500e-06  t_peak=320949  comparison cadence=962848  difference=0.18750  below=0/3
t=1041835  fraction=0.18875  peak_slope=1.500e-06  t_peak=320949  comparison cadence=962848  difference=0.18875  below=0/3
t=1042835  fraction=0.18875  peak_slope=1.500e-06  t_peak=320949  comparison cadence=962848  difference=0.18875  below=0/3
t=1043835  fraction=0.18875  peak_slope=1.500e-06  t_peak=320949  comparison cadence=962848  difference=0.18875  below=0/3
t=1044835  fraction=0.18875  peak_slope=1.500e-06  t_peak=320949  comparison cadence=962848  difference=0.18875  below=0/3
t=1045835  fraction=0.18875  peak_slope=1.500e-06  t_peak=320949  comparison cadence=962848  difference=0.18875  below=0/3
t=1046834  fraction=0.18875  peak_slope=1.500e-06  t_peak=320949  comparison cadence=962848  difference=0.18875  below=0/3
t=1047834  fraction=0.18875  peak_slope=1.500e-06  t_peak=320949  comparison cadence=962848  difference=0.18875  below=0/3
t=1048834  fraction=0.18875  peak_slope=1.500e-06  t_peak=320949  comparison cadence=962848  difference=0.18875  below=0/3
t=1049834  fraction=0.18875  peak_slope=1.500e-06  t_peak=320949  comparison cadence=962848  difference=0.18875  below=0/3
t=1050834  fraction=0.18875  peak_slope=1.500e-06  t_peak=320949  comparison cadence=962848  difference=0.18875  below=0/3
t=1051834  fraction=0.18875  peak_slope=1.500e-06  t_peak=320949  comparison cadence=962848  difference=0.18875  below=0/3
t=1052834  fraction=0.18875  peak_slope=1.500e-06  t_peak=320949  comparison cadence=962848  difference=0.18875  below=0/3
t=1053833  fraction=0.18875  peak_slope=1.500e-06  t_peak=320949  comparison cadence=962848  difference=0.18875  below=0/3
t=1054833  fraction=0.18875  peak_slope=1.500e-06  t_peak=320949  comparison cadence=962848  difference=0.18875  below=0/3
t=1055833  fraction=0.19000  peak_slope=1.500e-06  t_peak=320949  comparison cadence=962848  difference=0.19000  below=0/3
t=1056833  fraction=0.19000  peak_slope=1.500e-06  t_peak=320949  comparison cadence=962848  difference=0.19000  below=0/3
t=1057833  fraction=0.19000  peak_slope=1.500e-06  t_peak=320949  comparison cadence=962848  difference=0.19000  below=0/3
t=1058833  fraction=0.19000  peak_slope=1.500e-06  t_peak=320949  comparison cadence=962848  difference=0.19000  below=0/3
t=1059832  fraction=0.19000  peak_slope=1.500e-06  t_peak=320949  comparison cadence=962848  difference=0.19000  below=0/3
t=1060832  fraction=0.19000  peak_slope=1.500e-06  t_peak=320949  comparison cadence=962848  difference=0.19000  below=0/3
t=1061832  fraction=0.19000  peak_slope=1.500e-06  t_peak=320949  comparison cadence=962848  difference=0.19000  below=0/3
t=1062832  fraction=0.19000  peak_slope=1.500e-06  t_peak=320949  comparison cadence=962848  difference=0.19000  below=0/3
t=1063832  fraction=0.19000  peak_slope=1.500e-06  t_peak=320949  comparison cadence=962848  difference=0.19000  below=0/3
t=1064832  fraction=0.19000  peak_slope=1.500e-06  t_peak=320949  comparison cadence=962848  difference=0.19000  below=0/3
t=1065831  fraction=0.19000  peak_slope=1.500e-06  t_peak=320949  comparison cadence=962848  difference=0.19000  below=0/3
t=1066831  fraction=0.19000  peak_slope=1.500e-06  t_peak=320949  comparison cadence=962848  difference=0.19000  below=0/3
t=1067831  fraction=0.19000  peak_slope=1.500e-06  t_peak=320949  comparison cadence=962848  difference=0.19000  below=0/3
t=1068831  fraction=0.19000  peak_slope=1.500e-06  t_peak=320949  comparison cadence=962848  difference=0.19000  below=0/3
t=1069831  fraction=0.19000  peak_slope=1.500e-06  t_peak=320949  comparison cadence=962848  difference=0.19000  below=0/3
t=1070831  fraction=0.19000  peak_slope=1.500e-06  t_peak=320949  comparison cadence=962848  difference=0.19000  below=0/3
t=1071831  fraction=0.19000  peak_slope=1.500e-06  t_peak=320949  comparison cadence=962848  difference=0.19000  below=0/3
t=1072830  fraction=0.19000  peak_slope=1.500e-06  t_peak=320949  comparison cadence=962848  difference=0.19000  below=0/3
t=1073830  fraction=0.19000  peak_slope=1.500e-06  t_peak=320949  comparison cadence=962848  difference=0.19000  below=0/3
t=1074830  fraction=0.19125  peak_slope=1.500e-06  t_peak=320949  comparison cadence=962848  difference=0.19125  below=0/3
t=1075830  fraction=0.19125  peak_slope=1.500e-06  t_peak=320949  comparison cadence=962848  difference=0.19125  below=0/3
t=1076830  fraction=0.19125  peak_slope=1.500e-06  t_peak=320949  comparison cadence=962848  difference=0.19125  below=0/3
t=1077830  fraction=0.19125  peak_slope=1.500e-06  t_peak=320949  comparison cadence=962848  difference=0.19125  below=0/3
t=1078829  fraction=0.19125  peak_slope=1.500e-06  t_peak=320949  comparison cadence=962848  difference=0.19125  below=0/3
t=1079829  fraction=0.19125  peak_slope=1.500e-06  t_peak=320949  comparison cadence=962848  difference=0.19125  below=0/3
t=1080829  fraction=0.19125  peak_slope=1.500e-06  t_peak=320949  comparison cadence=962848  difference=0.19125  below=0/3
t=1081829  fraction=0.19125  peak_slope=1.500e-06  t_peak=320949  comparison cadence=962848  difference=0.19125  below=0/3
t=1082829  fraction=0.19125  peak_slope=1.500e-06  t_peak=320949  comparison cadence=962848  difference=0.19125  below=0/3
t=1083829  fraction=0.19125  peak_slope=1.500e-06  t_peak=320949  comparison cadence=962848  difference=0.19125  below=0/3
t=1084828  fraction=0.19125  peak_slope=1.500e-06  t_peak=320949  comparison cadence=962848  difference=0.19125  below=0/3
t=1085828  fraction=0.19125  peak_slope=1.500e-06  t_peak=320949  comparison cadence=962848  difference=0.19125  below=0/3
t=1086828  fraction=0.19125  peak_slope=1.500e-06  t_peak=320949  comparison cadence=962848  difference=0.19125  below=0/3
t=1087828  fraction=0.19125  peak_slope=1.500e-06  t_peak=320949  comparison cadence=962848  difference=0.19125  below=0/3
t=1088828  fraction=0.19125  peak_slope=1.500e-06  t_peak=320949  comparison cadence=962848  difference=0.19125  below=0/3
t=1089828  fraction=0.19125  peak_slope=1.500e-06  t_peak=320949  comparison cadence=962848  difference=0.19125  below=0/3
t=1090828  fraction=0.19125  peak_slope=1.500e-06  t_peak=320949  comparison cadence=962848  difference=0.19125  below=0/3
t=1091827  fraction=0.19125  peak_slope=1.500e-06  t_peak=320949  comparison cadence=962848  difference=0.19125  below=0/3
t=1092827  fraction=0.19125  peak_slope=1.500e-06  t_peak=320949  comparison cadence=962848  difference=0.19125  below=0/3
t=1093827  fraction=0.19125  peak_slope=1.500e-06  t_peak=320949  comparison cadence=962848  difference=0.19125  below=0/3
t=1094827  fraction=0.19125  peak_slope=1.500e-06  t_peak=320949  comparison cadence=962848  difference=0.19125  below=0/3
t=1095827  fraction=0.19125  peak_slope=1.500e-06  t_peak=320949  comparison cadence=962848  difference=0.19125  below=0/3
t=1096827  fraction=0.19125  peak_slope=1.500e-06  t_peak=320949  comparison cadence=962848  difference=0.19125  below=0/3
t=1097826  fraction=0.19125  peak_slope=1.500e-06  t_peak=320949  comparison cadence=962848  difference=0.19125  below=0/3
t=1098826  fraction=0.19125  peak_slope=1.500e-06  t_peak=320949  comparison cadence=962848  difference=0.19125  below=0/3
t=1099826  fraction=0.19250  peak_slope=1.500e-06  t_peak=320949  comparison cadence=962848  difference=0.19250  below=0/3
t=1100826  fraction=0.19250  peak_slope=1.500e-06  t_peak=320949  comparison cadence=962848  difference=0.19250  below=0/3
t=1101826  fraction=0.19250  peak_slope=1.500e-06  t_peak=320949  comparison cadence=962848  difference=0.19250  below=0/3
t=1102826  fraction=0.19250  peak_slope=1.500e-06  t_peak=320949  comparison cadence=962848  difference=0.19250  below=0/3
t=1103825  fraction=0.19250  peak_slope=1.500e-06  t_peak=320949  comparison cadence=962848  difference=0.19250  below=0/3
t=1104825  fraction=0.19250  peak_slope=1.500e-06  t_peak=320949  comparison cadence=962848  difference=0.19250  below=0/3
t=1105825  fraction=0.19250  peak_slope=1.500e-06  t_peak=320949  comparison cadence=962848  difference=0.19250  below=0/3
t=1106825  fraction=0.19250  peak_slope=1.500e-06  t_peak=320949  comparison cadence=962848  difference=0.19250  below=0/3
t=1107825  fraction=0.19250  peak_slope=1.500e-06  t_peak=320949  comparison cadence=962848  difference=0.19250  below=0/3
t=1108825  fraction=0.19250  peak_slope=1.500e-06  t_peak=320949  comparison cadence=962848  difference=0.19125  below=0/3
t=1109825  fraction=0.19250  peak_slope=1.500e-06  t_peak=320949  comparison cadence=962848  difference=0.19125  below=0/3
t=1110824  fraction=0.19250  peak_slope=1.500e-06  t_peak=320949  comparison cadence=962848  difference=0.19125  below=0/3
t=1111824  fraction=0.19250  peak_slope=1.500e-06  t_peak=320949  comparison cadence=962848  difference=0.19125  below=0/3
t=1112824  fraction=0.19250  peak_slope=1.500e-06  t_peak=320949  comparison cadence=962848  difference=0.19125  below=0/3
t=1113824  fraction=0.19250  peak_slope=1.500e-06  t_peak=320949  comparison cadence=962848  difference=0.19125  below=0/3
t=1114824  fraction=0.19250  peak_slope=1.500e-06  t_peak=320949  comparison cadence=962848  difference=0.19125  below=0/3
t=1115824  fraction=0.19250  peak_slope=1.500e-06  t_peak=320949  comparison cadence=962848  difference=0.19000  below=0/3
t=1116823  fraction=0.19250  peak_slope=1.500e-06  t_peak=320949  comparison cadence=962848  difference=0.19000  below=0/3
t=1117823  fraction=0.19250  peak_slope=1.500e-06  t_peak=320949  comparison cadence=962848  difference=0.19000  below=0/3
t=1118823  fraction=0.19250  peak_slope=1.500e-06  t_peak=320949  comparison cadence=962848  difference=0.19000  below=0/3
t=1119823  fraction=0.19250  peak_slope=1.500e-06  t_peak=320949  comparison cadence=962848  difference=0.19000  below=0/3
t=1120823  fraction=0.19250  peak_slope=1.500e-06  t_peak=320949  comparison cadence=962848  difference=0.18875  below=0/3
t=1121823  fraction=0.19250  peak_slope=1.500e-06  t_peak=320949  comparison cadence=962848  difference=0.18750  below=0/3
t=1122822  fraction=0.19250  peak_slope=1.500e-06  t_peak=320949  comparison cadence=962848  difference=0.18750  below=0/3
t=1123822  fraction=0.19250  peak_slope=1.500e-06  t_peak=320949  comparison cadence=962848  difference=0.18750  below=0/3
t=1124822  fraction=0.19250  peak_slope=1.500e-06  t_peak=320949  comparison cadence=962848  difference=0.18750  below=0/3
t=1125822  fraction=0.19250  peak_slope=1.500e-06  t_peak=320949  comparison cadence=962848  difference=0.18750  below=0/3
t=1126822  fraction=0.19250  peak_slope=1.500e-06  t_peak=320949  comparison cadence=962848  difference=0.18750  below=0/3
t=1127822  fraction=0.19250  peak_slope=1.500e-06  t_peak=320949  comparison cadence=962848  difference=0.18750  below=0/3
t=1128822  fraction=0.19250  peak_slope=1.500e-06  t_peak=320949  comparison cadence=962848  difference=0.18750  below=0/3
t=1129821  fraction=0.19250  peak_slope=1.500e-06  t_peak=320949  comparison cadence=962848  difference=0.18750  below=0/3
t=1130821  fraction=0.19250  peak_slope=1.500e-06  t_peak=320949  comparison cadence=962848  difference=0.18750  below=0/3
t=1131821  fraction=0.19250  peak_slope=1.500e-06  t_peak=320949  comparison cadence=962848  difference=0.18750  below=0/3
t=1132821  fraction=0.19250  peak_slope=1.500e-06  t_peak=320949  comparison cadence=962848  difference=0.18750  below=0/3
t=1133821  fraction=0.19250  peak_slope=1.500e-06  t_peak=320949  comparison cadence=962848  difference=0.18750  below=0/3
t=1134821  fraction=0.19250  peak_slope=1.500e-06  t_peak=320949  comparison cadence=962848  difference=0.18750  below=0/3
t=1135820  fraction=0.19250  peak_slope=1.500e-06  t_peak=320949  comparison cadence=962848  difference=0.18750  below=0/3
t=1136820  fraction=0.19250  peak_slope=1.500e-06  t_peak=320949  comparison cadence=962848  difference=0.18750  below=0/3
t=1137820  fraction=0.19250  peak_slope=1.500e-06  t_peak=320949  comparison cadence=962848  difference=0.18750  below=0/3
t=1138820  fraction=0.19250  peak_slope=1.500e-06  t_peak=320949  comparison cadence=962848  difference=0.18750  below=0/3
t=1139820  fraction=0.19375  peak_slope=1.500e-06  t_peak=320949  comparison cadence=962848  difference=0.18875  below=0/3
t=1140820  fraction=0.19375  peak_slope=1.500e-06  t_peak=320949  comparison cadence=962848  difference=0.18875  below=0/3
t=1141819  fraction=0.19375  peak_slope=1.500e-06  t_peak=320949  comparison cadence=962848  difference=0.18875  below=0/3
t=1142819  fraction=0.19375  peak_slope=1.500e-06  t_peak=320949  comparison cadence=962848  difference=0.18875  below=0/3
t=1143819  fraction=0.19375  peak_slope=1.500e-06  t_peak=320949  comparison cadence=962848  difference=0.18875  below=0/3
t=1144819  fraction=0.19375  peak_slope=1.500e-06  t_peak=320949  comparison cadence=962848  difference=0.18875  below=0/3
t=1145819  fraction=0.19375  peak_slope=1.500e-06  t_peak=320949  comparison cadence=962848  difference=0.18875  below=0/3
t=1146819  fraction=0.19375  peak_slope=1.500e-06  t_peak=320949  comparison cadence=962848  difference=0.18875  below=0/3
t=1147819  fraction=0.19375  peak_slope=1.500e-06  t_peak=320949  comparison cadence=962848  difference=0.18875  below=0/3
t=1148818  fraction=0.19375  peak_slope=1.500e-06  t_peak=320949  comparison cadence=962848  difference=0.18875  below=0/3
t=1149818  fraction=0.19375  peak_slope=1.500e-06  t_peak=320949  comparison cadence=962848  difference=0.18875  below=0/3
t=1150818  fraction=0.19375  peak_slope=1.500e-06  t_peak=320949  comparison cadence=962848  difference=0.18875  below=0/3
t=1151818  fraction=0.19375  peak_slope=1.500e-06  t_peak=320949  comparison cadence=962848  difference=0.18875  below=0/3
t=1152818  fraction=0.19375  peak_slope=1.500e-06  t_peak=320949  comparison cadence=962848  difference=0.18875  below=0/3
t=1153818  fraction=0.19375  peak_slope=1.500e-06  t_peak=320949  comparison cadence=962848  difference=0.18750  below=0/3
t=1154817  fraction=0.19375  peak_slope=1.500e-06  t_peak=320949  comparison cadence=962848  difference=0.18750  below=0/3
t=1155817  fraction=0.19375  peak_slope=1.500e-06  t_peak=320949  comparison cadence=962848  difference=0.18750  below=0/3
t=1156817  fraction=0.19375  peak_slope=1.500e-06  t_peak=320949  comparison cadence=962848  difference=0.18750  below=0/3
t=1157817  fraction=0.19375  peak_slope=1.500e-06  t_peak=320949  comparison cadence=962848  difference=0.18750  below=0/3
t=1158817  fraction=0.19375  peak_slope=1.500e-06  t_peak=320949  comparison cadence=962848  difference=0.18750  below=0/3
t=1159817  fraction=0.19375  peak_slope=1.500e-06  t_peak=320949  comparison cadence=962848  difference=0.18750  below=0/3
t=1160816  fraction=0.19375  peak_slope=1.500e-06  t_peak=320949  comparison cadence=962848  difference=0.18750  below=0/3
t=1161816  fraction=0.19375  peak_slope=1.500e-06  t_peak=320949  comparison cadence=962848  difference=0.18750  below=0/3
t=1162816  fraction=0.19375  peak_slope=1.500e-06  t_peak=320949  comparison cadence=962848  difference=0.18750  below=0/3
t=1163816  fraction=0.19375  peak_slope=1.500e-06  t_peak=320949  comparison cadence=962848  difference=0.18750  below=0/3
t=1164816  fraction=0.19375  peak_slope=1.500e-06  t_peak=320949  comparison cadence=962848  difference=0.18750  below=0/3
t=1165816  fraction=0.19375  peak_slope=1.500e-06  t_peak=320949  comparison cadence=962848  difference=0.18625  below=0/3
t=1166816  fraction=0.19500  peak_slope=1.500e-06  t_peak=320949  comparison cadence=962848  difference=0.18750  below=0/3
t=1167815  fraction=0.19500  peak_slope=1.500e-06  t_peak=320949  comparison cadence=962848  difference=0.18750  below=0/3
t=1168815  fraction=0.19500  peak_slope=1.500e-06  t_peak=320949  comparison cadence=962848  difference=0.18750  below=0/3
t=1169815  fraction=0.19500  peak_slope=1.500e-06  t_peak=320949  comparison cadence=962848  difference=0.18750  below=0/3
t=1170815  fraction=0.19500  peak_slope=1.500e-06  t_peak=320949  comparison cadence=962848  difference=0.18750  below=0/3
t=1171815  fraction=0.19500  peak_slope=1.500e-06  t_peak=320949  comparison cadence=962848  difference=0.18625  below=0/3
t=1172815  fraction=0.19500  peak_slope=1.500e-06  t_peak=320949  comparison cadence=962848  difference=0.18625  below=0/3
t=1173814  fraction=0.19500  peak_slope=1.500e-06  t_peak=320949  comparison cadence=962848  difference=0.18625  below=0/3
t=1174814  fraction=0.19500  peak_slope=1.500e-06  t_peak=320949  comparison cadence=962848  difference=0.18500  below=0/3
t=1175814  fraction=0.19500  peak_slope=1.500e-06  t_peak=320949  comparison cadence=962848  difference=0.18500  below=0/3
t=1176814  fraction=0.19500  peak_slope=1.500e-06  t_peak=320949  comparison cadence=962848  difference=0.18500  below=0/3
t=1177814  fraction=0.19500  peak_slope=1.500e-06  t_peak=320949  comparison cadence=962848  difference=0.18375  below=0/3
t=1178814  fraction=0.19625  peak_slope=1.500e-06  t_peak=320949  comparison cadence=962848  difference=0.18375  below=0/3
t=1179813  fraction=0.19625  peak_slope=1.500e-06  t_peak=320949  comparison cadence=962848  difference=0.18375  below=0/3
t=1180813  fraction=0.19625  peak_slope=1.500e-06  t_peak=320949  comparison cadence=962848  difference=0.18375  below=0/3
t=1181813  fraction=0.19625  peak_slope=1.500e-06  t_peak=320949  comparison cadence=962848  difference=0.18375  below=0/3
t=1182813  fraction=0.19625  peak_slope=1.500e-06  t_peak=320949  comparison cadence=962848  difference=0.18375  below=0/3
t=1183813  fraction=0.19625  peak_slope=1.500e-06  t_peak=320949  comparison cadence=962848  difference=0.18375  below=0/3
t=1184813  fraction=0.19625  peak_slope=1.500e-06  t_peak=320949  comparison cadence=962848  difference=0.18375  below=0/3
t=1185813  fraction=0.19625  peak_slope=1.500e-06  t_peak=320949  comparison cadence=962848  difference=0.18375  below=0/3
t=1186812  fraction=0.19625  peak_slope=1.500e-06  t_peak=320949  comparison cadence=962848  difference=0.18375  below=0/3
t=1187812  fraction=0.19625  peak_slope=1.500e-06  t_peak=320949  comparison cadence=962848  difference=0.18375  below=0/3
t=1188812  fraction=0.19625  peak_slope=1.500e-06  t_peak=320949  comparison cadence=962848  difference=0.18375  below=0/3
t=1189812  fraction=0.19625  peak_slope=1.500e-06  t_peak=320949  comparison cadence=962848  difference=0.18375  below=0/3
t=1190812  fraction=0.19625  peak_slope=1.500e-06  t_peak=320949  comparison cadence=962848  difference=0.18375  below=0/3
t=1191812  fraction=0.19625  peak_slope=1.500e-06  t_peak=320949  comparison cadence=962848  difference=0.18375  below=0/3
t=1192811  fraction=0.19625  peak_slope=1.500e-06  t_peak=320949  comparison cadence=962848  difference=0.18125  below=0/3
t=1193811  fraction=0.19625  peak_slope=1.500e-06  t_peak=320949  comparison cadence=962848  difference=0.18125  below=0/3
t=1194811  fraction=0.19625  peak_slope=1.500e-06  t_peak=320949  comparison cadence=962848  difference=0.18125  below=0/3
t=1195811  fraction=0.19625  peak_slope=1.500e-06  t_peak=320949  comparison cadence=962848  difference=0.18125  below=0/3
t=1196811  fraction=0.19625  peak_slope=1.500e-06  t_peak=320949  comparison cadence=962848  difference=0.18125  below=0/3
t=1197811  fraction=0.19625  peak_slope=1.500e-06  t_peak=320949  comparison cadence=962848  difference=0.18125  below=0/3
t=1198810  fraction=0.19625  peak_slope=1.500e-06  t_peak=320949  comparison cadence=962848  difference=0.18000  below=0/3
t=1199810  fraction=0.19625  peak_slope=1.500e-06  t_peak=320949  comparison cadence=962848  difference=0.18000  below=0/3
t=1200810  fraction=0.19625  peak_slope=1.500e-06  t_peak=320949  comparison cadence=962848  difference=0.18000  below=0/3
t=1201810  fraction=0.19625  peak_slope=1.500e-06  t_peak=320949  comparison cadence=962848  difference=0.18000  below=0/3
t=1202810  fraction=0.19625  peak_slope=1.500e-06  t_peak=320949  comparison cadence=962848  difference=0.18000  below=0/3
t=1203810  fraction=0.19625  peak_slope=1.500e-06  t_peak=320949  comparison cadence=962848  difference=0.18000  below=0/3
t=1204810  fraction=0.19625  peak_slope=1.500e-06  t_peak=320949  comparison cadence=962848  difference=0.17875  below=0/3
t=1205809  fraction=0.19625  peak_slope=1.500e-06  t_peak=320949  comparison cadence=962848  difference=0.17875  below=0/3
t=1206809  fraction=0.19625  peak_slope=1.500e-06  t_peak=320949  comparison cadence=962848  difference=0.17875  below=0/3
t=1207809  fraction=0.19625  peak_slope=1.500e-06  t_peak=320949  comparison cadence=962848  difference=0.17875  below=0/3
t=1208809  fraction=0.19625  peak_slope=1.500e-06  t_peak=320949  comparison cadence=962848  difference=0.17875  below=0/3
t=1209809  fraction=0.19625  peak_slope=1.500e-06  t_peak=320949  comparison cadence=962848  difference=0.17875  below=0/3
t=1210809  fraction=0.19625  peak_slope=1.500e-06  t_peak=320949  comparison cadence=962848  difference=0.17875  below=0/3
t=1211808  fraction=0.19625  peak_slope=1.500e-06  t_peak=320949  comparison cadence=962848  difference=0.17750  below=0/3
t=1212808  fraction=0.19625  peak_slope=1.500e-06  t_peak=320949  comparison cadence=962848  difference=0.17750  below=0/3
t=1213808  fraction=0.19625  peak_slope=1.500e-06  t_peak=320949  comparison cadence=962848  difference=0.17750  below=0/3
t=1214808  fraction=0.19625  peak_slope=1.500e-06  t_peak=320949  comparison cadence=962848  difference=0.17750  below=0/3
t=1215808  fraction=0.19625  peak_slope=1.500e-06  t_peak=320949  comparison cadence=962848  difference=0.17750  below=0/3
t=1216808  fraction=0.19625  peak_slope=1.500e-06  t_peak=320949  comparison cadence=962848  difference=0.17625  below=0/3
t=1217807  fraction=0.19625  peak_slope=1.500e-06  t_peak=320949  comparison cadence=962848  difference=0.17625  below=0/3
t=1218807  fraction=0.19625  peak_slope=1.500e-06  t_peak=320949  comparison cadence=962848  difference=0.17625  below=0/3
t=1219807  fraction=0.19625  peak_slope=1.500e-06  t_peak=320949  comparison cadence=962848  difference=0.17625  below=0/3
t=1220807  fraction=0.19625  peak_slope=1.500e-06  t_peak=320949  comparison cadence=962848  difference=0.17375  below=0/3
t=1221807  fraction=0.19625  peak_slope=1.500e-06  t_peak=320949  comparison cadence=962848  difference=0.17375  below=0/3
t=1222807  fraction=0.19625  peak_slope=1.500e-06  t_peak=320949  comparison cadence=962848  difference=0.17250  below=0/3
t=1223807  fraction=0.19625  peak_slope=1.500e-06  t_peak=320949  comparison cadence=962848  difference=0.17250  below=0/3
t=1224806  fraction=0.19625  peak_slope=1.500e-06  t_peak=320949  comparison cadence=962848  difference=0.17250  below=0/3
t=1225806  fraction=0.19625  peak_slope=1.500e-06  t_peak=320949  comparison cadence=962848  difference=0.17250  below=0/3
t=1226806  fraction=0.19625  peak_slope=1.500e-06  t_peak=320949  comparison cadence=962848  difference=0.17250  below=0/3
t=1227806  fraction=0.19625  peak_slope=1.500e-06  t_peak=320949  comparison cadence=962848  difference=0.17250  below=0/3
t=1228806  fraction=0.19625  peak_slope=1.500e-06  t_peak=320949  comparison cadence=962848  difference=0.17250  below=0/3
t=1229806  fraction=0.19625  peak_slope=1.500e-06  t_peak=320949  comparison cadence=962848  difference=0.17250  below=0/3
t=1230805  fraction=0.19625  peak_slope=1.500e-06  t_peak=320949  comparison cadence=962848  difference=0.17250  below=0/3
t=1231805  fraction=0.19625  peak_slope=1.500e-06  t_peak=320949  comparison cadence=962848  difference=0.17250  below=0/3
t=1232805  fraction=0.19625  peak_slope=1.500e-06  t_peak=320949  comparison cadence=962848  difference=0.17250  below=0/3
t=1233805  fraction=0.19625  peak_slope=1.500e-06  t_peak=320949  comparison cadence=962848  difference=0.17250  below=0/3
t=1234805  fraction=0.19625  peak_slope=1.500e-06  t_peak=320949  comparison cadence=962848  difference=0.17250  below=0/3
t=1235805  fraction=0.19625  peak_slope=1.500e-06  t_peak=320949  comparison cadence=962848  difference=0.17250  below=0/3
t=1236804  fraction=0.19625  peak_slope=1.500e-06  t_peak=320949  comparison cadence=962848  difference=0.17250  below=0/3
t=1237804  fraction=0.19625  peak_slope=1.500e-06  t_peak=320949  comparison cadence=962848  difference=0.17250  below=0/3
t=1238804  fraction=0.19625  peak_slope=1.500e-06  t_peak=320949  comparison cadence=962848  difference=0.17125  below=0/3
t=1239804  fraction=0.19625  peak_slope=1.500e-06  t_peak=320949  comparison cadence=962848  difference=0.17125  below=0/3
t=1240804  fraction=0.19625  peak_slope=1.500e-06  t_peak=320949  comparison cadence=962848  difference=0.17125  below=0/3
t=1241804  fraction=0.19625  peak_slope=1.500e-06  t_peak=320949  comparison cadence=962848  difference=0.17125  below=0/3
t=1242804  fraction=0.19625  peak_slope=1.500e-06  t_peak=320949  comparison cadence=962848  difference=0.17125  below=0/3
t=1243803  fraction=0.19625  peak_slope=1.500e-06  t_peak=320949  comparison cadence=962848  difference=0.17125  below=0/3
t=1244803  fraction=0.19625  peak_slope=1.500e-06  t_peak=320949  comparison cadence=962848  difference=0.17125  below=0/3
t=1245803  fraction=0.19625  peak_slope=1.500e-06  t_peak=320949  comparison cadence=962848  difference=0.17125  below=0/3
t=1246803  fraction=0.19625  peak_slope=1.500e-06  t_peak=320949  comparison cadence=962848  difference=0.17000  below=0/3
t=1247803  fraction=0.19625  peak_slope=1.500e-06  t_peak=320949  comparison cadence=962848  difference=0.17000  below=0/3
t=1248803  fraction=0.19625  peak_slope=1.500e-06  t_peak=320949  comparison cadence=962848  difference=0.17000  below=0/3
t=1249802  fraction=0.19625  peak_slope=1.500e-06  t_peak=320949  comparison cadence=962848  difference=0.17000  below=0/3
t=1250802  fraction=0.19625  peak_slope=1.500e-06  t_peak=320949  comparison cadence=962848  difference=0.17000  below=0/3
t=1251802  fraction=0.19625  peak_slope=1.500e-06  t_peak=320949  comparison cadence=962848  difference=0.16875  below=0/3
t=1252802  fraction=0.19625  peak_slope=1.500e-06  t_peak=320949  comparison cadence=962848  difference=0.16875  below=0/3
t=1253802  fraction=0.19625  peak_slope=1.500e-06  t_peak=320949  comparison cadence=962848  difference=0.16625  below=0/3
t=1254802  fraction=0.19625  peak_slope=1.500e-06  t_peak=320949  comparison cadence=962848  difference=0.16625  below=0/3
t=1255801  fraction=0.19625  peak_slope=1.500e-06  t_peak=320949  comparison cadence=962848  difference=0.16625  below=0/3
t=1256801  fraction=0.19625  peak_slope=1.500e-06  t_peak=320949  comparison cadence=962848  difference=0.16625  below=0/3
t=1257801  fraction=0.19625  peak_slope=1.500e-06  t_peak=320949  comparison cadence=962848  difference=0.16625  below=0/3
t=1258801  fraction=0.19625  peak_slope=1.500e-06  t_peak=320949  comparison cadence=962848  difference=0.16625  below=0/3
t=1259801  fraction=0.19625  peak_slope=1.500e-06  t_peak=320949  comparison cadence=962848  difference=0.16625  below=0/3
t=1260801  fraction=0.19625  peak_slope=1.500e-06  t_peak=320949  comparison cadence=962848  difference=0.16625  below=0/3
t=1261801  fraction=0.19750  peak_slope=1.500e-06  t_peak=320949  comparison cadence=962848  difference=0.16750  below=0/3
t=1262800  fraction=0.19750  peak_slope=1.500e-06  t_peak=320949  comparison cadence=962848  difference=0.16750  below=0/3
t=1263800  fraction=0.19750  peak_slope=1.500e-06  t_peak=320949  comparison cadence=962848  difference=0.16750  below=0/3
t=1264800  fraction=0.19750  peak_slope=1.500e-06  t_peak=320949  comparison cadence=962848  difference=0.16500  below=0/3
t=1265800  fraction=0.19750  peak_slope=1.500e-06  t_peak=320949  comparison cadence=962848  difference=0.16500  below=0/3
t=1266800  fraction=0.19750  peak_slope=1.500e-06  t_peak=320949  comparison cadence=962848  difference=0.16500  below=0/3
t=1267800  fraction=0.19750  peak_slope=1.500e-06  t_peak=320949  comparison cadence=962848  difference=0.16500  below=0/3
t=1268799  fraction=0.19750  peak_slope=1.500e-06  t_peak=320949  comparison cadence=962848  difference=0.16375  below=0/3
t=1269799  fraction=0.19750  peak_slope=1.500e-06  t_peak=320949  comparison cadence=962848  difference=0.16375  below=0/3
t=1270799  fraction=0.19750  peak_slope=1.500e-06  t_peak=320949  comparison cadence=962848  difference=0.16375  below=0/3
t=1271799  fraction=0.19750  peak_slope=1.500e-06  t_peak=320949  comparison cadence=962848  difference=0.16250  below=0/3
t=1272799  fraction=0.19875  peak_slope=1.500e-06  t_peak=320949  comparison cadence=962848  difference=0.16125  below=0/3
t=1273799  fraction=0.19875  peak_slope=1.500e-06  t_peak=320949  comparison cadence=962848  difference=0.16000  below=0/3
t=1274798  fraction=0.19875  peak_slope=1.500e-06  t_peak=320949  comparison cadence=962848  difference=0.16000  below=0/3
t=1275798  fraction=0.19875  peak_slope=1.500e-06  t_peak=320949  comparison cadence=962848  difference=0.16000  below=0/3
t=1276798  fraction=0.19875  peak_slope=1.500e-06  t_peak=320949  comparison cadence=962848  difference=0.15875  below=0/3
t=1277798  fraction=0.19875  peak_slope=1.500e-06  t_peak=320949  comparison cadence=962848  difference=0.15875  below=0/3
t=1278798  fraction=0.19875  peak_slope=1.500e-06  t_peak=320949  comparison cadence=962848  difference=0.15875  below=0/3
t=1279798  fraction=0.19875  peak_slope=1.500e-06  t_peak=320949  comparison cadence=962848  difference=0.15625  below=0/3
t=1280798  fraction=0.19875  peak_slope=1.500e-06  t_peak=320949  comparison cadence=962848  difference=0.15500  below=0/3
t=1281797  fraction=0.19875  peak_slope=1.500e-06  t_peak=320949  comparison cadence=962848  difference=0.15250  below=0/3
t=1282797  fraction=0.19875  peak_slope=1.500e-06  t_peak=320949  comparison cadence=962848  difference=0.15250  below=0/3
t=1283797  fraction=0.20000  peak_slope=1.500e-06  t_peak=320949  comparison cadence=962848  difference=0.15250  below=0/3
t=1284797  fraction=0.20000  peak_slope=1.500e-06  t_peak=320949  comparison cadence=962848  difference=0.15250  below=0/3
t=1285797  fraction=0.20000  peak_slope=1.500e-06  t_peak=320949  comparison cadence=962848  difference=0.15250  below=0/3
t=1286797  fraction=0.20125  peak_slope=1.500e-06  t_peak=320949  comparison cadence=962848  difference=0.15250  below=0/3
t=1287796  fraction=0.20125  peak_slope=1.500e-06  t_peak=320949  comparison cadence=962848  difference=0.15250  below=0/3
t=1288796  fraction=0.20125  peak_slope=1.500e-06  t_peak=320949  comparison cadence=962848  difference=0.15250  below=0/3
t=1289796  fraction=0.20125  peak_slope=1.500e-06  t_peak=320949  comparison cadence=962848  difference=0.15125  below=0/3
t=1290796  fraction=0.20125  peak_slope=1.500e-06  t_peak=320949  comparison cadence=962848  difference=0.15125  below=0/3
t=1291796  fraction=0.20125  peak_slope=1.500e-06  t_peak=320949  comparison cadence=962848  difference=0.15125  below=0/3
t=1292796  fraction=0.20125  peak_slope=1.500e-06  t_peak=320949  comparison cadence=962848  difference=0.15000  below=0/3
t=1293795  fraction=0.20250  peak_slope=1.500e-06  t_peak=320949  comparison cadence=962848  difference=0.15125  below=0/3
t=1294795  fraction=0.20250  peak_slope=1.500e-06  t_peak=320949  comparison cadence=962848  difference=0.15125  below=0/3
t=1295795  fraction=0.20250  peak_slope=1.500e-06  t_peak=320949  comparison cadence=962848  difference=0.15000  below=0/3
t=1296795  fraction=0.20250  peak_slope=1.500e-06  t_peak=320949  comparison cadence=962848  difference=0.14875  below=0/3
t=1297795  fraction=0.20250  peak_slope=1.500e-06  t_peak=320949  comparison cadence=962848  difference=0.14750  below=0/3
t=1298795  fraction=0.20250  peak_slope=1.500e-06  t_peak=320949  comparison cadence=962848  difference=0.14750  below=0/3
t=1299795  fraction=0.20250  peak_slope=1.500e-06  t_peak=320949  comparison cadence=962848  difference=0.14750  below=0/3
t=1300794  fraction=0.20250  peak_slope=1.500e-06  t_peak=320949  comparison cadence=962848  difference=0.14750  below=0/3
t=1301794  fraction=0.20250  peak_slope=1.500e-06  t_peak=320949  comparison cadence=962848  difference=0.14750  below=0/3
t=1302794  fraction=0.20250  peak_slope=1.500e-06  t_peak=320949  comparison cadence=962848  difference=0.14625  below=0/3
t=1303794  fraction=0.20250  peak_slope=1.500e-06  t_peak=320949  comparison cadence=962848  difference=0.14625  below=0/3
t=1304794  fraction=0.20375  peak_slope=1.500e-06  t_peak=320949  comparison cadence=962848  difference=0.14750  below=0/3
t=1305794  fraction=0.20375  peak_slope=1.500e-06  t_peak=320949  comparison cadence=962848  difference=0.14625  below=0/3
t=1306793  fraction=0.20375  peak_slope=1.500e-06  t_peak=320949  comparison cadence=962848  difference=0.14625  below=0/3
t=1307793  fraction=0.20375  peak_slope=1.500e-06  t_peak=320949  comparison cadence=962848  difference=0.14625  below=0/3
t=1308793  fraction=0.20375  peak_slope=1.500e-06  t_peak=320949  comparison cadence=962848  difference=0.14625  below=0/3
t=1309793  fraction=0.20375  peak_slope=1.500e-06  t_peak=320949  comparison cadence=962848  difference=0.14500  below=0/3
t=1310793  fraction=0.20375  peak_slope=1.500e-06  t_peak=320949  comparison cadence=962848  difference=0.14500  below=0/3
t=1311793  fraction=0.20375  peak_slope=1.500e-06  t_peak=320949  comparison cadence=962848  difference=0.14375  below=0/3
t=1312792  fraction=0.20375  peak_slope=1.500e-06  t_peak=320949  comparison cadence=962848  difference=0.14375  below=0/3
t=1313792  fraction=0.20375  peak_slope=1.500e-06  t_peak=320949  comparison cadence=962848  difference=0.14375  below=0/3
t=1314792  fraction=0.20375  peak_slope=1.500e-06  t_peak=320949  comparison cadence=962848  difference=0.14375  below=0/3
t=1315792  fraction=0.20500  peak_slope=1.500e-06  t_peak=320949  comparison cadence=962848  difference=0.14500  below=0/3
t=1316792  fraction=0.20500  peak_slope=1.500e-06  t_peak=320949  comparison cadence=962848  difference=0.14375  below=0/3
t=1317792  fraction=0.20500  peak_slope=1.500e-06  t_peak=320949  comparison cadence=962848  difference=0.14250  below=0/3
t=1318791  fraction=0.20500  peak_slope=1.500e-06  t_peak=320949  comparison cadence=962848  difference=0.14250  below=0/3
t=1319791  fraction=0.20500  peak_slope=1.500e-06  t_peak=320949  comparison cadence=962848  difference=0.14125  below=0/3
t=1320791  fraction=0.20500  peak_slope=1.500e-06  t_peak=320949  comparison cadence=962848  difference=0.14125  below=0/3
t=1321791  fraction=0.20500  peak_slope=1.500e-06  t_peak=320949  comparison cadence=962848  difference=0.14000  below=0/3
t=1322791  fraction=0.20500  peak_slope=1.500e-06  t_peak=320949  comparison cadence=962848  difference=0.14000  below=0/3
t=1323791  fraction=0.20500  peak_slope=1.500e-06  t_peak=320949  comparison cadence=962848  difference=0.14000  below=0/3
t=1324791  fraction=0.20500  peak_slope=1.500e-06  t_peak=320949  comparison cadence=962848  difference=0.14000  below=0/3
t=1325790  fraction=0.20500  peak_slope=1.500e-06  t_peak=320949  comparison cadence=962848  difference=0.14000  below=0/3
t=1326790  fraction=0.20500  peak_slope=1.500e-06  t_peak=320949  comparison cadence=962848  difference=0.14000  below=0/3
t=1327790  fraction=0.20500  peak_slope=1.500e-06  t_peak=320949  comparison cadence=962848  difference=0.14000  below=0/3
t=1328790  fraction=0.20500  peak_slope=1.500e-06  t_peak=320949  comparison cadence=962848  difference=0.13875  below=0/3
t=1329790  fraction=0.20500  peak_slope=1.500e-06  t_peak=320949  comparison cadence=962848  difference=0.13875  below=0/3
t=1330790  fraction=0.20500  peak_slope=1.500e-06  t_peak=320949  comparison cadence=962848  difference=0.13875  below=0/3
t=1331789  fraction=0.20500  peak_slope=1.500e-06  t_peak=320949  comparison cadence=962848  difference=0.13875  below=0/3
t=1332789  fraction=0.20500  peak_slope=1.500e-06  t_peak=320949  comparison cadence=962848  difference=0.13875  below=0/3
t=1333789  fraction=0.20625  peak_slope=1.500e-06  t_peak=320949  comparison cadence=962848  difference=0.14000  below=0/3
t=1334789  fraction=0.20625  peak_slope=1.500e-06  t_peak=320949  comparison cadence=962848  difference=0.14000  below=0/3
t=1335789  fraction=0.20625  peak_slope=1.500e-06  t_peak=320949  comparison cadence=962848  difference=0.14000  below=0/3
t=1336789  fraction=0.20625  peak_slope=1.500e-06  t_peak=320949  comparison cadence=962848  difference=0.14000  below=0/3
t=1337788  fraction=0.20625  peak_slope=1.500e-06  t_peak=320949  comparison cadence=962848  difference=0.14000  below=0/3
t=1338788  fraction=0.20625  peak_slope=1.500e-06  t_peak=320949  comparison cadence=962848  difference=0.14000  below=0/3
t=1339788  fraction=0.20625  peak_slope=1.500e-06  t_peak=320949  comparison cadence=962848  difference=0.14000  below=0/3
t=1340788  fraction=0.20625  peak_slope=1.500e-06  t_peak=320949  comparison cadence=962848  difference=0.14000  below=0/3
t=1341788  fraction=0.20625  peak_slope=1.500e-06  t_peak=320949  comparison cadence=962848  difference=0.13875  below=0/3
t=1342788  fraction=0.20750  peak_slope=1.500e-06  t_peak=320949  comparison cadence=962848  difference=0.13875  below=0/3
t=1343788  fraction=0.20750  peak_slope=1.500e-06  t_peak=320949  comparison cadence=962848  difference=0.13750  below=0/3
t=1344787  fraction=0.20750  peak_slope=1.500e-06  t_peak=320949  comparison cadence=962848  difference=0.13625  below=0/3
t=1345787  fraction=0.20750  peak_slope=1.500e-06  t_peak=320949  comparison cadence=962848  difference=0.13500  below=0/3
t=1346787  fraction=0.20750  peak_slope=1.500e-06  t_peak=320949  comparison cadence=962848  difference=0.13500  below=0/3
t=1347787  fraction=0.20750  peak_slope=1.500e-06  t_peak=320949  comparison cadence=962848  difference=0.13500  below=0/3
t=1348787  fraction=0.20750  peak_slope=1.500e-06  t_peak=320949  comparison cadence=962848  difference=0.13500  below=0/3
t=1349787  fraction=0.20750  peak_slope=1.500e-06  t_peak=320949  comparison cadence=962848  difference=0.13500  below=0/3
t=1350786  fraction=0.20750  peak_slope=1.500e-06  t_peak=320949  comparison cadence=962848  difference=0.13500  below=0/3
t=1351786  fraction=0.20750  peak_slope=1.500e-06  t_peak=320949  comparison cadence=962848  difference=0.13500  below=0/3
t=1352786  fraction=0.20750  peak_slope=1.500e-06  t_peak=320949  comparison cadence=962848  difference=0.13500  below=0/3
t=1353786  fraction=0.20750  peak_slope=1.500e-06  t_peak=320949  comparison cadence=962848  difference=0.13500  below=0/3
t=1354786  fraction=0.20750  peak_slope=1.500e-06  t_peak=320949  comparison cadence=962848  difference=0.13375  below=0/3
t=1355786  fraction=0.20750  peak_slope=1.500e-06  t_peak=320949  comparison cadence=962848  difference=0.13375  below=0/3
t=1356785  fraction=0.20750  peak_slope=1.500e-06  t_peak=320949  comparison cadence=962848  difference=0.13375  below=0/3
t=1357785  fraction=0.20750  peak_slope=1.500e-06  t_peak=320949  comparison cadence=962848  difference=0.13375  below=0/3
t=1358785  fraction=0.20750  peak_slope=1.500e-06  t_peak=320949  comparison cadence=962848  difference=0.13250  below=0/3
t=1359785  fraction=0.20750  peak_slope=1.500e-06  t_peak=320949  comparison cadence=962848  difference=0.13250  below=0/3
t=1360785  fraction=0.20750  peak_slope=1.500e-06  t_peak=320949  comparison cadence=962848  difference=0.13250  below=0/3
t=1361785  fraction=0.20750  peak_slope=1.500e-06  t_peak=320949  comparison cadence=962848  difference=0.13250  below=0/3
t=1362785  fraction=0.20750  peak_slope=1.500e-06  t_peak=320949  comparison cadence=962848  difference=0.13250  below=0/3
t=1363784  fraction=0.20750  peak_slope=1.500e-06  t_peak=320949  comparison cadence=962848  difference=0.13250  below=0/3
t=1364784  fraction=0.20750  peak_slope=1.500e-06  t_peak=320949  comparison cadence=962848  difference=0.13250  below=0/3
t=1365784  fraction=0.20750  peak_slope=1.500e-06  t_peak=320949  comparison cadence=962848  difference=0.13250  below=0/3
t=1366784  fraction=0.20750  peak_slope=1.500e-06  t_peak=320949  comparison cadence=962848  difference=0.13000  below=0/3
t=1367784  fraction=0.20750  peak_slope=1.500e-06  t_peak=320949  comparison cadence=962848  difference=0.13000  below=0/3
t=1368784  fraction=0.20750  peak_slope=1.500e-06  t_peak=320949  comparison cadence=962848  difference=0.12875  below=0/3
t=1369783  fraction=0.20750  peak_slope=1.500e-06  t_peak=320949  comparison cadence=962848  difference=0.12875  below=0/3
t=1370783  fraction=0.20750  peak_slope=1.500e-06  t_peak=320949  comparison cadence=962848  difference=0.12875  below=0/3
t=1371783  fraction=0.20750  peak_slope=1.500e-06  t_peak=320949  comparison cadence=962848  difference=0.12875  below=0/3
t=1372783  fraction=0.20750  peak_slope=1.500e-06  t_peak=320949  comparison cadence=962848  difference=0.12875  below=0/3
t=1373783  fraction=0.20750  peak_slope=1.500e-06  t_peak=320949  comparison cadence=962848  difference=0.12875  below=0/3
t=1374783  fraction=0.20750  peak_slope=1.500e-06  t_peak=320949  comparison cadence=962848  difference=0.12875  below=0/3
t=1375782  fraction=0.20750  peak_slope=1.500e-06  t_peak=320949  comparison cadence=962848  difference=0.12875  below=0/3
t=1376782  fraction=0.20750  peak_slope=1.500e-06  t_peak=320949  comparison cadence=962848  difference=0.12875  below=0/3
t=1377782  fraction=0.20750  peak_slope=1.500e-06  t_peak=320949  comparison cadence=962848  difference=0.12875  below=0/3
t=1378782  fraction=0.20750  peak_slope=1.500e-06  t_peak=320949  comparison cadence=962848  difference=0.12875  below=0/3
t=1379782  fraction=0.20750  peak_slope=1.500e-06  t_peak=320949  comparison cadence=962848  difference=0.12875  below=0/3
t=1380782  fraction=0.20750  peak_slope=1.500e-06  t_peak=320949  comparison cadence=962848  difference=0.12750  below=0/3
t=1381782  fraction=0.20750  peak_slope=1.500e-06  t_peak=320949  comparison cadence=962848  difference=0.12750  below=0/3
t=1382781  fraction=0.20750  peak_slope=1.500e-06  t_peak=320949  comparison cadence=962848  difference=0.12750  below=0/3
t=1383781  fraction=0.20750  peak_slope=1.500e-06  t_peak=320949  comparison cadence=962848  difference=0.12750  below=0/3
t=1384781  fraction=0.20750  peak_slope=1.500e-06  t_peak=320949  comparison cadence=962848  difference=0.12750  below=0/3
t=1385781  fraction=0.20750  peak_slope=1.500e-06  t_peak=320949  comparison cadence=962848  difference=0.12750  below=0/3
t=1386781  fraction=0.20750  peak_slope=1.500e-06  t_peak=320949  comparison cadence=962848  difference=0.12750  below=0/3
t=1387781  fraction=0.20750  peak_slope=1.500e-06  t_peak=320949  comparison cadence=962848  difference=0.12625  below=0/3
t=1388780  fraction=0.20750  peak_slope=1.500e-06  t_peak=320949  comparison cadence=962848  difference=0.12625  below=0/3
t=1389780  fraction=0.20750  peak_slope=1.500e-06  t_peak=320949  comparison cadence=962848  difference=0.12625  below=0/3
t=1390780  fraction=0.20750  peak_slope=1.500e-06  t_peak=320949  comparison cadence=962848  difference=0.12625  below=0/3
t=1391780  fraction=0.20750  peak_slope=1.500e-06  t_peak=320949  comparison cadence=962848  difference=0.12625  below=0/3
t=1392780  fraction=0.20750  peak_slope=1.500e-06  t_peak=320949  comparison cadence=962848  difference=0.12625  below=0/3
t=1393780  fraction=0.20750  peak_slope=1.500e-06  t_peak=320949  comparison cadence=962848  difference=0.12625  below=0/3
t=1394779  fraction=0.20750  peak_slope=1.500e-06  t_peak=320949  comparison cadence=962848  difference=0.12500  below=0/3
t=1395779  fraction=0.20750  peak_slope=1.500e-06  t_peak=320949  comparison cadence=962848  difference=0.12500  below=0/3
t=1396779  fraction=0.20750  peak_slope=1.500e-06  t_peak=320949  comparison cadence=962848  difference=0.12500  below=0/3
t=1397779  fraction=0.20750  peak_slope=1.500e-06  t_peak=320949  comparison cadence=962848  difference=0.12500  below=0/3
t=1398779  fraction=0.20750  peak_slope=1.500e-06  t_peak=320949  comparison cadence=962848  difference=0.12500  below=0/3
t=1399779  fraction=0.20750  peak_slope=1.500e-06  t_peak=320949  comparison cadence=962848  difference=0.12500  below=0/3
t=1400779  fraction=0.20750  peak_slope=1.500e-06  t_peak=320949  comparison cadence=962848  difference=0.12375  below=0/3
t=1401778  fraction=0.20750  peak_slope=1.500e-06  t_peak=320949  comparison cadence=962848  difference=0.12375  below=0/3
t=1402778  fraction=0.20875  peak_slope=1.500e-06  t_peak=320949  comparison cadence=962848  difference=0.12500  below=0/3
t=1403778  fraction=0.20875  peak_slope=1.500e-06  t_peak=320949  comparison cadence=962848  difference=0.12500  below=0/3
t=1404778  fraction=0.20875  peak_slope=1.500e-06  t_peak=320949  comparison cadence=962848  difference=0.12500  below=0/3
t=1405778  fraction=0.20875  peak_slope=1.500e-06  t_peak=320949  comparison cadence=962848  difference=0.12500  below=0/3
t=1406778  fraction=0.20875  peak_slope=1.500e-06  t_peak=320949  comparison cadence=962848  difference=0.12500  below=0/3
t=1407777  fraction=0.20875  peak_slope=1.500e-06  t_peak=320949  comparison cadence=962848  difference=0.12375  below=0/3
t=1408777  fraction=0.20875  peak_slope=1.500e-06  t_peak=320949  comparison cadence=962848  difference=0.12375  below=0/3
t=1409777  fraction=0.20875  peak_slope=1.500e-06  t_peak=320949  comparison cadence=962848  difference=0.12375  below=0/3
t=1410777  fraction=0.20875  peak_slope=1.500e-06  t_peak=320949  comparison cadence=962848  difference=0.12250  below=0/3
t=1411777  fraction=0.20875  peak_slope=1.500e-06  t_peak=320949  comparison cadence=962848  difference=0.12250  below=0/3
t=1412777  fraction=0.20875  peak_slope=1.500e-06  t_peak=320949  comparison cadence=962848  difference=0.12250  below=0/3
t=1413776  fraction=0.20875  peak_slope=1.500e-06  t_peak=320949  comparison cadence=962848  difference=0.12125  below=0/3
t=1414776  fraction=0.20875  peak_slope=1.500e-06  t_peak=320949  comparison cadence=962848  difference=0.12125  below=0/3
t=1415776  fraction=0.21000  peak_slope=1.500e-06  t_peak=320949  comparison cadence=962848  difference=0.12125  below=0/3
t=1416776  fraction=0.21000  peak_slope=1.500e-06  t_peak=320949  comparison cadence=962848  difference=0.12125  below=0/3
t=1417776  fraction=0.21125  peak_slope=1.500e-06  t_peak=320949  comparison cadence=962848  difference=0.12250  below=0/3
t=1418776  fraction=0.21125  peak_slope=1.500e-06  t_peak=320949  comparison cadence=962848  difference=0.12250  below=0/3
t=1419776  fraction=0.21125  peak_slope=1.500e-06  t_peak=320949  comparison cadence=962848  difference=0.12125  below=0/3
t=1420775  fraction=0.21125  peak_slope=1.500e-06  t_peak=320949  comparison cadence=962848  difference=0.12125  below=0/3
t=1421775  fraction=0.21125  peak_slope=1.500e-06  t_peak=320949  comparison cadence=962848  difference=0.12125  below=0/3
t=1422775  fraction=0.21125  peak_slope=1.500e-06  t_peak=320949  comparison cadence=962848  difference=0.12125  below=0/3
t=1423775  fraction=0.21125  peak_slope=1.500e-06  t_peak=320949  comparison cadence=962848  difference=0.12125  below=0/3
t=1424775  fraction=0.21125  peak_slope=1.500e-06  t_peak=320949  comparison cadence=962848  difference=0.12125  below=0/3
t=1425775  fraction=0.21125  peak_slope=1.500e-06  t_peak=320949  comparison cadence=962848  difference=0.12125  below=0/3
t=1426774  fraction=0.21125  peak_slope=1.500e-06  t_peak=320949  comparison cadence=962848  difference=0.12125  below=0/3
t=1427774  fraction=0.21125  peak_slope=1.500e-06  t_peak=320949  comparison cadence=962848  difference=0.12125  below=0/3
t=1428774  fraction=0.21125  peak_slope=1.500e-06  t_peak=320949  comparison cadence=962848  difference=0.12125  below=0/3
t=1429774  fraction=0.21125  peak_slope=1.500e-06  t_peak=320949  comparison cadence=962848  difference=0.12125  below=0/3
t=1430774  fraction=0.21125  peak_slope=1.500e-06  t_peak=320949  comparison cadence=962848  difference=0.12125  below=0/3
t=1431774  fraction=0.21250  peak_slope=1.500e-06  t_peak=320949  comparison cadence=962848  difference=0.12125  below=0/3
t=1432773  fraction=0.21250  peak_slope=1.500e-06  t_peak=320949  comparison cadence=962848  difference=0.12125  below=0/3
t=1433773  fraction=0.21250  peak_slope=1.500e-06  t_peak=320949  comparison cadence=962848  difference=0.12125  below=0/3
t=1434773  fraction=0.21250  peak_slope=1.500e-06  t_peak=320949  comparison cadence=962848  difference=0.12125  below=0/3
t=1435773  fraction=0.21250  peak_slope=1.500e-06  t_peak=320949  comparison cadence=962848  difference=0.12125  below=0/3
t=1436773  fraction=0.21250  peak_slope=1.500e-06  t_peak=320949  comparison cadence=962848  difference=0.12125  below=0/3
t=1437773  fraction=0.21250  peak_slope=1.500e-06  t_peak=320949  comparison cadence=962848  difference=0.12125  below=0/3
t=1438773  fraction=0.21250  peak_slope=1.500e-06  t_peak=320949  comparison cadence=962848  difference=0.12125  below=0/3
t=1439772  fraction=0.21250  peak_slope=1.500e-06  t_peak=320949  comparison cadence=962848  difference=0.12000  below=0/3
t=1440772  fraction=0.21250  peak_slope=1.500e-06  t_peak=320949  comparison cadence=962848  difference=0.12000  below=0/3
t=1441772  fraction=0.21375  peak_slope=1.500e-06  t_peak=320949  comparison cadence=962848  difference=0.12125  below=0/3
t=1442772  fraction=0.21375  peak_slope=1.500e-06  t_peak=320949  comparison cadence=962848  difference=0.12125  below=0/3
t=1443772  fraction=0.21375  peak_slope=1.500e-06  t_peak=320949  comparison cadence=962848  difference=0.11875  below=0/3
t=1444772  fraction=0.21375  peak_slope=1.500e-06  t_peak=320949  comparison cadence=962848  difference=0.11875  below=0/3
t=1445771  fraction=0.21375  peak_slope=1.500e-06  t_peak=320949  comparison cadence=962848  difference=0.11750  below=0/3
t=1446771  fraction=0.21375  peak_slope=1.500e-06  t_peak=320949  comparison cadence=962848  difference=0.11750  below=0/3
t=1447771  fraction=0.21375  peak_slope=1.500e-06  t_peak=320949  comparison cadence=962848  difference=0.11625  below=0/3
t=1448771  fraction=0.21375  peak_slope=1.500e-06  t_peak=320949  comparison cadence=962848  difference=0.11500  below=0/3
t=1449771  fraction=0.21375  peak_slope=1.500e-06  t_peak=320949  comparison cadence=962848  difference=0.11375  below=0/3
t=1450771  fraction=0.21375  peak_slope=1.500e-06  t_peak=320949  comparison cadence=962848  difference=0.11375  below=0/3
t=1451770  fraction=0.21375  peak_slope=1.500e-06  t_peak=320949  comparison cadence=962848  difference=0.11375  below=0/3
t=1452770  fraction=0.21375  peak_slope=1.500e-06  t_peak=320949  comparison cadence=962848  difference=0.11375  below=0/3
t=1453770  fraction=0.21375  peak_slope=1.500e-06  t_peak=320949  comparison cadence=962848  difference=0.11375  below=0/3
t=1454770  fraction=0.21375  peak_slope=1.500e-06  t_peak=320949  comparison cadence=962848  difference=0.11375  below=0/3
t=1455770  fraction=0.21375  peak_slope=1.500e-06  t_peak=320949  comparison cadence=962848  difference=0.11375  below=0/3
t=1456770  fraction=0.21375  peak_slope=1.500e-06  t_peak=320949  comparison cadence=962848  difference=0.11375  below=0/3
t=1457770  fraction=0.21375  peak_slope=1.500e-06  t_peak=320949  comparison cadence=962848  difference=0.11375  below=0/3
t=1458769  fraction=0.21375  peak_slope=1.500e-06  t_peak=320949  comparison cadence=962848  difference=0.11375  below=0/3
t=1459769  fraction=0.21375  peak_slope=1.500e-06  t_peak=320949  comparison cadence=962848  difference=0.11375  below=0/3
t=1460769  fraction=0.21375  peak_slope=1.500e-06  t_peak=320949  comparison cadence=962848  difference=0.11375  below=0/3
t=1461769  fraction=0.21500  peak_slope=1.500e-06  t_peak=320949  comparison cadence=962848  difference=0.11375  below=0/3
t=1462769  fraction=0.21500  peak_slope=1.500e-06  t_peak=320949  comparison cadence=962848  difference=0.11250  below=0/3
t=1463769  fraction=0.21500  peak_slope=1.500e-06  t_peak=320949  comparison cadence=962848  difference=0.11250  below=0/3
t=1464768  fraction=0.21500  peak_slope=1.500e-06  t_peak=320949  comparison cadence=962848  difference=0.11250  below=0/3
t=1465768  fraction=0.21500  peak_slope=1.500e-06  t_peak=320949  comparison cadence=962848  difference=0.11250  below=0/3
t=1466768  fraction=0.21500  peak_slope=1.500e-06  t_peak=320949  comparison cadence=962848  difference=0.11250  below=0/3
t=1467768  fraction=0.21500  peak_slope=1.500e-06  t_peak=320949  comparison cadence=962848  difference=0.11250  below=0/3
t=1468768  fraction=0.21500  peak_slope=1.500e-06  t_peak=320949  comparison cadence=962848  difference=0.11250  below=0/3
t=1469768  fraction=0.21500  peak_slope=1.500e-06  t_peak=320949  comparison cadence=962848  difference=0.11250  below=0/3
t=1470767  fraction=0.21500  peak_slope=1.500e-06  t_peak=320949  comparison cadence=962848  difference=0.11125  below=0/3
t=1471767  fraction=0.21500  peak_slope=1.500e-06  t_peak=320949  comparison cadence=962848  difference=0.11125  below=0/3
t=1472767  fraction=0.21500  peak_slope=1.500e-06  t_peak=320949  comparison cadence=962848  difference=0.11125  below=0/3
t=1473767  fraction=0.21500  peak_slope=1.500e-06  t_peak=320949  comparison cadence=962848  difference=0.11125  below=0/3
t=1474767  fraction=0.21500  peak_slope=1.500e-06  t_peak=320949  comparison cadence=962848  difference=0.11125  below=0/3
t=1475767  fraction=0.21500  peak_slope=1.500e-06  t_peak=320949  comparison cadence=962848  difference=0.11125  below=0/3
t=1476767  fraction=0.21625  peak_slope=1.500e-06  t_peak=320949  comparison cadence=962848  difference=0.11250  below=0/3
t=1477766  fraction=0.21625  peak_slope=1.500e-06  t_peak=320949  comparison cadence=962848  difference=0.11250  below=0/3
t=1478766  fraction=0.21625  peak_slope=1.500e-06  t_peak=320949  comparison cadence=962848  difference=0.11250  below=0/3
t=1479766  fraction=0.21625  peak_slope=1.500e-06  t_peak=320949  comparison cadence=962848  difference=0.11250  below=0/3
t=1480766  fraction=0.21625  peak_slope=1.500e-06  t_peak=320949  comparison cadence=962848  difference=0.11250  below=0/3
t=1481766  fraction=0.21625  peak_slope=1.500e-06  t_peak=320949  comparison cadence=962848  difference=0.11250  below=0/3
t=1482766  fraction=0.21625  peak_slope=1.500e-06  t_peak=320949  comparison cadence=962848  difference=0.11250  below=0/3
t=1483765  fraction=0.21625  peak_slope=1.500e-06  t_peak=320949  comparison cadence=962848  difference=0.11250  below=0/3
t=1484765  fraction=0.21625  peak_slope=1.500e-06  t_peak=320949  comparison cadence=962848  difference=0.11250  below=0/3
t=1485765  fraction=0.21625  peak_slope=1.500e-06  t_peak=320949  comparison cadence=962848  difference=0.11125  below=0/3
t=1486765  fraction=0.21625  peak_slope=1.500e-06  t_peak=320949  comparison cadence=962848  difference=0.11125  below=0/3
t=1487765  fraction=0.21625  peak_slope=1.500e-06  t_peak=320949  comparison cadence=962848  difference=0.11125  below=0/3
t=1488765  fraction=0.21625  peak_slope=1.500e-06  t_peak=320949  comparison cadence=962848  difference=0.11125  below=0/3
t=1489764  fraction=0.21625  peak_slope=1.500e-06  t_peak=320949  comparison cadence=962848  difference=0.11125  below=0/3
t=1490764  fraction=0.21625  peak_slope=1.500e-06  t_peak=320949  comparison cadence=962848  difference=0.11000  below=0/3
t=1491764  fraction=0.21625  peak_slope=1.500e-06  t_peak=320949  comparison cadence=962848  difference=0.11000  below=0/3
t=1492764  fraction=0.21625  peak_slope=1.500e-06  t_peak=320949  comparison cadence=962848  difference=0.11000  below=0/3
t=1493764  fraction=0.21625  peak_slope=1.500e-06  t_peak=320949  comparison cadence=962848  difference=0.11000  below=0/3
t=1494764  fraction=0.21625  peak_slope=1.500e-06  t_peak=320949  comparison cadence=962848  difference=0.10875  below=0/3
t=1495764  fraction=0.21625  peak_slope=1.500e-06  t_peak=320949  comparison cadence=962848  difference=0.10750  below=0/3
t=1496763  fraction=0.21625  peak_slope=1.500e-06  t_peak=320949  comparison cadence=962848  difference=0.10500  below=0/3
t=1497763  fraction=0.21625  peak_slope=1.500e-06  t_peak=320949  comparison cadence=962848  difference=0.10375  below=0/3
t=1498763  fraction=0.21625  peak_slope=1.500e-06  t_peak=320949  comparison cadence=962848  difference=0.10375  below=0/3
t=1499763  fraction=0.21625  peak_slope=1.500e-06  t_peak=320949  comparison cadence=962848  difference=0.10375  below=0/3
t=1500763  fraction=0.21625  peak_slope=1.500e-06  t_peak=320949  comparison cadence=962848  difference=0.10375  below=0/3
t=1501763  fraction=0.21625  peak_slope=1.500e-06  t_peak=320949  comparison cadence=962848  difference=0.10375  below=0/3
t=1502762  fraction=0.21625  peak_slope=1.500e-06  t_peak=320949  comparison cadence=962848  difference=0.10375  below=0/3
t=1503762  fraction=0.21625  peak_slope=1.500e-06  t_peak=320949  comparison cadence=962848  difference=0.10375  below=0/3
t=1504762  fraction=0.21625  peak_slope=1.500e-06  t_peak=320949  comparison cadence=962848  difference=0.10375  below=0/3
t=1505762  fraction=0.21625  peak_slope=1.500e-06  t_peak=320949  comparison cadence=962848  difference=0.10375  below=0/3
t=1506762  fraction=0.21625  peak_slope=1.500e-06  t_peak=320949  comparison cadence=962848  difference=0.10375  below=0/3
t=1507762  fraction=0.21625  peak_slope=1.500e-06  t_peak=320949  comparison cadence=962848  difference=0.10250  below=0/3
t=1508761  fraction=0.21625  peak_slope=1.500e-06  t_peak=320949  comparison cadence=962848  difference=0.10250  below=0/3
t=1509761  fraction=0.21625  peak_slope=1.500e-06  t_peak=320949  comparison cadence=962848  difference=0.10250  below=0/3
t=1510761  fraction=0.21625  peak_slope=1.500e-06  t_peak=320949  comparison cadence=962848  difference=0.10125  below=0/3
t=1511761  fraction=0.21625  peak_slope=1.500e-06  t_peak=320949  comparison cadence=962848  difference=0.10125  below=0/3
t=1512761  fraction=0.21625  peak_slope=1.500e-06  t_peak=320949  comparison cadence=962848  difference=0.10125  below=0/3
t=1513761  fraction=0.21625  peak_slope=1.500e-06  t_peak=320949  comparison cadence=962848  difference=0.10125  below=0/3
t=1514761  fraction=0.21625  peak_slope=1.500e-06  t_peak=320949  comparison cadence=962848  difference=0.10125  below=0/3
t=1515760  fraction=0.21625  peak_slope=1.500e-06  t_peak=320949  comparison cadence=962848  difference=0.10000  below=0/3
t=1516760  fraction=0.21625  peak_slope=1.500e-06  t_peak=320949  comparison cadence=962848  difference=0.10000  below=0/3
t=1517760  fraction=0.21625  peak_slope=1.500e-06  t_peak=320949  comparison cadence=962848  difference=0.09875  below=0/3
t=1518760  fraction=0.21625  peak_slope=1.500e-06  t_peak=320949  comparison cadence=962848  difference=0.09875  below=0/3
t=1519760  fraction=0.21625  peak_slope=1.500e-06  t_peak=320949  comparison cadence=962848  difference=0.09875  below=0/3
t=1520760  fraction=0.21625  peak_slope=1.500e-06  t_peak=320949  comparison cadence=962848  difference=0.09875  below=0/3
t=1521759  fraction=0.21625  peak_slope=1.500e-06  t_peak=320949  comparison cadence=962848  difference=0.09750  below=0/3
t=1522759  fraction=0.21625  peak_slope=1.500e-06  t_peak=320949  comparison cadence=962848  difference=0.09750  below=0/3
t=1523759  fraction=0.21750  peak_slope=1.500e-06  t_peak=320949  comparison cadence=962848  difference=0.09875  below=0/3
t=1524759  fraction=0.21750  peak_slope=1.500e-06  t_peak=320949  comparison cadence=962848  difference=0.09875  below=0/3
t=1525759  fraction=0.21750  peak_slope=1.500e-06  t_peak=320949  comparison cadence=962848  difference=0.09750  below=0/3
t=1526759  fraction=0.21750  peak_slope=1.500e-06  t_peak=320949  comparison cadence=962848  difference=0.09750  below=0/3
t=1527758  fraction=0.21750  peak_slope=1.500e-06  t_peak=320949  comparison cadence=962848  difference=0.09750  below=0/3
t=1528758  fraction=0.21750  peak_slope=1.500e-06  t_peak=320949  comparison cadence=962848  difference=0.09625  below=0/3
t=1529758  fraction=0.21750  peak_slope=1.500e-06  t_peak=320949  comparison cadence=962848  difference=0.09375  below=0/3
t=1530758  fraction=0.21750  peak_slope=1.500e-06  t_peak=320949  comparison cadence=962848  difference=0.09375  below=0/3
t=1531758  fraction=0.21750  peak_slope=1.500e-06  t_peak=320949  comparison cadence=962848  difference=0.09250  below=0/3
t=1532758  fraction=0.21750  peak_slope=1.500e-06  t_peak=320949  comparison cadence=962848  difference=0.09250  below=0/3
t=1533758  fraction=0.21750  peak_slope=1.500e-06  t_peak=320949  comparison cadence=962848  difference=0.09250  below=0/3
t=1534757  fraction=0.21750  peak_slope=1.500e-06  t_peak=320949  comparison cadence=962848  difference=0.09250  below=0/3
t=1535757  fraction=0.21750  peak_slope=1.500e-06  t_peak=320949  comparison cadence=962848  difference=0.09250  below=0/3
t=1536757  fraction=0.21750  peak_slope=1.500e-06  t_peak=320949  comparison cadence=962848  difference=0.09250  below=0/3
t=1537757  fraction=0.21750  peak_slope=1.500e-06  t_peak=320949  comparison cadence=962848  difference=0.09250  below=0/3
t=1538757  fraction=0.21875  peak_slope=1.500e-06  t_peak=320949  comparison cadence=962848  difference=0.09375  below=0/3
t=1539757  fraction=0.21875  peak_slope=1.500e-06  t_peak=320949  comparison cadence=962848  difference=0.09375  below=0/3
t=1540756  fraction=0.21875  peak_slope=1.500e-06  t_peak=320949  comparison cadence=962848  difference=0.09375  below=0/3
t=1541756  fraction=0.21875  peak_slope=1.500e-06  t_peak=320949  comparison cadence=962848  difference=0.09375  below=0/3
t=1542756  fraction=0.21875  peak_slope=1.500e-06  t_peak=320949  comparison cadence=962848  difference=0.09375  below=0/3
t=1543756  fraction=0.21875  peak_slope=1.500e-06  t_peak=320949  comparison cadence=962848  difference=0.09375  below=0/3
t=1544756  fraction=0.21875  peak_slope=1.500e-06  t_peak=320949  comparison cadence=962848  difference=0.09375  below=0/3
t=1545756  fraction=0.21875  peak_slope=1.500e-06  t_peak=320949  comparison cadence=962848  difference=0.09375  below=0/3
t=1546755  fraction=0.21875  peak_slope=1.500e-06  t_peak=320949  comparison cadence=962848  difference=0.09375  below=0/3
t=1547755  fraction=0.21875  peak_slope=1.500e-06  t_peak=320949  comparison cadence=962848  difference=0.09375  below=0/3
t=1548755  fraction=0.21875  peak_slope=1.500e-06  t_peak=320949  comparison cadence=962848  difference=0.09375  below=0/3
t=1549755  fraction=0.21875  peak_slope=1.500e-06  t_peak=320949  comparison cadence=962848  difference=0.09250  below=0/3
t=1550755  fraction=0.21875  peak_slope=1.500e-06  t_peak=320949  comparison cadence=962848  difference=0.09125  below=0/3
t=1551755  fraction=0.21875  peak_slope=1.500e-06  t_peak=320949  comparison cadence=962848  difference=0.09125  below=0/3
t=1552755  fraction=0.21875  peak_slope=1.500e-06  t_peak=320949  comparison cadence=962848  difference=0.09125  below=0/3
t=1553754  fraction=0.21875  peak_slope=1.500e-06  t_peak=320949  comparison cadence=962848  difference=0.09125  below=0/3
t=1554754  fraction=0.21875  peak_slope=1.500e-06  t_peak=320949  comparison cadence=962848  difference=0.09000  below=0/3
t=1555754  fraction=0.21875  peak_slope=1.500e-06  t_peak=320949  comparison cadence=962848  difference=0.09000  below=0/3
t=1556754  fraction=0.21875  peak_slope=1.500e-06  t_peak=320949  comparison cadence=962848  difference=0.09000  below=0/3
t=1557754  fraction=0.21875  peak_slope=1.500e-06  t_peak=320949  comparison cadence=962848  difference=0.09000  below=0/3
t=1558754  fraction=0.21875  peak_slope=1.500e-06  t_peak=320949  comparison cadence=962848  difference=0.09000  below=0/3
t=1559753  fraction=0.21875  peak_slope=1.500e-06  t_peak=320949  comparison cadence=962848  difference=0.09000  below=0/3
t=1560753  fraction=0.21875  peak_slope=1.500e-06  t_peak=320949  comparison cadence=962848  difference=0.09000  below=0/3
t=1561753  fraction=0.21875  peak_slope=1.500e-06  t_peak=320949  comparison cadence=962848  difference=0.09000  below=0/3
t=1562753  fraction=0.21875  peak_slope=1.500e-06  t_peak=320949  comparison cadence=962848  difference=0.09000  below=0/3
t=1563753  fraction=0.21875  peak_slope=1.500e-06  t_peak=320949  comparison cadence=962848  difference=0.09000  below=0/3
t=1564753  fraction=0.21875  peak_slope=1.500e-06  t_peak=320949  comparison cadence=962848  difference=0.09000  below=0/3
t=1565752  fraction=0.21875  peak_slope=1.500e-06  t_peak=320949  comparison cadence=962848  difference=0.09000  below=0/3
t=1566752  fraction=0.21875  peak_slope=1.500e-06  t_peak=320949  comparison cadence=962848  difference=0.09000  below=0/3
t=1567752  fraction=0.21875  peak_slope=1.500e-06  t_peak=320949  comparison cadence=962848  difference=0.08875  below=0/3
t=1568752  fraction=0.21875  peak_slope=1.500e-06  t_peak=320949  comparison cadence=962848  difference=0.08875  below=0/3
t=1569752  fraction=0.21875  peak_slope=1.500e-06  t_peak=320949  comparison cadence=962848  difference=0.08875  below=0/3
t=1570752  fraction=0.21875  peak_slope=1.500e-06  t_peak=320949  comparison cadence=962848  difference=0.08875  below=0/3
t=1571752  fraction=0.21875  peak_slope=1.500e-06  t_peak=320949  comparison cadence=962848  difference=0.08875  below=0/3
t=1572751  fraction=0.21875  peak_slope=1.500e-06  t_peak=320949  comparison cadence=962848  difference=0.08750  below=0/3
t=1573751  fraction=0.21875  peak_slope=1.500e-06  t_peak=320949  comparison cadence=962848  difference=0.08625  below=0/3
t=1574751  fraction=0.21875  peak_slope=1.500e-06  t_peak=320949  comparison cadence=962848  difference=0.08625  below=0/3
t=1575751  fraction=0.21875  peak_slope=1.500e-06  t_peak=320949  comparison cadence=962848  difference=0.08625  below=0/3
t=1576751  fraction=0.21875  peak_slope=1.500e-06  t_peak=320949  comparison cadence=962848  difference=0.08625  below=0/3
t=1577751  fraction=0.21875  peak_slope=1.500e-06  t_peak=320949  comparison cadence=962848  difference=0.08625  below=0/3
t=1578750  fraction=0.21875  peak_slope=1.500e-06  t_peak=320949  comparison cadence=962848  difference=0.08625  below=0/3
t=1579750  fraction=0.21875  peak_slope=1.500e-06  t_peak=320949  comparison cadence=962848  difference=0.08625  below=0/3
t=1580750  fraction=0.21875  peak_slope=1.500e-06  t_peak=320949  comparison cadence=962848  difference=0.08500  below=0/3
t=1581750  fraction=0.21875  peak_slope=1.500e-06  t_peak=320949  comparison cadence=962848  difference=0.08500  below=0/3
t=1582750  fraction=0.21875  peak_slope=1.500e-06  t_peak=320949  comparison cadence=962848  difference=0.08500  below=0/3
t=1583750  fraction=0.21875  peak_slope=1.500e-06  t_peak=320949  comparison cadence=962848  difference=0.08375  below=0/3
t=1584749  fraction=0.21875  peak_slope=1.500e-06  t_peak=320949  comparison cadence=962848  difference=0.08375  below=0/3
t=1585749  fraction=0.21875  peak_slope=1.500e-06  t_peak=320949  comparison cadence=962848  difference=0.08375  below=0/3
t=1586749  fraction=0.21875  peak_slope=1.500e-06  t_peak=320949  comparison cadence=962848  difference=0.08375  below=0/3
t=1587749  fraction=0.21875  peak_slope=1.500e-06  t_peak=320949  comparison cadence=962848  difference=0.08375  below=0/3
t=1588749  fraction=0.21875  peak_slope=1.500e-06  t_peak=320949  comparison cadence=962848  difference=0.08375  below=0/3
t=1589749  fraction=0.21875  peak_slope=1.500e-06  t_peak=320949  comparison cadence=962848  difference=0.08375  below=0/3
t=1590749  fraction=0.21875  peak_slope=1.500e-06  t_peak=320949  comparison cadence=962848  difference=0.08375  below=0/3
t=1591748  fraction=0.21875  peak_slope=1.500e-06  t_peak=320949  comparison cadence=962848  difference=0.08375  below=0/3
t=1592748  fraction=0.21875  peak_slope=1.500e-06  t_peak=320949  comparison cadence=962848  difference=0.08375  below=0/3
t=1593748  fraction=0.21875  peak_slope=1.500e-06  t_peak=320949  comparison cadence=962848  difference=0.08375  below=0/3
t=1594748  fraction=0.21875  peak_slope=1.500e-06  t_peak=320949  comparison cadence=962848  difference=0.08250  below=0/3
t=1595748  fraction=0.21875  peak_slope=1.500e-06  t_peak=320949  comparison cadence=962848  difference=0.08250  below=0/3
t=1596748  fraction=0.21875  peak_slope=1.500e-06  t_peak=320949  comparison cadence=962848  difference=0.08250  below=0/3
t=1597747  fraction=0.21875  peak_slope=1.500e-06  t_peak=320949  comparison cadence=962848  difference=0.08250  below=0/3
t=1598747  fraction=0.21875  peak_slope=1.500e-06  t_peak=320949  comparison cadence=962848  difference=0.08250  below=0/3
t=1599747  fraction=0.21875  peak_slope=1.500e-06  t_peak=320949  comparison cadence=962848  difference=0.08250  below=0/3
t=1600747  fraction=0.21875  peak_slope=1.500e-06  t_peak=320949  comparison cadence=962848  difference=0.08250  below=0/3
t=1601747  fraction=0.21875  peak_slope=1.500e-06  t_peak=320949  comparison cadence=962848  difference=0.08250  below=0/3
t=1602747  fraction=0.21875  peak_slope=1.500e-06  t_peak=320949  comparison cadence=962848  difference=0.08250  below=0/3
t=1603746  fraction=0.21875  peak_slope=1.500e-06  t_peak=320949  comparison cadence=962848  difference=0.08250  below=0/3
t=1604746  fraction=0.21875  peak_slope=1.500e-06  t_peak=320949  comparison cadence=962848  difference=0.08250  below=0/3
t=1605746  fraction=0.21875  peak_slope=1.500e-06  t_peak=320949  comparison cadence=962848  difference=0.08250  below=0/3
t=1606746  fraction=0.21875  peak_slope=1.500e-06  t_peak=320949  comparison cadence=962848  difference=0.08250  below=0/3
t=1607746  fraction=0.21875  peak_slope=1.500e-06  t_peak=320949  comparison cadence=962848  difference=0.08250  below=0/3
t=1608746  fraction=0.21875  peak_slope=1.500e-06  t_peak=320949  comparison cadence=962848  difference=0.08250  below=0/3
t=1609745  fraction=0.21875  peak_slope=1.500e-06  t_peak=320949  comparison cadence=962848  difference=0.08250  below=0/3
t=1610745  fraction=0.21875  peak_slope=1.500e-06  t_peak=320949  comparison cadence=962848  difference=0.08250  below=0/3
t=1611745  fraction=0.21875  peak_slope=1.500e-06  t_peak=320949  comparison cadence=962848  difference=0.08250  below=0/3
t=1612745  fraction=0.21875  peak_slope=1.500e-06  t_peak=320949  comparison cadence=962848  difference=0.08250  below=0/3
t=1613745  fraction=0.21875  peak_slope=1.500e-06  t_peak=320949  comparison cadence=962848  difference=0.08125  below=0/3
t=1614745  fraction=0.21875  peak_slope=1.500e-06  t_peak=320949  comparison cadence=962848  difference=0.08125  below=0/3
t=1615745  fraction=0.21875  peak_slope=1.500e-06  t_peak=320949  comparison cadence=962848  difference=0.08125  below=0/3
t=1616744  fraction=0.21875  peak_slope=1.500e-06  t_peak=320949  comparison cadence=962848  difference=0.08125  below=0/3
t=1617744  fraction=0.21875  peak_slope=1.500e-06  t_peak=320949  comparison cadence=962848  difference=0.08125  below=0/3
t=1618744  fraction=0.21875  peak_slope=1.500e-06  t_peak=320949  comparison cadence=962848  difference=0.08000  below=0/3
t=1619744  fraction=0.21875  peak_slope=1.500e-06  t_peak=320949  comparison cadence=962848  difference=0.08000  below=0/3
t=1620744  fraction=0.21875  peak_slope=1.500e-06  t_peak=320949  comparison cadence=962848  difference=0.08000  below=0/3
t=1621744  fraction=0.21875  peak_slope=1.500e-06  t_peak=320949  comparison cadence=962848  difference=0.08000  below=0/3
t=1622743  fraction=0.21875  peak_slope=1.500e-06  t_peak=320949  comparison cadence=962848  difference=0.08000  below=0/3
t=1623743  fraction=0.21875  peak_slope=1.500e-06  t_peak=320949  comparison cadence=962848  difference=0.08000  below=0/3
t=1624743  fraction=0.21875  peak_slope=1.500e-06  t_peak=320949  comparison cadence=962848  difference=0.08000  below=0/3
t=1625743  fraction=0.21875  peak_slope=1.500e-06  t_peak=320949  comparison cadence=962848  difference=0.08000  below=0/3
t=1626743  fraction=0.21875  peak_slope=1.500e-06  t_peak=320949  comparison cadence=962848  difference=0.07875  below=0/3
t=1627743  fraction=0.21875  peak_slope=1.500e-06  t_peak=320949  comparison cadence=962848  difference=0.07875  below=0/3
t=1628742  fraction=0.21875  peak_slope=1.500e-06  t_peak=320949  comparison cadence=962848  difference=0.07875  below=0/3
t=1629742  fraction=0.21875  peak_slope=1.500e-06  t_peak=320949  comparison cadence=962848  difference=0.07875  below=0/3
t=1630742  fraction=0.21875  peak_slope=1.500e-06  t_peak=320949  comparison cadence=962848  difference=0.07875  below=0/3
t=1631742  fraction=0.21875  peak_slope=1.500e-06  t_peak=320949  comparison cadence=962848  difference=0.07875  below=0/3
t=1632742  fraction=0.21875  peak_slope=1.500e-06  t_peak=320949  comparison cadence=962848  difference=0.07875  below=0/3
t=1633742  fraction=0.21875  peak_slope=1.500e-06  t_peak=320949  comparison cadence=962848  difference=0.07875  below=0/3
t=1634742  fraction=0.21875  peak_slope=1.500e-06  t_peak=320949  comparison cadence=962848  difference=0.07875  below=0/3
t=1635741  fraction=0.21875  peak_slope=1.500e-06  t_peak=320949  comparison cadence=962848  difference=0.07875  below=0/3
t=1636741  fraction=0.21875  peak_slope=1.500e-06  t_peak=320949  comparison cadence=962848  difference=0.07875  below=0/3
t=1637741  fraction=0.21875  peak_slope=1.500e-06  t_peak=320949  comparison cadence=962848  difference=0.07875  below=0/3
t=1638741  fraction=0.21875  peak_slope=1.500e-06  t_peak=320949  comparison cadence=962848  difference=0.07875  below=0/3
t=1639741  fraction=0.22000  peak_slope=1.500e-06  t_peak=320949  comparison cadence=962848  difference=0.07875  below=0/3
t=1640741  fraction=0.22000  peak_slope=1.500e-06  t_peak=320949  comparison cadence=962848  difference=0.07875  below=0/3
t=1641740  fraction=0.22000  peak_slope=1.500e-06  t_peak=320949  comparison cadence=962848  difference=0.07875  below=0/3
t=1642740  fraction=0.22000  peak_slope=1.500e-06  t_peak=320949  comparison cadence=962848  difference=0.07875  below=0/3
t=1643740  fraction=0.22000  peak_slope=1.500e-06  t_peak=320949  comparison cadence=962848  difference=0.07875  below=0/3
t=1644740  fraction=0.22000  peak_slope=1.500e-06  t_peak=320949  comparison cadence=962848  difference=0.07875  below=0/3
t=1645740  fraction=0.22000  peak_slope=1.500e-06  t_peak=320949  comparison cadence=962848  difference=0.07875  below=0/3
t=1646740  fraction=0.22000  peak_slope=1.500e-06  t_peak=320949  comparison cadence=962848  difference=0.07875  below=0/3
t=1647739  fraction=0.22000  peak_slope=1.500e-06  t_peak=320949  comparison cadence=962848  difference=0.07875  below=0/3
t=1648739  fraction=0.22000  peak_slope=1.500e-06  t_peak=320949  comparison cadence=962848  difference=0.07875  below=0/3
t=1649739  fraction=0.22000  peak_slope=1.500e-06  t_peak=320949  comparison cadence=962848  difference=0.07875  below=0/3
t=1650739  fraction=0.22000  peak_slope=1.500e-06  t_peak=320949  comparison cadence=962848  difference=0.07875  below=0/3
t=1651739  fraction=0.22000  peak_slope=1.500e-06  t_peak=320949  comparison cadence=962848  difference=0.07875  below=0/3
t=1652739  fraction=0.22000  peak_slope=1.500e-06  t_peak=320949  comparison cadence=962848  difference=0.07875  below=0/3
t=1653739  fraction=0.22000  peak_slope=1.500e-06  t_peak=320949  comparison cadence=962848  difference=0.07875  below=0/3
t=1654738  fraction=0.22000  peak_slope=1.500e-06  t_peak=320949  comparison cadence=962848  difference=0.07875  below=0/3
t=1655738  fraction=0.22000  peak_slope=1.500e-06  t_peak=320949  comparison cadence=962848  difference=0.07625  below=0/3
t=1656738  fraction=0.22000  peak_slope=1.500e-06  t_peak=320949  comparison cadence=962848  difference=0.07625  below=0/3
t=1657738  fraction=0.22000  peak_slope=1.500e-06  t_peak=320949  comparison cadence=962848  difference=0.07625  below=0/3
t=1658738  fraction=0.22000  peak_slope=1.500e-06  t_peak=320949  comparison cadence=962848  difference=0.07625  below=0/3
t=1659738  fraction=0.22000  peak_slope=1.500e-06  t_peak=320949  comparison cadence=962848  difference=0.07625  below=0/3
t=1660737  fraction=0.22000  peak_slope=1.500e-06  t_peak=320949  comparison cadence=962848  difference=0.07500  below=0/3
t=1661737  fraction=0.22000  peak_slope=1.500e-06  t_peak=320949  comparison cadence=962848  difference=0.07500  below=0/3
t=1662737  fraction=0.22000  peak_slope=1.500e-06  t_peak=320949  comparison cadence=962848  difference=0.07500  below=0/3
t=1663737  fraction=0.22000  peak_slope=1.500e-06  t_peak=320949  comparison cadence=962848  difference=0.07500  below=0/3
t=1664737  fraction=0.22000  peak_slope=1.500e-06  t_peak=320949  comparison cadence=962848  difference=0.07500  below=0/3
t=1665737  fraction=0.22000  peak_slope=1.500e-06  t_peak=320949  comparison cadence=962848  difference=0.07500  below=0/3
t=1666736  fraction=0.22000  peak_slope=1.500e-06  t_peak=320949  comparison cadence=962848  difference=0.07500  below=0/3
t=1667736  fraction=0.22000  peak_slope=1.500e-06  t_peak=320949  comparison cadence=962848  difference=0.07500  below=0/3
t=1668736  fraction=0.22000  peak_slope=1.500e-06  t_peak=320949  comparison cadence=962848  difference=0.07500  below=0/3
t=1669736  fraction=0.22000  peak_slope=1.500e-06  t_peak=320949  comparison cadence=962848  difference=0.07500  below=0/3
t=1670736  fraction=0.22000  peak_slope=1.500e-06  t_peak=320949  comparison cadence=962848  difference=0.07500  below=0/3
t=1671736  fraction=0.22000  peak_slope=1.500e-06  t_peak=320949  comparison cadence=962848  difference=0.07500  below=0/3
t=1672736  fraction=0.22000  peak_slope=1.500e-06  t_peak=320949  comparison cadence=962848  difference=0.07500  below=0/3
t=1673735  fraction=0.22000  peak_slope=1.500e-06  t_peak=320949  comparison cadence=962848  difference=0.07500  below=0/3
t=1674735  fraction=0.22000  peak_slope=1.500e-06  t_peak=320949  comparison cadence=962848  difference=0.07500  below=0/3
t=1675735  fraction=0.22000  peak_slope=1.500e-06  t_peak=320949  comparison cadence=962848  difference=0.07500  below=0/3
t=1676735  fraction=0.22000  peak_slope=1.500e-06  t_peak=320949  comparison cadence=962848  difference=0.07500  below=0/3
t=1677735  fraction=0.22000  peak_slope=1.500e-06  t_peak=320949  comparison cadence=962848  difference=0.07500  below=0/3
t=1678735  fraction=0.22000  peak_slope=1.500e-06  t_peak=320949  comparison cadence=962848  difference=0.07500  below=0/3
t=1679734  fraction=0.22000  peak_slope=1.500e-06  t_peak=320949  comparison cadence=962848  difference=0.07375  below=0/3
t=1680734  fraction=0.22000  peak_slope=1.500e-06  t_peak=320949  comparison cadence=962848  difference=0.07375  below=0/3
t=1681734  fraction=0.22000  peak_slope=1.500e-06  t_peak=320949  comparison cadence=962848  difference=0.07375  below=0/3
t=1682734  fraction=0.22000  peak_slope=1.500e-06  t_peak=320949  comparison cadence=962848  difference=0.07375  below=0/3
t=1683734  fraction=0.22000  peak_slope=1.500e-06  t_peak=320949  comparison cadence=962848  difference=0.07375  below=0/3
t=1684734  fraction=0.22000  peak_slope=1.500e-06  t_peak=320949  comparison cadence=962848  difference=0.07375  below=0/3
t=1685733  fraction=0.22000  peak_slope=1.500e-06  t_peak=320949  comparison cadence=962848  difference=0.07375  below=0/3
t=1686733  fraction=0.22000  peak_slope=1.500e-06  t_peak=320949  comparison cadence=962848  difference=0.07375  below=0/3
t=1687733  fraction=0.22000  peak_slope=1.500e-06  t_peak=320949  comparison cadence=962848  difference=0.07375  below=0/3
t=1688733  fraction=0.22000  peak_slope=1.500e-06  t_peak=320949  comparison cadence=962848  difference=0.07375  below=0/3
t=1689733  fraction=0.22000  peak_slope=1.500e-06  t_peak=320949  comparison cadence=962848  difference=0.07375  below=0/3
t=1690733  fraction=0.22000  peak_slope=1.500e-06  t_peak=320949  comparison cadence=962848  difference=0.07250  below=0/3
t=1691733  fraction=0.22000  peak_slope=1.500e-06  t_peak=320949  comparison cadence=962848  difference=0.07250  below=0/3
t=1692732  fraction=0.22000  peak_slope=1.500e-06  t_peak=320949  comparison cadence=962848  difference=0.07250  below=0/3
t=1693732  fraction=0.22000  peak_slope=1.500e-06  t_peak=320949  comparison cadence=962848  difference=0.07250  below=0/3
t=1694732  fraction=0.22000  peak_slope=1.500e-06  t_peak=320949  comparison cadence=962848  difference=0.07250  below=0/3
t=1695732  fraction=0.22000  peak_slope=1.500e-06  t_peak=320949  comparison cadence=962848  difference=0.07250  below=0/3
t=1696732  fraction=0.22000  peak_slope=1.500e-06  t_peak=320949  comparison cadence=962848  difference=0.07250  below=0/3
t=1697732  fraction=0.22000  peak_slope=1.500e-06  t_peak=320949  comparison cadence=962848  difference=0.07125  below=0/3
t=1698731  fraction=0.22000  peak_slope=1.500e-06  t_peak=320949  comparison cadence=962848  difference=0.07125  below=0/3
t=1699731  fraction=0.22000  peak_slope=1.500e-06  t_peak=320949  comparison cadence=962848  difference=0.07125  below=0/3
t=1700731  fraction=0.22000  peak_slope=1.500e-06  t_peak=320949  comparison cadence=962848  difference=0.07000  below=0/3
t=1701731  fraction=0.22000  peak_slope=1.500e-06  t_peak=320949  comparison cadence=962848  difference=0.07000  below=0/3
t=1702731  fraction=0.22000  peak_slope=1.500e-06  t_peak=320949  comparison cadence=962848  difference=0.07000  below=0/3
t=1703731  fraction=0.22000  peak_slope=1.500e-06  t_peak=320949  comparison cadence=962848  difference=0.07000  below=0/3
t=1704730  fraction=0.22000  peak_slope=1.500e-06  t_peak=320949  comparison cadence=962848  difference=0.07000  below=0/3
t=1705730  fraction=0.22000  peak_slope=1.500e-06  t_peak=320949  comparison cadence=962848  difference=0.06875  below=0/3
t=1706730  fraction=0.22000  peak_slope=1.500e-06  t_peak=320949  comparison cadence=962848  difference=0.06875  below=0/3
t=1707730  fraction=0.22000  peak_slope=1.500e-06  t_peak=320949  comparison cadence=962848  difference=0.06875  below=0/3
t=1708730  fraction=0.22000  peak_slope=1.500e-06  t_peak=320949  comparison cadence=962848  difference=0.06875  below=0/3
t=1709730  fraction=0.22000  peak_slope=1.500e-06  t_peak=320949  comparison cadence=962848  difference=0.06875  below=0/3
t=1710730  fraction=0.22000  peak_slope=1.500e-06  t_peak=320949  comparison cadence=962848  difference=0.06875  below=0/3
t=1711729  fraction=0.22000  peak_slope=1.500e-06  t_peak=320949  comparison cadence=962848  difference=0.06875  below=0/3
t=1712729  fraction=0.22000  peak_slope=1.500e-06  t_peak=320949  comparison cadence=962848  difference=0.06750  below=0/3
t=1713729  fraction=0.22000  peak_slope=1.500e-06  t_peak=320949  comparison cadence=962848  difference=0.06750  below=0/3
t=1714729  fraction=0.22000  peak_slope=1.500e-06  t_peak=320949  comparison cadence=962848  difference=0.06750  below=0/3
t=1715729  fraction=0.22000  peak_slope=1.500e-06  t_peak=320949  comparison cadence=962848  difference=0.06750  below=0/3
t=1716729  fraction=0.22000  peak_slope=1.500e-06  t_peak=320949  comparison cadence=962848  difference=0.06750  below=0/3
t=1717728  fraction=0.22000  peak_slope=1.500e-06  t_peak=320949  comparison cadence=962848  difference=0.06625  below=0/3
t=1718728  fraction=0.22000  peak_slope=1.500e-06  t_peak=320949  comparison cadence=962848  difference=0.06625  below=0/3
t=1719728  fraction=0.22000  peak_slope=1.500e-06  t_peak=320949  comparison cadence=962848  difference=0.06625  below=0/3
t=1720728  fraction=0.22000  peak_slope=1.500e-06  t_peak=320949  comparison cadence=962848  difference=0.06625  below=0/3
t=1721728  fraction=0.22000  peak_slope=1.500e-06  t_peak=320949  comparison cadence=962848  difference=0.06625  below=0/3
t=1722728  fraction=0.22000  peak_slope=1.500e-06  t_peak=320949  comparison cadence=962848  difference=0.06625  below=0/3
t=1723727  fraction=0.22000  peak_slope=1.500e-06  t_peak=320949  comparison cadence=962848  difference=0.06625  below=0/3
t=1724727  fraction=0.22000  peak_slope=1.500e-06  t_peak=320949  comparison cadence=962848  difference=0.06625  below=0/3
t=1725727  fraction=0.22000  peak_slope=1.500e-06  t_peak=320949  comparison cadence=962848  difference=0.06625  below=0/3
t=1726727  fraction=0.22000  peak_slope=1.500e-06  t_peak=320949  comparison cadence=962848  difference=0.06625  below=0/3
t=1727727  fraction=0.22000  peak_slope=1.500e-06  t_peak=320949  comparison cadence=962848  difference=0.06625  below=0/3
t=1728727  fraction=0.22000  peak_slope=1.500e-06  t_peak=320949  comparison cadence=962848  difference=0.06625  below=0/3
t=1729727  fraction=0.22000  peak_slope=1.500e-06  t_peak=320949  comparison cadence=962848  difference=0.06625  below=0/3
t=1730726  fraction=0.22000  peak_slope=1.500e-06  t_peak=320949  comparison cadence=962848  difference=0.06500  below=0/3
t=1731726  fraction=0.22000  peak_slope=1.500e-06  t_peak=320949  comparison cadence=962848  difference=0.06375  below=0/3
t=1732726  fraction=0.22000  peak_slope=1.500e-06  t_peak=320949  comparison cadence=962848  difference=0.06375  below=0/3
t=1733726  fraction=0.22000  peak_slope=1.500e-06  t_peak=320949  comparison cadence=962848  difference=0.06375  below=0/3
t=1734726  fraction=0.22000  peak_slope=1.500e-06  t_peak=320949  comparison cadence=962848  difference=0.06375  below=0/3
t=1735726  fraction=0.22000  peak_slope=1.500e-06  t_peak=320949  comparison cadence=962848  difference=0.06375  below=0/3
t=1736725  fraction=0.22000  peak_slope=1.500e-06  t_peak=320949  comparison cadence=962848  difference=0.06375  below=0/3
t=1737725  fraction=0.22000  peak_slope=1.500e-06  t_peak=320949  comparison cadence=962848  difference=0.06375  below=0/3
t=1738725  fraction=0.22000  peak_slope=1.500e-06  t_peak=320949  comparison cadence=962848  difference=0.06375  below=0/3
t=1739725  fraction=0.22000  peak_slope=1.500e-06  t_peak=320949  comparison cadence=962848  difference=0.06375  below=0/3
t=1740725  fraction=0.22000  peak_slope=1.500e-06  t_peak=320949  comparison cadence=962848  difference=0.06375  below=0/3
t=1741725  fraction=0.22000  peak_slope=1.500e-06  t_peak=320949  comparison cadence=962848  difference=0.06375  below=0/3
t=1742724  fraction=0.22000  peak_slope=1.500e-06  t_peak=320949  comparison cadence=962848  difference=0.06375  below=0/3
t=1743724  fraction=0.22000  peak_slope=1.500e-06  t_peak=320949  comparison cadence=962848  difference=0.06375  below=0/3
t=1744724  fraction=0.22000  peak_slope=1.500e-06  t_peak=320949  comparison cadence=962848  difference=0.06375  below=0/3
t=1745724  fraction=0.22000  peak_slope=1.500e-06  t_peak=320949  comparison cadence=962848  difference=0.06250  below=0/3
t=1746724  fraction=0.22000  peak_slope=1.500e-06  t_peak=320949  comparison cadence=962848  difference=0.06250  below=0/3
t=1747724  fraction=0.22000  peak_slope=1.500e-06  t_peak=320949  comparison cadence=962848  difference=0.06250  below=0/3
t=1748724  fraction=0.22000  peak_slope=1.500e-06  t_peak=320949  comparison cadence=962848  difference=0.06250  below=0/3
t=1749723  fraction=0.22000  peak_slope=1.500e-06  t_peak=320949  comparison cadence=962848  difference=0.06250  below=0/3
t=1750723  fraction=0.22000  peak_slope=1.500e-06  t_peak=320949  comparison cadence=962848  difference=0.06125  below=0/3
t=1751723  fraction=0.22000  peak_slope=1.500e-06  t_peak=320949  comparison cadence=962848  difference=0.06125  below=0/3
t=1752723  fraction=0.22000  peak_slope=1.500e-06  t_peak=320949  comparison cadence=962848  difference=0.06125  below=0/3
t=1753723  fraction=0.22000  peak_slope=1.500e-06  t_peak=320949  comparison cadence=962848  difference=0.06125  below=0/3
t=1754723  fraction=0.22000  peak_slope=1.500e-06  t_peak=320949  comparison cadence=962848  difference=0.06125  below=0/3
t=1755722  fraction=0.22000  peak_slope=1.500e-06  t_peak=320949  comparison cadence=962848  difference=0.06125  below=0/3
t=1756722  fraction=0.22000  peak_slope=1.500e-06  t_peak=320949  comparison cadence=962848  difference=0.06125  below=0/3
t=1757722  fraction=0.22000  peak_slope=1.500e-06  t_peak=320949  comparison cadence=962848  difference=0.06125  below=0/3
t=1758722  fraction=0.22000  peak_slope=1.500e-06  t_peak=320949  comparison cadence=962848  difference=0.06125  below=0/3
t=1759722  fraction=0.22000  peak_slope=1.500e-06  t_peak=320949  comparison cadence=962848  difference=0.06125  below=0/3
t=1760722  fraction=0.22000  peak_slope=1.500e-06  t_peak=320949  comparison cadence=962848  difference=0.06125  below=0/3
t=1761721  fraction=0.22000  peak_slope=1.500e-06  t_peak=320949  comparison cadence=962848  difference=0.06125  below=0/3
t=1762721  fraction=0.22000  peak_slope=1.500e-06  t_peak=320949  comparison cadence=962848  difference=0.06125  below=0/3
t=1763721  fraction=0.22000  peak_slope=1.500e-06  t_peak=320949  comparison cadence=962848  difference=0.06125  below=0/3
t=1764721  fraction=0.22000  peak_slope=1.500e-06  t_peak=320949  comparison cadence=962848  difference=0.06125  below=0/3
t=1765721  fraction=0.22000  peak_slope=1.500e-06  t_peak=320949  comparison cadence=962848  difference=0.06125  below=0/3
t=1766721  fraction=0.22000  peak_slope=1.500e-06  t_peak=320949  comparison cadence=962848  difference=0.06125  below=0/3
t=1767721  fraction=0.22000  peak_slope=1.500e-06  t_peak=320949  comparison cadence=962848  difference=0.06125  below=0/3
t=1768720  fraction=0.22000  peak_slope=1.500e-06  t_peak=320949  comparison cadence=962848  difference=0.06000  below=0/3
t=1769720  fraction=0.22000  peak_slope=1.500e-06  t_peak=320949  comparison cadence=962848  difference=0.06000  below=0/3
t=1770720  fraction=0.22000  peak_slope=1.500e-06  t_peak=320949  comparison cadence=962848  difference=0.06000  below=0/3
t=1771720  fraction=0.22000  peak_slope=1.500e-06  t_peak=320949  comparison cadence=962848  difference=0.06000  below=0/3
t=1772720  fraction=0.22000  peak_slope=1.500e-06  t_peak=320949  comparison cadence=962848  difference=0.05875  below=0/3
t=1773720  fraction=0.22000  peak_slope=1.500e-06  t_peak=320949  comparison cadence=962848  difference=0.05875  below=0/3
t=1774719  fraction=0.22250  peak_slope=1.500e-06  t_peak=320949  comparison cadence=962848  difference=0.06125  below=0/3
t=1775719  fraction=0.22250  peak_slope=1.500e-06  t_peak=320949  comparison cadence=962848  difference=0.06125  below=0/3
t=1776719  fraction=0.22250  peak_slope=1.500e-06  t_peak=320949  comparison cadence=962848  difference=0.06125  below=0/3
t=1777719  fraction=0.22250  peak_slope=1.500e-06  t_peak=320949  comparison cadence=962848  difference=0.06125  below=0/3
t=1778719  fraction=0.22250  peak_slope=1.500e-06  t_peak=320949  comparison cadence=962848  difference=0.06125  below=0/3
t=1779719  fraction=0.22250  peak_slope=1.500e-06  t_peak=320949  comparison cadence=962848  difference=0.06125  below=0/3
t=1780718  fraction=0.22250  peak_slope=1.500e-06  t_peak=320949  comparison cadence=962848  difference=0.06125  below=0/3
t=1781718  fraction=0.22250  peak_slope=1.500e-06  t_peak=320949  comparison cadence=962848  difference=0.06000  below=0/3
t=1782718  fraction=0.22250  peak_slope=1.500e-06  t_peak=320949  comparison cadence=962848  difference=0.06000  below=0/3
t=1783718  fraction=0.22250  peak_slope=1.500e-06  t_peak=320949  comparison cadence=962848  difference=0.06000  below=0/3
t=1784718  fraction=0.22250  peak_slope=1.500e-06  t_peak=320949  comparison cadence=962848  difference=0.06000  below=0/3
t=1785718  fraction=0.22250  peak_slope=1.500e-06  t_peak=320949  comparison cadence=962848  difference=0.06000  below=0/3
t=1786718  fraction=0.22250  peak_slope=1.500e-06  t_peak=320949  comparison cadence=962848  difference=0.06000  below=0/3
t=1787717  fraction=0.22250  peak_slope=1.500e-06  t_peak=320949  comparison cadence=962848  difference=0.05875  below=0/3
t=1788717  fraction=0.22250  peak_slope=1.500e-06  t_peak=320949  comparison cadence=962848  difference=0.05875  below=0/3
t=1789717  fraction=0.22250  peak_slope=1.500e-06  t_peak=320949  comparison cadence=962848  difference=0.05875  below=0/3
t=1790717  fraction=0.22250  peak_slope=1.500e-06  t_peak=320949  comparison cadence=962848  difference=0.05875  below=0/3
t=1791717  fraction=0.22250  peak_slope=1.500e-06  t_peak=320949  comparison cadence=962848  difference=0.05875  below=0/3
t=1792717  fraction=0.22250  peak_slope=1.500e-06  t_peak=320949  comparison cadence=962848  difference=0.05875  below=0/3
t=1793716  fraction=0.22250  peak_slope=1.500e-06  t_peak=320949  comparison cadence=962848  difference=0.05875  below=0/3
t=1794716  fraction=0.22250  peak_slope=1.500e-06  t_peak=320949  comparison cadence=962848  difference=0.05875  below=0/3
t=1795716  fraction=0.22375  peak_slope=1.500e-06  t_peak=320949  comparison cadence=962848  difference=0.06000  below=0/3
t=1796716  fraction=0.22375  peak_slope=1.500e-06  t_peak=320949  comparison cadence=962848  difference=0.06000  below=0/3
t=1797716  fraction=0.22375  peak_slope=1.500e-06  t_peak=320949  comparison cadence=962848  difference=0.06000  below=0/3
t=1798716  fraction=0.22375  peak_slope=1.500e-06  t_peak=320949  comparison cadence=962848  difference=0.06000  below=0/3
t=1799715  fraction=0.22375  peak_slope=1.500e-06  t_peak=320949  comparison cadence=962848  difference=0.06000  below=0/3
t=1800715  fraction=0.22375  peak_slope=1.500e-06  t_peak=320949  comparison cadence=962848  difference=0.06000  below=0/3
t=1801715  fraction=0.22375  peak_slope=1.500e-06  t_peak=320949  comparison cadence=962848  difference=0.06000  below=0/3
t=1802715  fraction=0.22375  peak_slope=1.500e-06  t_peak=320949  comparison cadence=962848  difference=0.06000  below=0/3
t=1803715  fraction=0.22375  peak_slope=1.500e-06  t_peak=320949  comparison cadence=962848  difference=0.06000  below=0/3
t=1804715  fraction=0.22375  peak_slope=1.500e-06  t_peak=320949  comparison cadence=962848  difference=0.06000  below=0/3
t=1805715  fraction=0.22375  peak_slope=1.500e-06  t_peak=320949  comparison cadence=962848  difference=0.05875  below=0/3
t=1806714  fraction=0.22375  peak_slope=1.500e-06  t_peak=320949  comparison cadence=962848  difference=0.05875  below=0/3
t=1807714  fraction=0.22375  peak_slope=1.500e-06  t_peak=320949  comparison cadence=962848  difference=0.05875  below=0/3
t=1808714  fraction=0.22500  peak_slope=1.500e-06  t_peak=320949  comparison cadence=962848  difference=0.06000  below=0/3
t=1809714  fraction=0.22500  peak_slope=1.500e-06  t_peak=320949  comparison cadence=962848  difference=0.06000  below=0/3
t=1810714  fraction=0.22500  peak_slope=1.500e-06  t_peak=320949  comparison cadence=962848  difference=0.06000  below=0/3
t=1811714  fraction=0.22500  peak_slope=1.500e-06  t_peak=320949  comparison cadence=962848  difference=0.06000  below=0/3
t=1812713  fraction=0.22500  peak_slope=1.500e-06  t_peak=320949  comparison cadence=962848  difference=0.06000  below=0/3
t=1813713  fraction=0.22625  peak_slope=1.500e-06  t_peak=320949  comparison cadence=962848  difference=0.06125  below=0/3
t=1814713  fraction=0.22625  peak_slope=1.500e-06  t_peak=320949  comparison cadence=962848  difference=0.06125  below=0/3
t=1815713  fraction=0.22625  peak_slope=1.500e-06  t_peak=320949  comparison cadence=962848  difference=0.06125  below=0/3
t=1816713  fraction=0.22625  peak_slope=1.500e-06  t_peak=320949  comparison cadence=962848  difference=0.06125  below=0/3
t=1817713  fraction=0.22625  peak_slope=1.500e-06  t_peak=320949  comparison cadence=962848  difference=0.06000  below=0/3
t=1818712  fraction=0.22625  peak_slope=1.500e-06  t_peak=320949  comparison cadence=962848  difference=0.06000  below=0/3
t=1819712  fraction=0.22625  peak_slope=1.500e-06  t_peak=320949  comparison cadence=962848  difference=0.06000  below=0/3
t=1820712  fraction=0.22625  peak_slope=1.500e-06  t_peak=320949  comparison cadence=962848  difference=0.06000  below=0/3
t=1821712  fraction=0.22625  peak_slope=1.500e-06  t_peak=320949  comparison cadence=962848  difference=0.06000  below=0/3
t=1822712  fraction=0.22625  peak_slope=1.500e-06  t_peak=320949  comparison cadence=962848  difference=0.06000  below=0/3
t=1823712  fraction=0.22625  peak_slope=1.500e-06  t_peak=320949  comparison cadence=962848  difference=0.06000  below=0/3
t=1824712  fraction=0.22625  peak_slope=1.500e-06  t_peak=320949  comparison cadence=962848  difference=0.06000  below=0/3
t=1825711  fraction=0.22625  peak_slope=1.500e-06  t_peak=320949  comparison cadence=962848  difference=0.06000  below=0/3
t=1826711  fraction=0.22625  peak_slope=1.500e-06  t_peak=320949  comparison cadence=962848  difference=0.06000  below=0/3
t=1827711  fraction=0.22625  peak_slope=1.500e-06  t_peak=320949  comparison cadence=962848  difference=0.06000  below=0/3
t=1828711  fraction=0.22625  peak_slope=1.500e-06  t_peak=320949  comparison cadence=962848  difference=0.06000  below=0/3
t=1829711  fraction=0.22625  peak_slope=1.500e-06  t_peak=320949  comparison cadence=962848  difference=0.06000  below=0/3
t=1830711  fraction=0.22625  peak_slope=1.500e-06  t_peak=320949  comparison cadence=962848  difference=0.06000  below=0/3
t=1831710  fraction=0.22625  peak_slope=1.500e-06  t_peak=320949  comparison cadence=962848  difference=0.06000  below=0/3
t=1832710  fraction=0.22625  peak_slope=1.500e-06  t_peak=320949  comparison cadence=962848  difference=0.06000  below=0/3
t=1833710  fraction=0.22625  peak_slope=1.500e-06  t_peak=320949  comparison cadence=962848  difference=0.06000  below=0/3
t=1834710  fraction=0.22625  peak_slope=1.500e-06  t_peak=320949  comparison cadence=962848  difference=0.06000  below=0/3
t=1835710  fraction=0.22625  peak_slope=1.500e-06  t_peak=320949  comparison cadence=962848  difference=0.06000  below=0/3
t=1836710  fraction=0.22625  peak_slope=1.500e-06  t_peak=320949  comparison cadence=962848  difference=0.06000  below=0/3
t=1837709  fraction=0.22625  peak_slope=1.500e-06  t_peak=320949  comparison cadence=962848  difference=0.06000  below=0/3
t=1838709  fraction=0.22625  peak_slope=1.500e-06  t_peak=320949  comparison cadence=962848  difference=0.06000  below=0/3
t=1839709  fraction=0.22625  peak_slope=1.500e-06  t_peak=320949  comparison cadence=962848  difference=0.06000  below=0/3
t=1840709  fraction=0.22625  peak_slope=1.500e-06  t_peak=320949  comparison cadence=962848  difference=0.06000  below=0/3
t=1841709  fraction=0.22625  peak_slope=1.500e-06  t_peak=320949  comparison cadence=962848  difference=0.06000  below=0/3
t=1842709  fraction=0.22625  peak_slope=1.500e-06  t_peak=320949  comparison cadence=962848  difference=0.06000  below=0/3
t=1843709  fraction=0.22625  peak_slope=1.500e-06  t_peak=320949  comparison cadence=962848  difference=0.06000  below=0/3
t=1844708  fraction=0.22625  peak_slope=1.500e-06  t_peak=320949  comparison cadence=962848  difference=0.06000  below=0/3
t=1845708  fraction=0.22625  peak_slope=1.500e-06  t_peak=320949  comparison cadence=962848  difference=0.06000  below=0/3
t=1846708  fraction=0.22625  peak_slope=1.500e-06  t_peak=320949  comparison cadence=962848  difference=0.06000  below=0/3
t=1847708  fraction=0.22625  peak_slope=1.500e-06  t_peak=320949  comparison cadence=962848  difference=0.05875  below=0/3
t=1848708  fraction=0.22625  peak_slope=1.500e-06  t_peak=320949  comparison cadence=962848  difference=0.05875  below=0/3
t=1849708  fraction=0.22625  peak_slope=1.500e-06  t_peak=320949  comparison cadence=962848  difference=0.05750  below=0/3
t=1850707  fraction=0.22625  peak_slope=1.500e-06  t_peak=320949  comparison cadence=962848  difference=0.05750  below=0/3
t=1851707  fraction=0.22625  peak_slope=1.500e-06  t_peak=320949  comparison cadence=962848  difference=0.05500  below=0/3
t=1852707  fraction=0.22625  peak_slope=1.500e-06  t_peak=320949  comparison cadence=962848  difference=0.05500  below=0/3
t=1853707  fraction=0.22625  peak_slope=1.500e-06  t_peak=320949  comparison cadence=962848  difference=0.05500  below=0/3
t=1854707  fraction=0.22625  peak_slope=1.500e-06  t_peak=320949  comparison cadence=962848  difference=0.05500  below=0/3
t=1855707  fraction=0.22625  peak_slope=1.500e-06  t_peak=320949  comparison cadence=962848  difference=0.05500  below=0/3
t=1856706  fraction=0.22625  peak_slope=1.500e-06  t_peak=320949  comparison cadence=962848  difference=0.05500  below=0/3
t=1857706  fraction=0.22625  peak_slope=1.500e-06  t_peak=320949  comparison cadence=962848  difference=0.05500  below=0/3
t=1858706  fraction=0.22625  peak_slope=1.500e-06  t_peak=320949  comparison cadence=962848  difference=0.05500  below=0/3
t=1859706  fraction=0.22625  peak_slope=1.500e-06  t_peak=320949  comparison cadence=962848  difference=0.05375  below=0/3
t=1860706  fraction=0.22625  peak_slope=1.500e-06  t_peak=320949  comparison cadence=962848  difference=0.05375  below=0/3
t=1861706  fraction=0.22625  peak_slope=1.500e-06  t_peak=320949  comparison cadence=962848  difference=0.05375  below=0/3
t=1862706  fraction=0.22625  peak_slope=1.500e-06  t_peak=320949  comparison cadence=962848  difference=0.05375  below=0/3
t=1863705  fraction=0.22625  peak_slope=1.500e-06  t_peak=320949  comparison cadence=962848  difference=0.05375  below=0/3
t=1864705  fraction=0.22625  peak_slope=1.500e-06  t_peak=320949  comparison cadence=962848  difference=0.05375  below=0/3
t=1865705  fraction=0.22625  peak_slope=1.500e-06  t_peak=320949  comparison cadence=962848  difference=0.05375  below=0/3
t=1866705  fraction=0.22625  peak_slope=1.500e-06  t_peak=320949  comparison cadence=962848  difference=0.05375  below=0/3
t=1867705  fraction=0.22625  peak_slope=1.500e-06  t_peak=320949  comparison cadence=962848  difference=0.05375  below=0/3
t=1868705  fraction=0.22625  peak_slope=1.500e-06  t_peak=320949  comparison cadence=962848  difference=0.05375  below=0/3
t=1869704  fraction=0.22625  peak_slope=1.500e-06  t_peak=320949  comparison cadence=962848  difference=0.05375  below=0/3
t=1870704  fraction=0.22625  peak_slope=1.500e-06  t_peak=320949  comparison cadence=962848  difference=0.05375  below=0/3
t=1871704  fraction=0.22625  peak_slope=1.500e-06  t_peak=320949  comparison cadence=962848  difference=0.05375  below=0/3
t=1872704  fraction=0.22625  peak_slope=1.500e-06  t_peak=320949  comparison cadence=962848  difference=0.05375  below=0/3
t=1873704  fraction=0.22625  peak_slope=1.500e-06  t_peak=320949  comparison cadence=962848  difference=0.05375  below=0/3
t=1874704  fraction=0.22625  peak_slope=1.500e-06  t_peak=320949  comparison cadence=962848  difference=0.05250  below=0/3
t=1875703  fraction=0.22625  peak_slope=1.500e-06  t_peak=320949  comparison cadence=962848  difference=0.05250  below=0/3
t=1876703  fraction=0.22625  peak_slope=1.500e-06  t_peak=320949  comparison cadence=962848  difference=0.05250  below=0/3
t=1877703  fraction=0.22625  peak_slope=1.500e-06  t_peak=320949  comparison cadence=962848  difference=0.05250  below=0/3
t=1878703  fraction=0.22625  peak_slope=1.500e-06  t_peak=320949  comparison cadence=962848  difference=0.05250  below=0/3
t=1879703  fraction=0.22625  peak_slope=1.500e-06  t_peak=320949  comparison cadence=962848  difference=0.05250  below=0/3
t=1880703  fraction=0.22625  peak_slope=1.500e-06  t_peak=320949  comparison cadence=962848  difference=0.05250  below=0/3
t=1881703  fraction=0.22625  peak_slope=1.500e-06  t_peak=320949  comparison cadence=962848  difference=0.05250  below=0/3
t=1882702  fraction=0.22625  peak_slope=1.500e-06  t_peak=320949  comparison cadence=962848  difference=0.05250  below=0/3
t=1883702  fraction=0.22625  peak_slope=1.500e-06  t_peak=320949  comparison cadence=962848  difference=0.05250  below=0/3
t=1884702  fraction=0.22625  peak_slope=1.500e-06  t_peak=320949  comparison cadence=962848  difference=0.05250  below=0/3
t=1885702  fraction=0.22625  peak_slope=1.500e-06  t_peak=320949  comparison cadence=962848  difference=0.05250  below=0/3
t=1886702  fraction=0.22625  peak_slope=1.500e-06  t_peak=320949  comparison cadence=962848  difference=0.05250  below=0/3
t=1887702  fraction=0.22625  peak_slope=1.500e-06  t_peak=320949  comparison cadence=962848  difference=0.05250  below=0/3
t=1888701  fraction=0.22625  peak_slope=1.500e-06  t_peak=320949  comparison cadence=962848  difference=0.05250  below=0/3
t=1889701  fraction=0.22625  peak_slope=1.500e-06  t_peak=320949  comparison cadence=962848  difference=0.05250  below=0/3
t=1890701  fraction=0.22625  peak_slope=1.500e-06  t_peak=320949  comparison cadence=962848  difference=0.05250  below=0/3
t=1891701  fraction=0.22625  peak_slope=1.500e-06  t_peak=320949  comparison cadence=962848  difference=0.05250  below=0/3
t=1892701  fraction=0.22625  peak_slope=1.500e-06  t_peak=320949  comparison cadence=962848  difference=0.05250  below=0/3
t=1893701  fraction=0.22625  peak_slope=1.500e-06  t_peak=320949  comparison cadence=962848  difference=0.05250  below=0/3
t=1894700  fraction=0.22625  peak_slope=1.500e-06  t_peak=320949  comparison cadence=962848  difference=0.05250  below=0/3
t=1895700  fraction=0.22625  peak_slope=1.500e-06  t_peak=320949  comparison cadence=962848  difference=0.05125  below=0/3
t=1896700  fraction=0.22625  peak_slope=1.500e-06  t_peak=320949  comparison cadence=962848  difference=0.05000  below=0/3
t=1897700  fraction=0.22625  peak_slope=1.500e-06  t_peak=320949  comparison cadence=962848  difference=0.05000  below=0/3
t=1898700  fraction=0.22750  peak_slope=1.500e-06  t_peak=320949  comparison cadence=962848  difference=0.05125  below=0/3
t=1899700  fraction=0.22750  peak_slope=1.500e-06  t_peak=320949  comparison cadence=962848  difference=0.05125  below=0/3
t=1900699  fraction=0.22750  peak_slope=1.500e-06  t_peak=320949  comparison cadence=962848  difference=0.05000  below=0/3
t=1901699  fraction=0.22750  peak_slope=1.500e-06  t_peak=320949  comparison cadence=962848  difference=0.05000  below=0/3
t=1902699  fraction=0.22750  peak_slope=1.500e-06  t_peak=320949  comparison cadence=962848  difference=0.05000  below=0/3
t=1903699  fraction=0.22750  peak_slope=1.500e-06  t_peak=320949  comparison cadence=962848  difference=0.05000  below=0/3
t=1904699  fraction=0.22750  peak_slope=1.500e-06  t_peak=320949  comparison cadence=962848  difference=0.05000  below=0/3
t=1905699  fraction=0.22750  peak_slope=1.500e-06  t_peak=320949  comparison cadence=962848  difference=0.05000  below=0/3
t=1906699  fraction=0.22750  peak_slope=1.500e-06  t_peak=320949  comparison cadence=962848  difference=0.05000  below=0/3
t=1907698  fraction=0.22750  peak_slope=1.500e-06  t_peak=320949  comparison cadence=962848  difference=0.05000  below=0/3
t=1908698  fraction=0.22750  peak_slope=1.500e-06  t_peak=320949  comparison cadence=962848  difference=0.04875  below=0/3
t=1909698  fraction=0.22750  peak_slope=1.500e-06  t_peak=320949  comparison cadence=962848  difference=0.04875  below=0/3
t=1910698  fraction=0.22750  peak_slope=1.500e-06  t_peak=320949  comparison cadence=962848  difference=0.04750  below=0/3
t=1911698  fraction=0.22750  peak_slope=1.500e-06  t_peak=320949  comparison cadence=962848  difference=0.04750  below=0/3
t=1912698  fraction=0.22750  peak_slope=1.500e-06  t_peak=320949  comparison cadence=962848  difference=0.04750  below=0/3
t=1913697  fraction=0.22750  peak_slope=1.500e-06  t_peak=320949  comparison cadence=962848  difference=0.04750  below=0/3
t=1914697  fraction=0.22750  peak_slope=1.500e-06  t_peak=320949  comparison cadence=962848  difference=0.04750  below=0/3
t=1915697  fraction=0.22750  peak_slope=1.500e-06  t_peak=320949  comparison cadence=962848  difference=0.04750  below=0/3
t=1916697  fraction=0.22750  peak_slope=1.500e-06  t_peak=320949  comparison cadence=962848  difference=0.04750  below=0/3
t=1917697  fraction=0.22750  peak_slope=1.500e-06  t_peak=320949  comparison cadence=962848  difference=0.04750  below=0/3
t=1918697  fraction=0.22750  peak_slope=1.500e-06  t_peak=320949  comparison cadence=962848  difference=0.04625  below=0/3
t=1919696  fraction=0.22750  peak_slope=1.500e-06  t_peak=320949  comparison cadence=962848  difference=0.04625  below=0/3
t=1920696  fraction=0.22750  peak_slope=1.500e-06  t_peak=320949  comparison cadence=962848  difference=0.04625  below=0/3
t=1921696  fraction=0.22750  peak_slope=1.500e-06  t_peak=320949  comparison cadence=962848  difference=0.04625  below=0/3
t=1922696  fraction=0.22750  peak_slope=1.500e-06  t_peak=320949  comparison cadence=962848  difference=0.04625  below=0/3
t=1923696  fraction=0.22750  peak_slope=1.500e-06  t_peak=320949  comparison cadence=962848  difference=0.04625  below=0/3
t=1924696  fraction=0.22750  peak_slope=1.500e-06  t_peak=320949  comparison cadence=962848  difference=0.04625  below=0/3
t=1925696  fraction=0.22750  peak_slope=1.500e-06  t_peak=320949  comparison cadence=962848  difference=0.04625  below=0/3
t=1926695  fraction=0.22750  peak_slope=1.500e-06  t_peak=320949  comparison cadence=962848  difference=0.04625  below=0/3
t=1927695  fraction=0.22750  peak_slope=1.500e-06  t_peak=320949  comparison cadence=962848  difference=0.04625  below=0/3
t=1928695  fraction=0.22750  peak_slope=1.500e-06  t_peak=320949  comparison cadence=962848  difference=0.04500  below=0/3
t=1929695  fraction=0.22750  peak_slope=1.500e-06  t_peak=320949  comparison cadence=962848  difference=0.04375  below=0/3
t=1930695  fraction=0.22750  peak_slope=1.500e-06  t_peak=320949  comparison cadence=962848  difference=0.04375  below=0/3
t=1931695  fraction=0.22750  peak_slope=1.500e-06  t_peak=320949  comparison cadence=962848  difference=0.04375  below=0/3
t=1932694  fraction=0.22750  peak_slope=1.500e-06  t_peak=320949  comparison cadence=962848  difference=0.04375  below=0/3
t=1933694  fraction=0.22750  peak_slope=1.500e-06  t_peak=320949  comparison cadence=962848  difference=0.04375  below=0/3
t=1934694  fraction=0.22750  peak_slope=1.500e-06  t_peak=320949  comparison cadence=962848  difference=0.04375  below=0/3
t=1935694  fraction=0.22750  peak_slope=1.500e-06  t_peak=320949  comparison cadence=962848  difference=0.04375  below=0/3
t=1936694  fraction=0.22750  peak_slope=1.500e-06  t_peak=320949  comparison cadence=962848  difference=0.04375  below=0/3
t=1937694  fraction=0.22750  peak_slope=1.500e-06  t_peak=320949  comparison cadence=962848  difference=0.04375  below=0/3
t=1938693  fraction=0.22750  peak_slope=1.500e-06  t_peak=320949  comparison cadence=962848  difference=0.04375  below=0/3
t=1939693  fraction=0.22750  peak_slope=1.500e-06  t_peak=320949  comparison cadence=962848  difference=0.04375  below=0/3
t=1940693  fraction=0.22750  peak_slope=1.500e-06  t_peak=320949  comparison cadence=962848  difference=0.04375  below=0/3
t=1941693  fraction=0.22750  peak_slope=1.500e-06  t_peak=320949  comparison cadence=962848  difference=0.04375  below=0/3
t=1942693  fraction=0.22750  peak_slope=1.500e-06  t_peak=320949  comparison cadence=962848  difference=0.04375  below=0/3
t=1943693  fraction=0.22750  peak_slope=1.500e-06  t_peak=320949  comparison cadence=962848  difference=0.04375  below=0/3
t=1944693  fraction=0.22750  peak_slope=1.500e-06  t_peak=320949  comparison cadence=962848  difference=0.04375  below=0/3
t=1945692  fraction=0.22750  peak_slope=1.500e-06  t_peak=320949  comparison cadence=962848  difference=0.04375  below=0/3
t=1946692  fraction=0.22750  peak_slope=1.500e-06  t_peak=320949  comparison cadence=962848  difference=0.04375  below=0/3
t=1947692  fraction=0.22750  peak_slope=1.500e-06  t_peak=320949  comparison cadence=962848  difference=0.04375  below=0/3
t=1948692  fraction=0.22750  peak_slope=1.500e-06  t_peak=320949  comparison cadence=962848  difference=0.04375  below=0/3
t=1949692  fraction=0.22750  peak_slope=1.500e-06  t_peak=320949  comparison cadence=962848  difference=0.04375  below=0/3
t=1950692  fraction=0.22750  peak_slope=1.500e-06  t_peak=320949  comparison cadence=962848  difference=0.04375  below=0/3
t=1951691  fraction=0.22750  peak_slope=1.500e-06  t_peak=320949  comparison cadence=962848  difference=0.04375  below=0/3
t=1952691  fraction=0.22750  peak_slope=1.500e-06  t_peak=320949  comparison cadence=962848  difference=0.04375  below=0/3
t=1953691  fraction=0.22750  peak_slope=1.500e-06  t_peak=320949  comparison cadence=962848  difference=0.04375  below=0/3
t=1954691  fraction=0.22750  peak_slope=1.500e-06  t_peak=320949  comparison cadence=962848  difference=0.04375  below=0/3
t=1955691  fraction=0.22750  peak_slope=1.500e-06  t_peak=320949  comparison cadence=962848  difference=0.04375  below=0/3
t=1956691  fraction=0.22750  peak_slope=1.500e-06  t_peak=320949  comparison cadence=962848  difference=0.04375  below=0/3
t=1957690  fraction=0.22750  peak_slope=1.500e-06  t_peak=320949  comparison cadence=962848  difference=0.04250  below=0/3
t=1958690  fraction=0.22750  peak_slope=1.500e-06  t_peak=320949  comparison cadence=962848  difference=0.04250  below=0/3
t=1959690  fraction=0.22750  peak_slope=1.500e-06  t_peak=320949  comparison cadence=962848  difference=0.04250  below=0/3
t=1960690  fraction=0.22750  peak_slope=1.500e-06  t_peak=320949  comparison cadence=962848  difference=0.04250  below=0/3
t=1961690  fraction=0.22750  peak_slope=1.500e-06  t_peak=320949  comparison cadence=962848  difference=0.04250  below=0/3
t=1962690  fraction=0.22750  peak_slope=1.500e-06  t_peak=320949  comparison cadence=962848  difference=0.04250  below=0/3
t=1963690  fraction=0.22750  peak_slope=1.500e-06  t_peak=320949  comparison cadence=962848  difference=0.04250  below=0/3
t=1964689  fraction=0.22750  peak_slope=1.500e-06  t_peak=320949  comparison cadence=962848  difference=0.04250  below=0/3
t=1965689  fraction=0.22750  peak_slope=1.500e-06  t_peak=320949  comparison cadence=962848  difference=0.04250  below=0/3
t=1966689  fraction=0.22750  peak_slope=1.500e-06  t_peak=320949  comparison cadence=962848  difference=0.04250  below=0/3
t=1967689  fraction=0.22750  peak_slope=1.500e-06  t_peak=320949  comparison cadence=962848  difference=0.04250  below=0/3
t=1968689  fraction=0.22750  peak_slope=1.500e-06  t_peak=320949  comparison cadence=962848  difference=0.04250  below=0/3
t=1969689  fraction=0.22750  peak_slope=1.500e-06  t_peak=320949  comparison cadence=962848  difference=0.04250  below=0/3
t=1970688  fraction=0.22750  peak_slope=1.500e-06  t_peak=320949  comparison cadence=962848  difference=0.04250  below=0/3
t=1971688  fraction=0.22750  peak_slope=1.500e-06  t_peak=320949  comparison cadence=962848  difference=0.04250  below=0/3
t=1972688  fraction=0.22750  peak_slope=1.500e-06  t_peak=320949  comparison cadence=962848  difference=0.04250  below=0/3
t=1973688  fraction=0.22750  peak_slope=1.500e-06  t_peak=320949  comparison cadence=962848  difference=0.04250  below=0/3
t=1974688  fraction=0.22750  peak_slope=1.500e-06  t_peak=320949  comparison cadence=962848  difference=0.04250  below=0/3
t=1975688  fraction=0.22750  peak_slope=1.500e-06  t_peak=320949  comparison cadence=962848  difference=0.04250  below=0/3
t=1976687  fraction=0.22750  peak_slope=1.500e-06  t_peak=320949  comparison cadence=962848  difference=0.04250  below=0/3
t=1977687  fraction=0.22750  peak_slope=1.500e-06  t_peak=320949  comparison cadence=962848  difference=0.04250  below=0/3
t=1978687  fraction=0.22750  peak_slope=1.500e-06  t_peak=320949  comparison cadence=962848  difference=0.04250  below=0/3
t=1979687  fraction=0.22750  peak_slope=1.500e-06  t_peak=320949  comparison cadence=962848  difference=0.04250  below=0/3
t=1980687  fraction=0.22750  peak_slope=1.500e-06  t_peak=320949  comparison cadence=962848  difference=0.04250  below=0/3
t=1981687  fraction=0.22750  peak_slope=1.500e-06  t_peak=320949  comparison cadence=962848  difference=0.04250  below=0/3
t=1982687  fraction=0.22750  peak_slope=1.500e-06  t_peak=320949  comparison cadence=962848  difference=0.04250  below=0/3
t=1983686  fraction=0.22750  peak_slope=1.500e-06  t_peak=320949  comparison cadence=962848  difference=0.04250  below=0/3
t=1984686  fraction=0.22750  peak_slope=1.500e-06  t_peak=320949  comparison cadence=962848  difference=0.04250  below=0/3
t=1985686  fraction=0.22750  peak_slope=1.500e-06  t_peak=320949  comparison cadence=962848  difference=0.04250  below=0/3
t=1986686  fraction=0.22750  peak_slope=1.500e-06  t_peak=320949  comparison cadence=962848  difference=0.04250  below=0/3
t=1987686  fraction=0.22750  peak_slope=1.500e-06  t_peak=320949  comparison cadence=962848  difference=0.04250  below=0/3
t=1988686  fraction=0.22750  peak_slope=1.500e-06  t_peak=320949  comparison cadence=962848  difference=0.04250  below=0/3
t=1989685  fraction=0.22750  peak_slope=1.500e-06  t_peak=320949  comparison cadence=962848  difference=0.04250  below=0/3
t=1990685  fraction=0.22750  peak_slope=1.500e-06  t_peak=320949  comparison cadence=962848  difference=0.04250  below=0/3
t=1991685  fraction=0.22750  peak_slope=1.500e-06  t_peak=320949  comparison cadence=962848  difference=0.04250  below=0/3
t=1992685  fraction=0.22750  peak_slope=1.500e-06  t_peak=320949  comparison cadence=962848  difference=0.04250  below=0/3
t=1993685  fraction=0.22750  peak_slope=1.500e-06  t_peak=320949  comparison cadence=962848  difference=0.04250  below=0/3
t=1994685  fraction=0.22750  peak_slope=1.500e-06  t_peak=320949  comparison cadence=962848  difference=0.04250  below=0/3
t=1995684  fraction=0.22750  peak_slope=1.500e-06  t_peak=320949  comparison cadence=962848  difference=0.04125  below=0/3
t=1996684  fraction=0.22750  peak_slope=1.500e-06  t_peak=320949  comparison cadence=962848  difference=0.04125  below=0/3
t=1997684  fraction=0.22750  peak_slope=1.500e-06  t_peak=320949  comparison cadence=962848  difference=0.04125  below=0/3
t=1998684  fraction=0.22750  peak_slope=1.500e-06  t_peak=320949  comparison cadence=962848  difference=0.04125  below=0/3
t=1999684  fraction=0.22750  peak_slope=1.500e-06  t_peak=320949  comparison cadence=962848  difference=0.04125  below=0/3
t=2000684  fraction=0.22750  peak_slope=1.500e-06  t_peak=320949  comparison cadence=962848  difference=0.04125  below=0/3
t=2001684  fraction=0.22750  peak_slope=1.500e-06  t_peak=320949  comparison cadence=962848  difference=0.04000  below=0/3
t=2002683  fraction=0.22750  peak_slope=1.500e-06  t_peak=320949  comparison cadence=962848  difference=0.04000  below=0/3
t=2003683  fraction=0.22750  peak_slope=1.500e-06  t_peak=320949  comparison cadence=962848  difference=0.04000  below=0/3
t=2004683  fraction=0.22750  peak_slope=1.500e-06  t_peak=320949  comparison cadence=962848  difference=0.03875  below=1/3
t=2005683  fraction=0.22750  peak_slope=1.500e-06  t_peak=320949  comparison cadence=962848  difference=0.03875  below=2/3
t=2006683  fraction=0.22750  peak_slope=1.500e-06  t_peak=320949  comparison cadence=962848  difference=0.03875  below=3/3
Stopping at t=2006682.7406794743
Saved 617 remaining particles to /scratch/group/p.phy260085.000//Mass_Fraction/Outputs/Ejection_Results/remaining_particles_2174293_4.csv
