PARALLEL START | local_job_id=local_20260729_150601 | tasks=0-99999 | total=100000 | max_concurrent=8 | time=2026-07-29 15:06:01
START | job=1/100000 | task=0 | pid=8568 | time=2026-07-29 15:06:01
START | job=2/100000 | task=1 | pid=8569 | time=2026-07-29 15:06:01
START | job=3/100000 | task=2 | pid=8570 | time=2026-07-29 15:06:01
START | job=4/100000 | task=3 | pid=8571 | time=2026-07-29 15:06:01
START | job=5/100000 | task=4 | pid=8572 | time=2026-07-29 15:06:01
START | job=6/100000 | task=5 | pid=8576 | time=2026-07-29 15:06:01
START | job=7/100000 | task=6 | pid=8580 | time=2026-07-29 15:06:01
START | job=8/100000 | task=7 | pid=8583 | time=2026-07-29 15:06:01
FINISH | job=8/100000 | task=7 | pid=8583 | status=COMPLETED | exit=0 | runtime=00:00:01 | time=2026-07-29 15:06:02
START | job=9/100000 | task=8 | pid=8620 | time=2026-07-29 15:06:02
FINISH | job=6/100000 | task=5 | pid=8576 | status=COMPLETED | exit=0 | runtime=00:00:03 | time=2026-07-29 15:06:04
START | job=10/100000 | task=9 | pid=8644 | time=2026-07-29 15:06:04
FINISH | job=5/100000 | task=4 | pid=8572 | status=COMPLETED | exit=0 | runtime=00:00:03 | time=2026-07-29 15:06:04
START | job=11/100000 | task=10 | pid=8650 | time=2026-07-29 15:06:04
FINISH | job=9/100000 | task=8 | pid=8620 | status=COMPLETED | exit=0 | runtime=00:00:16 | time=2026-07-29 15:06:18
START | job=12/100000 | task=11 | pid=8765 | time=2026-07-29 15:06:18
FINISH | job=3/100000 | task=2 | pid=8570 | status=COMPLETED | exit=0 | runtime=00:00:28 | time=2026-07-29 15:06:29
START | job=13/100000 | task=12 | pid=8865 | time=2026-07-29 15:06:29
FINISH | job=7/100000 | task=6 | pid=8580 | status=COMPLETED | exit=0 | runtime=00:00:56 | time=2026-07-29 15:06:57
START | job=14/100000 | task=13 | pid=9078 | time=2026-07-29 15:06:57
FINISH | job=12/100000 | task=11 | pid=8765 | status=COMPLETED | exit=0 | runtime=00:00:58 | time=2026-07-29 15:07:16
START | job=15/100000 | task=14 | pid=9208 | time=2026-07-29 15:07:16
FINISH | job=15/100000 | task=14 | pid=9208 | status=COMPLETED | exit=0 | runtime=00:00:03 | time=2026-07-29 15:07:19
START | job=16/100000 | task=15 | pid=9250 | time=2026-07-29 15:07:19
FINISH | job=16/100000 | task=15 | pid=9250 | status=COMPLETED | exit=0 | runtime=00:00:02 | time=2026-07-29 15:07:21
START | job=17/100000 | task=16 | pid=9256 | time=2026-07-29 15:07:21
FINISH | job=17/100000 | task=16 | pid=9256 | status=COMPLETED | exit=0 | runtime=00:00:00 | time=2026-07-29 15:07:21
START | job=18/100000 | task=17 | pid=9277 | time=2026-07-29 15:07:21
FINISH | job=18/100000 | task=17 | pid=9277 | status=COMPLETED | exit=0 | runtime=00:00:00 | time=2026-07-29 15:07:21
START | job=19/100000 | task=18 | pid=9283 | time=2026-07-29 15:07:21
FINISH | job=4/100000 | task=3 | pid=8571 | status=COMPLETED | exit=0 | runtime=00:02:33 | time=2026-07-29 15:08:34
START | job=20/100000 | task=19 | pid=9813 | time=2026-07-29 15:08:34
FINISH | job=14/100000 | task=13 | pid=9078 | status=COMPLETED | exit=0 | runtime=00:01:38 | time=2026-07-29 15:08:35
START | job=21/100000 | task=20 | pid=9821 | time=2026-07-29 15:08:35
FINISH | job=13/100000 | task=12 | pid=8865 | status=COMPLETED | exit=0 | runtime=00:02:33 | time=2026-07-29 15:09:02
START | job=22/100000 | task=21 | pid=10026 | time=2026-07-29 15:09:02
FINISH | job=22/100000 | task=21 | pid=10026 | status=COMPLETED | exit=0 | runtime=00:00:11 | time=2026-07-29 15:09:13
START | job=23/100000 | task=22 | pid=10120 | time=2026-07-29 15:09:13
FINISH | job=23/100000 | task=22 | pid=10120 | status=COMPLETED | exit=0 | runtime=00:02:13 | time=2026-07-29 15:11:26
START | job=24/100000 | task=23 | pid=11137 | time=2026-07-29 15:11:26
FINISH | job=24/100000 | task=23 | pid=11137 | status=COMPLETED | exit=0 | runtime=00:00:04 | time=2026-07-29 15:11:30
START | job=25/100000 | task=24 | pid=11175 | time=2026-07-29 15:11:30
FINISH | job=25/100000 | task=24 | pid=11175 | status=COMPLETED | exit=0 | runtime=00:00:02 | time=2026-07-29 15:11:32
START | job=26/100000 | task=25 | pid=11207 | time=2026-07-29 15:11:32
FINISH | job=26/100000 | task=25 | pid=11207 | status=COMPLETED | exit=0 | runtime=00:00:00 | time=2026-07-29 15:11:32
START | job=27/100000 | task=26 | pid=11213 | time=2026-07-29 15:11:32
FINISH | job=27/100000 | task=26 | pid=11213 | status=COMPLETED | exit=0 | runtime=00:00:17 | time=2026-07-29 15:11:49
START | job=28/100000 | task=27 | pid=11347 | time=2026-07-29 15:11:49
FINISH | job=20/100000 | task=19 | pid=9813 | status=COMPLETED | exit=0 | runtime=00:06:16 | time=2026-07-29 15:14:50
START | job=29/100000 | task=28 | pid=12643 | time=2026-07-29 15:14:50
FINISH | job=2/100000 | task=1 | pid=8569 | status=COMPLETED | exit=0 | runtime=00:09:43 | time=2026-07-29 15:15:44
START | job=30/100000 | task=29 | pid=13046 | time=2026-07-29 15:15:44
FINISH | job=30/100000 | task=29 | pid=13046 | status=COMPLETED | exit=0 | runtime=00:00:14 | time=2026-07-29 15:15:58
START | job=31/100000 | task=30 | pid=13147 | time=2026-07-29 15:15:58
FINISH | job=31/100000 | task=30 | pid=13147 | status=COMPLETED | exit=0 | runtime=00:00:25 | time=2026-07-29 15:16:23
START | job=32/100000 | task=31 | pid=13348 | time=2026-07-29 15:16:23
FINISH | job=32/100000 | task=31 | pid=13348 | status=COMPLETED | exit=0 | runtime=00:01:54 | time=2026-07-29 15:18:17
START | job=33/100000 | task=32 | pid=14156 | time=2026-07-29 15:18:17
FINISH | job=33/100000 | task=32 | pid=14156 | status=COMPLETED | exit=0 | runtime=00:00:01 | time=2026-07-29 15:18:18
START | job=34/100000 | task=33 | pid=14179 | time=2026-07-29 15:18:18
FINISH | job=21/100000 | task=20 | pid=9821 | status=COMPLETED | exit=0 | runtime=00:10:13 | time=2026-07-29 15:18:48
START | job=35/100000 | task=34 | pid=14416 | time=2026-07-29 15:18:48
FINISH | job=35/100000 | task=34 | pid=14416 | status=COMPLETED | exit=0 | runtime=00:00:01 | time=2026-07-29 15:18:49
START | job=36/100000 | task=35 | pid=14422 | time=2026-07-29 15:18:49
FINISH | job=36/100000 | task=35 | pid=14422 | status=COMPLETED | exit=0 | runtime=00:00:17 | time=2026-07-29 15:19:06
START | job=37/100000 | task=36 | pid=14554 | time=2026-07-29 15:19:07
FINISH | job=34/100000 | task=33 | pid=14179 | status=COMPLETED | exit=0 | runtime=00:00:55 | time=2026-07-29 15:19:13
START | job=38/100000 | task=37 | pid=14609 | time=2026-07-29 15:19:13
FINISH | job=11/100000 | task=10 | pid=8650 | status=COMPLETED | exit=0 | runtime=00:13:41 | time=2026-07-29 15:19:45
START | job=39/100000 | task=38 | pid=14847 | time=2026-07-29 15:19:45
FINISH | job=1/100000 | task=0 | pid=8568 | status=COMPLETED | exit=0 | runtime=00:14:21 | time=2026-07-29 15:20:22
START | job=40/100000 | task=39 | pid=15130 | time=2026-07-29 15:20:22
FINISH | job=40/100000 | task=39 | pid=15130 | status=COMPLETED | exit=0 | runtime=00:00:11 | time=2026-07-29 15:20:33
START | job=41/100000 | task=40 | pid=15220 | time=2026-07-29 15:20:33
FINISH | job=41/100000 | task=40 | pid=15220 | status=COMPLETED | exit=0 | runtime=00:00:05 | time=2026-07-29 15:20:38
START | job=42/100000 | task=41 | pid=15259 | time=2026-07-29 15:20:38
FINISH | job=42/100000 | task=41 | pid=15259 | status=COMPLETED | exit=0 | runtime=00:00:01 | time=2026-07-29 15:20:39
START | job=43/100000 | task=42 | pid=15282 | time=2026-07-29 15:20:39
FINISH | job=43/100000 | task=42 | pid=15282 | status=COMPLETED | exit=0 | runtime=00:00:01 | time=2026-07-29 15:20:40
START | job=44/100000 | task=43 | pid=15288 | time=2026-07-29 15:20:40
FINISH | job=44/100000 | task=43 | pid=15288 | status=COMPLETED | exit=0 | runtime=00:00:01 | time=2026-07-29 15:20:41
START | job=45/100000 | task=44 | pid=15294 | time=2026-07-29 15:20:41
FINISH | job=45/100000 | task=44 | pid=15294 | status=COMPLETED | exit=0 | runtime=00:00:01 | time=2026-07-29 15:20:42
START | job=46/100000 | task=45 | pid=15315 | time=2026-07-29 15:20:42
FINISH | job=39/100000 | task=38 | pid=14847 | status=COMPLETED | exit=0 | runtime=00:00:57 | time=2026-07-29 15:20:42
START | job=47/100000 | task=46 | pid=15321 | time=2026-07-29 15:20:42
FINISH | job=19/100000 | task=18 | pid=9283 | status=COMPLETED | exit=0 | runtime=00:13:32 | time=2026-07-29 15:20:53
START | job=48/100000 | task=47 | pid=15404 | time=2026-07-29 15:20:53
FINISH | job=10/100000 | task=9 | pid=8644 | status=COMPLETED | exit=0 | runtime=00:14:52 | time=2026-07-29 15:20:56
START | job=49/100000 | task=48 | pid=15442 | time=2026-07-29 15:20:57
FINISH | job=49/100000 | task=48 | pid=15442 | status=COMPLETED | exit=0 | runtime=00:00:13 | time=2026-07-29 15:21:10
START | job=50/100000 | task=49 | pid=15540 | time=2026-07-29 15:21:10
FINISH | job=50/100000 | task=49 | pid=15540 | status=COMPLETED | exit=0 | runtime=00:01:34 | time=2026-07-29 15:22:44
START | job=51/100000 | task=50 | pid=16240 | time=2026-07-29 15:22:44
FINISH | job=38/100000 | task=37 | pid=14609 | status=COMPLETED | exit=0 | runtime=00:03:46 | time=2026-07-29 15:22:59
START | job=52/100000 | task=51 | pid=16387 | time=2026-07-29 15:22:59
FINISH | job=52/100000 | task=51 | pid=16387 | status=COMPLETED | exit=0 | runtime=00:00:16 | time=2026-07-29 15:23:15
START | job=53/100000 | task=52 | pid=16508 | time=2026-07-29 15:23:15
FINISH | job=53/100000 | task=52 | pid=16508 | status=COMPLETED | exit=0 | runtime=00:00:15 | time=2026-07-29 15:23:30
START | job=54/100000 | task=53 | pid=16623 | time=2026-07-29 15:23:30
FINISH | job=54/100000 | task=53 | pid=16623 | status=COMPLETED | exit=0 | runtime=00:00:01 | time=2026-07-29 15:23:31
START | job=55/100000 | task=54 | pid=16644 | time=2026-07-29 15:23:31
FINISH | job=51/100000 | task=50 | pid=16240 | status=COMPLETED | exit=0 | runtime=00:01:02 | time=2026-07-29 15:23:46
START | job=56/100000 | task=55 | pid=16760 | time=2026-07-29 15:23:46
FINISH | job=47/100000 | task=46 | pid=15321 | status=COMPLETED | exit=0 | runtime=00:03:26 | time=2026-07-29 15:24:08
START | job=57/100000 | task=56 | pid=16923 | time=2026-07-29 15:24:08
FINISH | job=28/100000 | task=27 | pid=11347 | status=COMPLETED | exit=0 | runtime=00:13:25 | time=2026-07-29 15:25:14
START | job=58/100000 | task=57 | pid=17409 | time=2026-07-29 15:25:14
FINISH | job=57/100000 | task=56 | pid=16923 | status=COMPLETED | exit=0 | runtime=00:01:08 | time=2026-07-29 15:25:16
START | job=59/100000 | task=58 | pid=17432 | time=2026-07-29 15:25:16
FINISH | job=59/100000 | task=58 | pid=17432 | status=COMPLETED | exit=0 | runtime=00:00:04 | time=2026-07-29 15:25:20
START | job=60/100000 | task=59 | pid=17471 | time=2026-07-29 15:25:20
FINISH | job=60/100000 | task=59 | pid=17471 | status=COMPLETED | exit=0 | runtime=00:00:05 | time=2026-07-29 15:25:25
START | job=61/100000 | task=60 | pid=17507 | time=2026-07-29 15:25:25
FINISH | job=58/100000 | task=57 | pid=17409 | status=COMPLETED | exit=0 | runtime=00:00:11 | time=2026-07-29 15:25:25
START | job=62/100000 | task=61 | pid=17515 | time=2026-07-29 15:25:25
FINISH | job=61/100000 | task=60 | pid=17507 | status=COMPLETED | exit=0 | runtime=00:00:03 | time=2026-07-29 15:25:28
START | job=63/100000 | task=62 | pid=17551 | time=2026-07-29 15:25:28
FINISH | job=63/100000 | task=62 | pid=17551 | status=COMPLETED | exit=0 | runtime=00:00:01 | time=2026-07-29 15:25:29
START | job=64/100000 | task=63 | pid=17557 | time=2026-07-29 15:25:29
FINISH | job=62/100000 | task=61 | pid=17515 | status=COMPLETED | exit=0 | runtime=00:00:15 | time=2026-07-29 15:25:40
START | job=65/100000 | task=64 | pid=17644 | time=2026-07-29 15:25:40
FINISH | job=56/100000 | task=55 | pid=16760 | status=COMPLETED | exit=0 | runtime=00:03:35 | time=2026-07-29 15:27:21
START | job=66/100000 | task=65 | pid=18373 | time=2026-07-29 15:27:21
FINISH | job=66/100000 | task=65 | pid=18373 | status=COMPLETED | exit=0 | runtime=00:00:08 | time=2026-07-29 15:27:29
START | job=67/100000 | task=66 | pid=18443 | time=2026-07-29 15:27:29
FINISH | job=67/100000 | task=66 | pid=18443 | status=COMPLETED | exit=0 | runtime=00:02:35 | time=2026-07-29 15:30:04
START | job=68/100000 | task=67 | pid=19625 | time=2026-07-29 15:30:04
FINISH | job=68/100000 | task=67 | pid=19625 | status=COMPLETED | exit=0 | runtime=00:00:07 | time=2026-07-29 15:30:11
START | job=69/100000 | task=68 | pid=19697 | time=2026-07-29 15:30:11
FINISH | job=69/100000 | task=68 | pid=19697 | status=COMPLETED | exit=0 | runtime=00:00:49 | time=2026-07-29 15:31:00
START | job=70/100000 | task=69 | pid=20053 | time=2026-07-29 15:31:00
FINISH | job=70/100000 | task=69 | pid=20053 | status=COMPLETED | exit=0 | runtime=00:00:01 | time=2026-07-29 15:31:01
START | job=71/100000 | task=70 | pid=20061 | time=2026-07-29 15:31:01
FINISH | job=71/100000 | task=70 | pid=20061 | status=COMPLETED | exit=0 | runtime=00:00:01 | time=2026-07-29 15:31:02
START | job=72/100000 | task=71 | pid=20067 | time=2026-07-29 15:31:02
FINISH | job=72/100000 | task=71 | pid=20067 | status=COMPLETED | exit=0 | runtime=00:00:01 | time=2026-07-29 15:31:03
START | job=73/100000 | task=72 | pid=20088 | time=2026-07-29 15:31:03
FINISH | job=29/100000 | task=28 | pid=12643 | status=COMPLETED | exit=0 | runtime=00:16:16 | time=2026-07-29 15:31:06
START | job=74/100000 | task=73 | pid=20109 | time=2026-07-29 15:31:06
FINISH | job=48/100000 | task=47 | pid=15404 | status=COMPLETED | exit=0 | runtime=00:10:17 | time=2026-07-29 15:31:10
START | job=75/100000 | task=74 | pid=20147 | time=2026-07-29 15:31:10
FINISH | job=75/100000 | task=74 | pid=20147 | status=COMPLETED | exit=0 | runtime=00:00:51 | time=2026-07-29 15:32:01
START | job=76/100000 | task=75 | pid=20517 | time=2026-07-29 15:32:01
FINISH | job=37/100000 | task=36 | pid=14554 | status=COMPLETED | exit=0 | runtime=00:13:02 | time=2026-07-29 15:32:09
START | job=77/100000 | task=76 | pid=20589 | time=2026-07-29 15:32:09
FINISH | job=76/100000 | task=75 | pid=20517 | status=COMPLETED | exit=0 | runtime=00:00:20 | time=2026-07-29 15:32:21
START | job=78/100000 | task=77 | pid=20678 | time=2026-07-29 15:32:21
FINISH | job=65/100000 | task=64 | pid=17644 | status=COMPLETED | exit=0 | runtime=00:07:09 | time=2026-07-29 15:32:49
START | job=79/100000 | task=78 | pid=20884 | time=2026-07-29 15:32:49
FINISH | job=79/100000 | task=78 | pid=20884 | status=COMPLETED | exit=0 | runtime=00:00:42 | time=2026-07-29 15:33:31
START | job=80/100000 | task=79 | pid=21221 | time=2026-07-29 15:33:31
FINISH | job=80/100000 | task=79 | pid=21221 | status=COMPLETED | exit=0 | runtime=00:00:00 | time=2026-07-29 15:33:31
START | job=81/100000 | task=80 | pid=21227 | time=2026-07-29 15:33:31
FINISH | job=81/100000 | task=80 | pid=21227 | status=COMPLETED | exit=0 | runtime=00:00:01 | time=2026-07-29 15:33:32
START | job=82/100000 | task=81 | pid=21235 | time=2026-07-29 15:33:32
FINISH | job=77/100000 | task=76 | pid=20589 | status=COMPLETED | exit=0 | runtime=00:01:41 | time=2026-07-29 15:33:50
START | job=83/100000 | task=82 | pid=21380 | time=2026-07-29 15:33:50
FINISH | job=78/100000 | task=77 | pid=20678 | status=COMPLETED | exit=0 | runtime=00:01:31 | time=2026-07-29 15:33:52
START | job=84/100000 | task=83 | pid=21403 | time=2026-07-29 15:33:52
FINISH | job=55/100000 | task=54 | pid=16644 | status=COMPLETED | exit=0 | runtime=00:14:13 | time=2026-07-29 15:37:44
START | job=85/100000 | task=84 | pid=23075 | time=2026-07-29 15:37:44
FINISH | job=85/100000 | task=84 | pid=23075 | status=COMPLETED | exit=0 | runtime=00:00:19 | time=2026-07-29 15:38:03
START | job=86/100000 | task=85 | pid=23237 | time=2026-07-29 15:38:03
FINISH | job=64/100000 | task=63 | pid=17557 | status=COMPLETED | exit=0 | runtime=00:12:42 | time=2026-07-29 15:38:11
START | job=87/100000 | task=86 | pid=23313 | time=2026-07-29 15:38:11
FINISH | job=87/100000 | task=86 | pid=23313 | status=COMPLETED | exit=0 | runtime=00:01:02 | time=2026-07-29 15:39:13
START | job=88/100000 | task=87 | pid=23788 | time=2026-07-29 15:39:13
FINISH | job=88/100000 | task=87 | pid=23788 | status=COMPLETED | exit=0 | runtime=00:00:02 | time=2026-07-29 15:39:15
START | job=89/100000 | task=88 | pid=23796 | time=2026-07-29 15:39:15
FINISH | job=86/100000 | task=85 | pid=23237 | status=COMPLETED | exit=0 | runtime=00:02:09 | time=2026-07-29 15:40:12
START | job=90/100000 | task=89 | pid=24218 | time=2026-07-29 15:40:12
FINISH | job=90/100000 | task=89 | pid=24218 | status=COMPLETED | exit=0 | runtime=00:00:01 | time=2026-07-29 15:40:13
START | job=91/100000 | task=90 | pid=24239 | time=2026-07-29 15:40:13
FINISH | job=46/100000 | task=45 | pid=15315 | status=COMPLETED | exit=0 | runtime=00:23:12 | time=2026-07-29 15:43:54
START | job=92/100000 | task=91 | pid=25869 | time=2026-07-29 15:43:54
FINISH | job=84/100000 | task=83 | pid=21403 | status=COMPLETED | exit=0 | runtime=00:10:11 | time=2026-07-29 15:44:03
START | job=93/100000 | task=92 | pid=25963 | time=2026-07-29 15:44:03
FINISH | job=74/100000 | task=73 | pid=20109 | status=COMPLETED | exit=0 | runtime=00:13:32 | time=2026-07-29 15:44:38
START | job=94/100000 | task=93 | pid=26241 | time=2026-07-29 15:44:38
FINISH | job=94/100000 | task=93 | pid=26241 | status=COMPLETED | exit=0 | runtime=00:00:09 | time=2026-07-29 15:44:47
START | job=95/100000 | task=94 | pid=26315 | time=2026-07-29 15:44:47
FINISH | job=95/100000 | task=94 | pid=26315 | status=COMPLETED | exit=0 | runtime=00:00:04 | time=2026-07-29 15:44:51
START | job=96/100000 | task=95 | pid=26354 | time=2026-07-29 15:44:51
FINISH | job=93/100000 | task=92 | pid=25963 | status=COMPLETED | exit=0 | runtime=00:01:14 | time=2026-07-29 15:45:17
START | job=97/100000 | task=96 | pid=26542 | time=2026-07-29 15:45:17
FINISH | job=96/100000 | task=95 | pid=26354 | status=COMPLETED | exit=0 | runtime=00:00:28 | time=2026-07-29 15:45:19
START | job=98/100000 | task=97 | pid=26565 | time=2026-07-29 15:45:19
FINISH | job=98/100000 | task=97 | pid=26565 | status=COMPLETED | exit=0 | runtime=00:00:01 | time=2026-07-29 15:45:20
START | job=99/100000 | task=98 | pid=26586 | time=2026-07-29 15:45:20
FINISH | job=97/100000 | task=96 | pid=26542 | status=COMPLETED | exit=0 | runtime=00:00:03 | time=2026-07-29 15:45:20
START | job=100/100000 | task=99 | pid=26592 | time=2026-07-29 15:45:21
START PROGRESS | 100/100000 (0%)
FINISH | job=99/100000 | task=98 | pid=26586 | status=COMPLETED | exit=0 | runtime=00:00:01 | time=2026-07-29 15:45:21
START | job=101/100000 | task=100 | pid=26599 | time=2026-07-29 15:45:21
FINISH | job=82/100000 | task=81 | pid=21235 | status=COMPLETED | exit=0 | runtime=00:12:41 | time=2026-07-29 15:46:13
START | job=102/100000 | task=101 | pid=26978 | time=2026-07-29 15:46:13
FINISH | job=102/100000 | task=101 | pid=26978 | status=COMPLETED | exit=0 | runtime=00:00:55 | time=2026-07-29 15:47:08
START | job=103/100000 | task=102 | pid=27422 | time=2026-07-29 15:47:08
FINISH | job=103/100000 | task=102 | pid=27422 | status=COMPLETED | exit=0 | runtime=00:00:15 | time=2026-07-29 15:47:23
START | job=104/100000 | task=103 | pid=27552 | time=2026-07-29 15:47:23
FINISH | job=104/100000 | task=103 | pid=27552 | status=COMPLETED | exit=0 | runtime=00:00:22 | time=2026-07-29 15:47:45
START | job=105/100000 | task=104 | pid=27716 | time=2026-07-29 15:47:45
FINISH | job=92/100000 | task=91 | pid=25869 | status=COMPLETED | exit=0 | runtime=00:04:00 | time=2026-07-29 15:47:54
START | job=106/100000 | task=105 | pid=27797 | time=2026-07-29 15:47:54
FINISH | job=106/100000 | task=105 | pid=27797 | status=COMPLETED | exit=0 | runtime=00:00:01 | time=2026-07-29 15:47:55
START | job=107/100000 | task=106 | pid=27819 | time=2026-07-29 15:47:56
FINISH | job=107/100000 | task=106 | pid=27819 | status=COMPLETED | exit=0 | runtime=00:00:00 | time=2026-07-29 15:47:56
START | job=108/100000 | task=107 | pid=27825 | time=2026-07-29 15:47:56
FINISH | job=89/100000 | task=88 | pid=23796 | status=COMPLETED | exit=0 | runtime=00:08:48 | time=2026-07-29 15:48:03
START | job=109/100000 | task=108 | pid=27880 | time=2026-07-29 15:48:03
FINISH | job=108/100000 | task=107 | pid=27825 | status=COMPLETED | exit=0 | runtime=00:00:16 | time=2026-07-29 15:48:12
START | job=110/100000 | task=109 | pid=27963 | time=2026-07-29 15:48:12
FINISH | job=105/100000 | task=104 | pid=27716 | status=COMPLETED | exit=0 | runtime=00:00:51 | time=2026-07-29 15:48:36
START | job=111/100000 | task=110 | pid=28138 | time=2026-07-29 15:48:36
FINISH | job=73/100000 | task=72 | pid=20088 | status=COMPLETED | exit=0 | runtime=00:20:13 | time=2026-07-29 15:51:16
START | job=112/100000 | task=111 | pid=29284 | time=2026-07-29 15:51:16
FINISH | job=112/100000 | task=111 | pid=29284 | status=COMPLETED | exit=0 | runtime=00:00:09 | time=2026-07-29 15:51:25
START | job=113/100000 | task=112 | pid=29354 | time=2026-07-29 15:51:25
FINISH | job=113/100000 | task=112 | pid=29354 | status=COMPLETED | exit=0 | runtime=00:00:05 | time=2026-07-29 15:51:30
START | job=114/100000 | task=113 | pid=29393 | time=2026-07-29 15:51:30
FINISH | job=114/100000 | task=113 | pid=29393 | status=COMPLETED | exit=0 | runtime=00:01:13 | time=2026-07-29 15:52:43
START | job=115/100000 | task=114 | pid=29955 | time=2026-07-29 15:52:43
FINISH | job=115/100000 | task=114 | pid=29955 | status=COMPLETED | exit=0 | runtime=00:00:01 | time=2026-07-29 15:52:44
START | job=116/100000 | task=115 | pid=29978 | time=2026-07-29 15:52:44
FINISH | job=116/100000 | task=115 | pid=29978 | status=COMPLETED | exit=0 | runtime=00:00:01 | time=2026-07-29 15:52:45
START | job=117/100000 | task=116 | pid=29984 | time=2026-07-29 15:52:45
FINISH | job=117/100000 | task=116 | pid=29984 | status=COMPLETED | exit=0 | runtime=00:00:01 | time=2026-07-29 15:52:46
START | job=118/100000 | task=117 | pid=30005 | time=2026-07-29 15:52:46
FINISH | job=110/100000 | task=109 | pid=27963 | status=COMPLETED | exit=0 | runtime=00:05:10 | time=2026-07-29 15:53:22
START | job=119/100000 | task=118 | pid=30270 | time=2026-07-29 15:53:22
FINISH | job=91/100000 | task=90 | pid=24239 | status=COMPLETED | exit=0 | runtime=00:15:15 | time=2026-07-29 15:55:28
START | job=120/100000 | task=119 | pid=31175 | time=2026-07-29 15:55:28
FINISH | job=120/100000 | task=119 | pid=31175 | status=COMPLETED | exit=0 | runtime=00:01:13 | time=2026-07-29 15:56:41
START | job=121/100000 | task=120 | pid=31736 | time=2026-07-29 15:56:41
FINISH | job=101/100000 | task=100 | pid=26599 | status=COMPLETED | exit=0 | runtime=00:13:17 | time=2026-07-29 15:58:38
START | job=122/100000 | task=121 | pid=32622 | time=2026-07-29 15:58:38
FINISH | job=122/100000 | task=121 | pid=32622 | status=COMPLETED | exit=0 | runtime=00:00:02 | time=2026-07-29 15:58:40
START | job=123/100000 | task=122 | pid=32645 | time=2026-07-29 15:58:40
FINISH | job=123/100000 | task=122 | pid=32645 | status=COMPLETED | exit=0 | runtime=00:00:01 | time=2026-07-29 15:58:41
START | job=124/100000 | task=123 | pid=32666 | time=2026-07-29 15:58:41
FINISH | job=124/100000 | task=123 | pid=32666 | status=COMPLETED | exit=0 | runtime=00:00:01 | time=2026-07-29 15:58:42
START | job=125/100000 | task=124 | pid=32672 | time=2026-07-29 15:58:42
FINISH | job=125/100000 | task=124 | pid=32672 | status=COMPLETED | exit=0 | runtime=00:00:01 | time=2026-07-29 15:58:43
START | job=126/100000 | task=125 | pid=32683 | time=2026-07-29 15:58:43
FINISH | job=126/100000 | task=125 | pid=32683 | status=COMPLETED | exit=0 | runtime=00:00:16 | time=2026-07-29 15:58:59
START | job=127/100000 | task=126 | pid=32813 | time=2026-07-29 15:58:59
FINISH | job=111/100000 | task=110 | pid=28138 | status=COMPLETED | exit=0 | runtime=00:10:40 | time=2026-07-29 15:59:16
START | job=128/100000 | task=127 | pid=32948 | time=2026-07-29 15:59:16
FINISH | job=121/100000 | task=120 | pid=31736 | status=COMPLETED | exit=0 | runtime=00:04:31 | time=2026-07-29 16:01:12
START | job=129/100000 | task=128 | pid=33803 | time=2026-07-29 16:01:12
FINISH | job=109/100000 | task=108 | pid=27880 | status=COMPLETED | exit=0 | runtime=00:13:20 | time=2026-07-29 16:01:23
START | job=130/100000 | task=129 | pid=33883 | time=2026-07-29 16:01:23
FINISH | job=83/100000 | task=82 | pid=21380 | status=COMPLETED | exit=0 | runtime=00:29:10 | time=2026-07-29 16:03:00
START | job=131/100000 | task=130 | pid=34593 | time=2026-07-29 16:03:00
FINISH | job=130/100000 | task=129 | pid=33883 | status=COMPLETED | exit=0 | runtime=00:02:32 | time=2026-07-29 16:03:55
START | job=132/100000 | task=131 | pid=34989 | time=2026-07-29 16:03:55
FINISH | job=132/100000 | task=131 | pid=34989 | status=COMPLETED | exit=0 | runtime=00:00:02 | time=2026-07-29 16:03:57
START | job=133/100000 | task=132 | pid=35012 | time=2026-07-29 16:03:57
FINISH | job=133/100000 | task=132 | pid=35012 | status=COMPLETED | exit=0 | runtime=00:00:00 | time=2026-07-29 16:03:57
START | job=134/100000 | task=133 | pid=35029 | time=2026-07-29 16:03:57
FINISH | job=134/100000 | task=133 | pid=35029 | status=COMPLETED | exit=0 | runtime=00:00:01 | time=2026-07-29 16:03:58
START | job=135/100000 | task=134 | pid=35035 | time=2026-07-29 16:03:58
FINISH | job=135/100000 | task=134 | pid=35035 | status=COMPLETED | exit=0 | runtime=00:00:00 | time=2026-07-29 16:03:58
START | job=136/100000 | task=135 | pid=35041 | time=2026-07-29 16:03:58
FINISH | job=131/100000 | task=130 | pid=34593 | status=COMPLETED | exit=0 | runtime=00:01:37 | time=2026-07-29 16:04:37
START | job=137/100000 | task=136 | pid=35321 | time=2026-07-29 16:04:37
FINISH | job=128/100000 | task=127 | pid=32948 | status=COMPLETED | exit=0 | runtime=00:05:26 | time=2026-07-29 16:04:42
START | job=138/100000 | task=137 | pid=35374 | time=2026-07-29 16:04:42
FINISH | job=100/100000 | task=99 | pid=26592 | status=COMPLETED | exit=0 | runtime=00:20:05 | time=2026-07-29 16:05:26
START | job=139/100000 | task=138 | pid=35686 | time=2026-07-29 16:05:26
FINISH | job=139/100000 | task=138 | pid=35686 | status=COMPLETED | exit=0 | runtime=00:00:14 | time=2026-07-29 16:05:40
START | job=140/100000 | task=139 | pid=35802 | time=2026-07-29 16:05:40
FINISH | job=118/100000 | task=117 | pid=30005 | status=COMPLETED | exit=0 | runtime=00:13:20 | time=2026-07-29 16:06:06
START | job=141/100000 | task=140 | pid=36001 | time=2026-07-29 16:06:06
FINISH | job=141/100000 | task=140 | pid=36001 | status=COMPLETED | exit=0 | runtime=00:00:01 | time=2026-07-29 16:06:07
START | job=142/100000 | task=141 | pid=36024 | time=2026-07-29 16:06:08
FINISH | job=142/100000 | task=141 | pid=36024 | status=COMPLETED | exit=0 | runtime=00:00:01 | time=2026-07-29 16:06:09
START | job=143/100000 | task=142 | pid=36030 | time=2026-07-29 16:06:09
FINISH | job=143/100000 | task=142 | pid=36030 | status=COMPLETED | exit=0 | runtime=00:00:00 | time=2026-07-29 16:06:09
START | job=144/100000 | task=143 | pid=36051 | time=2026-07-29 16:06:09
FINISH | job=144/100000 | task=143 | pid=36051 | status=COMPLETED | exit=0 | runtime=00:00:01 | time=2026-07-29 16:06:10
START | job=145/100000 | task=144 | pid=36057 | time=2026-07-29 16:06:10
FINISH | job=119/100000 | task=118 | pid=30270 | status=COMPLETED | exit=0 | runtime=00:12:59 | time=2026-07-29 16:06:21
START | job=146/100000 | task=145 | pid=36173 | time=2026-07-29 16:06:21
FINISH | job=140/100000 | task=139 | pid=35802 | status=COMPLETED | exit=0 | runtime=00:01:02 | time=2026-07-29 16:06:42
START | job=147/100000 | task=146 | pid=36340 | time=2026-07-29 16:06:42
FINISH | job=138/100000 | task=137 | pid=35374 | status=COMPLETED | exit=0 | runtime=00:02:02 | time=2026-07-29 16:06:44
START | job=148/100000 | task=147 | pid=36363 | time=2026-07-29 16:06:44
FINISH | job=147/100000 | task=146 | pid=36340 | status=COMPLETED | exit=0 | runtime=00:00:32 | time=2026-07-29 16:07:14
START | job=149/100000 | task=148 | pid=36589 | time=2026-07-29 16:07:14
FINISH | job=137/100000 | task=136 | pid=35321 | status=COMPLETED | exit=0 | runtime=00:04:16 | time=2026-07-29 16:08:53
START | job=150/100000 | task=149 | pid=37293 | time=2026-07-29 16:08:53
FINISH | job=150/100000 | task=149 | pid=37293 | status=COMPLETED | exit=0 | runtime=00:00:02 | time=2026-07-29 16:08:55
START | job=151/100000 | task=150 | pid=37316 | time=2026-07-29 16:08:55
FINISH | job=149/100000 | task=148 | pid=36589 | status=COMPLETED | exit=0 | runtime=00:01:49 | time=2026-07-29 16:09:03
START | job=152/100000 | task=151 | pid=37384 | time=2026-07-29 16:09:03
FINISH | job=151/100000 | task=150 | pid=37316 | status=COMPLETED | exit=0 | runtime=00:00:15 | time=2026-07-29 16:09:10
START | job=153/100000 | task=152 | pid=37438 | time=2026-07-29 16:09:10
FINISH | job=153/100000 | task=152 | pid=37438 | status=COMPLETED | exit=0 | runtime=00:00:02 | time=2026-07-29 16:09:12
START | job=154/100000 | task=153 | pid=37462 | time=2026-07-29 16:09:12
FINISH | job=152/100000 | task=151 | pid=37384 | status=COMPLETED | exit=0 | runtime=00:00:41 | time=2026-07-29 16:09:44
START | job=155/100000 | task=154 | pid=37696 | time=2026-07-29 16:09:44
FINISH | job=148/100000 | task=147 | pid=36363 | status=COMPLETED | exit=0 | runtime=00:04:29 | time=2026-07-29 16:11:13
START | job=156/100000 | task=155 | pid=38327 | time=2026-07-29 16:11:13
FINISH | job=156/100000 | task=155 | pid=38327 | status=COMPLETED | exit=0 | runtime=00:00:44 | time=2026-07-29 16:11:57
START | job=157/100000 | task=156 | pid=38712 | time=2026-07-29 16:11:57
FINISH | job=127/100000 | task=126 | pid=32813 | status=COMPLETED | exit=0 | runtime=00:14:35 | time=2026-07-29 16:13:34
START | job=158/100000 | task=157 | pid=39403 | time=2026-07-29 16:13:34
FINISH | job=158/100000 | task=157 | pid=39403 | status=COMPLETED | exit=0 | runtime=00:00:05 | time=2026-07-29 16:13:39
START | job=159/100000 | task=158 | pid=39441 | time=2026-07-29 16:13:39
FINISH | job=159/100000 | task=158 | pid=39441 | status=COMPLETED | exit=0 | runtime=00:00:01 | time=2026-07-29 16:13:40
START | job=160/100000 | task=159 | pid=39464 | time=2026-07-29 16:13:40
FINISH | job=146/100000 | task=145 | pid=36173 | status=COMPLETED | exit=0 | runtime=00:07:37 | time=2026-07-29 16:13:58
START | job=161/100000 | task=160 | pid=39593 | time=2026-07-29 16:13:58
FINISH | job=155/100000 | task=154 | pid=37696 | status=COMPLETED | exit=0 | runtime=00:04:50 | time=2026-07-29 16:14:34
START | job=162/100000 | task=161 | pid=39860 | time=2026-07-29 16:14:34
FINISH | job=162/100000 | task=161 | pid=39860 | status=COMPLETED | exit=0 | runtime=00:00:00 | time=2026-07-29 16:14:34
START | job=163/100000 | task=162 | pid=39866 | time=2026-07-29 16:14:34
FINISH | job=160/100000 | task=159 | pid=39464 | status=COMPLETED | exit=0 | runtime=00:01:17 | time=2026-07-29 16:14:57
START | job=164/100000 | task=163 | pid=40026 | time=2026-07-29 16:14:57
FINISH | job=157/100000 | task=156 | pid=38712 | status=COMPLETED | exit=0 | runtime=00:03:33 | time=2026-07-29 16:15:30
START | job=165/100000 | task=164 | pid=40278 | time=2026-07-29 16:15:30
FINISH | job=136/100000 | task=135 | pid=35041 | status=COMPLETED | exit=0 | runtime=00:12:52 | time=2026-07-29 16:16:50
START | job=166/100000 | task=165 | pid=40866 | time=2026-07-29 16:16:50
FINISH | job=129/100000 | task=128 | pid=33803 | status=COMPLETED | exit=0 | runtime=00:16:25 | time=2026-07-29 16:17:37
START | job=167/100000 | task=166 | pid=41212 | time=2026-07-29 16:17:37
FINISH | job=164/100000 | task=163 | pid=40026 | status=COMPLETED | exit=0 | runtime=00:03:15 | time=2026-07-29 16:18:12
START | job=168/100000 | task=167 | pid=41480 | time=2026-07-29 16:18:12
FINISH | job=168/100000 | task=167 | pid=41480 | status=COMPLETED | exit=0 | runtime=00:00:00 | time=2026-07-29 16:18:12
START | job=169/100000 | task=168 | pid=41486 | time=2026-07-29 16:18:12
FINISH | job=169/100000 | task=168 | pid=41486 | status=COMPLETED | exit=0 | runtime=00:00:01 | time=2026-07-29 16:18:13
START | job=170/100000 | task=169 | pid=41494 | time=2026-07-29 16:18:13
FINISH | job=170/100000 | task=169 | pid=41494 | status=COMPLETED | exit=0 | runtime=00:00:15 | time=2026-07-29 16:18:28
START | job=171/100000 | task=170 | pid=41608 | time=2026-07-29 16:18:28
FINISH | job=171/100000 | task=170 | pid=41608 | status=COMPLETED | exit=0 | runtime=00:00:01 | time=2026-07-29 16:18:29
START | job=172/100000 | task=171 | pid=41614 | time=2026-07-29 16:18:29
FINISH | job=167/100000 | task=166 | pid=41212 | status=COMPLETED | exit=0 | runtime=00:01:00 | time=2026-07-29 16:18:37
START | job=173/100000 | task=172 | pid=41684 | time=2026-07-29 16:18:37
FINISH | job=145/100000 | task=144 | pid=36057 | status=COMPLETED | exit=0 | runtime=00:12:44 | time=2026-07-29 16:18:54
START | job=174/100000 | task=173 | pid=41812 | time=2026-07-29 16:18:54
FINISH | job=166/100000 | task=165 | pid=40866 | status=COMPLETED | exit=0 | runtime=00:04:01 | time=2026-07-29 16:20:51
START | job=175/100000 | task=174 | pid=42654 | time=2026-07-29 16:20:51
FINISH | job=175/100000 | task=174 | pid=42654 | status=COMPLETED | exit=0 | runtime=00:00:18 | time=2026-07-29 16:21:09
START | job=176/100000 | task=175 | pid=42785 | time=2026-07-29 16:21:09
FINISH | job=176/100000 | task=175 | pid=42785 | status=COMPLETED | exit=0 | runtime=00:00:04 | time=2026-07-29 16:21:13
START | job=177/100000 | task=176 | pid=42824 | time=2026-07-29 16:21:13
FINISH | job=177/100000 | task=176 | pid=42824 | status=COMPLETED | exit=0 | runtime=00:00:03 | time=2026-07-29 16:21:16
START | job=178/100000 | task=177 | pid=42847 | time=2026-07-29 16:21:16
FINISH | job=178/100000 | task=177 | pid=42847 | status=COMPLETED | exit=0 | runtime=00:00:00 | time=2026-07-29 16:21:16
START | job=179/100000 | task=178 | pid=42868 | time=2026-07-29 16:21:16
FINISH | job=179/100000 | task=178 | pid=42868 | status=COMPLETED | exit=0 | runtime=00:00:01 | time=2026-07-29 16:21:17
START | job=180/100000 | task=179 | pid=42874 | time=2026-07-29 16:21:17
FINISH | job=180/100000 | task=179 | pid=42874 | status=COMPLETED | exit=0 | runtime=00:00:16 | time=2026-07-29 16:21:33
START | job=181/100000 | task=180 | pid=42989 | time=2026-07-29 16:21:33
FINISH | job=154/100000 | task=153 | pid=37462 | status=COMPLETED | exit=0 | runtime=00:12:34 | time=2026-07-29 16:21:46
START | job=182/100000 | task=181 | pid=43107 | time=2026-07-29 16:21:46
FINISH | job=165/100000 | task=164 | pid=40278 | status=COMPLETED | exit=0 | runtime=00:06:50 | time=2026-07-29 16:22:20
START | job=183/100000 | task=182 | pid=43382 | time=2026-07-29 16:22:20
FINISH | job=173/100000 | task=172 | pid=41684 | status=COMPLETED | exit=0 | runtime=00:03:45 | time=2026-07-29 16:22:22
START | job=184/100000 | task=183 | pid=43407 | time=2026-07-29 16:22:22
FINISH | job=184/100000 | task=183 | pid=43407 | status=COMPLETED | exit=0 | runtime=00:00:01 | time=2026-07-29 16:22:23
START | job=185/100000 | task=184 | pid=43415 | time=2026-07-29 16:22:23
FINISH | job=183/100000 | task=182 | pid=43382 | status=COMPLETED | exit=0 | runtime=00:00:45 | time=2026-07-29 16:23:05
START | job=186/100000 | task=185 | pid=43724 | time=2026-07-29 16:23:05
FINISH | job=186/100000 | task=185 | pid=43724 | status=COMPLETED | exit=0 | runtime=00:00:27 | time=2026-07-29 16:23:32
START | job=187/100000 | task=186 | pid=43915 | time=2026-07-29 16:23:32
FINISH | job=187/100000 | task=186 | pid=43915 | status=COMPLETED | exit=0 | runtime=00:00:02 | time=2026-07-29 16:23:34
START | job=188/100000 | task=187 | pid=43938 | time=2026-07-29 16:23:34
FINISH | job=188/100000 | task=187 | pid=43938 | status=COMPLETED | exit=0 | runtime=00:00:01 | time=2026-07-29 16:23:35
START | job=189/100000 | task=188 | pid=43959 | time=2026-07-29 16:23:35
FINISH | job=185/100000 | task=184 | pid=43415 | status=COMPLETED | exit=0 | runtime=00:01:37 | time=2026-07-29 16:24:00
START | job=190/100000 | task=189 | pid=44132 | time=2026-07-29 16:24:00
FINISH | job=189/100000 | task=188 | pid=43959 | status=COMPLETED | exit=0 | runtime=00:01:30 | time=2026-07-29 16:25:05
START | job=191/100000 | task=190 | pid=44594 | time=2026-07-29 16:25:05
FINISH | job=161/100000 | task=160 | pid=39593 | status=COMPLETED | exit=0 | runtime=00:12:34 | time=2026-07-29 16:26:32
START | job=192/100000 | task=191 | pid=45244 | time=2026-07-29 16:26:32
FINISH | job=163/100000 | task=162 | pid=39866 | status=COMPLETED | exit=0 | runtime=00:12:40 | time=2026-07-29 16:27:14
START | job=193/100000 | task=192 | pid=45557 | time=2026-07-29 16:27:14
FINISH | job=193/100000 | task=192 | pid=45557 | status=COMPLETED | exit=0 | runtime=00:00:10 | time=2026-07-29 16:27:24
START | job=194/100000 | task=193 | pid=45640 | time=2026-07-29 16:27:24
FINISH | job=194/100000 | task=193 | pid=45640 | status=COMPLETED | exit=0 | runtime=00:00:04 | time=2026-07-29 16:27:28
START | job=195/100000 | task=194 | pid=45678 | time=2026-07-29 16:27:28
FINISH | job=195/100000 | task=194 | pid=45678 | status=COMPLETED | exit=0 | runtime=00:01:17 | time=2026-07-29 16:28:45
START | job=196/100000 | task=195 | pid=46252 | time=2026-07-29 16:28:45
FINISH | job=196/100000 | task=195 | pid=46252 | status=COMPLETED | exit=0 | runtime=00:00:01 | time=2026-07-29 16:28:46
START | job=197/100000 | task=196 | pid=46276 | time=2026-07-29 16:28:47
FINISH | job=197/100000 | task=196 | pid=46276 | status=COMPLETED | exit=0 | runtime=00:00:01 | time=2026-07-29 16:28:48
START | job=198/100000 | task=197 | pid=46297 | time=2026-07-29 16:28:48
FINISH | job=198/100000 | task=197 | pid=46297 | status=COMPLETED | exit=0 | runtime=00:00:16 | time=2026-07-29 16:29:04
START | job=199/100000 | task=198 | pid=46411 | time=2026-07-29 16:29:04
FINISH | job=172/100000 | task=171 | pid=41614 | status=COMPLETED | exit=0 | runtime=00:12:34 | time=2026-07-29 16:31:03
START | job=200/100000 | task=199 | pid=47276 | time=2026-07-29 16:31:03
START PROGRESS | 200/100000 (0%)
FINISH | job=174/100000 | task=173 | pid=41812 | status=COMPLETED | exit=0 | runtime=00:14:14 | time=2026-07-29 16:33:08
START | job=201/100000 | task=200 | pid=48181 | time=2026-07-29 16:33:08
FINISH | job=181/100000 | task=180 | pid=42989 | status=COMPLETED | exit=0 | runtime=00:12:31 | time=2026-07-29 16:34:04
START | job=202/100000 | task=201 | pid=48586 | time=2026-07-29 16:34:04
FINISH | job=201/100000 | task=200 | pid=48181 | status=COMPLETED | exit=0 | runtime=00:01:08 | time=2026-07-29 16:34:16
START | job=203/100000 | task=202 | pid=48687 | time=2026-07-29 16:34:16
FINISH | job=203/100000 | task=202 | pid=48687 | status=COMPLETED | exit=0 | runtime=00:00:03 | time=2026-07-29 16:34:19
START | job=204/100000 | task=203 | pid=48710 | time=2026-07-29 16:34:19
FINISH | job=204/100000 | task=203 | pid=48710 | status=COMPLETED | exit=0 | runtime=00:00:27 | time=2026-07-29 16:34:46
START | job=205/100000 | task=204 | pid=48914 | time=2026-07-29 16:34:47
FINISH | job=205/100000 | task=204 | pid=48914 | status=COMPLETED | exit=0 | runtime=00:00:16 | time=2026-07-29 16:35:02
START | job=206/100000 | task=205 | pid=49029 | time=2026-07-29 16:35:02
FINISH | job=206/100000 | task=205 | pid=49029 | status=COMPLETED | exit=0 | runtime=00:00:11 | time=2026-07-29 16:35:13
START | job=207/100000 | task=206 | pid=49129 | time=2026-07-29 16:35:13
FINISH | job=207/100000 | task=206 | pid=49129 | status=COMPLETED | exit=0 | runtime=00:00:01 | time=2026-07-29 16:35:14
START | job=208/100000 | task=207 | pid=49135 | time=2026-07-29 16:35:14
FINISH | job=200/100000 | task=199 | pid=47276 | status=COMPLETED | exit=0 | runtime=00:04:43 | time=2026-07-29 16:35:46
START | job=209/100000 | task=208 | pid=49373 | time=2026-07-29 16:35:46
FINISH | job=202/100000 | task=201 | pid=48586 | status=COMPLETED | exit=0 | runtime=00:02:31 | time=2026-07-29 16:36:35
START | job=210/100000 | task=209 | pid=49736 | time=2026-07-29 16:36:35
FINISH | job=190/100000 | task=189 | pid=44132 | status=COMPLETED | exit=0 | runtime=00:13:17 | time=2026-07-29 16:37:17
START | job=211/100000 | task=210 | pid=50034 | time=2026-07-29 16:37:17
FINISH | job=182/100000 | task=181 | pid=43107 | status=COMPLETED | exit=0 | runtime=00:15:55 | time=2026-07-29 16:37:41
START | job=212/100000 | task=211 | pid=50227 | time=2026-07-29 16:37:41
FINISH | job=211/100000 | task=210 | pid=50034 | status=COMPLETED | exit=0 | runtime=00:02:31 | time=2026-07-29 16:39:48
START | job=213/100000 | task=212 | pid=51152 | time=2026-07-29 16:39:48
FINISH | job=213/100000 | task=212 | pid=51152 | status=COMPLETED | exit=0 | runtime=00:00:02 | time=2026-07-29 16:39:50
START | job=214/100000 | task=213 | pid=51175 | time=2026-07-29 16:39:50
FINISH | job=214/100000 | task=213 | pid=51175 | status=COMPLETED | exit=0 | runtime=00:00:01 | time=2026-07-29 16:39:51
START | job=215/100000 | task=214 | pid=51181 | time=2026-07-29 16:39:51
FINISH | job=212/100000 | task=211 | pid=50227 | status=COMPLETED | exit=0 | runtime=00:02:10 | time=2026-07-29 16:39:51
START | job=216/100000 | task=215 | pid=51187 | time=2026-07-29 16:39:51
FINISH | job=216/100000 | task=215 | pid=51187 | status=COMPLETED | exit=0 | runtime=00:00:00 | time=2026-07-29 16:39:51
START | job=217/100000 | task=216 | pid=51193 | time=2026-07-29 16:39:51
FINISH | job=191/100000 | task=190 | pid=44594 | status=COMPLETED | exit=0 | runtime=00:15:52 | time=2026-07-29 16:40:57
START | job=218/100000 | task=217 | pid=51693 | time=2026-07-29 16:40:57
FINISH | job=192/100000 | task=191 | pid=45244 | status=COMPLETED | exit=0 | runtime=00:14:38 | time=2026-07-29 16:41:10
START | job=219/100000 | task=218 | pid=51794 | time=2026-07-29 16:41:10
FINISH | job=209/100000 | task=208 | pid=49373 | status=COMPLETED | exit=0 | runtime=00:05:30 | time=2026-07-29 16:41:16
START | job=220/100000 | task=219 | pid=51849 | time=2026-07-29 16:41:16
FINISH | job=220/100000 | task=219 | pid=51849 | status=COMPLETED | exit=0 | runtime=00:00:10 | time=2026-07-29 16:41:26
START | job=221/100000 | task=220 | pid=51936 | time=2026-07-29 16:41:27
FINISH | job=221/100000 | task=220 | pid=51936 | status=COMPLETED | exit=0 | runtime=00:00:05 | time=2026-07-29 16:41:32
START | job=222/100000 | task=221 | pid=51989 | time=2026-07-29 16:41:32
FINISH | job=222/100000 | task=221 | pid=51989 | status=COMPLETED | exit=0 | runtime=00:00:03 | time=2026-07-29 16:41:35
START | job=223/100000 | task=222 | pid=52012 | time=2026-07-29 16:41:35
FINISH | job=223/100000 | task=222 | pid=52012 | status=COMPLETED | exit=0 | runtime=00:00:00 | time=2026-07-29 16:41:35
START | job=224/100000 | task=223 | pid=52018 | time=2026-07-29 16:41:35
FINISH | job=224/100000 | task=223 | pid=52018 | status=COMPLETED | exit=0 | runtime=00:00:01 | time=2026-07-29 16:41:36
START | job=225/100000 | task=224 | pid=52024 | time=2026-07-29 16:41:36
FINISH | job=225/100000 | task=224 | pid=52024 | status=COMPLETED | exit=0 | runtime=00:00:00 | time=2026-07-29 16:41:36
START | job=226/100000 | task=225 | pid=52030 | time=2026-07-29 16:41:36
FINISH | job=199/100000 | task=198 | pid=46411 | status=COMPLETED | exit=0 | runtime=00:12:34 | time=2026-07-29 16:41:38
START | job=227/100000 | task=226 | pid=52053 | time=2026-07-29 16:41:38
FINISH | job=218/100000 | task=217 | pid=51693 | status=COMPLETED | exit=0 | runtime=00:04:10 | time=2026-07-29 16:45:07
START | job=228/100000 | task=227 | pid=53572 | time=2026-07-29 16:45:07
FINISH | job=228/100000 | task=227 | pid=53572 | status=COMPLETED | exit=0 | runtime=00:00:37 | time=2026-07-29 16:45:44
START | job=229/100000 | task=228 | pid=53852 | time=2026-07-29 16:45:44
FINISH | job=215/100000 | task=214 | pid=51181 | status=COMPLETED | exit=0 | runtime=00:06:26 | time=2026-07-29 16:46:17
START | job=230/100000 | task=229 | pid=54089 | time=2026-07-29 16:46:17
FINISH | job=230/100000 | task=229 | pid=54089 | status=COMPLETED | exit=0 | runtime=00:00:04 | time=2026-07-29 16:46:21
START | job=231/100000 | task=230 | pid=54127 | time=2026-07-29 16:46:21
FINISH | job=231/100000 | task=230 | pid=54127 | status=COMPLETED | exit=0 | runtime=00:00:49 | time=2026-07-29 16:47:10
START | job=232/100000 | task=231 | pid=54480 | time=2026-07-29 16:47:10
FINISH | job=232/100000 | task=231 | pid=54480 | status=COMPLETED | exit=0 | runtime=00:00:36 | time=2026-07-29 16:47:46
START | job=233/100000 | task=232 | pid=54748 | time=2026-07-29 16:47:46
FINISH | job=208/100000 | task=207 | pid=49135 | status=COMPLETED | exit=0 | runtime=00:12:37 | time=2026-07-29 16:47:51
START | job=234/100000 | task=233 | pid=54788 | time=2026-07-29 16:47:51
FINISH | job=234/100000 | task=233 | pid=54788 | status=COMPLETED | exit=0 | runtime=00:00:01 | time=2026-07-29 16:47:52
START | job=235/100000 | task=234 | pid=54810 | time=2026-07-29 16:47:52
FINISH | job=229/100000 | task=228 | pid=53852 | status=COMPLETED | exit=0 | runtime=00:04:17 | time=2026-07-29 16:50:01
START | job=236/100000 | task=235 | pid=55754 | time=2026-07-29 16:50:01
FINISH | job=210/100000 | task=209 | pid=49736 | status=COMPLETED | exit=0 | runtime=00:13:56 | time=2026-07-29 16:50:31
START | job=237/100000 | task=236 | pid=55977 | time=2026-07-29 16:50:31
FINISH | job=219/100000 | task=218 | pid=51794 | status=COMPLETED | exit=0 | runtime=00:10:06 | time=2026-07-29 16:51:16
START | job=238/100000 | task=237 | pid=56307 | time=2026-07-29 16:51:16
FINISH | job=237/100000 | task=236 | pid=55977 | status=COMPLETED | exit=0 | runtime=00:00:56 | time=2026-07-29 16:51:27
START | job=239/100000 | task=238 | pid=56392 | time=2026-07-29 16:51:27
FINISH | job=239/100000 | task=238 | pid=56392 | status=COMPLETED | exit=0 | runtime=00:00:02 | time=2026-07-29 16:51:29
START | job=240/100000 | task=239 | pid=56416 | time=2026-07-29 16:51:29
FINISH | job=240/100000 | task=239 | pid=56416 | status=COMPLETED | exit=0 | runtime=00:00:28 | time=2026-07-29 16:51:57
START | job=241/100000 | task=240 | pid=56620 | time=2026-07-29 16:51:57
FINISH | job=217/100000 | task=216 | pid=51193 | status=COMPLETED | exit=0 | runtime=00:12:35 | time=2026-07-29 16:52:26
START | job=242/100000 | task=241 | pid=56848 | time=2026-07-29 16:52:27
FINISH | job=242/100000 | task=241 | pid=56848 | status=COMPLETED | exit=0 | runtime=00:00:01 | time=2026-07-29 16:52:27
START | job=243/100000 | task=242 | pid=56854 | time=2026-07-29 16:52:27
FINISH | job=243/100000 | task=242 | pid=56854 | status=COMPLETED | exit=0 | runtime=00:00:16 | time=2026-07-29 16:52:43
START | job=244/100000 | task=243 | pid=56970 | time=2026-07-29 16:52:43
FINISH | job=241/100000 | task=240 | pid=56620 | status=COMPLETED | exit=0 | runtime=00:01:23 | time=2026-07-29 16:53:20
START | job=245/100000 | task=244 | pid=57256 | time=2026-07-29 16:53:20
FINISH | job=238/100000 | task=237 | pid=56307 | status=COMPLETED | exit=0 | runtime=00:02:32 | time=2026-07-29 16:53:48
START | job=246/100000 | task=245 | pid=57463 | time=2026-07-29 16:53:48
FINISH | job=226/100000 | task=225 | pid=52030 | status=COMPLETED | exit=0 | runtime=00:12:36 | time=2026-07-29 16:54:12
START | job=247/100000 | task=246 | pid=57648 | time=2026-07-29 16:54:12
FINISH | job=247/100000 | task=246 | pid=57648 | status=COMPLETED | exit=0 | runtime=00:00:10 | time=2026-07-29 16:54:22
START | job=248/100000 | task=247 | pid=57739 | time=2026-07-29 16:54:22
FINISH | job=248/100000 | task=247 | pid=57739 | status=COMPLETED | exit=0 | runtime=00:00:06 | time=2026-07-29 16:54:28
START | job=249/100000 | task=248 | pid=57779 | time=2026-07-29 16:54:28
FINISH | job=249/100000 | task=248 | pid=57779 | status=COMPLETED | exit=0 | runtime=00:01:02 | time=2026-07-29 16:55:30
START | job=250/100000 | task=249 | pid=58248 | time=2026-07-29 16:55:30
FINISH | job=250/100000 | task=249 | pid=58248 | status=COMPLETED | exit=0 | runtime=00:00:01 | time=2026-07-29 16:55:31
START | job=251/100000 | task=250 | pid=58257 | time=2026-07-29 16:55:31
FINISH | job=251/100000 | task=250 | pid=58257 | status=COMPLETED | exit=0 | runtime=00:00:01 | time=2026-07-29 16:55:32
START | job=252/100000 | task=251 | pid=58266 | time=2026-07-29 16:55:32
FINISH | job=245/100000 | task=244 | pid=57256 | status=COMPLETED | exit=0 | runtime=00:03:20 | time=2026-07-29 16:56:40
START | job=253/100000 | task=252 | pid=58787 | time=2026-07-29 16:56:40
FINISH | job=233/100000 | task=232 | pid=54748 | status=COMPLETED | exit=0 | runtime=00:09:02 | time=2026-07-29 16:56:48
START | job=254/100000 | task=253 | pid=58858 | time=2026-07-29 16:56:49
FINISH | job=252/100000 | task=251 | pid=58266 | status=COMPLETED | exit=0 | runtime=00:02:50 | time=2026-07-29 16:58:22
START | job=255/100000 | task=254 | pid=59556 | time=2026-07-29 16:58:22
FINISH | job=255/100000 | task=254 | pid=59556 | status=COMPLETED | exit=0 | runtime=00:02:29 | time=2026-07-29 17:00:51
START | job=256/100000 | task=255 | pid=60661 | time=2026-07-29 17:00:51
FINISH | job=256/100000 | task=255 | pid=60661 | status=COMPLETED | exit=0 | runtime=00:00:15 | time=2026-07-29 17:01:06
START | job=257/100000 | task=256 | pid=60778 | time=2026-07-29 17:01:06
FINISH | job=257/100000 | task=256 | pid=60778 | status=COMPLETED | exit=0 | runtime=00:00:03 | time=2026-07-29 17:01:09
START | job=258/100000 | task=257 | pid=60802 | time=2026-07-29 17:01:09
FINISH | job=258/100000 | task=257 | pid=60802 | status=COMPLETED | exit=0 | runtime=00:00:01 | time=2026-07-29 17:01:10
START | job=259/100000 | task=258 | pid=60823 | time=2026-07-29 17:01:10
FINISH | job=259/100000 | task=258 | pid=60823 | status=COMPLETED | exit=0 | runtime=00:00:02 | time=2026-07-29 17:01:12
START | job=260/100000 | task=259 | pid=60846 | time=2026-07-29 17:01:12
FINISH | job=260/100000 | task=259 | pid=60846 | status=COMPLETED | exit=0 | runtime=00:00:01 | time=2026-07-29 17:01:13
START | job=261/100000 | task=260 | pid=60852 | time=2026-07-29 17:01:13
FINISH | job=261/100000 | task=260 | pid=60852 | status=COMPLETED | exit=0 | runtime=00:00:00 | time=2026-07-29 17:01:13
START | job=262/100000 | task=261 | pid=60873 | time=2026-07-29 17:01:13
FINISH | job=227/100000 | task=226 | pid=52053 | status=COMPLETED | exit=0 | runtime=00:20:34 | time=2026-07-29 17:02:12
START | job=263/100000 | task=262 | pid=61306 | time=2026-07-29 17:02:12
FINISH | job=254/100000 | task=253 | pid=58858 | status=COMPLETED | exit=0 | runtime=00:06:22 | time=2026-07-29 17:03:11
START | job=264/100000 | task=263 | pid=61743 | time=2026-07-29 17:03:11
FINISH | job=235/100000 | task=234 | pid=54810 | status=COMPLETED | exit=0 | runtime=00:15:28 | time=2026-07-29 17:03:20
START | job=265/100000 | task=264 | pid=61814 | time=2026-07-29 17:03:20
FINISH | job=265/100000 | task=264 | pid=61814 | status=COMPLETED | exit=0 | runtime=00:00:15 | time=2026-07-29 17:03:35
START | job=266/100000 | task=265 | pid=61931 | time=2026-07-29 17:03:35
FINISH | job=266/100000 | task=265 | pid=61931 | status=COMPLETED | exit=0 | runtime=00:00:06 | time=2026-07-29 17:03:41
START | job=267/100000 | task=266 | pid=61990 | time=2026-07-29 17:03:41
FINISH | job=236/100000 | task=235 | pid=55754 | status=COMPLETED | exit=0 | runtime=00:14:23 | time=2026-07-29 17:04:24
START | job=268/100000 | task=267 | pid=62303 | time=2026-07-29 17:04:24
FINISH | job=268/100000 | task=267 | pid=62303 | status=COMPLETED | exit=0 | runtime=00:00:01 | time=2026-07-29 17:04:25
START | job=269/100000 | task=268 | pid=62311 | time=2026-07-29 17:04:25
FINISH | job=269/100000 | task=268 | pid=62311 | status=COMPLETED | exit=0 | runtime=00:00:01 | time=2026-07-29 17:04:26
START | job=270/100000 | task=269 | pid=62332 | time=2026-07-29 17:04:26
FINISH | job=267/100000 | task=266 | pid=61990 | status=COMPLETED | exit=0 | runtime=00:01:04 | time=2026-07-29 17:04:45
START | job=271/100000 | task=270 | pid=62472 | time=2026-07-29 17:04:45
FINISH | job=270/100000 | task=269 | pid=62332 | status=COMPLETED | exit=0 | runtime=00:00:42 | time=2026-07-29 17:05:08
START | job=272/100000 | task=271 | pid=62654 | time=2026-07-29 17:05:08
FINISH | job=244/100000 | task=243 | pid=56970 | status=COMPLETED | exit=0 | runtime=00:12:52 | time=2026-07-29 17:05:35
START | job=273/100000 | task=272 | pid=62859 | time=2026-07-29 17:05:35
FINISH | job=246/100000 | task=245 | pid=57463 | status=COMPLETED | exit=0 | runtime=00:14:14 | time=2026-07-29 17:08:02
START | job=274/100000 | task=273 | pid=63931 | time=2026-07-29 17:08:02
FINISH | job=272/100000 | task=271 | pid=62654 | status=COMPLETED | exit=0 | runtime=00:03:10 | time=2026-07-29 17:08:18
START | job=275/100000 | task=274 | pid=64047 | time=2026-07-29 17:08:18
FINISH | job=275/100000 | task=274 | pid=64047 | status=COMPLETED | exit=0 | runtime=00:00:03 | time=2026-07-29 17:08:21
START | job=276/100000 | task=275 | pid=64071 | time=2026-07-29 17:08:21
FINISH | job=276/100000 | task=275 | pid=64071 | status=COMPLETED | exit=0 | runtime=00:00:02 | time=2026-07-29 17:08:23
START | job=277/100000 | task=276 | pid=64093 | time=2026-07-29 17:08:23
FINISH | job=277/100000 | task=276 | pid=64093 | status=COMPLETED | exit=0 | runtime=00:00:01 | time=2026-07-29 17:08:24
START | job=278/100000 | task=277 | pid=64114 | time=2026-07-29 17:08:24
FINISH | job=278/100000 | task=277 | pid=64114 | status=COMPLETED | exit=0 | runtime=00:00:01 | time=2026-07-29 17:08:25
START | job=279/100000 | task=278 | pid=64122 | time=2026-07-29 17:08:25
FINISH | job=279/100000 | task=278 | pid=64122 | status=COMPLETED | exit=0 | runtime=00:00:00 | time=2026-07-29 17:08:25
START | job=280/100000 | task=279 | pid=64128 | time=2026-07-29 17:08:25
FINISH | job=253/100000 | task=252 | pid=58787 | status=COMPLETED | exit=0 | runtime=00:13:35 | time=2026-07-29 17:10:15
START | job=281/100000 | task=280 | pid=64946 | time=2026-07-29 17:10:15
FINISH | job=274/100000 | task=273 | pid=63931 | status=COMPLETED | exit=0 | runtime=00:03:42 | time=2026-07-29 17:11:44
START | job=282/100000 | task=281 | pid=65617 | time=2026-07-29 17:11:44
FINISH | job=282/100000 | task=281 | pid=65617 | status=COMPLETED | exit=0 | runtime=00:01:27 | time=2026-07-29 17:13:11
START | job=283/100000 | task=282 | pid=66256 | time=2026-07-29 17:13:11
FINISH | job=283/100000 | task=282 | pid=66256 | status=COMPLETED | exit=0 | runtime=00:00:14 | time=2026-07-29 17:13:25
START | job=284/100000 | task=283 | pid=66392 | time=2026-07-29 17:13:25
FINISH | job=264/100000 | task=263 | pid=61743 | status=COMPLETED | exit=0 | runtime=00:10:25 | time=2026-07-29 17:13:36
START | job=285/100000 | task=284 | pid=66482 | time=2026-07-29 17:13:36
FINISH | job=285/100000 | task=284 | pid=66482 | status=COMPLETED | exit=0 | runtime=00:00:01 | time=2026-07-29 17:13:37
START | job=286/100000 | task=285 | pid=66490 | time=2026-07-29 17:13:37
FINISH | job=286/100000 | task=285 | pid=66490 | status=COMPLETED | exit=0 | runtime=00:00:01 | time=2026-07-29 17:13:38
START | job=287/100000 | task=286 | pid=66511 | time=2026-07-29 17:13:38
FINISH | job=287/100000 | task=286 | pid=66511 | status=COMPLETED | exit=0 | runtime=00:00:00 | time=2026-07-29 17:13:38
START | job=288/100000 | task=287 | pid=66517 | time=2026-07-29 17:13:38
FINISH | job=288/100000 | task=287 | pid=66517 | status=COMPLETED | exit=0 | runtime=00:00:01 | time=2026-07-29 17:13:39
START | job=289/100000 | task=288 | pid=66523 | time=2026-07-29 17:13:39
FINISH | job=262/100000 | task=261 | pid=60873 | status=COMPLETED | exit=0 | runtime=00:13:23 | time=2026-07-29 17:14:36
START | job=290/100000 | task=289 | pid=66961 | time=2026-07-29 17:14:36
FINISH | job=263/100000 | task=262 | pid=61306 | status=COMPLETED | exit=0 | runtime=00:13:06 | time=2026-07-29 17:15:18
START | job=291/100000 | task=290 | pid=67274 | time=2026-07-29 17:15:18
FINISH | job=284/100000 | task=283 | pid=66392 | status=COMPLETED | exit=0 | runtime=00:02:02 | time=2026-07-29 17:15:27
START | job=292/100000 | task=291 | pid=67346 | time=2026-07-29 17:15:27
FINISH | job=292/100000 | task=291 | pid=67346 | status=COMPLETED | exit=0 | runtime=00:00:09 | time=2026-07-29 17:15:36
START | job=293/100000 | task=292 | pid=67423 | time=2026-07-29 17:15:36
FINISH | job=293/100000 | task=292 | pid=67423 | status=COMPLETED | exit=0 | runtime=00:00:08 | time=2026-07-29 17:15:44
START | job=294/100000 | task=293 | pid=67479 | time=2026-07-29 17:15:44
FINISH | job=294/100000 | task=293 | pid=67479 | status=COMPLETED | exit=0 | runtime=00:00:01 | time=2026-07-29 17:15:45
START | job=295/100000 | task=294 | pid=67500 | time=2026-07-29 17:15:45
FINISH | job=273/100000 | task=272 | pid=62859 | status=COMPLETED | exit=0 | runtime=00:10:31 | time=2026-07-29 17:16:06
START | job=296/100000 | task=295 | pid=67659 | time=2026-07-29 17:16:06
FINISH | job=296/100000 | task=295 | pid=67659 | status=COMPLETED | exit=0 | runtime=00:00:16 | time=2026-07-29 17:16:22
START | job=297/100000 | task=296 | pid=67778 | time=2026-07-29 17:16:22
FINISH | job=297/100000 | task=296 | pid=67778 | status=COMPLETED | exit=0 | runtime=00:00:01 | time=2026-07-29 17:16:23
START | job=298/100000 | task=297 | pid=67799 | time=2026-07-29 17:16:23
FINISH | job=295/100000 | task=294 | pid=67500 | status=COMPLETED | exit=0 | runtime=00:00:39 | time=2026-07-29 17:16:24
START | job=299/100000 | task=298 | pid=67807 | time=2026-07-29 17:16:24
FINISH | job=291/100000 | task=290 | pid=67274 | status=COMPLETED | exit=0 | runtime=00:01:48 | time=2026-07-29 17:17:06
START | job=300/100000 | task=299 | pid=68119 | time=2026-07-29 17:17:06
START PROGRESS | 300/100000 (0%)
FINISH | job=300/100000 | task=299 | pid=68119 | status=COMPLETED | exit=0 | runtime=00:00:16 | time=2026-07-29 17:17:22
START | job=301/100000 | task=300 | pid=68235 | time=2026-07-29 17:17:22
FINISH | job=301/100000 | task=300 | pid=68235 | status=COMPLETED | exit=0 | runtime=00:00:21 | time=2026-07-29 17:17:43
START | job=302/100000 | task=301 | pid=68395 | time=2026-07-29 17:17:43
FINISH | job=271/100000 | task=270 | pid=62472 | status=COMPLETED | exit=0 | runtime=00:13:22 | time=2026-07-29 17:18:07
START | job=303/100000 | task=302 | pid=68571 | time=2026-07-29 17:18:07
FINISH | job=303/100000 | task=302 | pid=68571 | status=COMPLETED | exit=0 | runtime=00:00:32 | time=2026-07-29 17:18:39
START | job=304/100000 | task=303 | pid=68835 | time=2026-07-29 17:18:39
FINISH | job=304/100000 | task=303 | pid=68835 | status=COMPLETED | exit=0 | runtime=00:00:01 | time=2026-07-29 17:18:40
START | job=305/100000 | task=304 | pid=68858 | time=2026-07-29 17:18:40
FINISH | job=305/100000 | task=304 | pid=68858 | status=COMPLETED | exit=0 | runtime=00:00:01 | time=2026-07-29 17:18:41
START | job=306/100000 | task=305 | pid=68864 | time=2026-07-29 17:18:41
FINISH | job=306/100000 | task=305 | pid=68864 | status=COMPLETED | exit=0 | runtime=00:00:00 | time=2026-07-29 17:18:41
START | job=307/100000 | task=306 | pid=68875 | time=2026-07-29 17:18:41
FINISH | job=302/100000 | task=301 | pid=68395 | status=COMPLETED | exit=0 | runtime=00:01:07 | time=2026-07-29 17:18:50
START | job=308/100000 | task=307 | pid=68953 | time=2026-07-29 17:18:50
FINISH | job=281/100000 | task=280 | pid=64946 | status=COMPLETED | exit=0 | runtime=00:09:22 | time=2026-07-29 17:19:37
START | job=309/100000 | task=308 | pid=69279 | time=2026-07-29 17:19:37
FINISH | job=289/100000 | task=288 | pid=66523 | status=COMPLETED | exit=0 | runtime=00:06:42 | time=2026-07-29 17:20:21
START | job=310/100000 | task=309 | pid=69606 | time=2026-07-29 17:20:21
FINISH | job=309/100000 | task=308 | pid=69279 | status=COMPLETED | exit=0 | runtime=00:01:09 | time=2026-07-29 17:20:46
START | job=311/100000 | task=310 | pid=69797 | time=2026-07-29 17:20:46
FINISH | job=311/100000 | task=310 | pid=69797 | status=COMPLETED | exit=0 | runtime=00:00:04 | time=2026-07-29 17:20:50
START | job=312/100000 | task=311 | pid=69831 | time=2026-07-29 17:20:50
FINISH | job=312/100000 | task=311 | pid=69831 | status=COMPLETED | exit=0 | runtime=00:00:01 | time=2026-07-29 17:20:51
START | job=313/100000 | task=312 | pid=69842 | time=2026-07-29 17:20:51
FINISH | job=313/100000 | task=312 | pid=69842 | status=COMPLETED | exit=0 | runtime=00:00:01 | time=2026-07-29 17:20:52
START | job=314/100000 | task=313 | pid=69865 | time=2026-07-29 17:20:52
FINISH | job=280/100000 | task=279 | pid=64128 | status=COMPLETED | exit=0 | runtime=00:13:49 | time=2026-07-29 17:22:14
START | job=315/100000 | task=314 | pid=70441 | time=2026-07-29 17:22:14
FINISH | job=315/100000 | task=314 | pid=70441 | status=COMPLETED | exit=0 | runtime=00:00:01 | time=2026-07-29 17:22:15
START | job=316/100000 | task=315 | pid=70452 | time=2026-07-29 17:22:15
FINISH | job=299/100000 | task=298 | pid=67807 | status=COMPLETED | exit=0 | runtime=00:06:17 | time=2026-07-29 17:22:41
START | job=317/100000 | task=316 | pid=70666 | time=2026-07-29 17:22:41
FINISH | job=310/100000 | task=309 | pid=69606 | status=COMPLETED | exit=0 | runtime=00:03:35 | time=2026-07-29 17:23:56
START | job=318/100000 | task=317 | pid=71215 | time=2026-07-29 17:23:56
FINISH | job=290/100000 | task=289 | pid=66961 | status=COMPLETED | exit=0 | runtime=00:10:40 | time=2026-07-29 17:25:16
START | job=319/100000 | task=318 | pid=71806 | time=2026-07-29 17:25:16
FINISH | job=319/100000 | task=318 | pid=71806 | status=COMPLETED | exit=0 | runtime=00:00:27 | time=2026-07-29 17:25:43
START | job=320/100000 | task=319 | pid=72018 | time=2026-07-29 17:25:43
FINISH | job=320/100000 | task=319 | pid=72018 | status=COMPLETED | exit=0 | runtime=00:00:12 | time=2026-07-29 17:25:55
START | job=321/100000 | task=320 | pid=72112 | time=2026-07-29 17:25:55
FINISH | job=321/100000 | task=320 | pid=72112 | status=COMPLETED | exit=0 | runtime=00:00:31 | time=2026-07-29 17:26:26
START | job=322/100000 | task=321 | pid=72361 | time=2026-07-29 17:26:26
FINISH | job=322/100000 | task=321 | pid=72361 | status=COMPLETED | exit=0 | runtime=00:00:00 | time=2026-07-29 17:26:26
START | job=323/100000 | task=322 | pid=72367 | time=2026-07-29 17:26:26
FINISH | job=323/100000 | task=322 | pid=72367 | status=COMPLETED | exit=0 | runtime=00:00:04 | time=2026-07-29 17:26:30
START | job=324/100000 | task=323 | pid=72398 | time=2026-07-29 17:26:30
FINISH | job=324/100000 | task=323 | pid=72398 | status=COMPLETED | exit=0 | runtime=00:00:01 | time=2026-07-29 17:26:31
START | job=325/100000 | task=324 | pid=72414 | time=2026-07-29 17:26:31
FINISH | job=298/100000 | task=297 | pid=67799 | status=COMPLETED | exit=0 | runtime=00:12:06 | time=2026-07-29 17:28:29
START | job=326/100000 | task=325 | pid=73278 | time=2026-07-29 17:28:29
FINISH | job=317/100000 | task=316 | pid=70666 | status=COMPLETED | exit=0 | runtime=00:06:08 | time=2026-07-29 17:28:49
START | job=327/100000 | task=326 | pid=73452 | time=2026-07-29 17:28:49
FINISH | job=327/100000 | task=326 | pid=73452 | status=COMPLETED | exit=0 | runtime=00:01:30 | time=2026-07-29 17:30:19
START | job=328/100000 | task=327 | pid=74105 | time=2026-07-29 17:30:19
FINISH | job=328/100000 | task=327 | pid=74105 | status=COMPLETED | exit=0 | runtime=00:00:11 | time=2026-07-29 17:30:30
START | job=329/100000 | task=328 | pid=74196 | time=2026-07-29 17:30:30
FINISH | job=329/100000 | task=328 | pid=74196 | status=COMPLETED | exit=0 | runtime=00:01:02 | time=2026-07-29 17:31:32
START | job=330/100000 | task=329 | pid=74646 | time=2026-07-29 17:31:32
FINISH | job=330/100000 | task=329 | pid=74646 | status=COMPLETED | exit=0 | runtime=00:01:26 | time=2026-07-29 17:32:58
START | job=331/100000 | task=330 | pid=75279 | time=2026-07-29 17:32:58
FINISH | job=307/100000 | task=306 | pid=68875 | status=COMPLETED | exit=0 | runtime=00:15:32 | time=2026-07-29 17:34:13
START | job=332/100000 | task=331 | pid=75827 | time=2026-07-29 17:34:13
FINISH | job=332/100000 | task=331 | pid=75827 | status=COMPLETED | exit=0 | runtime=00:00:01 | time=2026-07-29 17:34:14
START | job=333/100000 | task=332 | pid=75839 | time=2026-07-29 17:34:14
FINISH | job=333/100000 | task=332 | pid=75839 | status=COMPLETED | exit=0 | runtime=00:00:01 | time=2026-07-29 17:34:15
START | job=334/100000 | task=333 | pid=75847 | time=2026-07-29 17:34:15
FINISH | job=331/100000 | task=330 | pid=75279 | status=COMPLETED | exit=0 | runtime=00:01:34 | time=2026-07-29 17:34:32
START | job=335/100000 | task=334 | pid=76028 | time=2026-07-29 17:34:32
FINISH | job=318/100000 | task=317 | pid=71215 | status=COMPLETED | exit=0 | runtime=00:10:37 | time=2026-07-29 17:34:33
START | job=336/100000 | task=335 | pid=76046 | time=2026-07-29 17:34:33
FINISH | job=308/100000 | task=307 | pid=68953 | status=COMPLETED | exit=0 | runtime=00:16:53 | time=2026-07-29 17:35:43
START | job=337/100000 | task=336 | pid=76556 | time=2026-07-29 17:35:43
FINISH | job=316/100000 | task=315 | pid=70452 | status=COMPLETED | exit=0 | runtime=00:13:48 | time=2026-07-29 17:36:03
START | job=338/100000 | task=337 | pid=76736 | time=2026-07-29 17:36:03
FINISH | job=337/100000 | task=336 | pid=76556 | status=COMPLETED | exit=0 | runtime=00:00:31 | time=2026-07-29 17:36:14
START | job=339/100000 | task=338 | pid=76826 | time=2026-07-29 17:36:14
FINISH | job=339/100000 | task=338 | pid=76826 | status=COMPLETED | exit=0 | runtime=00:00:52 | time=2026-07-29 17:37:06
START | job=340/100000 | task=339 | pid=77213 | time=2026-07-29 17:37:06
FINISH | job=340/100000 | task=339 | pid=77213 | status=COMPLETED | exit=0 | runtime=00:00:35 | time=2026-07-29 17:37:41
START | job=341/100000 | task=340 | pid=77464 | time=2026-07-29 17:37:41
FINISH | job=341/100000 | task=340 | pid=77464 | status=COMPLETED | exit=0 | runtime=00:00:16 | time=2026-07-29 17:37:57
START | job=342/100000 | task=341 | pid=77593 | time=2026-07-29 17:37:57
FINISH | job=338/100000 | task=337 | pid=76736 | status=COMPLETED | exit=0 | runtime=00:01:55 | time=2026-07-29 17:37:58
START | job=343/100000 | task=342 | pid=77613 | time=2026-07-29 17:37:58
FINISH | job=342/100000 | task=341 | pid=77593 | status=COMPLETED | exit=0 | runtime=00:00:16 | time=2026-07-29 17:38:13
START | job=344/100000 | task=343 | pid=77726 | time=2026-07-29 17:38:13
FINISH | job=325/100000 | task=324 | pid=72414 | status=COMPLETED | exit=0 | runtime=00:15:34 | time=2026-07-29 17:42:05
START | job=345/100000 | task=344 | pid=79438 | time=2026-07-29 17:42:05
FINISH | job=345/100000 | task=344 | pid=79438 | status=COMPLETED | exit=0 | runtime=00:00:19 | time=2026-07-29 17:42:24
START | job=346/100000 | task=345 | pid=79573 | time=2026-07-29 17:42:24
FINISH | job=346/100000 | task=345 | pid=79573 | status=COMPLETED | exit=0 | runtime=00:00:22 | time=2026-07-29 17:42:46
START | job=347/100000 | task=346 | pid=79743 | time=2026-07-29 17:42:46
FINISH | job=326/100000 | task=325 | pid=73278 | status=COMPLETED | exit=0 | runtime=00:15:44 | time=2026-07-29 17:44:13
START | job=348/100000 | task=347 | pid=80374 | time=2026-07-29 17:44:13
FINISH | job=348/100000 | task=347 | pid=80374 | status=COMPLETED | exit=0 | runtime=00:00:27 | time=2026-07-29 17:44:40
START | job=349/100000 | task=348 | pid=80581 | time=2026-07-29 17:44:40
FINISH | job=336/100000 | task=335 | pid=76046 | status=COMPLETED | exit=0 | runtime=00:10:08 | time=2026-07-29 17:44:41
START | job=350/100000 | task=349 | pid=80587 | time=2026-07-29 17:44:41
FINISH | job=347/100000 | task=346 | pid=79743 | status=COMPLETED | exit=0 | runtime=00:02:10 | time=2026-07-29 17:44:56
START | job=351/100000 | task=350 | pid=80725 | time=2026-07-29 17:44:56
FINISH | job=351/100000 | task=350 | pid=80725 | status=COMPLETED | exit=0 | runtime=00:00:00 | time=2026-07-29 17:44:56
START | job=352/100000 | task=351 | pid=80736 | time=2026-07-29 17:44:56
FINISH | job=349/100000 | task=348 | pid=80581 | status=COMPLETED | exit=0 | runtime=00:01:17 | time=2026-07-29 17:45:57
START | job=353/100000 | task=352 | pid=81196 | time=2026-07-29 17:45:57
FINISH | job=350/100000 | task=349 | pid=80587 | status=COMPLETED | exit=0 | runtime=00:01:43 | time=2026-07-29 17:46:24
START | job=354/100000 | task=353 | pid=81391 | time=2026-07-29 17:46:24
FINISH | job=354/100000 | task=353 | pid=81391 | status=COMPLETED | exit=0 | runtime=00:00:51 | time=2026-07-29 17:47:15
START | job=355/100000 | task=354 | pid=81762 | time=2026-07-29 17:47:15
FINISH | job=334/100000 | task=333 | pid=75847 | status=COMPLETED | exit=0 | runtime=00:13:46 | time=2026-07-29 17:48:01
START | job=356/100000 | task=355 | pid=82101 | time=2026-07-29 17:48:01
FINISH | job=356/100000 | task=355 | pid=82101 | status=COMPLETED | exit=0 | runtime=00:01:38 | time=2026-07-29 17:49:39
START | job=357/100000 | task=356 | pid=82805 | time=2026-07-29 17:49:39
FINISH | job=355/100000 | task=354 | pid=81762 | status=COMPLETED | exit=0 | runtime=00:02:33 | time=2026-07-29 17:49:48
START | job=358/100000 | task=357 | pid=82875 | time=2026-07-29 17:49:48
FINISH | job=358/100000 | task=357 | pid=82875 | status=COMPLETED | exit=0 | runtime=00:00:47 | time=2026-07-29 17:50:35
START | job=359/100000 | task=358 | pid=83232 | time=2026-07-29 17:50:35
FINISH | job=359/100000 | task=358 | pid=83232 | status=COMPLETED | exit=0 | runtime=00:00:01 | time=2026-07-29 17:50:36
START | job=360/100000 | task=359 | pid=83238 | time=2026-07-29 17:50:36
FINISH | job=343/100000 | task=342 | pid=77613 | status=COMPLETED | exit=0 | runtime=00:12:41 | time=2026-07-29 17:50:39
START | job=361/100000 | task=360 | pid=83277 | time=2026-07-29 17:50:39
FINISH | job=357/100000 | task=356 | pid=82805 | status=COMPLETED | exit=0 | runtime=00:01:08 | time=2026-07-29 17:50:47
START | job=362/100000 | task=361 | pid=83335 | time=2026-07-29 17:50:47
FINISH | job=360/100000 | task=359 | pid=83238 | status=COMPLETED | exit=0 | runtime=00:00:16 | time=2026-07-29 17:50:52
START | job=363/100000 | task=362 | pid=83383 | time=2026-07-29 17:50:52
FINISH | job=344/100000 | task=343 | pid=77726 | status=COMPLETED | exit=0 | runtime=00:12:56 | time=2026-07-29 17:51:09
START | job=364/100000 | task=363 | pid=83515 | time=2026-07-29 17:51:09
FINISH | job=363/100000 | task=362 | pid=83383 | status=COMPLETED | exit=0 | runtime=00:01:18 | time=2026-07-29 17:52:10
START | job=365/100000 | task=364 | pid=83954 | time=2026-07-29 17:52:10
FINISH | job=365/100000 | task=364 | pid=83954 | status=COMPLETED | exit=0 | runtime=00:00:07 | time=2026-07-29 17:52:17
START | job=366/100000 | task=365 | pid=84024 | time=2026-07-29 17:52:17
FINISH | job=352/100000 | task=351 | pid=80736 | status=COMPLETED | exit=0 | runtime=00:08:20 | time=2026-07-29 17:53:16
START | job=367/100000 | task=366 | pid=84437 | time=2026-07-29 17:53:16
FINISH | job=367/100000 | task=366 | pid=84437 | status=COMPLETED | exit=0 | runtime=00:00:00 | time=2026-07-29 17:53:16
START | job=368/100000 | task=367 | pid=84448 | time=2026-07-29 17:53:16
FINISH | job=368/100000 | task=367 | pid=84448 | status=COMPLETED | exit=0 | runtime=00:00:01 | time=2026-07-29 17:53:17
START | job=369/100000 | task=368 | pid=84466 | time=2026-07-29 17:53:18
FINISH | job=369/100000 | task=368 | pid=84466 | status=COMPLETED | exit=0 | runtime=00:00:00 | time=2026-07-29 17:53:18
START | job=370/100000 | task=369 | pid=84472 | time=2026-07-29 17:53:18
FINISH | job=364/100000 | task=363 | pid=83515 | status=COMPLETED | exit=0 | runtime=00:02:32 | time=2026-07-29 17:53:42
START | job=371/100000 | task=370 | pid=84646 | time=2026-07-29 17:53:42
FINISH | job=366/100000 | task=365 | pid=84024 | status=COMPLETED | exit=0 | runtime=00:01:27 | time=2026-07-29 17:53:44
START | job=372/100000 | task=371 | pid=84669 | time=2026-07-29 17:53:44
FINISH | job=372/100000 | task=371 | pid=84669 | status=COMPLETED | exit=0 | runtime=00:02:08 | time=2026-07-29 17:55:52
START | job=373/100000 | task=372 | pid=85608 | time=2026-07-29 17:55:52
FINISH | job=373/100000 | task=372 | pid=85608 | status=COMPLETED | exit=0 | runtime=00:00:23 | time=2026-07-29 17:56:15
START | job=374/100000 | task=373 | pid=85790 | time=2026-07-29 17:56:15
FINISH | job=374/100000 | task=373 | pid=85790 | status=COMPLETED | exit=0 | runtime=00:00:04 | time=2026-07-29 17:56:19
START | job=375/100000 | task=374 | pid=85830 | time=2026-07-29 17:56:19
FINISH | job=375/100000 | task=374 | pid=85830 | status=COMPLETED | exit=0 | runtime=00:00:04 | time=2026-07-29 17:56:23
START | job=376/100000 | task=375 | pid=85868 | time=2026-07-29 17:56:23
FINISH | job=376/100000 | task=375 | pid=85868 | status=COMPLETED | exit=0 | runtime=00:00:15 | time=2026-07-29 17:56:38
START | job=377/100000 | task=376 | pid=85993 | time=2026-07-29 17:56:38
FINISH | job=377/100000 | task=376 | pid=85993 | status=COMPLETED | exit=0 | runtime=00:00:01 | time=2026-07-29 17:56:39
START | job=378/100000 | task=377 | pid=85999 | time=2026-07-29 17:56:39
FINISH | job=378/100000 | task=377 | pid=85999 | status=COMPLETED | exit=0 | runtime=00:00:16 | time=2026-07-29 17:56:55
START | job=379/100000 | task=378 | pid=86129 | time=2026-07-29 17:56:55
FINISH | job=353/100000 | task=352 | pid=81196 | status=COMPLETED | exit=0 | runtime=00:12:47 | time=2026-07-29 17:58:44
START | job=380/100000 | task=379 | pid=86916 | time=2026-07-29 17:58:44
FINISH | job=335/100000 | task=334 | pid=76028 | status=COMPLETED | exit=0 | runtime=00:25:39 | time=2026-07-29 18:00:11
START | job=381/100000 | task=380 | pid=87550 | time=2026-07-29 18:00:11
FINISH | job=381/100000 | task=380 | pid=87550 | status=COMPLETED | exit=0 | runtime=00:01:00 | time=2026-07-29 18:01:11
START | job=382/100000 | task=381 | pid=88017 | time=2026-07-29 18:01:11
FINISH | job=371/100000 | task=370 | pid=84646 | status=COMPLETED | exit=0 | runtime=00:07:59 | time=2026-07-29 18:01:41
START | job=383/100000 | task=382 | pid=88240 | time=2026-07-29 18:01:41
FINISH | job=383/100000 | task=382 | pid=88240 | status=COMPLETED | exit=0 | runtime=00:00:03 | time=2026-07-29 18:01:44
START | job=384/100000 | task=383 | pid=88280 | time=2026-07-29 18:01:44
FINISH | job=384/100000 | task=383 | pid=88280 | status=COMPLETED | exit=0 | runtime=00:00:50 | time=2026-07-29 18:02:34
START | job=385/100000 | task=384 | pid=88635 | time=2026-07-29 18:02:34
FINISH | job=361/100000 | task=360 | pid=83277 | status=COMPLETED | exit=0 | runtime=00:12:38 | time=2026-07-29 18:03:17
START | job=386/100000 | task=385 | pid=88948 | time=2026-07-29 18:03:17
FINISH | job=386/100000 | task=385 | pid=88948 | status=COMPLETED | exit=0 | runtime=00:00:00 | time=2026-07-29 18:03:17
START | job=387/100000 | task=386 | pid=88954 | time=2026-07-29 18:03:17
FINISH | job=387/100000 | task=386 | pid=88954 | status=COMPLETED | exit=0 | runtime=00:00:01 | time=2026-07-29 18:03:18
START | job=388/100000 | task=387 | pid=88978 | time=2026-07-29 18:03:18
FINISH | job=362/100000 | task=361 | pid=83335 | status=COMPLETED | exit=0 | runtime=00:12:35 | time=2026-07-29 18:03:22
START | job=389/100000 | task=388 | pid=89015 | time=2026-07-29 18:03:22
FINISH | job=385/100000 | task=384 | pid=88635 | status=COMPLETED | exit=0 | runtime=00:00:52 | time=2026-07-29 18:03:26
START | job=390/100000 | task=389 | pid=89038 | time=2026-07-29 18:03:26
FINISH | job=382/100000 | task=381 | pid=88017 | status=COMPLETED | exit=0 | runtime=00:02:33 | time=2026-07-29 18:03:44
START | job=391/100000 | task=390 | pid=89182 | time=2026-07-29 18:03:44
FINISH | job=391/100000 | task=390 | pid=89182 | status=COMPLETED | exit=0 | runtime=00:00:21 | time=2026-07-29 18:04:05
START | job=392/100000 | task=391 | pid=89327 | time=2026-07-29 18:04:05
FINISH | job=392/100000 | task=391 | pid=89327 | status=COMPLETED | exit=0 | runtime=00:00:03 | time=2026-07-29 18:04:08
START | job=393/100000 | task=392 | pid=89367 | time=2026-07-29 18:04:08
FINISH | job=393/100000 | task=392 | pid=89367 | status=COMPLETED | exit=0 | runtime=00:00:28 | time=2026-07-29 18:04:36
START | job=394/100000 | task=393 | pid=89570 | time=2026-07-29 18:04:36
FINISH | job=394/100000 | task=393 | pid=89570 | status=COMPLETED | exit=0 | runtime=00:00:00 | time=2026-07-29 18:04:36
START | job=395/100000 | task=394 | pid=89576 | time=2026-07-29 18:04:36
FINISH | job=390/100000 | task=389 | pid=89038 | status=COMPLETED | exit=0 | runtime=00:01:36 | time=2026-07-29 18:05:02
START | job=396/100000 | task=395 | pid=89768 | time=2026-07-29 18:05:02
FINISH | job=396/100000 | task=395 | pid=89768 | status=COMPLETED | exit=0 | runtime=00:00:01 | time=2026-07-29 18:05:03
START | job=397/100000 | task=396 | pid=89789 | time=2026-07-29 18:05:03
FINISH | job=370/100000 | task=369 | pid=84472 | status=COMPLETED | exit=0 | runtime=00:13:00 | time=2026-07-29 18:06:18
START | job=398/100000 | task=397 | pid=90342 | time=2026-07-29 18:06:18
FINISH | job=379/100000 | task=378 | pid=86129 | status=COMPLETED | exit=0 | runtime=00:13:14 | time=2026-07-29 18:10:09
START | job=399/100000 | task=398 | pid=91994 | time=2026-07-29 18:10:09
FINISH | job=380/100000 | task=379 | pid=86916 | status=COMPLETED | exit=0 | runtime=00:12:49 | time=2026-07-29 18:11:33
START | job=400/100000 | task=399 | pid=92603 | time=2026-07-29 18:11:33
START PROGRESS | 400/100000 (0%)
FINISH | job=399/100000 | task=398 | pid=91994 | status=COMPLETED | exit=0 | runtime=00:02:30 | time=2026-07-29 18:12:39
START | job=401/100000 | task=400 | pid=93072 | time=2026-07-29 18:12:39
FINISH | job=401/100000 | task=400 | pid=93072 | status=COMPLETED | exit=0 | runtime=00:00:04 | time=2026-07-29 18:12:43
START | job=402/100000 | task=401 | pid=93111 | time=2026-07-29 18:12:43
FINISH | job=402/100000 | task=401 | pid=93111 | status=COMPLETED | exit=0 | runtime=00:00:28 | time=2026-07-29 18:13:11
START | job=403/100000 | task=402 | pid=93314 | time=2026-07-29 18:13:11
FINISH | job=400/100000 | task=399 | pid=92603 | status=COMPLETED | exit=0 | runtime=00:02:33 | time=2026-07-29 18:14:06
START | job=404/100000 | task=403 | pid=93715 | time=2026-07-29 18:14:06
FINISH | job=403/100000 | task=402 | pid=93314 | status=COMPLETED | exit=0 | runtime=00:01:20 | time=2026-07-29 18:14:31
START | job=405/100000 | task=404 | pid=93909 | time=2026-07-29 18:14:31
FINISH | job=405/100000 | task=404 | pid=93909 | status=COMPLETED | exit=0 | runtime=00:00:01 | time=2026-07-29 18:14:32
START | job=406/100000 | task=405 | pid=93915 | time=2026-07-29 18:14:32
FINISH | job=404/100000 | task=403 | pid=93715 | status=COMPLETED | exit=0 | runtime=00:01:16 | time=2026-07-29 18:15:22
START | job=407/100000 | task=406 | pid=94275 | time=2026-07-29 18:15:22
FINISH | job=388/100000 | task=387 | pid=88978 | status=COMPLETED | exit=0 | runtime=00:12:39 | time=2026-07-29 18:15:57
START | job=408/100000 | task=407 | pid=94555 | time=2026-07-29 18:15:57
FINISH | job=408/100000 | task=407 | pid=94555 | status=COMPLETED | exit=0 | runtime=00:00:01 | time=2026-07-29 18:15:58
START | job=409/100000 | task=408 | pid=94561 | time=2026-07-29 18:15:58
FINISH | job=389/100000 | task=388 | pid=89015 | status=COMPLETED | exit=0 | runtime=00:12:40 | time=2026-07-29 18:16:02
START | job=410/100000 | task=409 | pid=94600 | time=2026-07-29 18:16:02
FINISH | job=410/100000 | task=409 | pid=94600 | status=COMPLETED | exit=0 | runtime=00:00:02 | time=2026-07-29 18:16:04
START | job=411/100000 | task=410 | pid=94623 | time=2026-07-29 18:16:04
FINISH | job=411/100000 | task=410 | pid=94623 | status=COMPLETED | exit=0 | runtime=00:00:02 | time=2026-07-29 18:16:06
START | job=412/100000 | task=411 | pid=94644 | time=2026-07-29 18:16:06
FINISH | job=412/100000 | task=411 | pid=94644 | status=COMPLETED | exit=0 | runtime=00:00:01 | time=2026-07-29 18:16:07
START | job=413/100000 | task=412 | pid=94666 | time=2026-07-29 18:16:07
FINISH | job=413/100000 | task=412 | pid=94666 | status=COMPLETED | exit=0 | runtime=00:00:01 | time=2026-07-29 18:16:08
START | job=414/100000 | task=413 | pid=94672 | time=2026-07-29 18:16:08
FINISH | job=414/100000 | task=413 | pid=94672 | status=COMPLETED | exit=0 | runtime=00:00:15 | time=2026-07-29 18:16:23
START | job=415/100000 | task=414 | pid=94788 | time=2026-07-29 18:16:23
FINISH | job=398/100000 | task=397 | pid=90342 | status=COMPLETED | exit=0 | runtime=00:10:26 | time=2026-07-29 18:16:44
START | job=416/100000 | task=415 | pid=94959 | time=2026-07-29 18:16:44
FINISH | job=397/100000 | task=396 | pid=89789 | status=COMPLETED | exit=0 | runtime=00:13:11 | time=2026-07-29 18:18:14
START | job=417/100000 | task=416 | pid=95609 | time=2026-07-29 18:18:14
FINISH | job=409/100000 | task=408 | pid=94561 | status=COMPLETED | exit=0 | runtime=00:02:33 | time=2026-07-29 18:18:31
START | job=418/100000 | task=417 | pid=95739 | time=2026-07-29 18:18:31
FINISH | job=417/100000 | task=416 | pid=95609 | status=COMPLETED | exit=0 | runtime=00:00:27 | time=2026-07-29 18:18:41
START | job=419/100000 | task=418 | pid=95809 | time=2026-07-29 18:18:41
FINISH | job=418/100000 | task=417 | pid=95739 | status=COMPLETED | exit=0 | runtime=00:00:15 | time=2026-07-29 18:18:46
START | job=420/100000 | task=419 | pid=95863 | time=2026-07-29 18:18:46
FINISH | job=419/100000 | task=418 | pid=95809 | status=COMPLETED | exit=0 | runtime=00:00:14 | time=2026-07-29 18:18:55
START | job=421/100000 | task=420 | pid=95936 | time=2026-07-29 18:18:55
FINISH | job=421/100000 | task=420 | pid=95936 | status=COMPLETED | exit=0 | runtime=00:00:01 | time=2026-07-29 18:18:56
START | job=422/100000 | task=421 | pid=95957 | time=2026-07-29 18:18:56
FINISH | job=422/100000 | task=421 | pid=95957 | status=COMPLETED | exit=0 | runtime=00:00:01 | time=2026-07-29 18:18:57
START | job=423/100000 | task=422 | pid=95963 | time=2026-07-29 18:18:57
FINISH | job=423/100000 | task=422 | pid=95963 | status=COMPLETED | exit=0 | runtime=00:00:00 | time=2026-07-29 18:18:57
START | job=424/100000 | task=423 | pid=95971 | time=2026-07-29 18:18:58
FINISH | job=420/100000 | task=419 | pid=95863 | status=COMPLETED | exit=0 | runtime=00:01:28 | time=2026-07-29 18:20:14
START | job=425/100000 | task=424 | pid=96522 | time=2026-07-29 18:20:14
FINISH | job=314/100000 | task=313 | pid=69865 | status=COMPLETED | exit=0 | runtime=01:04:53 | time=2026-07-29 18:25:45
START | job=426/100000 | task=425 | pid=98935 | time=2026-07-29 18:25:45
FINISH | job=416/100000 | task=415 | pid=94959 | status=COMPLETED | exit=0 | runtime=00:09:35 | time=2026-07-29 18:26:19
START | job=427/100000 | task=426 | pid=99193 | time=2026-07-29 18:26:19
FINISH | job=425/100000 | task=424 | pid=96522 | status=COMPLETED | exit=0 | runtime=00:06:10 | time=2026-07-29 18:26:24
START | job=428/100000 | task=427 | pid=99246 | time=2026-07-29 18:26:24
FINISH | job=428/100000 | task=427 | pid=99246 | status=COMPLETED | exit=0 | runtime=00:00:03 | time=2026-07-29 18:26:27
START | job=429/100000 | task=428 | pid=99269 | time=2026-07-29 18:26:27
FINISH | job=429/100000 | task=428 | pid=99269 | status=COMPLETED | exit=0 | runtime=00:00:02 | time=2026-07-29 18:26:29
START | job=430/100000 | task=429 | pid=99290 | time=2026-07-29 18:26:29
FINISH | job=430/100000 | task=429 | pid=99290 | status=COMPLETED | exit=0 | runtime=00:00:00 | time=2026-07-29 18:26:29
START | job=431/100000 | task=430 | pid=99296 | time=2026-07-29 18:26:30
FINISH | job=431/100000 | task=430 | pid=99296 | status=COMPLETED | exit=0 | runtime=00:00:01 | time=2026-07-29 18:26:30
START | job=432/100000 | task=431 | pid=99304 | time=2026-07-29 18:26:30
FINISH | job=432/100000 | task=431 | pid=99304 | status=COMPLETED | exit=0 | runtime=00:00:01 | time=2026-07-29 18:26:31
START | job=433/100000 | task=432 | pid=99325 | time=2026-07-29 18:26:31
FINISH | job=427/100000 | task=426 | pid=99193 | status=COMPLETED | exit=0 | runtime=00:00:24 | time=2026-07-29 18:26:43
START | job=434/100000 | task=433 | pid=99408 | time=2026-07-29 18:26:43
FINISH | job=426/100000 | task=425 | pid=98935 | status=COMPLETED | exit=0 | runtime=00:01:29 | time=2026-07-29 18:27:14
START | job=435/100000 | task=434 | pid=99706 | time=2026-07-29 18:27:14
FINISH | job=406/100000 | task=405 | pid=93915 | status=COMPLETED | exit=0 | runtime=00:12:56 | time=2026-07-29 18:27:28
START | job=436/100000 | task=435 | pid=99822 | time=2026-07-29 18:27:28
FINISH | job=436/100000 | task=435 | pid=99822 | status=COMPLETED | exit=0 | runtime=00:00:06 | time=2026-07-29 18:27:34
START | job=437/100000 | task=436 | pid=99877 | time=2026-07-29 18:27:34
FINISH | job=437/100000 | task=436 | pid=99877 | status=COMPLETED | exit=0 | runtime=00:01:57 | time=2026-07-29 18:29:31
START | job=438/100000 | task=437 | pid=1062 | time=2026-07-29 18:29:31
FINISH | job=438/100000 | task=437 | pid=1062 | status=COMPLETED | exit=0 | runtime=00:00:02 | time=2026-07-29 18:29:33
START | job=439/100000 | task=438 | pid=1070 | time=2026-07-29 18:29:33
FINISH | job=439/100000 | task=438 | pid=1070 | status=COMPLETED | exit=0 | runtime=00:00:00 | time=2026-07-29 18:29:33
START | job=440/100000 | task=439 | pid=1092 | time=2026-07-29 18:29:34
FINISH | job=415/100000 | task=414 | pid=94788 | status=COMPLETED | exit=0 | runtime=00:15:29 | time=2026-07-29 18:31:52
START | job=441/100000 | task=440 | pid=2135 | time=2026-07-29 18:31:52
FINISH | job=441/100000 | task=440 | pid=2135 | status=COMPLETED | exit=0 | runtime=00:00:01 | time=2026-07-29 18:31:53
START | job=442/100000 | task=441 | pid=2143 | time=2026-07-29 18:31:53
FINISH | job=424/100000 | task=423 | pid=95971 | status=COMPLETED | exit=0 | runtime=00:13:37 | time=2026-07-29 18:32:35
START | job=443/100000 | task=442 | pid=2473 | time=2026-07-29 18:32:35
FINISH | job=407/100000 | task=406 | pid=94275 | status=COMPLETED | exit=0 | runtime=00:19:49 | time=2026-07-29 18:35:11
START | job=444/100000 | task=443 | pid=3610 | time=2026-07-29 18:35:11
FINISH | job=440/100000 | task=439 | pid=1092 | status=COMPLETED | exit=0 | runtime=00:06:07 | time=2026-07-29 18:35:41
START | job=445/100000 | task=444 | pid=3820 | time=2026-07-29 18:35:41
FINISH | job=445/100000 | task=444 | pid=3820 | status=COMPLETED | exit=0 | runtime=00:00:18 | time=2026-07-29 18:35:59
START | job=446/100000 | task=445 | pid=3971 | time=2026-07-29 18:35:59
FINISH | job=446/100000 | task=445 | pid=3971 | status=COMPLETED | exit=0 | runtime=00:00:04 | time=2026-07-29 18:36:03
START | job=447/100000 | task=446 | pid=4015 | time=2026-07-29 18:36:03
FINISH | job=447/100000 | task=446 | pid=4015 | status=COMPLETED | exit=0 | runtime=00:00:02 | time=2026-07-29 18:36:05
START | job=448/100000 | task=447 | pid=4039 | time=2026-07-29 18:36:06
FINISH | job=448/100000 | task=447 | pid=4039 | status=COMPLETED | exit=0 | runtime=00:00:00 | time=2026-07-29 18:36:06
START | job=449/100000 | task=448 | pid=4049 | time=2026-07-29 18:36:06
FINISH | job=449/100000 | task=448 | pid=4049 | status=COMPLETED | exit=0 | runtime=00:00:01 | time=2026-07-29 18:36:07
START | job=450/100000 | task=449 | pid=4070 | time=2026-07-29 18:36:07
FINISH | job=450/100000 | task=449 | pid=4070 | status=COMPLETED | exit=0 | runtime=00:00:01 | time=2026-07-29 18:36:08
START | job=451/100000 | task=450 | pid=4078 | time=2026-07-29 18:36:08
FINISH | job=444/100000 | task=443 | pid=3610 | status=COMPLETED | exit=0 | runtime=00:01:06 | time=2026-07-29 18:36:17
START | job=452/100000 | task=451 | pid=4158 | time=2026-07-29 18:36:17
FINISH | job=443/100000 | task=442 | pid=2473 | status=COMPLETED | exit=0 | runtime=00:05:12 | time=2026-07-29 18:37:47
START | job=453/100000 | task=452 | pid=4826 | time=2026-07-29 18:37:47
FINISH | job=453/100000 | task=452 | pid=4826 | status=COMPLETED | exit=0 | runtime=00:01:06 | time=2026-07-29 18:38:53
START | job=454/100000 | task=453 | pid=5310 | time=2026-07-29 18:38:53
FINISH | job=454/100000 | task=453 | pid=5310 | status=COMPLETED | exit=0 | runtime=00:01:12 | time=2026-07-29 18:40:05
START | job=455/100000 | task=454 | pid=5838 | time=2026-07-29 18:40:05
FINISH | job=455/100000 | task=454 | pid=5838 | status=COMPLETED | exit=0 | runtime=00:00:04 | time=2026-07-29 18:40:09
START | job=456/100000 | task=455 | pid=5861 | time=2026-07-29 18:40:09
FINISH | job=456/100000 | task=455 | pid=5861 | status=COMPLETED | exit=0 | runtime=00:00:01 | time=2026-07-29 18:40:10
START | job=457/100000 | task=456 | pid=5882 | time=2026-07-29 18:40:10
FINISH | job=457/100000 | task=456 | pid=5882 | status=COMPLETED | exit=0 | runtime=00:00:03 | time=2026-07-29 18:40:13
START | job=458/100000 | task=457 | pid=5905 | time=2026-07-29 18:40:13
FINISH | job=458/100000 | task=457 | pid=5905 | status=COMPLETED | exit=0 | runtime=00:00:01 | time=2026-07-29 18:40:14
START | job=459/100000 | task=458 | pid=5927 | time=2026-07-29 18:40:14
FINISH | job=459/100000 | task=458 | pid=5927 | status=COMPLETED | exit=0 | runtime=00:00:01 | time=2026-07-29 18:40:15
START | job=460/100000 | task=459 | pid=5934 | time=2026-07-29 18:40:15
FINISH | job=435/100000 | task=434 | pid=99706 | status=COMPLETED | exit=0 | runtime=00:14:09 | time=2026-07-29 18:41:23
START | job=461/100000 | task=460 | pid=6445 | time=2026-07-29 18:41:23
FINISH | job=434/100000 | task=433 | pid=99408 | status=COMPLETED | exit=0 | runtime=00:15:28 | time=2026-07-29 18:42:11
START | job=462/100000 | task=461 | pid=6787 | time=2026-07-29 18:42:11
FINISH | job=462/100000 | task=461 | pid=6787 | status=COMPLETED | exit=0 | runtime=00:00:24 | time=2026-07-29 18:42:35
START | job=463/100000 | task=462 | pid=6963 | time=2026-07-29 18:42:35
FINISH | job=433/100000 | task=432 | pid=99325 | status=COMPLETED | exit=0 | runtime=00:16:30 | time=2026-07-29 18:43:01
START | job=464/100000 | task=463 | pid=7184 | time=2026-07-29 18:43:01
FINISH | job=464/100000 | task=463 | pid=7184 | status=COMPLETED | exit=0 | runtime=00:00:02 | time=2026-07-29 18:43:03
START | job=465/100000 | task=464 | pid=7207 | time=2026-07-29 18:43:04
FINISH | job=465/100000 | task=464 | pid=7207 | status=COMPLETED | exit=0 | runtime=00:00:13 | time=2026-07-29 18:43:17
START | job=466/100000 | task=465 | pid=7305 | time=2026-07-29 18:43:17
FINISH | job=466/100000 | task=465 | pid=7305 | status=COMPLETED | exit=0 | runtime=00:00:01 | time=2026-07-29 18:43:18
START | job=467/100000 | task=466 | pid=7326 | time=2026-07-29 18:43:18
FINISH | job=467/100000 | task=466 | pid=7326 | status=COMPLETED | exit=0 | runtime=00:00:01 | time=2026-07-29 18:43:19
START | job=468/100000 | task=467 | pid=7334 | time=2026-07-29 18:43:19
FINISH | job=468/100000 | task=467 | pid=7334 | status=COMPLETED | exit=0 | runtime=00:00:00 | time=2026-07-29 18:43:19
START | job=469/100000 | task=468 | pid=7340 | time=2026-07-29 18:43:19
FINISH | job=442/100000 | task=441 | pid=2143 | status=COMPLETED | exit=0 | runtime=00:12:51 | time=2026-07-29 18:44:44
START | job=470/100000 | task=469 | pid=7981 | time=2026-07-29 18:44:45
FINISH | job=461/100000 | task=460 | pid=6445 | status=COMPLETED | exit=0 | runtime=00:03:47 | time=2026-07-29 18:45:10
START | job=471/100000 | task=470 | pid=8172 | time=2026-07-29 18:45:10
FINISH | job=471/100000 | task=470 | pid=8172 | status=COMPLETED | exit=0 | runtime=00:00:26 | time=2026-07-29 18:45:36
START | job=472/100000 | task=471 | pid=8362 | time=2026-07-29 18:45:36
FINISH | job=463/100000 | task=462 | pid=6963 | status=COMPLETED | exit=0 | runtime=00:03:36 | time=2026-07-29 18:46:11
START | job=473/100000 | task=472 | pid=8644 | time=2026-07-29 18:46:11
FINISH | job=451/100000 | task=450 | pid=4078 | status=COMPLETED | exit=0 | runtime=00:11:16 | time=2026-07-29 18:47:24
START | job=474/100000 | task=473 | pid=9165 | time=2026-07-29 18:47:24
FINISH | job=474/100000 | task=473 | pid=9165 | status=COMPLETED | exit=0 | runtime=00:00:02 | time=2026-07-29 18:47:26
START | job=475/100000 | task=474 | pid=9173 | time=2026-07-29 18:47:26
FINISH | job=475/100000 | task=474 | pid=9173 | status=COMPLETED | exit=0 | runtime=00:00:05 | time=2026-07-29 18:47:31
START | job=476/100000 | task=475 | pid=9226 | time=2026-07-29 18:47:31
FINISH | job=476/100000 | task=475 | pid=9226 | status=COMPLETED | exit=0 | runtime=00:00:00 | time=2026-07-29 18:47:31
START | job=477/100000 | task=476 | pid=9232 | time=2026-07-29 18:47:31
FINISH | job=477/100000 | task=476 | pid=9232 | status=COMPLETED | exit=0 | runtime=00:00:02 | time=2026-07-29 18:47:33
START | job=478/100000 | task=477 | pid=9253 | time=2026-07-29 18:47:34
FINISH | job=473/100000 | task=472 | pid=8644 | status=COMPLETED | exit=0 | runtime=00:01:36 | time=2026-07-29 18:47:47
START | job=479/100000 | task=478 | pid=9366 | time=2026-07-29 18:47:48
FINISH | job=472/100000 | task=471 | pid=8362 | status=COMPLETED | exit=0 | runtime=00:03:30 | time=2026-07-29 18:49:06
START | job=480/100000 | task=479 | pid=9934 | time=2026-07-29 18:49:06
FINISH | job=452/100000 | task=451 | pid=4158 | status=COMPLETED | exit=0 | runtime=00:13:05 | time=2026-07-29 18:49:22
START | job=481/100000 | task=480 | pid=10064 | time=2026-07-29 18:49:22
FINISH | job=480/100000 | task=479 | pid=9934 | status=COMPLETED | exit=0 | runtime=00:01:23 | time=2026-07-29 18:50:29
START | job=482/100000 | task=481 | pid=10544 | time=2026-07-29 18:50:29
FINISH | job=482/100000 | task=481 | pid=10544 | status=COMPLETED | exit=0 | runtime=00:01:01 | time=2026-07-29 18:51:30
START | job=483/100000 | task=482 | pid=10976 | time=2026-07-29 18:51:30
FINISH | job=483/100000 | task=482 | pid=10976 | status=COMPLETED | exit=0 | runtime=00:00:02 | time=2026-07-29 18:51:32
START | job=484/100000 | task=483 | pid=10999 | time=2026-07-29 18:51:32
FINISH | job=484/100000 | task=483 | pid=10999 | status=COMPLETED | exit=0 | runtime=00:00:01 | time=2026-07-29 18:51:33
START | job=485/100000 | task=484 | pid=11020 | time=2026-07-29 18:51:33
FINISH | job=481/100000 | task=480 | pid=10064 | status=COMPLETED | exit=0 | runtime=00:02:32 | time=2026-07-29 18:51:54
START | job=486/100000 | task=485 | pid=11184 | time=2026-07-29 18:51:55
FINISH | job=486/100000 | task=485 | pid=11184 | status=COMPLETED | exit=0 | runtime=00:00:15 | time=2026-07-29 18:52:10
START | job=487/100000 | task=486 | pid=11301 | time=2026-07-29 18:52:10
FINISH | job=485/100000 | task=484 | pid=11020 | status=COMPLETED | exit=0 | runtime=00:01:14 | time=2026-07-29 18:52:47
START | job=488/100000 | task=487 | pid=11568 | time=2026-07-29 18:52:47
FINISH | job=460/100000 | task=459 | pid=5934 | status=COMPLETED | exit=0 | runtime=00:14:57 | time=2026-07-29 18:55:12
START | job=489/100000 | task=488 | pid=12623 | time=2026-07-29 18:55:12
FINISH | job=470/100000 | task=469 | pid=7981 | status=COMPLETED | exit=0 | runtime=00:10:59 | time=2026-07-29 18:55:44
START | job=490/100000 | task=489 | pid=12870 | time=2026-07-29 18:55:44
FINISH | job=490/100000 | task=489 | pid=12870 | status=COMPLETED | exit=0 | runtime=00:00:21 | time=2026-07-29 18:56:05
START | job=491/100000 | task=490 | pid=13035 | time=2026-07-29 18:56:05
FINISH | job=469/100000 | task=468 | pid=7340 | status=COMPLETED | exit=0 | runtime=00:12:53 | time=2026-07-29 18:56:12
START | job=492/100000 | task=491 | pid=13093 | time=2026-07-29 18:56:12
FINISH | job=492/100000 | task=491 | pid=13093 | status=COMPLETED | exit=0 | runtime=00:00:00 | time=2026-07-29 18:56:12
START | job=493/100000 | task=492 | pid=13099 | time=2026-07-29 18:56:12
FINISH | job=489/100000 | task=488 | pid=12623 | status=COMPLETED | exit=0 | runtime=00:01:23 | time=2026-07-29 18:56:35
START | job=494/100000 | task=493 | pid=13288 | time=2026-07-29 18:56:35
FINISH | job=494/100000 | task=493 | pid=13288 | status=COMPLETED | exit=0 | runtime=00:00:00 | time=2026-07-29 18:56:35
START | job=495/100000 | task=494 | pid=13294 | time=2026-07-29 18:56:35
FINISH | job=495/100000 | task=494 | pid=13294 | status=COMPLETED | exit=0 | runtime=00:00:01 | time=2026-07-29 18:56:36
START | job=496/100000 | task=495 | pid=13302 | time=2026-07-29 18:56:36
FINISH | job=493/100000 | task=492 | pid=13099 | status=COMPLETED | exit=0 | runtime=00:01:00 | time=2026-07-29 18:57:12
START | job=497/100000 | task=496 | pid=13566 | time=2026-07-29 18:57:12
FINISH | job=491/100000 | task=490 | pid=13035 | status=COMPLETED | exit=0 | runtime=00:01:58 | time=2026-07-29 18:58:03
START | job=498/100000 | task=497 | pid=13941 | time=2026-07-29 18:58:03
FINISH | job=497/100000 | task=496 | pid=13566 | status=COMPLETED | exit=0 | runtime=00:02:46 | time=2026-07-29 18:59:58
START | job=499/100000 | task=498 | pid=14771 | time=2026-07-29 18:59:58
FINISH | job=488/100000 | task=487 | pid=11568 | status=COMPLETED | exit=0 | runtime=00:07:31 | time=2026-07-29 19:00:18
START | job=500/100000 | task=499 | pid=14933 | time=2026-07-29 19:00:18
START PROGRESS | 500/100000 (0%)
FINISH | job=500/100000 | task=499 | pid=14933 | status=COMPLETED | exit=0 | runtime=00:00:04 | time=2026-07-29 19:00:22
START | job=501/100000 | task=500 | pid=14959 | time=2026-07-29 19:00:22
FINISH | job=479/100000 | task=478 | pid=9366 | status=COMPLETED | exit=0 | runtime=00:12:35 | time=2026-07-29 19:00:23
START | job=502/100000 | task=501 | pid=14980 | time=2026-07-29 19:00:23
FINISH | job=478/100000 | task=477 | pid=9253 | status=COMPLETED | exit=0 | runtime=00:12:53 | time=2026-07-29 19:00:27
START | job=503/100000 | task=502 | pid=15021 | time=2026-07-29 19:00:27
FINISH | job=503/100000 | task=502 | pid=15021 | status=COMPLETED | exit=0 | runtime=00:00:01 | time=2026-07-29 19:00:28
START | job=504/100000 | task=503 | pid=15027 | time=2026-07-29 19:00:28
FINISH | job=504/100000 | task=503 | pid=15027 | status=COMPLETED | exit=0 | runtime=00:00:15 | time=2026-07-29 19:00:43
START | job=505/100000 | task=504 | pid=15142 | time=2026-07-29 19:00:43
FINISH | job=502/100000 | task=501 | pid=14980 | status=COMPLETED | exit=0 | runtime=00:00:40 | time=2026-07-29 19:01:03
START | job=506/100000 | task=505 | pid=15314 | time=2026-07-29 19:01:04
FINISH | job=501/100000 | task=500 | pid=14959 | status=COMPLETED | exit=0 | runtime=00:00:50 | time=2026-07-29 19:01:12
START | job=507/100000 | task=506 | pid=15384 | time=2026-07-29 19:01:12
FINISH | job=499/100000 | task=498 | pid=14771 | status=COMPLETED | exit=0 | runtime=00:02:32 | time=2026-07-29 19:02:30
START | job=508/100000 | task=507 | pid=15940 | time=2026-07-29 19:02:30
FINISH | job=508/100000 | task=507 | pid=15940 | status=COMPLETED | exit=0 | runtime=00:00:17 | time=2026-07-29 19:02:47
START | job=509/100000 | task=508 | pid=16070 | time=2026-07-29 19:02:47
FINISH | job=509/100000 | task=508 | pid=16070 | status=COMPLETED | exit=0 | runtime=00:01:01 | time=2026-07-29 19:03:48
START | job=510/100000 | task=509 | pid=16520 | time=2026-07-29 19:03:48
FINISH | job=510/100000 | task=509 | pid=16520 | status=COMPLETED | exit=0 | runtime=00:00:02 | time=2026-07-29 19:03:50
START | job=511/100000 | task=510 | pid=16543 | time=2026-07-29 19:03:50
FINISH | job=511/100000 | task=510 | pid=16543 | status=COMPLETED | exit=0 | runtime=00:00:02 | time=2026-07-29 19:03:52
START | job=512/100000 | task=511 | pid=16566 | time=2026-07-29 19:03:52
FINISH | job=512/100000 | task=511 | pid=16566 | status=COMPLETED | exit=0 | runtime=00:00:44 | time=2026-07-29 19:04:36
START | job=513/100000 | task=512 | pid=16888 | time=2026-07-29 19:04:36
FINISH | job=513/100000 | task=512 | pid=16888 | status=COMPLETED | exit=0 | runtime=00:01:57 | time=2026-07-29 19:06:33
START | job=514/100000 | task=513 | pid=17717 | time=2026-07-29 19:06:33
FINISH | job=487/100000 | task=486 | pid=11301 | status=COMPLETED | exit=0 | runtime=00:14:56 | time=2026-07-29 19:07:06
START | job=515/100000 | task=514 | pid=17968 | time=2026-07-29 19:07:06
FINISH | job=496/100000 | task=495 | pid=13302 | status=COMPLETED | exit=0 | runtime=00:13:13 | time=2026-07-29 19:09:49
START | job=516/100000 | task=515 | pid=19144 | time=2026-07-29 19:09:49
FINISH | job=516/100000 | task=515 | pid=19144 | status=COMPLETED | exit=0 | runtime=00:00:24 | time=2026-07-29 19:10:13
START | job=517/100000 | task=516 | pid=19328 | time=2026-07-29 19:10:13
FINISH | job=517/100000 | task=516 | pid=19328 | status=COMPLETED | exit=0 | runtime=00:00:06 | time=2026-07-29 19:10:19
START | job=518/100000 | task=517 | pid=19382 | time=2026-07-29 19:10:19
FINISH | job=518/100000 | task=517 | pid=19382 | status=COMPLETED | exit=0 | runtime=00:00:18 | time=2026-07-29 19:10:37
START | job=519/100000 | task=518 | pid=19513 | time=2026-07-29 19:10:37
FINISH | job=507/100000 | task=506 | pid=15384 | status=COMPLETED | exit=0 | runtime=00:10:09 | time=2026-07-29 19:11:21
START | job=520/100000 | task=519 | pid=19847 | time=2026-07-29 19:11:21
FINISH | job=519/100000 | task=518 | pid=19513 | status=COMPLETED | exit=0 | runtime=00:00:46 | time=2026-07-29 19:11:23
START | job=521/100000 | task=520 | pid=19870 | time=2026-07-29 19:11:23
FINISH | job=521/100000 | task=520 | pid=19870 | status=COMPLETED | exit=0 | runtime=00:00:01 | time=2026-07-29 19:11:24
START | job=522/100000 | task=521 | pid=19876 | time=2026-07-29 19:11:24
FINISH | job=498/100000 | task=497 | pid=13941 | status=COMPLETED | exit=0 | runtime=00:13:53 | time=2026-07-29 19:11:56
START | job=523/100000 | task=522 | pid=20110 | time=2026-07-29 19:11:56
FINISH | job=520/100000 | task=519 | pid=19847 | status=COMPLETED | exit=0 | runtime=00:00:37 | time=2026-07-29 19:11:58
START | job=524/100000 | task=523 | pid=20133 | time=2026-07-29 19:11:58
FINISH | job=522/100000 | task=521 | pid=19876 | status=COMPLETED | exit=0 | runtime=00:00:54 | time=2026-07-29 19:12:18
START | job=525/100000 | task=524 | pid=20291 | time=2026-07-29 19:12:18
FINISH | job=506/100000 | task=505 | pid=15314 | status=COMPLETED | exit=0 | runtime=00:12:34 | time=2026-07-29 19:13:38
START | job=526/100000 | task=525 | pid=20859 | time=2026-07-29 19:13:38
FINISH | job=526/100000 | task=525 | pid=20859 | status=COMPLETED | exit=0 | runtime=00:00:06 | time=2026-07-29 19:13:44
START | job=527/100000 | task=526 | pid=20914 | time=2026-07-29 19:13:44
FINISH | job=505/100000 | task=504 | pid=15142 | status=COMPLETED | exit=0 | runtime=00:13:07 | time=2026-07-29 19:13:50
START | job=528/100000 | task=527 | pid=20953 | time=2026-07-29 19:13:50
FINISH | job=527/100000 | task=526 | pid=20914 | status=COMPLETED | exit=0 | runtime=00:00:25 | time=2026-07-29 19:14:09
START | job=529/100000 | task=528 | pid=21098 | time=2026-07-29 19:14:09
FINISH | job=529/100000 | task=528 | pid=21098 | status=COMPLETED | exit=0 | runtime=00:00:00 | time=2026-07-29 19:14:09
START | job=530/100000 | task=529 | pid=21119 | time=2026-07-29 19:14:09
FINISH | job=530/100000 | task=529 | pid=21119 | status=COMPLETED | exit=0 | runtime=00:00:43 | time=2026-07-29 19:14:52
START | job=531/100000 | task=530 | pid=21414 | time=2026-07-29 19:14:52
FINISH | job=531/100000 | task=530 | pid=21414 | status=COMPLETED | exit=0 | runtime=00:00:00 | time=2026-07-29 19:14:52
START | job=532/100000 | task=531 | pid=21435 | time=2026-07-29 19:14:52
FINISH | job=528/100000 | task=527 | pid=20953 | status=COMPLETED | exit=0 | runtime=00:01:05 | time=2026-07-29 19:14:55
START | job=533/100000 | task=532 | pid=21458 | time=2026-07-29 19:14:55
FINISH | job=514/100000 | task=513 | pid=17717 | status=COMPLETED | exit=0 | runtime=00:12:48 | time=2026-07-29 19:19:21
START | job=534/100000 | task=533 | pid=23363 | time=2026-07-29 19:19:21
FINISH | job=533/100000 | task=532 | pid=21458 | status=COMPLETED | exit=0 | runtime=00:04:39 | time=2026-07-29 19:19:34
START | job=535/100000 | task=534 | pid=23463 | time=2026-07-29 19:19:35
FINISH | job=515/100000 | task=514 | pid=17968 | status=COMPLETED | exit=0 | runtime=00:12:35 | time=2026-07-29 19:19:41
START | job=536/100000 | task=535 | pid=23519 | time=2026-07-29 19:19:41
FINISH | job=535/100000 | task=534 | pid=23463 | status=COMPLETED | exit=0 | runtime=00:00:14 | time=2026-07-29 19:19:49
START | job=537/100000 | task=536 | pid=23587 | time=2026-07-29 19:19:49
FINISH | job=537/100000 | task=536 | pid=23587 | status=COMPLETED | exit=0 | runtime=00:00:27 | time=2026-07-29 19:20:16
START | job=538/100000 | task=537 | pid=23790 | time=2026-07-29 19:20:16
FINISH | job=538/100000 | task=537 | pid=23790 | status=COMPLETED | exit=0 | runtime=00:00:15 | time=2026-07-29 19:20:31
START | job=539/100000 | task=538 | pid=23905 | time=2026-07-29 19:20:31
FINISH | job=539/100000 | task=538 | pid=23905 | status=COMPLETED | exit=0 | runtime=00:00:02 | time=2026-07-29 19:20:33
START | job=540/100000 | task=539 | pid=23913 | time=2026-07-29 19:20:33
FINISH | job=540/100000 | task=539 | pid=23913 | status=COMPLETED | exit=0 | runtime=00:00:15 | time=2026-07-29 19:20:48
START | job=541/100000 | task=540 | pid=24051 | time=2026-07-29 19:20:48
FINISH | job=524/100000 | task=523 | pid=20133 | status=COMPLETED | exit=0 | runtime=00:09:26 | time=2026-07-29 19:21:24
START | job=542/100000 | task=541 | pid=24305 | time=2026-07-29 19:21:24
FINISH | job=536/100000 | task=535 | pid=23519 | status=COMPLETED | exit=0 | runtime=00:01:58 | time=2026-07-29 19:21:39
START | job=543/100000 | task=542 | pid=24420 | time=2026-07-29 19:21:39
FINISH | job=543/100000 | task=542 | pid=24420 | status=COMPLETED | exit=0 | runtime=00:00:53 | time=2026-07-29 19:22:32
START | job=544/100000 | task=543 | pid=24824 | time=2026-07-29 19:22:32
FINISH | job=544/100000 | task=543 | pid=24824 | status=COMPLETED | exit=0 | runtime=00:00:25 | time=2026-07-29 19:22:57
START | job=545/100000 | task=544 | pid=25018 | time=2026-07-29 19:22:57
FINISH | job=545/100000 | task=544 | pid=25018 | status=COMPLETED | exit=0 | runtime=00:00:43 | time=2026-07-29 19:23:40
START | job=546/100000 | task=545 | pid=25352 | time=2026-07-29 19:23:40
FINISH | job=546/100000 | task=545 | pid=25352 | status=COMPLETED | exit=0 | runtime=00:00:08 | time=2026-07-29 19:23:48
START | job=547/100000 | task=546 | pid=25423 | time=2026-07-29 19:23:48
FINISH | job=547/100000 | task=546 | pid=25423 | status=COMPLETED | exit=0 | runtime=00:00:15 | time=2026-07-29 19:24:03
START | job=548/100000 | task=547 | pid=25536 | time=2026-07-29 19:24:03
FINISH | job=525/100000 | task=524 | pid=20291 | status=COMPLETED | exit=0 | runtime=00:12:56 | time=2026-07-29 19:25:14
START | job=549/100000 | task=548 | pid=26053 | time=2026-07-29 19:25:14
FINISH | job=523/100000 | task=522 | pid=20110 | status=COMPLETED | exit=0 | runtime=00:13:48 | time=2026-07-29 19:25:44
START | job=550/100000 | task=549 | pid=26296 | time=2026-07-29 19:25:44
FINISH | job=549/100000 | task=548 | pid=26053 | status=COMPLETED | exit=0 | runtime=00:02:01 | time=2026-07-29 19:27:15
START | job=551/100000 | task=550 | pid=26996 | time=2026-07-29 19:27:15
FINISH | job=532/100000 | task=531 | pid=21435 | status=COMPLETED | exit=0 | runtime=00:13:14 | time=2026-07-29 19:28:06
START | job=552/100000 | task=551 | pid=27382 | time=2026-07-29 19:28:06
FINISH | job=552/100000 | task=551 | pid=27382 | status=COMPLETED | exit=0 | runtime=00:00:41 | time=2026-07-29 19:28:47
START | job=553/100000 | task=552 | pid=27687 | time=2026-07-29 19:28:47
FINISH | job=553/100000 | task=552 | pid=27687 | status=COMPLETED | exit=0 | runtime=00:01:35 | time=2026-07-29 19:30:22
START | job=554/100000 | task=553 | pid=28362 | time=2026-07-29 19:30:22
FINISH | job=554/100000 | task=553 | pid=28362 | status=COMPLETED | exit=0 | runtime=00:01:45 | time=2026-07-29 19:32:07
START | job=555/100000 | task=554 | pid=29129 | time=2026-07-29 19:32:07
FINISH | job=534/100000 | task=533 | pid=23363 | status=COMPLETED | exit=0 | runtime=00:13:48 | time=2026-07-29 19:33:09
START | job=556/100000 | task=555 | pid=29587 | time=2026-07-29 19:33:09
FINISH | job=555/100000 | task=554 | pid=29129 | status=COMPLETED | exit=0 | runtime=00:01:03 | time=2026-07-29 19:33:10
START | job=557/100000 | task=556 | pid=29608 | time=2026-07-29 19:33:10
FINISH | job=556/100000 | task=555 | pid=29587 | status=COMPLETED | exit=0 | runtime=00:00:01 | time=2026-07-29 19:33:10
START | job=558/100000 | task=557 | pid=29614 | time=2026-07-29 19:33:10
FINISH | job=558/100000 | task=557 | pid=29614 | status=COMPLETED | exit=0 | runtime=00:00:01 | time=2026-07-29 19:33:11
START | job=559/100000 | task=558 | pid=29622 | time=2026-07-29 19:33:11
FINISH | job=548/100000 | task=547 | pid=25536 | status=COMPLETED | exit=0 | runtime=00:09:44 | time=2026-07-29 19:33:47
START | job=560/100000 | task=559 | pid=29893 | time=2026-07-29 19:33:47
FINISH | job=557/100000 | task=556 | pid=29608 | status=COMPLETED | exit=0 | runtime=00:01:36 | time=2026-07-29 19:34:46
START | job=561/100000 | task=560 | pid=30312 | time=2026-07-29 19:34:46
FINISH | job=395/100000 | task=394 | pid=89576 | status=COMPLETED | exit=0 | runtime=01:31:18 | time=2026-07-29 19:35:54
START | job=562/100000 | task=561 | pid=30810 | time=2026-07-29 19:35:54
FINISH | job=562/100000 | task=561 | pid=30810 | status=COMPLETED | exit=0 | runtime=00:00:06 | time=2026-07-29 19:36:00
START | job=563/100000 | task=562 | pid=30865 | time=2026-07-29 19:36:00
FINISH | job=563/100000 | task=562 | pid=30865 | status=COMPLETED | exit=0 | runtime=00:00:12 | time=2026-07-29 19:36:12
START | job=564/100000 | task=563 | pid=30948 | time=2026-07-29 19:36:12
FINISH | job=541/100000 | task=540 | pid=24051 | status=COMPLETED | exit=0 | runtime=00:15:27 | time=2026-07-29 19:36:15
START | job=565/100000 | task=564 | pid=30986 | time=2026-07-29 19:36:15
FINISH | job=565/100000 | task=564 | pid=30986 | status=COMPLETED | exit=0 | runtime=00:00:01 | time=2026-07-29 19:36:16
START | job=566/100000 | task=565 | pid=31007 | time=2026-07-29 19:36:16
FINISH | job=566/100000 | task=565 | pid=31007 | status=COMPLETED | exit=0 | runtime=00:00:01 | time=2026-07-29 19:36:17
START | job=567/100000 | task=566 | pid=31013 | time=2026-07-29 19:36:17
FINISH | job=567/100000 | task=566 | pid=31013 | status=COMPLETED | exit=0 | runtime=00:00:15 | time=2026-07-29 19:36:32
START | job=568/100000 | task=567 | pid=31128 | time=2026-07-29 19:36:32
FINISH | job=564/100000 | task=563 | pid=30948 | status=COMPLETED | exit=0 | runtime=00:00:27 | time=2026-07-29 19:36:39
START | job=569/100000 | task=568 | pid=31183 | time=2026-07-29 19:36:39
FINISH | job=542/100000 | task=541 | pid=24305 | status=COMPLETED | exit=0 | runtime=00:16:32 | time=2026-07-29 19:37:56
START | job=570/100000 | task=569 | pid=31753 | time=2026-07-29 19:37:56
FINISH | job=560/100000 | task=559 | pid=29893 | status=COMPLETED | exit=0 | runtime=00:04:13 | time=2026-07-29 19:38:00
START | job=571/100000 | task=570 | pid=31792 | time=2026-07-29 19:38:00
FINISH | job=571/100000 | task=570 | pid=31792 | status=COMPLETED | exit=0 | runtime=00:00:20 | time=2026-07-29 19:38:20
START | job=572/100000 | task=571 | pid=31937 | time=2026-07-29 19:38:20
FINISH | job=572/100000 | task=571 | pid=31937 | status=COMPLETED | exit=0 | runtime=00:00:05 | time=2026-07-29 19:38:25
START | job=573/100000 | task=572 | pid=31975 | time=2026-07-29 19:38:25
FINISH | job=573/100000 | task=572 | pid=31975 | status=COMPLETED | exit=0 | runtime=00:00:05 | time=2026-07-29 19:38:30
START | job=574/100000 | task=573 | pid=32028 | time=2026-07-29 19:38:30
FINISH | job=574/100000 | task=573 | pid=32028 | status=COMPLETED | exit=0 | runtime=00:00:03 | time=2026-07-29 19:38:33
START | job=575/100000 | task=574 | pid=32051 | time=2026-07-29 19:38:33
FINISH | job=575/100000 | task=574 | pid=32051 | status=COMPLETED | exit=0 | runtime=00:00:01 | time=2026-07-29 19:38:34
START | job=576/100000 | task=575 | pid=32072 | time=2026-07-29 19:38:34
FINISH | job=576/100000 | task=575 | pid=32072 | status=COMPLETED | exit=0 | runtime=00:00:00 | time=2026-07-29 19:38:34
START | job=577/100000 | task=576 | pid=32078 | time=2026-07-29 19:38:34
FINISH | job=551/100000 | task=550 | pid=26996 | status=COMPLETED | exit=0 | runtime=00:12:38 | time=2026-07-29 19:39:53
START | job=578/100000 | task=577 | pid=32646 | time=2026-07-29 19:39:53
FINISH | job=550/100000 | task=549 | pid=26296 | status=COMPLETED | exit=0 | runtime=00:14:49 | time=2026-07-29 19:40:33
START | job=579/100000 | task=578 | pid=32931 | time=2026-07-29 19:40:33
FINISH | job=561/100000 | task=560 | pid=30312 | status=COMPLETED | exit=0 | runtime=00:10:03 | time=2026-07-29 19:44:49
START | job=580/100000 | task=579 | pid=34795 | time=2026-07-29 19:44:49
FINISH | job=580/100000 | task=579 | pid=34795 | status=COMPLETED | exit=0 | runtime=00:00:09 | time=2026-07-29 19:44:58
START | job=581/100000 | task=580 | pid=34865 | time=2026-07-29 19:44:58
FINISH | job=581/100000 | task=580 | pid=34865 | status=COMPLETED | exit=0 | runtime=00:00:09 | time=2026-07-29 19:45:07
START | job=582/100000 | task=581 | pid=34937 | time=2026-07-29 19:45:07
FINISH | job=559/100000 | task=558 | pid=29622 | status=COMPLETED | exit=0 | runtime=00:12:38 | time=2026-07-29 19:45:49
START | job=583/100000 | task=582 | pid=35257 | time=2026-07-29 19:45:49
FINISH | job=583/100000 | task=582 | pid=35257 | status=COMPLETED | exit=0 | runtime=00:00:00 | time=2026-07-29 19:45:49
START | job=584/100000 | task=583 | pid=35263 | time=2026-07-29 19:45:49
FINISH | job=584/100000 | task=583 | pid=35263 | status=COMPLETED | exit=0 | runtime=00:00:16 | time=2026-07-29 19:46:05
START | job=585/100000 | task=584 | pid=35379 | time=2026-07-29 19:46:05
FINISH | job=585/100000 | task=584 | pid=35379 | status=COMPLETED | exit=0 | runtime=00:00:01 | time=2026-07-29 19:46:06
START | job=586/100000 | task=585 | pid=35402 | time=2026-07-29 19:46:06
FINISH | job=582/100000 | task=581 | pid=34937 | status=COMPLETED | exit=0 | runtime=00:01:00 | time=2026-07-29 19:46:07
START | job=587/100000 | task=586 | pid=35408 | time=2026-07-29 19:46:07
FINISH | job=579/100000 | task=578 | pid=32931 | status=COMPLETED | exit=0 | runtime=00:05:35 | time=2026-07-29 19:46:08
START | job=588/100000 | task=587 | pid=35429 | time=2026-07-29 19:46:08
FINISH | job=588/100000 | task=587 | pid=35429 | status=COMPLETED | exit=0 | runtime=00:00:28 | time=2026-07-29 19:46:36
START | job=589/100000 | task=588 | pid=35635 | time=2026-07-29 19:46:36
FINISH | job=578/100000 | task=577 | pid=32646 | status=COMPLETED | exit=0 | runtime=00:06:48 | time=2026-07-29 19:46:41
START | job=590/100000 | task=589 | pid=35673 | time=2026-07-29 19:46:41
FINISH | job=589/100000 | task=588 | pid=35635 | status=COMPLETED | exit=0 | runtime=00:00:52 | time=2026-07-29 19:47:28
START | job=591/100000 | task=590 | pid=36021 | time=2026-07-29 19:47:28
FINISH | job=591/100000 | task=590 | pid=36021 | status=COMPLETED | exit=0 | runtime=00:00:03 | time=2026-07-29 19:47:31
START | job=592/100000 | task=591 | pid=36044 | time=2026-07-29 19:47:31
FINISH | job=592/100000 | task=591 | pid=36044 | status=COMPLETED | exit=0 | runtime=00:00:01 | time=2026-07-29 19:47:32
START | job=593/100000 | task=592 | pid=36066 | time=2026-07-29 19:47:32
FINISH | job=593/100000 | task=592 | pid=36066 | status=COMPLETED | exit=0 | runtime=00:00:01 | time=2026-07-29 19:47:33
START | job=594/100000 | task=593 | pid=36072 | time=2026-07-29 19:47:33
FINISH | job=590/100000 | task=589 | pid=35673 | status=COMPLETED | exit=0 | runtime=00:01:00 | time=2026-07-29 19:47:41
START | job=595/100000 | task=594 | pid=36142 | time=2026-07-29 19:47:41
FINISH | job=594/100000 | task=593 | pid=36072 | status=COMPLETED | exit=0 | runtime=00:00:15 | time=2026-07-29 19:47:48
START | job=596/100000 | task=595 | pid=36197 | time=2026-07-29 19:47:48
FINISH | job=569/100000 | task=568 | pid=31183 | status=COMPLETED | exit=0 | runtime=00:11:14 | time=2026-07-29 19:47:53
START | job=597/100000 | task=596 | pid=36252 | time=2026-07-29 19:47:53
FINISH | job=570/100000 | task=569 | pid=31753 | status=COMPLETED | exit=0 | runtime=00:10:07 | time=2026-07-29 19:48:03
START | job=598/100000 | task=597 | pid=36323 | time=2026-07-29 19:48:03
FINISH | job=568/100000 | task=567 | pid=31128 | status=COMPLETED | exit=0 | runtime=00:14:32 | time=2026-07-29 19:51:04
START | job=599/100000 | task=598 | pid=37631 | time=2026-07-29 19:51:04
FINISH | job=599/100000 | task=598 | pid=37631 | status=COMPLETED | exit=0 | runtime=00:00:03 | time=2026-07-29 19:51:07
START | job=600/100000 | task=599 | pid=37654 | time=2026-07-29 19:51:07
START PROGRESS | 600/100000 (0%)
FINISH | job=577/100000 | task=576 | pid=32078 | status=COMPLETED | exit=0 | runtime=00:12:35 | time=2026-07-29 19:51:09
START | job=601/100000 | task=600 | pid=37676 | time=2026-07-29 19:51:09
FINISH | job=601/100000 | task=600 | pid=37676 | status=COMPLETED | exit=0 | runtime=00:00:01 | time=2026-07-29 19:51:10
START | job=602/100000 | task=601 | pid=37697 | time=2026-07-29 19:51:10
FINISH | job=598/100000 | task=597 | pid=36323 | status=COMPLETED | exit=0 | runtime=00:03:29 | time=2026-07-29 19:51:32
START | job=603/100000 | task=602 | pid=37858 | time=2026-07-29 19:51:32
FINISH | job=600/100000 | task=599 | pid=37654 | status=COMPLETED | exit=0 | runtime=00:00:28 | time=2026-07-29 19:51:35
START | job=604/100000 | task=603 | pid=37881 | time=2026-07-29 19:51:35
FINISH | job=603/100000 | task=602 | pid=37858 | status=COMPLETED | exit=0 | runtime=00:00:08 | time=2026-07-29 19:51:40
START | job=605/100000 | task=604 | pid=37934 | time=2026-07-29 19:51:40
FINISH | job=602/100000 | task=601 | pid=37697 | status=COMPLETED | exit=0 | runtime=00:02:05 | time=2026-07-29 19:53:15
START | job=606/100000 | task=605 | pid=38618 | time=2026-07-29 19:53:15
FINISH | job=587/100000 | task=586 | pid=35408 | status=COMPLETED | exit=0 | runtime=00:12:35 | time=2026-07-29 19:58:42
START | job=607/100000 | task=606 | pid=40988 | time=2026-07-29 19:58:42
FINISH | job=607/100000 | task=606 | pid=40988 | status=COMPLETED | exit=0 | runtime=00:00:15 | time=2026-07-29 19:58:57
START | job=608/100000 | task=607 | pid=41109 | time=2026-07-29 19:58:57
FINISH | job=595/100000 | task=594 | pid=36142 | status=COMPLETED | exit=0 | runtime=00:12:34 | time=2026-07-29 20:00:15
START | job=609/100000 | task=608 | pid=41682 | time=2026-07-29 20:00:15
FINISH | job=609/100000 | task=608 | pid=41682 | status=COMPLETED | exit=0 | runtime=00:00:03 | time=2026-07-29 20:00:18
START | job=610/100000 | task=609 | pid=41705 | time=2026-07-29 20:00:18
FINISH | job=610/100000 | task=609 | pid=41705 | status=COMPLETED | exit=0 | runtime=00:00:00 | time=2026-07-29 20:00:18
START | job=611/100000 | task=610 | pid=41711 | time=2026-07-29 20:00:18
FINISH | job=611/100000 | task=610 | pid=41711 | status=COMPLETED | exit=0 | runtime=00:00:01 | time=2026-07-29 20:00:19
START | job=612/100000 | task=611 | pid=41717 | time=2026-07-29 20:00:19
FINISH | job=596/100000 | task=595 | pid=36197 | status=COMPLETED | exit=0 | runtime=00:12:35 | time=2026-07-29 20:00:23
START | job=613/100000 | task=612 | pid=41756 | time=2026-07-29 20:00:23
FINISH | job=612/100000 | task=611 | pid=41717 | status=COMPLETED | exit=0 | runtime=00:00:15 | time=2026-07-29 20:00:34
START | job=614/100000 | task=613 | pid=41839 | time=2026-07-29 20:00:34
FINISH | job=608/100000 | task=607 | pid=41109 | status=COMPLETED | exit=0 | runtime=00:01:41 | time=2026-07-29 20:00:38
START | job=615/100000 | task=614 | pid=41878 | time=2026-07-29 20:00:38
FINISH | job=597/100000 | task=596 | pid=36252 | status=COMPLETED | exit=0 | runtime=00:13:18 | time=2026-07-29 20:01:11
START | job=616/100000 | task=615 | pid=42128 | time=2026-07-29 20:01:11
FINISH | job=616/100000 | task=615 | pid=42128 | status=COMPLETED | exit=0 | runtime=00:00:18 | time=2026-07-29 20:01:29
START | job=617/100000 | task=616 | pid=42274 | time=2026-07-29 20:01:29
FINISH | job=617/100000 | task=616 | pid=42274 | status=COMPLETED | exit=0 | runtime=00:00:04 | time=2026-07-29 20:01:33
START | job=618/100000 | task=617 | pid=42314 | time=2026-07-29 20:01:33
FINISH | job=618/100000 | task=617 | pid=42314 | status=COMPLETED | exit=0 | runtime=00:00:02 | time=2026-07-29 20:01:35
START | job=619/100000 | task=618 | pid=42336 | time=2026-07-29 20:01:35
FINISH | job=619/100000 | task=618 | pid=42336 | status=COMPLETED | exit=0 | runtime=00:00:02 | time=2026-07-29 20:01:37
START | job=620/100000 | task=619 | pid=42359 | time=2026-07-29 20:01:37
FINISH | job=620/100000 | task=619 | pid=42359 | status=COMPLETED | exit=0 | runtime=00:00:15 | time=2026-07-29 20:01:52
START | job=621/100000 | task=620 | pid=42472 | time=2026-07-29 20:01:52
FINISH | job=621/100000 | task=620 | pid=42472 | status=COMPLETED | exit=0 | runtime=00:00:01 | time=2026-07-29 20:01:53
START | job=622/100000 | task=621 | pid=42479 | time=2026-07-29 20:01:53
FINISH | job=606/100000 | task=605 | pid=38618 | status=COMPLETED | exit=0 | runtime=00:10:05 | time=2026-07-29 20:03:20
START | job=623/100000 | task=622 | pid=43124 | time=2026-07-29 20:03:20
FINISH | job=604/100000 | task=603 | pid=37881 | status=COMPLETED | exit=0 | runtime=00:12:34 | time=2026-07-29 20:04:09
START | job=624/100000 | task=623 | pid=43487 | time=2026-07-29 20:04:09
FINISH | job=605/100000 | task=604 | pid=37934 | status=COMPLETED | exit=0 | runtime=00:12:32 | time=2026-07-29 20:04:12
START | job=625/100000 | task=624 | pid=43510 | time=2026-07-29 20:04:12
FINISH | job=625/100000 | task=624 | pid=43510 | status=COMPLETED | exit=0 | runtime=00:02:32 | time=2026-07-29 20:06:44
START | job=626/100000 | task=625 | pid=44589 | time=2026-07-29 20:06:44
FINISH | job=586/100000 | task=585 | pid=35402 | status=COMPLETED | exit=0 | runtime=00:21:05 | time=2026-07-29 20:07:11
START | job=627/100000 | task=626 | pid=44781 | time=2026-07-29 20:07:11
FINISH | job=626/100000 | task=625 | pid=44589 | status=COMPLETED | exit=0 | runtime=00:01:01 | time=2026-07-29 20:07:45
START | job=628/100000 | task=627 | pid=45034 | time=2026-07-29 20:07:45
FINISH | job=628/100000 | task=627 | pid=45034 | status=COMPLETED | exit=0 | runtime=00:00:01 | time=2026-07-29 20:07:46
START | job=629/100000 | task=628 | pid=45057 | time=2026-07-29 20:07:46
FINISH | job=629/100000 | task=628 | pid=45057 | status=COMPLETED | exit=0 | runtime=00:00:01 | time=2026-07-29 20:07:47
START | job=630/100000 | task=629 | pid=45063 | time=2026-07-29 20:07:47
FINISH | job=627/100000 | task=626 | pid=44781 | status=COMPLETED | exit=0 | runtime=00:01:01 | time=2026-07-29 20:08:12
START | job=631/100000 | task=630 | pid=45253 | time=2026-07-29 20:08:12
FINISH | job=623/100000 | task=622 | pid=43124 | status=COMPLETED | exit=0 | runtime=00:05:27 | time=2026-07-29 20:08:47
START | job=632/100000 | task=631 | pid=45514 | time=2026-07-29 20:08:47
FINISH | job=630/100000 | task=629 | pid=45063 | status=COMPLETED | exit=0 | runtime=00:01:31 | time=2026-07-29 20:09:18
START | job=633/100000 | task=632 | pid=45751 | time=2026-07-29 20:09:18
FINISH | job=613/100000 | task=612 | pid=41756 | status=COMPLETED | exit=0 | runtime=00:12:45 | time=2026-07-29 20:13:08
START | job=634/100000 | task=633 | pid=47396 | time=2026-07-29 20:13:09
FINISH | job=634/100000 | task=633 | pid=47396 | status=COMPLETED | exit=0 | runtime=00:00:10 | time=2026-07-29 20:13:19
START | job=635/100000 | task=634 | pid=47484 | time=2026-07-29 20:13:19
FINISH | job=614/100000 | task=613 | pid=41839 | status=COMPLETED | exit=0 | runtime=00:12:54 | time=2026-07-29 20:13:28
START | job=636/100000 | task=635 | pid=47566 | time=2026-07-29 20:13:28
FINISH | job=636/100000 | task=635 | pid=47566 | status=COMPLETED | exit=0 | runtime=00:00:01 | time=2026-07-29 20:13:29
START | job=637/100000 | task=636 | pid=47588 | time=2026-07-29 20:13:29
FINISH | job=615/100000 | task=614 | pid=41878 | status=COMPLETED | exit=0 | runtime=00:12:55 | time=2026-07-29 20:13:33
START | job=638/100000 | task=637 | pid=47627 | time=2026-07-29 20:13:33
FINISH | job=637/100000 | task=636 | pid=47588 | status=COMPLETED | exit=0 | runtime=00:00:04 | time=2026-07-29 20:13:33
START | job=639/100000 | task=638 | pid=47633 | time=2026-07-29 20:13:33
FINISH | job=639/100000 | task=638 | pid=47633 | status=COMPLETED | exit=0 | runtime=00:00:00 | time=2026-07-29 20:13:33
START | job=640/100000 | task=639 | pid=47639 | time=2026-07-29 20:13:33
FINISH | job=622/100000 | task=621 | pid=42479 | status=COMPLETED | exit=0 | runtime=00:12:58 | time=2026-07-29 20:14:51
START | job=641/100000 | task=640 | pid=48204 | time=2026-07-29 20:14:51
FINISH | job=635/100000 | task=634 | pid=47484 | status=COMPLETED | exit=0 | runtime=00:01:42 | time=2026-07-29 20:15:01
START | job=642/100000 | task=641 | pid=48290 | time=2026-07-29 20:15:01
FINISH | job=638/100000 | task=637 | pid=47627 | status=COMPLETED | exit=0 | runtime=00:02:48 | time=2026-07-29 20:16:21
START | job=643/100000 | task=642 | pid=48857 | time=2026-07-29 20:16:21
FINISH | job=632/100000 | task=631 | pid=45514 | status=COMPLETED | exit=0 | runtime=00:07:50 | time=2026-07-29 20:16:37
START | job=644/100000 | task=643 | pid=48989 | time=2026-07-29 20:16:37
FINISH | job=644/100000 | task=643 | pid=48989 | status=COMPLETED | exit=0 | runtime=00:00:03 | time=2026-07-29 20:16:40
START | job=645/100000 | task=644 | pid=49013 | time=2026-07-29 20:16:40
FINISH | job=642/100000 | task=641 | pid=48290 | status=COMPLETED | exit=0 | runtime=00:01:42 | time=2026-07-29 20:16:43
START | job=646/100000 | task=645 | pid=49037 | time=2026-07-29 20:16:43
FINISH | job=643/100000 | task=642 | pid=48857 | status=COMPLETED | exit=0 | runtime=00:00:26 | time=2026-07-29 20:16:47
START | job=647/100000 | task=646 | pid=49073 | time=2026-07-29 20:16:47
FINISH | job=645/100000 | task=644 | pid=49013 | status=COMPLETED | exit=0 | runtime=00:00:08 | time=2026-07-29 20:16:48
START | job=648/100000 | task=647 | pid=49094 | time=2026-07-29 20:16:48
FINISH | job=648/100000 | task=647 | pid=49094 | status=COMPLETED | exit=0 | runtime=00:00:01 | time=2026-07-29 20:16:49
START | job=649/100000 | task=648 | pid=49102 | time=2026-07-29 20:16:49
FINISH | job=641/100000 | task=640 | pid=48204 | status=COMPLETED | exit=0 | runtime=00:02:03 | time=2026-07-29 20:16:54
START | job=650/100000 | task=649 | pid=49155 | time=2026-07-29 20:16:54
FINISH | job=647/100000 | task=646 | pid=49073 | status=COMPLETED | exit=0 | runtime=00:00:15 | time=2026-07-29 20:17:02
START | job=651/100000 | task=650 | pid=49208 | time=2026-07-29 20:17:02
FINISH | job=646/100000 | task=645 | pid=49037 | status=COMPLETED | exit=0 | runtime=00:01:17 | time=2026-07-29 20:18:00
START | job=652/100000 | task=651 | pid=49626 | time=2026-07-29 20:18:00
FINISH | job=651/100000 | task=650 | pid=49208 | status=COMPLETED | exit=0 | runtime=00:00:59 | time=2026-07-29 20:18:01
START | job=653/100000 | task=652 | pid=49647 | time=2026-07-29 20:18:01
FINISH | job=624/100000 | task=623 | pid=43487 | status=COMPLETED | exit=0 | runtime=00:14:50 | time=2026-07-29 20:18:59
START | job=654/100000 | task=653 | pid=50075 | time=2026-07-29 20:18:59
FINISH | job=654/100000 | task=653 | pid=50075 | status=COMPLETED | exit=0 | runtime=00:00:28 | time=2026-07-29 20:19:27
START | job=655/100000 | task=654 | pid=50280 | time=2026-07-29 20:19:27
FINISH | job=655/100000 | task=654 | pid=50280 | status=COMPLETED | exit=0 | runtime=00:00:01 | time=2026-07-29 20:19:28
START | job=656/100000 | task=655 | pid=50288 | time=2026-07-29 20:19:28
FINISH | job=633/100000 | task=632 | pid=45751 | status=COMPLETED | exit=0 | runtime=00:10:11 | time=2026-07-29 20:19:29
START | job=657/100000 | task=656 | pid=50309 | time=2026-07-29 20:19:29
FINISH | job=656/100000 | task=655 | pid=50288 | status=COMPLETED | exit=0 | runtime=00:00:16 | time=2026-07-29 20:19:44
START | job=658/100000 | task=657 | pid=50424 | time=2026-07-29 20:19:44
FINISH | job=657/100000 | task=656 | pid=50309 | status=COMPLETED | exit=0 | runtime=00:00:16 | time=2026-07-29 20:19:45
START | job=659/100000 | task=658 | pid=50433 | time=2026-07-29 20:19:45
FINISH | job=653/100000 | task=652 | pid=49647 | status=COMPLETED | exit=0 | runtime=00:02:07 | time=2026-07-29 20:20:08
START | job=660/100000 | task=659 | pid=50613 | time=2026-07-29 20:20:08
FINISH | job=660/100000 | task=659 | pid=50613 | status=COMPLETED | exit=0 | runtime=00:00:25 | time=2026-07-29 20:20:33
START | job=661/100000 | task=660 | pid=50810 | time=2026-07-29 20:20:33
FINISH | job=661/100000 | task=660 | pid=50810 | status=COMPLETED | exit=0 | runtime=00:00:08 | time=2026-07-29 20:20:41
START | job=662/100000 | task=661 | pid=50881 | time=2026-07-29 20:20:41
FINISH | job=662/100000 | task=661 | pid=50881 | status=COMPLETED | exit=0 | runtime=00:00:07 | time=2026-07-29 20:20:48
START | job=663/100000 | task=662 | pid=50934 | time=2026-07-29 20:20:48
FINISH | job=663/100000 | task=662 | pid=50934 | status=COMPLETED | exit=0 | runtime=00:00:03 | time=2026-07-29 20:20:51
START | job=664/100000 | task=663 | pid=50957 | time=2026-07-29 20:20:51
FINISH | job=664/100000 | task=663 | pid=50957 | status=COMPLETED | exit=0 | runtime=00:00:01 | time=2026-07-29 20:20:52
START | job=665/100000 | task=664 | pid=50963 | time=2026-07-29 20:20:52
FINISH | job=665/100000 | task=664 | pid=50963 | status=COMPLETED | exit=0 | runtime=00:00:01 | time=2026-07-29 20:20:53
START | job=666/100000 | task=665 | pid=50984 | time=2026-07-29 20:20:53
FINISH | job=666/100000 | task=665 | pid=50984 | status=COMPLETED | exit=0 | runtime=00:00:01 | time=2026-07-29 20:20:54
START | job=667/100000 | task=666 | pid=50990 | time=2026-07-29 20:20:54
FINISH | job=631/100000 | task=630 | pid=45253 | status=COMPLETED | exit=0 | runtime=00:13:10 | time=2026-07-29 20:21:22
START | job=668/100000 | task=667 | pid=51197 | time=2026-07-29 20:21:22
FINISH | job=652/100000 | task=651 | pid=49626 | status=COMPLETED | exit=0 | runtime=00:03:31 | time=2026-07-29 20:21:31
START | job=669/100000 | task=668 | pid=51282 | time=2026-07-29 20:21:31
FINISH | job=669/100000 | task=668 | pid=51282 | status=COMPLETED | exit=0 | runtime=00:02:10 | time=2026-07-29 20:23:41
START | job=670/100000 | task=669 | pid=52207 | time=2026-07-29 20:23:41
FINISH | job=670/100000 | task=669 | pid=52207 | status=COMPLETED | exit=0 | runtime=00:00:03 | time=2026-07-29 20:23:44
START | job=671/100000 | task=670 | pid=52247 | time=2026-07-29 20:23:44
FINISH | job=671/100000 | task=670 | pid=52247 | status=COMPLETED | exit=0 | runtime=00:01:47 | time=2026-07-29 20:25:31
START | job=672/100000 | task=671 | pid=53047 | time=2026-07-29 20:25:31
FINISH | job=672/100000 | task=671 | pid=53047 | status=COMPLETED | exit=0 | runtime=00:00:04 | time=2026-07-29 20:25:35
START | job=673/100000 | task=672 | pid=53088 | time=2026-07-29 20:25:35
FINISH | job=673/100000 | task=672 | pid=53088 | status=COMPLETED | exit=0 | runtime=00:00:01 | time=2026-07-29 20:25:36
START | job=674/100000 | task=673 | pid=53094 | time=2026-07-29 20:25:36
FINISH | job=674/100000 | task=673 | pid=53094 | status=COMPLETED | exit=0 | runtime=00:00:41 | time=2026-07-29 20:26:17
START | job=675/100000 | task=674 | pid=53402 | time=2026-07-29 20:26:17
FINISH | job=675/100000 | task=674 | pid=53402 | status=COMPLETED | exit=0 | runtime=00:00:00 | time=2026-07-29 20:26:17
START | job=676/100000 | task=675 | pid=53409 | time=2026-07-29 20:26:17
FINISH | job=640/100000 | task=639 | pid=47639 | status=COMPLETED | exit=0 | runtime=00:14:01 | time=2026-07-29 20:27:34
START | job=677/100000 | task=676 | pid=54004 | time=2026-07-29 20:27:34
FINISH | job=650/100000 | task=649 | pid=49155 | status=COMPLETED | exit=0 | runtime=00:12:36 | time=2026-07-29 20:29:30
START | job=678/100000 | task=677 | pid=54903 | time=2026-07-29 20:29:30
FINISH | job=678/100000 | task=677 | pid=54903 | status=COMPLETED | exit=0 | runtime=00:00:15 | time=2026-07-29 20:29:45
START | job=679/100000 | task=678 | pid=55020 | time=2026-07-29 20:29:45
FINISH | job=679/100000 | task=678 | pid=55020 | status=COMPLETED | exit=0 | runtime=00:00:07 | time=2026-07-29 20:29:52
START | job=680/100000 | task=679 | pid=55094 | time=2026-07-29 20:29:52
FINISH | job=680/100000 | task=679 | pid=55094 | status=COMPLETED | exit=0 | runtime=00:00:04 | time=2026-07-29 20:29:56
START | job=681/100000 | task=680 | pid=55117 | time=2026-07-29 20:29:56
FINISH | job=681/100000 | task=680 | pid=55117 | status=COMPLETED | exit=0 | runtime=00:00:02 | time=2026-07-29 20:29:58
START | job=682/100000 | task=681 | pid=55138 | time=2026-07-29 20:29:58
FINISH | job=682/100000 | task=681 | pid=55138 | status=COMPLETED | exit=0 | runtime=00:00:01 | time=2026-07-29 20:29:59
START | job=683/100000 | task=682 | pid=55160 | time=2026-07-29 20:29:59
FINISH | job=683/100000 | task=682 | pid=55160 | status=COMPLETED | exit=0 | runtime=00:00:16 | time=2026-07-29 20:30:15
START | job=684/100000 | task=683 | pid=55275 | time=2026-07-29 20:30:15
FINISH | job=684/100000 | task=683 | pid=55275 | status=COMPLETED | exit=0 | runtime=00:00:00 | time=2026-07-29 20:30:15
START | job=685/100000 | task=684 | pid=55282 | time=2026-07-29 20:30:15
FINISH | job=649/100000 | task=648 | pid=49102 | status=COMPLETED | exit=0 | runtime=00:13:38 | time=2026-07-29 20:30:27
START | job=686/100000 | task=685 | pid=55383 | time=2026-07-29 20:30:27
FINISH | job=659/100000 | task=658 | pid=50433 | status=COMPLETED | exit=0 | runtime=00:12:37 | time=2026-07-29 20:32:22
START | job=687/100000 | task=686 | pid=56218 | time=2026-07-29 20:32:22
FINISH | job=658/100000 | task=657 | pid=50424 | status=COMPLETED | exit=0 | runtime=00:13:07 | time=2026-07-29 20:32:51
START | job=688/100000 | task=687 | pid=56439 | time=2026-07-29 20:32:51
FINISH | job=668/100000 | task=667 | pid=51197 | status=COMPLETED | exit=0 | runtime=00:12:36 | time=2026-07-29 20:33:58
START | job=689/100000 | task=688 | pid=56935 | time=2026-07-29 20:33:59
FINISH | job=667/100000 | task=666 | pid=50990 | status=COMPLETED | exit=0 | runtime=00:15:02 | time=2026-07-29 20:35:56
START | job=690/100000 | task=689 | pid=57793 | time=2026-07-29 20:35:56
FINISH | job=689/100000 | task=688 | pid=56935 | status=COMPLETED | exit=0 | runtime=00:02:09 | time=2026-07-29 20:36:08
START | job=691/100000 | task=690 | pid=57893 | time=2026-07-29 20:36:08
FINISH | job=691/100000 | task=690 | pid=57893 | status=COMPLETED | exit=0 | runtime=00:00:16 | time=2026-07-29 20:36:24
START | job=692/100000 | task=691 | pid=58038 | time=2026-07-29 20:36:24
FINISH | job=690/100000 | task=689 | pid=57793 | status=COMPLETED | exit=0 | runtime=00:01:07 | time=2026-07-29 20:37:03
START | job=693/100000 | task=692 | pid=58333 | time=2026-07-29 20:37:03
FINISH | job=693/100000 | task=692 | pid=58333 | status=COMPLETED | exit=0 | runtime=00:00:16 | time=2026-07-29 20:37:19
START | job=694/100000 | task=693 | pid=58463 | time=2026-07-29 20:37:19
FINISH | job=686/100000 | task=685 | pid=55383 | status=COMPLETED | exit=0 | runtime=00:08:40 | time=2026-07-29 20:39:07
START | job=695/100000 | task=694 | pid=59236 | time=2026-07-29 20:39:07
FINISH | job=688/100000 | task=687 | pid=56439 | status=COMPLETED | exit=0 | runtime=00:07:06 | time=2026-07-29 20:39:57
START | job=696/100000 | task=695 | pid=59618 | time=2026-07-29 20:39:57
FINISH | job=677/100000 | task=676 | pid=54004 | status=COMPLETED | exit=0 | runtime=00:12:41 | time=2026-07-29 20:40:15
START | job=697/100000 | task=696 | pid=59749 | time=2026-07-29 20:40:15
FINISH | job=697/100000 | task=696 | pid=59749 | status=COMPLETED | exit=0 | runtime=00:00:05 | time=2026-07-29 20:40:20
START | job=698/100000 | task=697 | pid=59802 | time=2026-07-29 20:40:20
FINISH | job=698/100000 | task=697 | pid=59802 | status=COMPLETED | exit=0 | runtime=00:00:02 | time=2026-07-29 20:40:22
START | job=699/100000 | task=698 | pid=59825 | time=2026-07-29 20:40:22
FINISH | job=699/100000 | task=698 | pid=59825 | status=COMPLETED | exit=0 | runtime=00:00:18 | time=2026-07-29 20:40:40
START | job=700/100000 | task=699 | pid=59956 | time=2026-07-29 20:40:40
START PROGRESS | 700/100000 (0%)
FINISH | job=696/100000 | task=695 | pid=59618 | status=COMPLETED | exit=0 | runtime=00:01:08 | time=2026-07-29 20:41:05
START | job=701/100000 | task=700 | pid=60151 | time=2026-07-29 20:41:05
FINISH | job=701/100000 | task=700 | pid=60151 | status=COMPLETED | exit=0 | runtime=00:00:01 | time=2026-07-29 20:41:06
START | job=702/100000 | task=701 | pid=60172 | time=2026-07-29 20:41:06
FINISH | job=702/100000 | task=701 | pid=60172 | status=COMPLETED | exit=0 | runtime=00:00:00 | time=2026-07-29 20:41:06
START | job=703/100000 | task=702 | pid=60180 | time=2026-07-29 20:41:06
FINISH | job=700/100000 | task=699 | pid=59956 | status=COMPLETED | exit=0 | runtime=00:00:41 | time=2026-07-29 20:41:21
START | job=704/100000 | task=703 | pid=60293 | time=2026-07-29 20:41:21
FINISH | job=687/100000 | task=686 | pid=56218 | status=COMPLETED | exit=0 | runtime=00:10:06 | time=2026-07-29 20:42:28
START | job=705/100000 | task=704 | pid=60780 | time=2026-07-29 20:42:28
FINISH | job=685/100000 | task=684 | pid=55282 | status=COMPLETED | exit=0 | runtime=00:15:23 | time=2026-07-29 20:45:38
START | job=706/100000 | task=705 | pid=62157 | time=2026-07-29 20:45:38
FINISH | job=676/100000 | task=675 | pid=53409 | status=COMPLETED | exit=0 | runtime=00:21:13 | time=2026-07-29 20:47:30
START | job=707/100000 | task=706 | pid=62964 | time=2026-07-29 20:47:30
FINISH | job=707/100000 | task=706 | pid=62964 | status=COMPLETED | exit=0 | runtime=00:00:11 | time=2026-07-29 20:47:41
START | job=708/100000 | task=707 | pid=63049 | time=2026-07-29 20:47:41
FINISH | job=708/100000 | task=707 | pid=63049 | status=COMPLETED | exit=0 | runtime=00:00:02 | time=2026-07-29 20:47:43
START | job=709/100000 | task=708 | pid=63073 | time=2026-07-29 20:47:43
FINISH | job=709/100000 | task=708 | pid=63073 | status=COMPLETED | exit=0 | runtime=00:00:16 | time=2026-07-29 20:47:59
START | job=710/100000 | task=709 | pid=63186 | time=2026-07-29 20:47:59
FINISH | job=706/100000 | task=705 | pid=62157 | status=COMPLETED | exit=0 | runtime=00:02:33 | time=2026-07-29 20:48:11
START | job=711/100000 | task=710 | pid=63287 | time=2026-07-29 20:48:11
FINISH | job=711/100000 | task=710 | pid=63287 | status=COMPLETED | exit=0 | runtime=00:00:01 | time=2026-07-29 20:48:12
START | job=712/100000 | task=711 | pid=63308 | time=2026-07-29 20:48:12
FINISH | job=704/100000 | task=703 | pid=60293 | status=COMPLETED | exit=0 | runtime=00:07:21 | time=2026-07-29 20:48:42
START | job=713/100000 | task=712 | pid=63532 | time=2026-07-29 20:48:42
FINISH | job=692/100000 | task=691 | pid=58038 | status=COMPLETED | exit=0 | runtime=00:14:14 | time=2026-07-29 20:50:38
START | job=714/100000 | task=713 | pid=64371 | time=2026-07-29 20:50:38
FINISH | job=714/100000 | task=713 | pid=64371 | status=COMPLETED | exit=0 | runtime=00:00:31 | time=2026-07-29 20:51:09
START | job=715/100000 | task=714 | pid=64594 | time=2026-07-29 20:51:09
FINISH | job=715/100000 | task=714 | pid=64594 | status=COMPLETED | exit=0 | runtime=00:00:36 | time=2026-07-29 20:51:45
START | job=716/100000 | task=715 | pid=64863 | time=2026-07-29 20:51:45
FINISH | job=716/100000 | task=715 | pid=64863 | status=COMPLETED | exit=0 | runtime=00:00:04 | time=2026-07-29 20:51:49
START | job=717/100000 | task=716 | pid=64901 | time=2026-07-29 20:51:49
FINISH | job=717/100000 | task=716 | pid=64901 | status=COMPLETED | exit=0 | runtime=00:00:01 | time=2026-07-29 20:51:50
START | job=718/100000 | task=717 | pid=64907 | time=2026-07-29 20:51:50
FINISH | job=694/100000 | task=693 | pid=58463 | status=COMPLETED | exit=0 | runtime=00:14:45 | time=2026-07-29 20:52:04
START | job=719/100000 | task=718 | pid=65020 | time=2026-07-29 20:52:04
FINISH | job=719/100000 | task=718 | pid=65020 | status=COMPLETED | exit=0 | runtime=00:00:00 | time=2026-07-29 20:52:04
START | job=720/100000 | task=719 | pid=65026 | time=2026-07-29 20:52:04
FINISH | job=710/100000 | task=709 | pid=63186 | status=COMPLETED | exit=0 | runtime=00:04:17 | time=2026-07-29 20:52:16
START | job=721/100000 | task=720 | pid=65111 | time=2026-07-29 20:52:16
FINISH | job=720/100000 | task=719 | pid=65026 | status=COMPLETED | exit=0 | runtime=00:00:16 | time=2026-07-29 20:52:20
START | job=722/100000 | task=721 | pid=65155 | time=2026-07-29 20:52:20
FINISH | job=718/100000 | task=717 | pid=64907 | status=COMPLETED | exit=0 | runtime=00:00:36 | time=2026-07-29 20:52:26
START | job=723/100000 | task=722 | pid=65209 | time=2026-07-29 20:52:26
FINISH | job=713/100000 | task=712 | pid=63532 | status=COMPLETED | exit=0 | runtime=00:04:24 | time=2026-07-29 20:53:06
START | job=724/100000 | task=723 | pid=65507 | time=2026-07-29 20:53:06
FINISH | job=703/100000 | task=702 | pid=60180 | status=COMPLETED | exit=0 | runtime=00:12:52 | time=2026-07-29 20:53:58
START | job=725/100000 | task=724 | pid=65881 | time=2026-07-29 20:53:58
FINISH | job=725/100000 | task=724 | pid=65881 | status=COMPLETED | exit=0 | runtime=00:00:07 | time=2026-07-29 20:54:05
START | job=726/100000 | task=725 | pid=65936 | time=2026-07-29 20:54:05
FINISH | job=726/100000 | task=725 | pid=65936 | status=COMPLETED | exit=0 | runtime=00:00:01 | time=2026-07-29 20:54:06
START | job=727/100000 | task=726 | pid=65957 | time=2026-07-29 20:54:06
FINISH | job=727/100000 | task=726 | pid=65957 | status=COMPLETED | exit=0 | runtime=00:00:01 | time=2026-07-29 20:54:07
START | job=728/100000 | task=727 | pid=65963 | time=2026-07-29 20:54:07
FINISH | job=695/100000 | task=694 | pid=59236 | status=COMPLETED | exit=0 | runtime=00:15:52 | time=2026-07-29 20:54:59
START | job=729/100000 | task=728 | pid=66335 | time=2026-07-29 20:54:59
FINISH | job=729/100000 | task=728 | pid=66335 | status=COMPLETED | exit=0 | runtime=00:00:00 | time=2026-07-29 20:54:59
START | job=730/100000 | task=729 | pid=66356 | time=2026-07-29 20:54:59
FINISH | job=728/100000 | task=727 | pid=65963 | status=COMPLETED | exit=0 | runtime=00:01:31 | time=2026-07-29 20:55:38
START | job=731/100000 | task=730 | pid=66667 | time=2026-07-29 20:55:38
FINISH | job=724/100000 | task=723 | pid=65507 | status=COMPLETED | exit=0 | runtime=00:02:33 | time=2026-07-29 20:55:39
START | job=732/100000 | task=731 | pid=66673 | time=2026-07-29 20:55:39
FINISH | job=705/100000 | task=704 | pid=60780 | status=COMPLETED | exit=0 | runtime=00:13:53 | time=2026-07-29 20:56:21
START | job=733/100000 | task=732 | pid=66992 | time=2026-07-29 20:56:22
FINISH | job=732/100000 | task=731 | pid=66673 | status=COMPLETED | exit=0 | runtime=00:00:45 | time=2026-07-29 20:56:24
START | job=734/100000 | task=733 | pid=67016 | time=2026-07-29 20:56:24
FINISH | job=734/100000 | task=733 | pid=67016 | status=COMPLETED | exit=0 | runtime=00:01:01 | time=2026-07-29 20:57:25
START | job=735/100000 | task=734 | pid=67463 | time=2026-07-29 20:57:25
FINISH | job=735/100000 | task=734 | pid=67463 | status=COMPLETED | exit=0 | runtime=00:01:01 | time=2026-07-29 20:58:26
START | job=736/100000 | task=735 | pid=67907 | time=2026-07-29 20:58:26
FINISH | job=736/100000 | task=735 | pid=67907 | status=COMPLETED | exit=0 | runtime=00:00:03 | time=2026-07-29 20:58:29
START | job=737/100000 | task=736 | pid=67930 | time=2026-07-29 20:58:29
FINISH | job=737/100000 | task=736 | pid=67930 | status=COMPLETED | exit=0 | runtime=00:00:02 | time=2026-07-29 20:58:31
START | job=738/100000 | task=737 | pid=67951 | time=2026-07-29 20:58:31
FINISH | job=722/100000 | task=721 | pid=65155 | status=COMPLETED | exit=0 | runtime=00:06:16 | time=2026-07-29 20:58:36
START | job=739/100000 | task=738 | pid=68004 | time=2026-07-29 20:58:36
FINISH | job=733/100000 | task=732 | pid=66992 | status=COMPLETED | exit=0 | runtime=00:02:31 | time=2026-07-29 20:58:53
START | job=740/100000 | task=739 | pid=68136 | time=2026-07-29 20:58:53
FINISH | job=712/100000 | task=711 | pid=63308 | status=COMPLETED | exit=0 | runtime=00:13:21 | time=2026-07-29 21:01:33
START | job=741/100000 | task=740 | pid=69291 | time=2026-07-29 21:01:33
FINISH | job=723/100000 | task=722 | pid=65209 | status=COMPLETED | exit=0 | runtime=00:10:09 | time=2026-07-29 21:02:35
START | job=742/100000 | task=741 | pid=69737 | time=2026-07-29 21:02:35
FINISH | job=738/100000 | task=737 | pid=67951 | status=COMPLETED | exit=0 | runtime=00:05:17 | time=2026-07-29 21:03:48
START | job=743/100000 | task=742 | pid=70269 | time=2026-07-29 21:03:48
FINISH | job=743/100000 | task=742 | pid=70269 | status=COMPLETED | exit=0 | runtime=00:00:07 | time=2026-07-29 21:03:55
START | job=744/100000 | task=743 | pid=70340 | time=2026-07-29 21:03:55
FINISH | job=744/100000 | task=743 | pid=70340 | status=COMPLETED | exit=0 | runtime=00:00:06 | time=2026-07-29 21:04:01
START | job=745/100000 | task=744 | pid=70378 | time=2026-07-29 21:04:01
FINISH | job=721/100000 | task=720 | pid=65111 | status=COMPLETED | exit=0 | runtime=00:12:43 | time=2026-07-29 21:04:59
START | job=746/100000 | task=745 | pid=70792 | time=2026-07-29 21:04:59
FINISH | job=746/100000 | task=745 | pid=70792 | status=COMPLETED | exit=0 | runtime=00:00:01 | time=2026-07-29 21:05:00
START | job=747/100000 | task=746 | pid=70813 | time=2026-07-29 21:05:00
FINISH | job=747/100000 | task=746 | pid=70813 | status=COMPLETED | exit=0 | runtime=00:00:01 | time=2026-07-29 21:05:01
START | job=748/100000 | task=747 | pid=70821 | time=2026-07-29 21:05:01
FINISH | job=745/100000 | task=744 | pid=70378 | status=COMPLETED | exit=0 | runtime=00:01:07 | time=2026-07-29 21:05:08
START | job=749/100000 | task=748 | pid=70889 | time=2026-07-29 21:05:08
FINISH | job=741/100000 | task=740 | pid=69291 | status=COMPLETED | exit=0 | runtime=00:04:19 | time=2026-07-29 21:05:52
START | job=750/100000 | task=749 | pid=71199 | time=2026-07-29 21:05:52
FINISH | job=750/100000 | task=749 | pid=71199 | status=COMPLETED | exit=0 | runtime=00:00:45 | time=2026-07-29 21:06:37
START | job=751/100000 | task=750 | pid=71537 | time=2026-07-29 21:06:38
FINISH | job=740/100000 | task=739 | pid=68136 | status=COMPLETED | exit=0 | runtime=00:09:54 | time=2026-07-29 21:08:47
START | job=752/100000 | task=751 | pid=72476 | time=2026-07-29 21:08:47
FINISH | job=752/100000 | task=751 | pid=72476 | status=COMPLETED | exit=0 | runtime=00:01:01 | time=2026-07-29 21:09:48
START | job=753/100000 | task=752 | pid=72910 | time=2026-07-29 21:09:48
FINISH | job=742/100000 | task=741 | pid=69737 | status=COMPLETED | exit=0 | runtime=00:07:13 | time=2026-07-29 21:09:48
START | job=754/100000 | task=753 | pid=72916 | time=2026-07-29 21:09:48
FINISH | job=754/100000 | task=753 | pid=72916 | status=COMPLETED | exit=0 | runtime=00:00:16 | time=2026-07-29 21:10:04
START | job=755/100000 | task=754 | pid=73033 | time=2026-07-29 21:10:04
FINISH | job=755/100000 | task=754 | pid=73033 | status=COMPLETED | exit=0 | runtime=00:00:15 | time=2026-07-29 21:10:19
START | job=756/100000 | task=755 | pid=73164 | time=2026-07-29 21:10:19
FINISH | job=756/100000 | task=755 | pid=73164 | status=COMPLETED | exit=0 | runtime=00:00:01 | time=2026-07-29 21:10:20
START | job=757/100000 | task=756 | pid=73172 | time=2026-07-29 21:10:20
FINISH | job=753/100000 | task=752 | pid=72910 | status=COMPLETED | exit=0 | runtime=00:00:50 | time=2026-07-29 21:10:38
START | job=758/100000 | task=757 | pid=73316 | time=2026-07-29 21:10:38
FINISH | job=749/100000 | task=748 | pid=70889 | status=COMPLETED | exit=0 | runtime=00:05:31 | time=2026-07-29 21:10:39
START | job=759/100000 | task=758 | pid=73322 | time=2026-07-29 21:10:39
FINISH | job=730/100000 | task=729 | pid=66356 | status=COMPLETED | exit=0 | runtime=00:15:53 | time=2026-07-29 21:10:52
START | job=760/100000 | task=759 | pid=73422 | time=2026-07-29 21:10:52
FINISH | job=751/100000 | task=750 | pid=71537 | status=COMPLETED | exit=0 | runtime=00:04:17 | time=2026-07-29 21:10:55
START | job=761/100000 | task=760 | pid=73445 | time=2026-07-29 21:10:55
FINISH | job=761/100000 | task=760 | pid=73445 | status=COMPLETED | exit=0 | runtime=00:00:02 | time=2026-07-29 21:10:57
START | job=762/100000 | task=761 | pid=73466 | time=2026-07-29 21:10:57
FINISH | job=762/100000 | task=761 | pid=73466 | status=COMPLETED | exit=0 | runtime=00:00:01 | time=2026-07-29 21:10:58
START | job=763/100000 | task=762 | pid=73487 | time=2026-07-29 21:10:58
FINISH | job=731/100000 | task=730 | pid=66667 | status=COMPLETED | exit=0 | runtime=00:15:54 | time=2026-07-29 21:11:32
START | job=764/100000 | task=763 | pid=73727 | time=2026-07-29 21:11:32
FINISH | job=764/100000 | task=763 | pid=73727 | status=COMPLETED | exit=0 | runtime=00:00:00 | time=2026-07-29 21:11:32
START | job=765/100000 | task=764 | pid=73743 | time=2026-07-29 21:11:32
FINISH | job=759/100000 | task=758 | pid=73322 | status=COMPLETED | exit=0 | runtime=00:00:55 | time=2026-07-29 21:11:34
START | job=766/100000 | task=765 | pid=73766 | time=2026-07-29 21:11:34
FINISH | job=763/100000 | task=762 | pid=73487 | status=COMPLETED | exit=0 | runtime=00:00:38 | time=2026-07-29 21:11:36
START | job=767/100000 | task=766 | pid=73787 | time=2026-07-29 21:11:36
FINISH | job=739/100000 | task=738 | pid=68004 | status=COMPLETED | exit=0 | runtime=00:14:47 | time=2026-07-29 21:13:23
START | job=768/100000 | task=767 | pid=74561 | time=2026-07-29 21:13:23
FINISH | job=760/100000 | task=759 | pid=73422 | status=COMPLETED | exit=0 | runtime=00:04:00 | time=2026-07-29 21:14:52
START | job=769/100000 | task=768 | pid=75204 | time=2026-07-29 21:14:52
FINISH | job=769/100000 | task=768 | pid=75204 | status=COMPLETED | exit=0 | runtime=00:00:24 | time=2026-07-29 21:15:16
START | job=770/100000 | task=769 | pid=75379 | time=2026-07-29 21:15:16
FINISH | job=758/100000 | task=757 | pid=73316 | status=COMPLETED | exit=0 | runtime=00:04:59 | time=2026-07-29 21:15:37
START | job=771/100000 | task=770 | pid=75540 | time=2026-07-29 21:15:37
FINISH | job=765/100000 | task=764 | pid=73743 | status=COMPLETED | exit=0 | runtime=00:04:31 | time=2026-07-29 21:16:03
START | job=772/100000 | task=771 | pid=75731 | time=2026-07-29 21:16:03
FINISH | job=772/100000 | task=771 | pid=75731 | status=COMPLETED | exit=0 | runtime=00:00:04 | time=2026-07-29 21:16:07
START | job=773/100000 | task=772 | pid=75773 | time=2026-07-29 21:16:07
FINISH | job=770/100000 | task=769 | pid=75379 | status=COMPLETED | exit=0 | runtime=00:01:02 | time=2026-07-29 21:16:18
START | job=774/100000 | task=773 | pid=75858 | time=2026-07-29 21:16:18
FINISH | job=773/100000 | task=772 | pid=75773 | status=COMPLETED | exit=0 | runtime=00:00:15 | time=2026-07-29 21:16:22
START | job=775/100000 | task=774 | pid=75900 | time=2026-07-29 21:16:22
FINISH | job=771/100000 | task=770 | pid=75540 | status=COMPLETED | exit=0 | runtime=00:01:08 | time=2026-07-29 21:16:45
START | job=776/100000 | task=775 | pid=76076 | time=2026-07-29 21:16:45
FINISH | job=748/100000 | task=747 | pid=70821 | status=COMPLETED | exit=0 | runtime=00:12:39 | time=2026-07-29 21:17:40
START | job=777/100000 | task=776 | pid=76472 | time=2026-07-29 21:17:40
FINISH | job=774/100000 | task=773 | pid=75858 | status=COMPLETED | exit=0 | runtime=00:01:59 | time=2026-07-29 21:18:17
START | job=778/100000 | task=777 | pid=76753 | time=2026-07-29 21:18:17
FINISH | job=778/100000 | task=777 | pid=76753 | status=COMPLETED | exit=0 | runtime=00:00:05 | time=2026-07-29 21:18:22
START | job=779/100000 | task=778 | pid=76793 | time=2026-07-29 21:18:22
FINISH | job=779/100000 | task=778 | pid=76793 | status=COMPLETED | exit=0 | runtime=00:00:03 | time=2026-07-29 21:18:25
START | job=780/100000 | task=779 | pid=76816 | time=2026-07-29 21:18:25
FINISH | job=780/100000 | task=779 | pid=76816 | status=COMPLETED | exit=0 | runtime=00:00:09 | time=2026-07-29 21:18:34
START | job=781/100000 | task=780 | pid=76884 | time=2026-07-29 21:18:34
FINISH | job=781/100000 | task=780 | pid=76884 | status=COMPLETED | exit=0 | runtime=00:00:01 | time=2026-07-29 21:18:35
START | job=782/100000 | task=781 | pid=76907 | time=2026-07-29 21:18:35
FINISH | job=782/100000 | task=781 | pid=76907 | status=COMPLETED | exit=0 | runtime=00:00:15 | time=2026-07-29 21:18:50
START | job=783/100000 | task=782 | pid=77020 | time=2026-07-29 21:18:50
FINISH | job=783/100000 | task=782 | pid=77020 | status=COMPLETED | exit=0 | runtime=00:00:01 | time=2026-07-29 21:18:51
START | job=784/100000 | task=783 | pid=77042 | time=2026-07-29 21:18:51
FINISH | job=757/100000 | task=756 | pid=73172 | status=COMPLETED | exit=0 | runtime=00:12:57 | time=2026-07-29 21:23:17
START | job=785/100000 | task=784 | pid=78946 | time=2026-07-29 21:23:17
FINISH | job=768/100000 | task=767 | pid=74561 | status=COMPLETED | exit=0 | runtime=00:10:11 | time=2026-07-29 21:23:34
START | job=786/100000 | task=785 | pid=79091 | time=2026-07-29 21:23:34
FINISH | job=767/100000 | task=766 | pid=73787 | status=COMPLETED | exit=0 | runtime=00:12:36 | time=2026-07-29 21:24:12
START | job=787/100000 | task=786 | pid=79365 | time=2026-07-29 21:24:12
FINISH | job=766/100000 | task=765 | pid=73766 | status=COMPLETED | exit=0 | runtime=00:13:21 | time=2026-07-29 21:24:55
START | job=788/100000 | task=787 | pid=79676 | time=2026-07-29 21:24:55
FINISH | job=788/100000 | task=787 | pid=79676 | status=COMPLETED | exit=0 | runtime=00:00:02 | time=2026-07-29 21:24:57
START | job=789/100000 | task=788 | pid=79699 | time=2026-07-29 21:24:57
FINISH | job=789/100000 | task=788 | pid=79699 | status=COMPLETED | exit=0 | runtime=00:00:02 | time=2026-07-29 21:24:59
START | job=790/100000 | task=789 | pid=79720 | time=2026-07-29 21:24:59
FINISH | job=790/100000 | task=789 | pid=79720 | status=COMPLETED | exit=0 | runtime=00:00:01 | time=2026-07-29 21:25:00
START | job=791/100000 | task=790 | pid=79741 | time=2026-07-29 21:25:00
FINISH | job=787/100000 | task=786 | pid=79365 | status=COMPLETED | exit=0 | runtime=00:01:08 | time=2026-07-29 21:25:20
START | job=792/100000 | task=791 | pid=79891 | time=2026-07-29 21:25:20
FINISH | job=792/100000 | task=791 | pid=79891 | status=COMPLETED | exit=0 | runtime=00:00:16 | time=2026-07-29 21:25:36
START | job=793/100000 | task=792 | pid=80036 | time=2026-07-29 21:25:36
FINISH | job=786/100000 | task=785 | pid=79091 | status=COMPLETED | exit=0 | runtime=00:02:11 | time=2026-07-29 21:25:45
START | job=794/100000 | task=793 | pid=80108 | time=2026-07-29 21:25:45
FINISH | job=776/100000 | task=775 | pid=76076 | status=COMPLETED | exit=0 | runtime=00:10:09 | time=2026-07-29 21:26:54
START | job=795/100000 | task=794 | pid=80618 | time=2026-07-29 21:26:54
FINISH | job=775/100000 | task=774 | pid=75900 | status=COMPLETED | exit=0 | runtime=00:14:22 | time=2026-07-29 21:30:44
START | job=796/100000 | task=795 | pid=82325 | time=2026-07-29 21:30:44
FINISH | job=796/100000 | task=795 | pid=82325 | status=COMPLETED | exit=0 | runtime=00:00:16 | time=2026-07-29 21:31:00
START | job=797/100000 | task=796 | pid=82457 | time=2026-07-29 21:31:00
FINISH | job=777/100000 | task=776 | pid=76472 | status=COMPLETED | exit=0 | runtime=00:14:14 | time=2026-07-29 21:31:54
START | job=798/100000 | task=797 | pid=82853 | time=2026-07-29 21:31:55
FINISH | job=797/100000 | task=796 | pid=82457 | status=COMPLETED | exit=0 | runtime=00:01:01 | time=2026-07-29 21:32:01
START | job=799/100000 | task=798 | pid=82908 | time=2026-07-29 21:32:01
FINISH | job=799/100000 | task=798 | pid=82908 | status=COMPLETED | exit=0 | runtime=00:00:52 | time=2026-07-29 21:32:53
START | job=800/100000 | task=799 | pid=83277 | time=2026-07-29 21:32:53
START PROGRESS | 800/100000 (0%)
FINISH | job=800/100000 | task=799 | pid=83277 | status=COMPLETED | exit=0 | runtime=00:00:00 | time=2026-07-29 21:32:53
START | job=801/100000 | task=800 | pid=83283 | time=2026-07-29 21:32:53
FINISH | job=801/100000 | task=800 | pid=83283 | status=COMPLETED | exit=0 | runtime=00:00:16 | time=2026-07-29 21:33:09
START | job=802/100000 | task=801 | pid=83422 | time=2026-07-29 21:33:09
FINISH | job=798/100000 | task=797 | pid=82853 | status=COMPLETED | exit=0 | runtime=00:01:17 | time=2026-07-29 21:33:12
START | job=803/100000 | task=802 | pid=83448 | time=2026-07-29 21:33:12
FINISH | job=785/100000 | task=784 | pid=78946 | status=COMPLETED | exit=0 | runtime=00:12:34 | time=2026-07-29 21:35:51
START | job=804/100000 | task=803 | pid=84596 | time=2026-07-29 21:35:51
FINISH | job=804/100000 | task=803 | pid=84596 | status=COMPLETED | exit=0 | runtime=00:00:43 | time=2026-07-29 21:36:34
START | job=805/100000 | task=804 | pid=84909 | time=2026-07-29 21:36:34
FINISH | job=793/100000 | task=792 | pid=80036 | status=COMPLETED | exit=0 | runtime=00:12:29 | time=2026-07-29 21:38:05
START | job=806/100000 | task=805 | pid=85570 | time=2026-07-29 21:38:05
FINISH | job=806/100000 | task=805 | pid=85570 | status=COMPLETED | exit=0 | runtime=00:00:04 | time=2026-07-29 21:38:09
START | job=807/100000 | task=806 | pid=85608 | time=2026-07-29 21:38:09
FINISH | job=794/100000 | task=793 | pid=80108 | status=COMPLETED | exit=0 | runtime=00:12:38 | time=2026-07-29 21:38:23
START | job=808/100000 | task=807 | pid=85708 | time=2026-07-29 21:38:23
FINISH | job=807/100000 | task=806 | pid=85608 | status=COMPLETED | exit=0 | runtime=00:00:27 | time=2026-07-29 21:38:36
START | job=809/100000 | task=808 | pid=85808 | time=2026-07-29 21:38:36
FINISH | job=809/100000 | task=808 | pid=85808 | status=COMPLETED | exit=0 | runtime=00:00:01 | time=2026-07-29 21:38:37
START | job=810/100000 | task=809 | pid=85829 | time=2026-07-29 21:38:37
FINISH | job=810/100000 | task=809 | pid=85829 | status=COMPLETED | exit=0 | runtime=00:00:16 | time=2026-07-29 21:38:53
START | job=811/100000 | task=810 | pid=85957 | time=2026-07-29 21:38:53
FINISH | job=805/100000 | task=804 | pid=84909 | status=COMPLETED | exit=0 | runtime=00:02:32 | time=2026-07-29 21:39:06
START | job=812/100000 | task=811 | pid=86058 | time=2026-07-29 21:39:06
FINISH | job=808/100000 | task=807 | pid=85708 | status=COMPLETED | exit=0 | runtime=00:01:21 | time=2026-07-29 21:39:44
START | job=813/100000 | task=812 | pid=86338 | time=2026-07-29 21:39:44
FINISH | job=813/100000 | task=812 | pid=86338 | status=COMPLETED | exit=0 | runtime=00:00:28 | time=2026-07-29 21:40:12
START | job=814/100000 | task=813 | pid=86550 | time=2026-07-29 21:40:12
FINISH | job=814/100000 | task=813 | pid=86550 | status=COMPLETED | exit=0 | runtime=00:00:33 | time=2026-07-29 21:40:45
START | job=815/100000 | task=814 | pid=86787 | time=2026-07-29 21:40:45
FINISH | job=795/100000 | task=794 | pid=80618 | status=COMPLETED | exit=0 | runtime=00:14:20 | time=2026-07-29 21:41:14
START | job=816/100000 | task=815 | pid=87033 | time=2026-07-29 21:41:14
FINISH | job=815/100000 | task=814 | pid=86787 | status=COMPLETED | exit=0 | runtime=00:00:45 | time=2026-07-29 21:41:30
START | job=817/100000 | task=816 | pid=87148 | time=2026-07-29 21:41:30
FINISH | job=816/100000 | task=815 | pid=87033 | status=COMPLETED | exit=0 | runtime=00:00:21 | time=2026-07-29 21:41:35
START | job=818/100000 | task=817 | pid=87186 | time=2026-07-29 21:41:35
FINISH | job=818/100000 | task=817 | pid=87186 | status=COMPLETED | exit=0 | runtime=00:00:00 | time=2026-07-29 21:41:35
START | job=819/100000 | task=818 | pid=87207 | time=2026-07-29 21:41:35
FINISH | job=819/100000 | task=818 | pid=87207 | status=COMPLETED | exit=0 | runtime=00:00:01 | time=2026-07-29 21:41:36
START | job=820/100000 | task=819 | pid=87213 | time=2026-07-29 21:41:36
FINISH | job=817/100000 | task=816 | pid=87148 | status=COMPLETED | exit=0 | runtime=00:00:43 | time=2026-07-29 21:42:13
START | job=821/100000 | task=820 | pid=87479 | time=2026-07-29 21:42:13
FINISH | job=784/100000 | task=783 | pid=77042 | status=COMPLETED | exit=0 | runtime=00:23:57 | time=2026-07-29 21:42:48
START | job=822/100000 | task=821 | pid=87745 | time=2026-07-29 21:42:48
FINISH | job=822/100000 | task=821 | pid=87745 | status=COMPLETED | exit=0 | runtime=00:00:27 | time=2026-07-29 21:43:15
START | job=823/100000 | task=822 | pid=87936 | time=2026-07-29 21:43:15
FINISH | job=791/100000 | task=790 | pid=79741 | status=COMPLETED | exit=0 | runtime=00:18:56 | time=2026-07-29 21:43:56
START | job=824/100000 | task=823 | pid=88234 | time=2026-07-29 21:43:56
FINISH | job=824/100000 | task=823 | pid=88234 | status=COMPLETED | exit=0 | runtime=00:00:04 | time=2026-07-29 21:44:00
START | job=825/100000 | task=824 | pid=88272 | time=2026-07-29 21:44:00
FINISH | job=825/100000 | task=824 | pid=88272 | status=COMPLETED | exit=0 | runtime=00:00:02 | time=2026-07-29 21:44:02
START | job=826/100000 | task=825 | pid=88296 | time=2026-07-29 21:44:02
FINISH | job=826/100000 | task=825 | pid=88296 | status=COMPLETED | exit=0 | runtime=00:00:01 | time=2026-07-29 21:44:03
START | job=827/100000 | task=826 | pid=88317 | time=2026-07-29 21:44:03
FINISH | job=802/100000 | task=801 | pid=83422 | status=COMPLETED | exit=0 | runtime=00:13:03 | time=2026-07-29 21:46:12
START | job=828/100000 | task=827 | pid=89250 | time=2026-07-29 21:46:12
FINISH | job=828/100000 | task=827 | pid=89250 | status=COMPLETED | exit=0 | runtime=00:00:01 | time=2026-07-29 21:46:13
START | job=829/100000 | task=828 | pid=89256 | time=2026-07-29 21:46:13
FINISH | job=823/100000 | task=822 | pid=87936 | status=COMPLETED | exit=0 | runtime=00:03:58 | time=2026-07-29 21:47:13
START | job=830/100000 | task=829 | pid=89706 | time=2026-07-29 21:47:13
FINISH | job=812/100000 | task=811 | pid=86058 | status=COMPLETED | exit=0 | runtime=00:08:49 | time=2026-07-29 21:47:55
START | job=831/100000 | task=830 | pid=90016 | time=2026-07-29 21:47:56
FINISH | job=803/100000 | task=802 | pid=83448 | status=COMPLETED | exit=0 | runtime=00:14:56 | time=2026-07-29 21:48:08
START | job=832/100000 | task=831 | pid=90117 | time=2026-07-29 21:48:08
FINISH | job=832/100000 | task=831 | pid=90117 | status=COMPLETED | exit=0 | runtime=00:02:32 | time=2026-07-29 21:50:40
START | job=833/100000 | task=832 | pid=91213 | time=2026-07-29 21:50:40
FINISH | job=811/100000 | task=810 | pid=85957 | status=COMPLETED | exit=0 | runtime=00:13:06 | time=2026-07-29 21:51:59
START | job=834/100000 | task=833 | pid=91793 | time=2026-07-29 21:51:59
FINISH | job=834/100000 | task=833 | pid=91793 | status=COMPLETED | exit=0 | runtime=00:00:03 | time=2026-07-29 21:52:02
START | job=835/100000 | task=834 | pid=91816 | time=2026-07-29 21:52:02
FINISH | job=835/100000 | task=834 | pid=91816 | status=COMPLETED | exit=0 | runtime=00:00:01 | time=2026-07-29 21:52:03
START | job=836/100000 | task=835 | pid=91837 | time=2026-07-29 21:52:03
FINISH | job=836/100000 | task=835 | pid=91837 | status=COMPLETED | exit=0 | runtime=00:00:00 | time=2026-07-29 21:52:03
START | job=837/100000 | task=836 | pid=91843 | time=2026-07-29 21:52:03
FINISH | job=837/100000 | task=836 | pid=91843 | status=COMPLETED | exit=0 | runtime=00:00:01 | time=2026-07-29 21:52:04
START | job=838/100000 | task=837 | pid=91849 | time=2026-07-29 21:52:04
FINISH | job=831/100000 | task=830 | pid=90016 | status=COMPLETED | exit=0 | runtime=00:04:19 | time=2026-07-29 21:52:15
START | job=839/100000 | task=838 | pid=91934 | time=2026-07-29 21:52:15
FINISH | job=833/100000 | task=832 | pid=91213 | status=COMPLETED | exit=0 | runtime=00:01:51 | time=2026-07-29 21:52:31
START | job=840/100000 | task=839 | pid=92065 | time=2026-07-29 21:52:31
FINISH | job=821/100000 | task=820 | pid=87479 | status=COMPLETED | exit=0 | runtime=00:11:10 | time=2026-07-29 21:53:23
START | job=841/100000 | task=840 | pid=92438 | time=2026-07-29 21:53:23
FINISH | job=841/100000 | task=840 | pid=92438 | status=COMPLETED | exit=0 | runtime=00:00:13 | time=2026-07-29 21:53:36
START | job=842/100000 | task=841 | pid=92538 | time=2026-07-29 21:53:36
FINISH | job=840/100000 | task=839 | pid=92065 | status=COMPLETED | exit=0 | runtime=00:01:39 | time=2026-07-29 21:54:10
START | job=843/100000 | task=842 | pid=92788 | time=2026-07-29 21:54:10
FINISH | job=843/100000 | task=842 | pid=92788 | status=COMPLETED | exit=0 | runtime=00:00:01 | time=2026-07-29 21:54:11
START | job=844/100000 | task=843 | pid=92796 | time=2026-07-29 21:54:11
FINISH | job=844/100000 | task=843 | pid=92796 | status=COMPLETED | exit=0 | runtime=00:00:01 | time=2026-07-29 21:54:12
START | job=845/100000 | task=844 | pid=92817 | time=2026-07-29 21:54:12
FINISH | job=820/100000 | task=819 | pid=87213 | status=COMPLETED | exit=0 | runtime=00:12:39 | time=2026-07-29 21:54:15
START | job=846/100000 | task=845 | pid=92838 | time=2026-07-29 21:54:15
FINISH | job=846/100000 | task=845 | pid=92838 | status=COMPLETED | exit=0 | runtime=00:00:00 | time=2026-07-29 21:54:15
START | job=847/100000 | task=846 | pid=92844 | time=2026-07-29 21:54:15
FINISH | job=845/100000 | task=844 | pid=92817 | status=COMPLETED | exit=0 | runtime=00:00:15 | time=2026-07-29 21:54:27
START | job=848/100000 | task=847 | pid=92944 | time=2026-07-29 21:54:27
FINISH | job=842/100000 | task=841 | pid=92538 | status=COMPLETED | exit=0 | runtime=00:02:13 | time=2026-07-29 21:55:49
START | job=849/100000 | task=848 | pid=93554 | time=2026-07-29 21:55:49
FINISH | job=848/100000 | task=847 | pid=92944 | status=COMPLETED | exit=0 | runtime=00:04:33 | time=2026-07-29 21:59:00
START | job=850/100000 | task=849 | pid=94974 | time=2026-07-29 21:59:00
FINISH | job=850/100000 | task=849 | pid=94974 | status=COMPLETED | exit=0 | runtime=00:00:16 | time=2026-07-29 21:59:16
START | job=851/100000 | task=850 | pid=95089 | time=2026-07-29 21:59:16
FINISH | job=830/100000 | task=829 | pid=89706 | status=COMPLETED | exit=0 | runtime=00:12:43 | time=2026-07-29 21:59:56
START | job=852/100000 | task=851 | pid=95404 | time=2026-07-29 21:59:56
FINISH | job=852/100000 | task=851 | pid=95404 | status=COMPLETED | exit=0 | runtime=00:00:02 | time=2026-07-29 21:59:58
START | job=853/100000 | task=852 | pid=95427 | time=2026-07-29 21:59:58
FINISH | job=853/100000 | task=852 | pid=95427 | status=COMPLETED | exit=0 | runtime=00:00:01 | time=2026-07-29 21:59:59
START | job=854/100000 | task=853 | pid=95448 | time=2026-07-29 21:59:59
FINISH | job=854/100000 | task=853 | pid=95448 | status=COMPLETED | exit=0 | runtime=00:00:01 | time=2026-07-29 22:00:00
START | job=855/100000 | task=854 | pid=95455 | time=2026-07-29 22:00:00
FINISH | job=855/100000 | task=854 | pid=95455 | status=COMPLETED | exit=0 | runtime=00:00:01 | time=2026-07-29 22:00:01
START | job=856/100000 | task=855 | pid=95461 | time=2026-07-29 22:00:01
FINISH | job=829/100000 | task=828 | pid=89256 | status=COMPLETED | exit=0 | runtime=00:13:53 | time=2026-07-29 22:00:06
START | job=857/100000 | task=856 | pid=95514 | time=2026-07-29 22:00:06
FINISH | job=851/100000 | task=850 | pid=95089 | status=COMPLETED | exit=0 | runtime=00:02:07 | time=2026-07-29 22:01:23
START | job=858/100000 | task=857 | pid=96074 | time=2026-07-29 22:01:23
FINISH | job=839/100000 | task=838 | pid=91934 | status=COMPLETED | exit=0 | runtime=00:10:26 | time=2026-07-29 22:02:41
START | job=859/100000 | task=858 | pid=96680 | time=2026-07-29 22:02:41
FINISH | job=859/100000 | task=858 | pid=96680 | status=COMPLETED | exit=0 | runtime=00:00:06 | time=2026-07-29 22:02:47
START | job=860/100000 | task=859 | pid=96734 | time=2026-07-29 22:02:47
FINISH | job=860/100000 | task=859 | pid=96734 | status=COMPLETED | exit=0 | runtime=00:01:00 | time=2026-07-29 22:03:47
START | job=861/100000 | task=860 | pid=97170 | time=2026-07-29 22:03:47
FINISH | job=861/100000 | task=860 | pid=97170 | status=COMPLETED | exit=0 | runtime=00:00:02 | time=2026-07-29 22:03:49
START | job=862/100000 | task=861 | pid=97193 | time=2026-07-29 22:03:49
FINISH | job=862/100000 | task=861 | pid=97193 | status=COMPLETED | exit=0 | runtime=00:00:01 | time=2026-07-29 22:03:50
START | job=863/100000 | task=862 | pid=97199 | time=2026-07-29 22:03:50
FINISH | job=863/100000 | task=862 | pid=97199 | status=COMPLETED | exit=0 | runtime=00:00:15 | time=2026-07-29 22:04:05
START | job=864/100000 | task=863 | pid=97313 | time=2026-07-29 22:04:05
FINISH | job=838/100000 | task=837 | pid=91849 | status=COMPLETED | exit=0 | runtime=00:13:18 | time=2026-07-29 22:05:22
START | job=865/100000 | task=864 | pid=97876 | time=2026-07-29 22:05:22
FINISH | job=847/100000 | task=846 | pid=92844 | status=COMPLETED | exit=0 | runtime=00:12:37 | time=2026-07-29 22:06:52
START | job=866/100000 | task=865 | pid=98520 | time=2026-07-29 22:06:52
FINISH | job=849/100000 | task=848 | pid=93554 | status=COMPLETED | exit=0 | runtime=00:12:58 | time=2026-07-29 22:08:47
START | job=867/100000 | task=866 | pid=99356 | time=2026-07-29 22:08:47
FINISH | job=867/100000 | task=866 | pid=99356 | status=COMPLETED | exit=0 | runtime=00:00:26 | time=2026-07-29 22:09:13
START | job=868/100000 | task=867 | pid=99550 | time=2026-07-29 22:09:13
FINISH | job=858/100000 | task=857 | pid=96074 | status=COMPLETED | exit=0 | runtime=00:10:07 | time=2026-07-29 22:11:30
START | job=869/100000 | task=868 | pid=835 | time=2026-07-29 22:11:30
FINISH | job=869/100000 | task=868 | pid=835 | status=COMPLETED | exit=0 | runtime=00:00:04 | time=2026-07-29 22:11:34
START | job=870/100000 | task=869 | pid=876 | time=2026-07-29 22:11:34
FINISH | job=870/100000 | task=869 | pid=876 | status=COMPLETED | exit=0 | runtime=00:00:01 | time=2026-07-29 22:11:36
START | job=871/100000 | task=870 | pid=897 | time=2026-07-29 22:11:36
FINISH | job=871/100000 | task=870 | pid=897 | status=COMPLETED | exit=0 | runtime=00:00:00 | time=2026-07-29 22:11:36
START | job=872/100000 | task=871 | pid=904 | time=2026-07-29 22:11:36
FINISH | job=872/100000 | task=871 | pid=904 | status=COMPLETED | exit=0 | runtime=00:00:01 | time=2026-07-29 22:11:37
START | job=873/100000 | task=872 | pid=912 | time=2026-07-29 22:11:37
FINISH | job=873/100000 | task=872 | pid=912 | status=COMPLETED | exit=0 | runtime=00:00:01 | time=2026-07-29 22:11:38
START | job=874/100000 | task=873 | pid=934 | time=2026-07-29 22:11:38
FINISH | job=857/100000 | task=856 | pid=95514 | status=COMPLETED | exit=0 | runtime=00:12:37 | time=2026-07-29 22:12:43
START | job=875/100000 | task=874 | pid=1447 | time=2026-07-29 22:12:44
FINISH | job=868/100000 | task=867 | pid=99550 | status=COMPLETED | exit=0 | runtime=00:03:56 | time=2026-07-29 22:13:09
START | job=876/100000 | task=875 | pid=1638 | time=2026-07-29 22:13:09
FINISH | job=876/100000 | task=875 | pid=1638 | status=COMPLETED | exit=0 | runtime=00:01:14 | time=2026-07-29 22:14:23
START | job=877/100000 | task=876 | pid=2165 | time=2026-07-29 22:14:23
FINISH | job=877/100000 | task=876 | pid=2165 | status=COMPLETED | exit=0 | runtime=00:00:07 | time=2026-07-29 22:14:30
START | job=878/100000 | task=877 | pid=2236 | time=2026-07-29 22:14:30
FINISH | job=878/100000 | task=877 | pid=2236 | status=COMPLETED | exit=0 | runtime=00:00:03 | time=2026-07-29 22:14:33
START | job=879/100000 | task=878 | pid=2257 | time=2026-07-29 22:14:33
FINISH | job=879/100000 | task=878 | pid=2257 | status=COMPLETED | exit=0 | runtime=00:00:02 | time=2026-07-29 22:14:35
START | job=880/100000 | task=879 | pid=2280 | time=2026-07-29 22:14:35
FINISH | job=856/100000 | task=855 | pid=95461 | status=COMPLETED | exit=0 | runtime=00:14:49 | time=2026-07-29 22:14:50
START | job=881/100000 | task=880 | pid=2393 | time=2026-07-29 22:14:50
FINISH | job=881/100000 | task=880 | pid=2393 | status=COMPLETED | exit=0 | runtime=00:00:01 | time=2026-07-29 22:14:51
START | job=882/100000 | task=881 | pid=2414 | time=2026-07-29 22:14:51
FINISH | job=882/100000 | task=881 | pid=2414 | status=COMPLETED | exit=0 | runtime=00:00:00 | time=2026-07-29 22:14:51
START | job=883/100000 | task=882 | pid=2420 | time=2026-07-29 22:14:51
FINISH | job=880/100000 | task=879 | pid=2280 | status=COMPLETED | exit=0 | runtime=00:00:37 | time=2026-07-29 22:15:12
START | job=884/100000 | task=883 | pid=2589 | time=2026-07-29 22:15:12
FINISH | job=865/100000 | task=864 | pid=97876 | status=COMPLETED | exit=0 | runtime=00:13:38 | time=2026-07-29 22:19:00
START | job=885/100000 | task=884 | pid=4215 | time=2026-07-29 22:19:00
FINISH | job=866/100000 | task=865 | pid=98520 | status=COMPLETED | exit=0 | runtime=00:16:00 | time=2026-07-29 22:22:52
START | job=886/100000 | task=885 | pid=5872 | time=2026-07-29 22:22:52
FINISH | job=874/100000 | task=873 | pid=934 | status=COMPLETED | exit=0 | runtime=00:14:10 | time=2026-07-29 22:25:48
START | job=887/100000 | task=886 | pid=7139 | time=2026-07-29 22:25:48
FINISH | job=887/100000 | task=886 | pid=7139 | status=COMPLETED | exit=0 | runtime=00:00:13 | time=2026-07-29 22:26:01
START | job=888/100000 | task=887 | pid=7241 | time=2026-07-29 22:26:01
FINISH | job=888/100000 | task=887 | pid=7241 | status=COMPLETED | exit=0 | runtime=00:00:01 | time=2026-07-29 22:26:02
START | job=889/100000 | task=888 | pid=7264 | time=2026-07-29 22:26:02
FINISH | job=889/100000 | task=888 | pid=7264 | status=COMPLETED | exit=0 | runtime=00:00:01 | time=2026-07-29 22:26:03
START | job=890/100000 | task=889 | pid=7270 | time=2026-07-29 22:26:03
FINISH | job=890/100000 | task=889 | pid=7270 | status=COMPLETED | exit=0 | runtime=00:00:01 | time=2026-07-29 22:26:04
START | job=891/100000 | task=890 | pid=7291 | time=2026-07-29 22:26:04
FINISH | job=891/100000 | task=890 | pid=7291 | status=COMPLETED | exit=0 | runtime=00:00:15 | time=2026-07-29 22:26:19
START | job=892/100000 | task=891 | pid=7417 | time=2026-07-29 22:26:19
FINISH | job=875/100000 | task=874 | pid=1447 | status=COMPLETED | exit=0 | runtime=00:14:02 | time=2026-07-29 22:26:46
START | job=893/100000 | task=892 | pid=7611 | time=2026-07-29 22:26:46
FINISH | job=886/100000 | task=885 | pid=5872 | status=COMPLETED | exit=0 | runtime=00:03:59 | time=2026-07-29 22:26:51
START | job=894/100000 | task=893 | pid=7664 | time=2026-07-29 22:26:51
FINISH | job=883/100000 | task=882 | pid=2420 | status=COMPLETED | exit=0 | runtime=00:12:39 | time=2026-07-29 22:27:30
START | job=895/100000 | task=894 | pid=7946 | time=2026-07-29 22:27:30
FINISH | job=884/100000 | task=883 | pid=2589 | status=COMPLETED | exit=0 | runtime=00:12:36 | time=2026-07-29 22:27:48
START | job=896/100000 | task=895 | pid=8082 | time=2026-07-29 22:27:48
FINISH | job=894/100000 | task=893 | pid=7664 | status=COMPLETED | exit=0 | runtime=00:01:28 | time=2026-07-29 22:28:19
START | job=897/100000 | task=896 | pid=8311 | time=2026-07-29 22:28:19
FINISH | job=897/100000 | task=896 | pid=8311 | status=COMPLETED | exit=0 | runtime=00:00:01 | time=2026-07-29 22:28:20
START | job=898/100000 | task=897 | pid=8338 | time=2026-07-29 22:28:20
FINISH | job=898/100000 | task=897 | pid=8338 | status=COMPLETED | exit=0 | runtime=00:00:04 | time=2026-07-29 22:28:24
START | job=899/100000 | task=898 | pid=8375 | time=2026-07-29 22:28:24
FINISH | job=896/100000 | task=895 | pid=8082 | status=COMPLETED | exit=0 | runtime=00:01:01 | time=2026-07-29 22:28:49
START | job=900/100000 | task=899 | pid=8577 | time=2026-07-29 22:28:49
START PROGRESS | 900/100000 (0%)
FINISH | job=900/100000 | task=899 | pid=8577 | status=COMPLETED | exit=0 | runtime=00:00:00 | time=2026-07-29 22:28:49
START | job=901/100000 | task=900 | pid=8583 | time=2026-07-29 22:28:49
FINISH | job=885/100000 | task=884 | pid=4215 | status=COMPLETED | exit=0 | runtime=00:10:13 | time=2026-07-29 22:29:13
START | job=902/100000 | task=901 | pid=8758 | time=2026-07-29 22:29:13
FINISH | job=899/100000 | task=898 | pid=8375 | status=COMPLETED | exit=0 | runtime=00:01:21 | time=2026-07-29 22:29:45
START | job=903/100000 | task=902 | pid=8993 | time=2026-07-29 22:29:45
FINISH | job=895/100000 | task=894 | pid=7946 | status=COMPLETED | exit=0 | runtime=00:02:32 | time=2026-07-29 22:30:02
START | job=904/100000 | task=903 | pid=9125 | time=2026-07-29 22:30:02
FINISH | job=903/100000 | task=902 | pid=8993 | status=COMPLETED | exit=0 | runtime=00:00:27 | time=2026-07-29 22:30:12
START | job=905/100000 | task=904 | pid=9197 | time=2026-07-29 22:30:12
FINISH | job=904/100000 | task=903 | pid=9125 | status=COMPLETED | exit=0 | runtime=00:00:34 | time=2026-07-29 22:30:36
START | job=906/100000 | task=905 | pid=9370 | time=2026-07-29 22:30:36
FINISH | job=906/100000 | task=905 | pid=9370 | status=COMPLETED | exit=0 | runtime=00:00:27 | time=2026-07-29 22:31:03
START | job=907/100000 | task=906 | pid=9577 | time=2026-07-29 22:31:03
FINISH | job=905/100000 | task=904 | pid=9197 | status=COMPLETED | exit=0 | runtime=00:01:01 | time=2026-07-29 22:31:13
START | job=908/100000 | task=907 | pid=9662 | time=2026-07-29 22:31:13
FINISH | job=908/100000 | task=907 | pid=9662 | status=COMPLETED | exit=0 | runtime=00:00:01 | time=2026-07-29 22:31:14
START | job=909/100000 | task=908 | pid=9668 | time=2026-07-29 22:31:14
FINISH | job=909/100000 | task=908 | pid=9668 | status=COMPLETED | exit=0 | runtime=00:00:01 | time=2026-07-29 22:31:15
START | job=910/100000 | task=909 | pid=9691 | time=2026-07-29 22:31:15
FINISH | job=907/100000 | task=906 | pid=9577 | status=COMPLETED | exit=0 | runtime=00:00:16 | time=2026-07-29 22:31:19
START | job=911/100000 | task=910 | pid=9727 | time=2026-07-29 22:31:19
FINISH | job=893/100000 | task=892 | pid=7611 | status=COMPLETED | exit=0 | runtime=00:10:08 | time=2026-07-29 22:36:54
START | job=912/100000 | task=911 | pid=12147 | time=2026-07-29 22:36:54
FINISH | job=912/100000 | task=911 | pid=12147 | status=COMPLETED | exit=0 | runtime=00:00:56 | time=2026-07-29 22:37:50
START | job=913/100000 | task=912 | pid=12579 | time=2026-07-29 22:37:50
FINISH | job=892/100000 | task=891 | pid=7417 | status=COMPLETED | exit=0 | runtime=00:13:29 | time=2026-07-29 22:39:48
START | job=914/100000 | task=913 | pid=13429 | time=2026-07-29 22:39:48
FINISH | job=911/100000 | task=910 | pid=9727 | status=COMPLETED | exit=0 | runtime=00:08:32 | time=2026-07-29 22:39:51
START | job=915/100000 | task=914 | pid=13467 | time=2026-07-29 22:39:51
FINISH | job=915/100000 | task=914 | pid=13467 | status=COMPLETED | exit=0 | runtime=00:00:02 | time=2026-07-29 22:39:53
START | job=916/100000 | task=915 | pid=13474 | time=2026-07-29 22:39:53
FINISH | job=916/100000 | task=915 | pid=13474 | status=COMPLETED | exit=0 | runtime=00:00:15 | time=2026-07-29 22:40:08
START | job=917/100000 | task=916 | pid=13590 | time=2026-07-29 22:40:08
FINISH | job=917/100000 | task=916 | pid=13590 | status=COMPLETED | exit=0 | runtime=00:00:15 | time=2026-07-29 22:40:23
START | job=918/100000 | task=917 | pid=13723 | time=2026-07-29 22:40:23
FINISH | job=918/100000 | task=917 | pid=13723 | status=COMPLETED | exit=0 | runtime=00:00:01 | time=2026-07-29 22:40:24
START | job=919/100000 | task=918 | pid=13729 | time=2026-07-29 22:40:24
FINISH | job=914/100000 | task=913 | pid=13429 | status=COMPLETED | exit=0 | runtime=00:01:02 | time=2026-07-29 22:40:50
START | job=920/100000 | task=919 | pid=13922 | time=2026-07-29 22:40:50
FINISH | job=901/100000 | task=900 | pid=8583 | status=COMPLETED | exit=0 | runtime=00:13:02 | time=2026-07-29 22:41:51
START | job=921/100000 | task=920 | pid=14394 | time=2026-07-29 22:41:51
FINISH | job=902/100000 | task=901 | pid=8758 | status=COMPLETED | exit=0 | runtime=00:13:25 | time=2026-07-29 22:42:38
START | job=922/100000 | task=921 | pid=14744 | time=2026-07-29 22:42:38
FINISH | job=922/100000 | task=921 | pid=14744 | status=COMPLETED | exit=0 | runtime=00:00:20 | time=2026-07-29 22:42:58
START | job=923/100000 | task=922 | pid=14889 | time=2026-07-29 22:42:58
FINISH | job=923/100000 | task=922 | pid=14889 | status=COMPLETED | exit=0 | runtime=00:00:02 | time=2026-07-29 22:43:00
START | job=924/100000 | task=923 | pid=14912 | time=2026-07-29 22:43:00
FINISH | job=913/100000 | task=912 | pid=12579 | status=COMPLETED | exit=0 | runtime=00:05:37 | time=2026-07-29 22:43:27
START | job=925/100000 | task=924 | pid=15106 | time=2026-07-29 22:43:27
FINISH | job=925/100000 | task=924 | pid=15106 | status=COMPLETED | exit=0 | runtime=00:00:01 | time=2026-07-29 22:43:28
START | job=926/100000 | task=925 | pid=15127 | time=2026-07-29 22:43:28
FINISH | job=926/100000 | task=925 | pid=15127 | status=COMPLETED | exit=0 | runtime=00:00:00 | time=2026-07-29 22:43:28
START | job=927/100000 | task=926 | pid=15135 | time=2026-07-29 22:43:28
FINISH | job=927/100000 | task=926 | pid=15135 | status=COMPLETED | exit=0 | runtime=00:00:01 | time=2026-07-29 22:43:29
START | job=928/100000 | task=927 | pid=15141 | time=2026-07-29 22:43:29
FINISH | job=924/100000 | task=923 | pid=14912 | status=COMPLETED | exit=0 | runtime=00:00:48 | time=2026-07-29 22:43:48
START | job=929/100000 | task=928 | pid=15287 | time=2026-07-29 22:43:48
FINISH | job=910/100000 | task=909 | pid=9691 | status=COMPLETED | exit=0 | runtime=00:12:52 | time=2026-07-29 22:44:07
START | job=930/100000 | task=929 | pid=15437 | time=2026-07-29 22:44:07
FINISH | job=930/100000 | task=929 | pid=15437 | status=COMPLETED | exit=0 | runtime=00:02:43 | time=2026-07-29 22:46:50
START | job=931/100000 | task=930 | pid=16623 | time=2026-07-29 22:46:50
FINISH | job=931/100000 | task=930 | pid=16623 | status=COMPLETED | exit=0 | runtime=00:01:01 | time=2026-07-29 22:47:51
START | job=932/100000 | task=931 | pid=17066 | time=2026-07-29 22:47:51
FINISH | job=932/100000 | task=931 | pid=17066 | status=COMPLETED | exit=0 | runtime=00:00:25 | time=2026-07-29 22:48:16
START | job=933/100000 | task=932 | pid=17257 | time=2026-07-29 22:48:16
FINISH | job=933/100000 | task=932 | pid=17257 | status=COMPLETED | exit=0 | runtime=00:00:02 | time=2026-07-29 22:48:18
START | job=934/100000 | task=933 | pid=17280 | time=2026-07-29 22:48:18
FINISH | job=934/100000 | task=933 | pid=17280 | status=COMPLETED | exit=0 | runtime=00:00:01 | time=2026-07-29 22:48:19
START | job=935/100000 | task=934 | pid=17286 | time=2026-07-29 22:48:19
FINISH | job=935/100000 | task=934 | pid=17286 | status=COMPLETED | exit=0 | runtime=00:00:15 | time=2026-07-29 22:48:34
START | job=936/100000 | task=935 | pid=17399 | time=2026-07-29 22:48:34
FINISH | job=936/100000 | task=935 | pid=17399 | status=COMPLETED | exit=0 | runtime=00:00:01 | time=2026-07-29 22:48:35
START | job=937/100000 | task=936 | pid=17405 | time=2026-07-29 22:48:35
FINISH | job=827/100000 | task=826 | pid=88317 | status=COMPLETED | exit=0 | runtime=01:06:31 | time=2026-07-29 22:50:34
START | job=938/100000 | task=937 | pid=18265 | time=2026-07-29 22:50:34
FINISH | job=920/100000 | task=919 | pid=13922 | status=COMPLETED | exit=0 | runtime=00:12:41 | time=2026-07-29 22:53:31
START | job=939/100000 | task=938 | pid=19546 | time=2026-07-29 22:53:31
FINISH | job=864/100000 | task=863 | pid=97313 | status=COMPLETED | exit=0 | runtime=00:49:33 | time=2026-07-29 22:53:38
START | job=940/100000 | task=939 | pid=19602 | time=2026-07-29 22:53:38
FINISH | job=937/100000 | task=936 | pid=17405 | status=COMPLETED | exit=0 | runtime=00:05:10 | time=2026-07-29 22:53:45
START | job=941/100000 | task=940 | pid=19655 | time=2026-07-29 22:53:45
FINISH | job=919/100000 | task=918 | pid=13729 | status=COMPLETED | exit=0 | runtime=00:13:31 | time=2026-07-29 22:53:55
START | job=942/100000 | task=941 | pid=19739 | time=2026-07-29 22:53:55
FINISH | job=939/100000 | task=938 | pid=19546 | status=COMPLETED | exit=0 | runtime=00:01:06 | time=2026-07-29 22:54:37
START | job=943/100000 | task=942 | pid=20035 | time=2026-07-29 22:54:37
FINISH | job=943/100000 | task=942 | pid=20035 | status=COMPLETED | exit=0 | runtime=00:00:01 | time=2026-07-29 22:54:38
START | job=944/100000 | task=943 | pid=20058 | time=2026-07-29 22:54:38
FINISH | job=944/100000 | task=943 | pid=20058 | status=COMPLETED | exit=0 | runtime=00:00:01 | time=2026-07-29 22:54:39
START | job=945/100000 | task=944 | pid=20064 | time=2026-07-29 22:54:39
FINISH | job=945/100000 | task=944 | pid=20064 | status=COMPLETED | exit=0 | runtime=00:00:01 | time=2026-07-29 22:54:40
START | job=946/100000 | task=945 | pid=20085 | time=2026-07-29 22:54:40
FINISH | job=942/100000 | task=941 | pid=19739 | status=COMPLETED | exit=0 | runtime=00:01:24 | time=2026-07-29 22:55:19
START | job=947/100000 | task=946 | pid=20382 | time=2026-07-29 22:55:19
FINISH | job=921/100000 | task=920 | pid=14394 | status=COMPLETED | exit=0 | runtime=00:13:47 | time=2026-07-29 22:55:38
START | job=948/100000 | task=947 | pid=20532 | time=2026-07-29 22:55:38
FINISH | job=941/100000 | task=940 | pid=19655 | status=COMPLETED | exit=0 | runtime=00:02:07 | time=2026-07-29 22:55:52
START | job=949/100000 | task=948 | pid=20635 | time=2026-07-29 22:55:52
FINISH | job=949/100000 | task=948 | pid=20635 | status=COMPLETED | exit=0 | runtime=00:00:23 | time=2026-07-29 22:56:15
START | job=950/100000 | task=949 | pid=20812 | time=2026-07-29 22:56:15
FINISH | job=950/100000 | task=949 | pid=20812 | status=COMPLETED | exit=0 | runtime=00:00:06 | time=2026-07-29 22:56:21
START | job=951/100000 | task=950 | pid=20868 | time=2026-07-29 22:56:21
FINISH | job=929/100000 | task=928 | pid=15287 | status=COMPLETED | exit=0 | runtime=00:12:37 | time=2026-07-29 22:56:25
START | job=952/100000 | task=951 | pid=20907 | time=2026-07-29 22:56:25
FINISH | job=952/100000 | task=951 | pid=20907 | status=COMPLETED | exit=0 | runtime=00:00:00 | time=2026-07-29 22:56:25
START | job=953/100000 | task=952 | pid=20913 | time=2026-07-29 22:56:25
FINISH | job=948/100000 | task=947 | pid=20532 | status=COMPLETED | exit=0 | runtime=00:00:50 | time=2026-07-29 22:56:28
START | job=954/100000 | task=953 | pid=20936 | time=2026-07-29 22:56:28
FINISH | job=954/100000 | task=953 | pid=20936 | status=COMPLETED | exit=0 | runtime=00:00:00 | time=2026-07-29 22:56:28
START | job=955/100000 | task=954 | pid=20942 | time=2026-07-29 22:56:28
FINISH | job=953/100000 | task=952 | pid=20913 | status=COMPLETED | exit=0 | runtime=00:00:16 | time=2026-07-29 22:56:41
START | job=956/100000 | task=955 | pid=21040 | time=2026-07-29 22:56:41
FINISH | job=951/100000 | task=950 | pid=20868 | status=COMPLETED | exit=0 | runtime=00:00:27 | time=2026-07-29 22:56:48
START | job=957/100000 | task=956 | pid=21113 | time=2026-07-29 22:56:48
FINISH | job=940/100000 | task=939 | pid=19602 | status=COMPLETED | exit=0 | runtime=00:04:09 | time=2026-07-29 22:57:47
START | job=958/100000 | task=957 | pid=21542 | time=2026-07-29 22:57:47
FINISH | job=928/100000 | task=927 | pid=15141 | status=COMPLETED | exit=0 | runtime=00:14:49 | time=2026-07-29 22:58:18
START | job=959/100000 | task=958 | pid=21794 | time=2026-07-29 22:58:18
FINISH | job=959/100000 | task=958 | pid=21794 | status=COMPLETED | exit=0 | runtime=00:00:05 | time=2026-07-29 22:58:23
START | job=960/100000 | task=959 | pid=21832 | time=2026-07-29 22:58:23
FINISH | job=960/100000 | task=959 | pid=21832 | status=COMPLETED | exit=0 | runtime=00:00:02 | time=2026-07-29 22:58:25
START | job=961/100000 | task=960 | pid=21855 | time=2026-07-29 22:58:25
FINISH | job=961/100000 | task=960 | pid=21855 | status=COMPLETED | exit=0 | runtime=00:00:37 | time=2026-07-29 22:59:02
START | job=962/100000 | task=961 | pid=22121 | time=2026-07-29 22:59:02
FINISH | job=962/100000 | task=961 | pid=22121 | status=COMPLETED | exit=0 | runtime=00:00:01 | time=2026-07-29 22:59:03
START | job=963/100000 | task=962 | pid=22142 | time=2026-07-29 22:59:03
FINISH | job=963/100000 | task=962 | pid=22142 | status=COMPLETED | exit=0 | runtime=00:00:00 | time=2026-07-29 22:59:03
START | job=964/100000 | task=963 | pid=22148 | time=2026-07-29 22:59:03
FINISH | job=938/100000 | task=937 | pid=18265 | status=COMPLETED | exit=0 | runtime=00:09:43 | time=2026-07-29 23:00:17
START | job=965/100000 | task=964 | pid=22690 | time=2026-07-29 23:00:17
FINISH | job=958/100000 | task=957 | pid=21542 | status=COMPLETED | exit=0 | runtime=00:02:32 | time=2026-07-29 23:00:19
START | job=966/100000 | task=965 | pid=22719 | time=2026-07-29 23:00:19
FINISH | job=966/100000 | task=965 | pid=22719 | status=COMPLETED | exit=0 | runtime=00:01:20 | time=2026-07-29 23:01:39
START | job=967/100000 | task=966 | pid=23299 | time=2026-07-29 23:01:39
FINISH | job=956/100000 | task=955 | pid=21040 | status=COMPLETED | exit=0 | runtime=00:05:01 | time=2026-07-29 23:01:42
START | job=968/100000 | task=967 | pid=23340 | time=2026-07-29 23:01:43
FINISH | job=968/100000 | task=967 | pid=23340 | status=COMPLETED | exit=0 | runtime=00:00:06 | time=2026-07-29 23:01:48
START | job=969/100000 | task=968 | pid=23393 | time=2026-07-29 23:01:48
FINISH | job=969/100000 | task=968 | pid=23393 | status=COMPLETED | exit=0 | runtime=00:01:03 | time=2026-07-29 23:02:51
START | job=970/100000 | task=969 | pid=23851 | time=2026-07-29 23:02:51
FINISH | job=970/100000 | task=969 | pid=23851 | status=COMPLETED | exit=0 | runtime=00:00:01 | time=2026-07-29 23:02:52
START | job=971/100000 | task=970 | pid=23858 | time=2026-07-29 23:02:52
FINISH | job=971/100000 | task=970 | pid=23858 | status=COMPLETED | exit=0 | runtime=00:00:44 | time=2026-07-29 23:03:36
START | job=972/100000 | task=971 | pid=24195 | time=2026-07-29 23:03:36
FINISH | job=972/100000 | task=971 | pid=24195 | status=COMPLETED | exit=0 | runtime=00:00:01 | time=2026-07-29 23:03:37
START | job=973/100000 | task=972 | pid=24201 | time=2026-07-29 23:03:37
FINISH | job=973/100000 | task=972 | pid=24201 | status=COMPLETED | exit=0 | runtime=00:00:01 | time=2026-07-29 23:03:38
START | job=974/100000 | task=973 | pid=24224 | time=2026-07-29 23:03:38
FINISH | job=967/100000 | task=966 | pid=23299 | status=COMPLETED | exit=0 | runtime=00:02:32 | time=2026-07-29 23:04:11
START | job=975/100000 | task=974 | pid=24459 | time=2026-07-29 23:04:11
FINISH | job=974/100000 | task=973 | pid=24224 | status=COMPLETED | exit=0 | runtime=00:02:00 | time=2026-07-29 23:05:38
START | job=976/100000 | task=975 | pid=25089 | time=2026-07-29 23:05:38
FINISH | job=946/100000 | task=945 | pid=20085 | status=COMPLETED | exit=0 | runtime=00:14:31 | time=2026-07-29 23:09:11
START | job=977/100000 | task=976 | pid=26624 | time=2026-07-29 23:09:11
FINISH | job=976/100000 | task=975 | pid=25089 | status=COMPLETED | exit=0 | runtime=00:03:37 | time=2026-07-29 23:09:15
START | job=978/100000 | task=977 | pid=26662 | time=2026-07-29 23:09:15
FINISH | job=977/100000 | task=976 | pid=26624 | status=COMPLETED | exit=0 | runtime=00:00:04 | time=2026-07-29 23:09:15
START | job=979/100000 | task=978 | pid=26668 | time=2026-07-29 23:09:15
FINISH | job=979/100000 | task=978 | pid=26668 | status=COMPLETED | exit=0 | runtime=00:00:15 | time=2026-07-29 23:09:30
FINISH | job=955/100000 | task=954 | pid=20942 | status=COMPLETED | exit=0 | runtime=00:13:02 | time=2026-07-29 23:09:30
START | job=980/100000 | task=979 | pid=26783 | time=2026-07-29 23:09:30
START | job=981/100000 | task=980 | pid=26789 | time=2026-07-29 23:09:30
FINISH | job=980/100000 | task=979 | pid=26783 | status=COMPLETED | exit=0 | runtime=00:00:15 | time=2026-07-29 23:09:45
START | job=982/100000 | task=981 | pid=26904 | time=2026-07-29 23:09:45
FINISH | job=978/100000 | task=977 | pid=26662 | status=COMPLETED | exit=0 | runtime=00:01:01 | time=2026-07-29 23:10:16
START | job=983/100000 | task=982 | pid=27142 | time=2026-07-29 23:10:16
FINISH | job=957/100000 | task=956 | pid=21113 | status=COMPLETED | exit=0 | runtime=00:13:45 | time=2026-07-29 23:10:33
START | job=984/100000 | task=983 | pid=27274 | time=2026-07-29 23:10:34
FINISH | job=947/100000 | task=946 | pid=20382 | status=COMPLETED | exit=0 | runtime=00:15:17 | time=2026-07-29 23:10:36
START | job=985/100000 | task=984 | pid=27297 | time=2026-07-29 23:10:36
FINISH | job=981/100000 | task=980 | pid=26789 | status=COMPLETED | exit=0 | runtime=00:01:32 | time=2026-07-29 23:11:02
START | job=986/100000 | task=985 | pid=27496 | time=2026-07-29 23:11:02
FINISH | job=986/100000 | task=985 | pid=27496 | status=COMPLETED | exit=0 | runtime=00:00:04 | time=2026-07-29 23:11:06
START | job=987/100000 | task=986 | pid=27534 | time=2026-07-29 23:11:06
FINISH | job=987/100000 | task=986 | pid=27534 | status=COMPLETED | exit=0 | runtime=00:00:28 | time=2026-07-29 23:11:34
START | job=988/100000 | task=987 | pid=27738 | time=2026-07-29 23:11:34
FINISH | job=988/100000 | task=987 | pid=27738 | status=COMPLETED | exit=0 | runtime=00:00:00 | time=2026-07-29 23:11:34
START | job=989/100000 | task=988 | pid=27744 | time=2026-07-29 23:11:35
FINISH | job=989/100000 | task=988 | pid=27744 | status=COMPLETED | exit=0 | runtime=00:00:40 | time=2026-07-29 23:12:15
START | job=990/100000 | task=989 | pid=28040 | time=2026-07-29 23:12:15
FINISH | job=984/100000 | task=983 | pid=27274 | status=COMPLETED | exit=0 | runtime=00:01:55 | time=2026-07-29 23:12:29
START | job=991/100000 | task=990 | pid=28141 | time=2026-07-29 23:12:29
FINISH | job=990/100000 | task=989 | pid=28040 | status=COMPLETED | exit=0 | runtime=00:00:15 | time=2026-07-29 23:12:30
START | job=992/100000 | task=991 | pid=28164 | time=2026-07-29 23:12:30
FINISH | job=965/100000 | task=964 | pid=22690 | status=COMPLETED | exit=0 | runtime=00:12:24 | time=2026-07-29 23:12:41
START | job=993/100000 | task=992 | pid=28247 | time=2026-07-29 23:12:41
FINISH | job=964/100000 | task=963 | pid=22148 | status=COMPLETED | exit=0 | runtime=00:13:42 | time=2026-07-29 23:12:45
START | job=994/100000 | task=993 | pid=28285 | time=2026-07-29 23:12:45
FINISH | job=994/100000 | task=993 | pid=28285 | status=COMPLETED | exit=0 | runtime=00:00:09 | time=2026-07-29 23:12:54
START | job=995/100000 | task=994 | pid=28353 | time=2026-07-29 23:12:54
FINISH | job=975/100000 | task=974 | pid=24459 | status=COMPLETED | exit=0 | runtime=00:10:06 | time=2026-07-29 23:14:17
START | job=996/100000 | task=995 | pid=28988 | time=2026-07-29 23:14:17
FINISH | job=995/100000 | task=994 | pid=28353 | status=COMPLETED | exit=0 | runtime=00:01:25 | time=2026-07-29 23:14:19
START | job=997/100000 | task=996 | pid=29011 | time=2026-07-29 23:14:19
FINISH | job=996/100000 | task=995 | pid=28988 | status=COMPLETED | exit=0 | runtime=00:00:03 | time=2026-07-29 23:14:20
START | job=998/100000 | task=997 | pid=29017 | time=2026-07-29 23:14:20
FINISH | job=998/100000 | task=997 | pid=29017 | status=COMPLETED | exit=0 | runtime=00:00:01 | time=2026-07-29 23:14:21
START | job=999/100000 | task=998 | pid=29038 | time=2026-07-29 23:14:21
FINISH | job=999/100000 | task=998 | pid=29038 | status=COMPLETED | exit=0 | runtime=00:00:00 | time=2026-07-29 23:14:21
START | job=1000/100000 | task=999 | pid=29044 | time=2026-07-29 23:14:21
START PROGRESS | 1000/100000 (1%)
FINISH | job=985/100000 | task=984 | pid=27297 | status=COMPLETED | exit=0 | runtime=00:03:56 | time=2026-07-29 23:14:32
START | job=1001/100000 | task=1000 | pid=29132 | time=2026-07-29 23:14:32
FINISH | job=997/100000 | task=996 | pid=29011 | status=COMPLETED | exit=0 | runtime=00:01:02 | time=2026-07-29 23:15:21
START | job=1002/100000 | task=1001 | pid=29487 | time=2026-07-29 23:15:21
FINISH | job=1002/100000 | task=1001 | pid=29487 | status=COMPLETED | exit=0 | runtime=00:00:40 | time=2026-07-29 23:16:01
START | job=1003/100000 | task=1002 | pid=29776 | time=2026-07-29 23:16:01
FINISH | job=1003/100000 | task=1002 | pid=29776 | status=COMPLETED | exit=0 | runtime=00:04:20 | time=2026-07-29 23:20:21
START | job=1004/100000 | task=1003 | pid=31641 | time=2026-07-29 23:20:21
FINISH | job=1004/100000 | task=1003 | pid=31641 | status=COMPLETED | exit=0 | runtime=00:00:11 | time=2026-07-29 23:20:32
START | job=1005/100000 | task=1004 | pid=31726 | time=2026-07-29 23:20:32
FINISH | job=1005/100000 | task=1004 | pid=31726 | status=COMPLETED | exit=0 | runtime=00:00:45 | time=2026-07-29 23:21:17
START | job=1006/100000 | task=1005 | pid=32055 | time=2026-07-29 23:21:17
FINISH | job=1006/100000 | task=1005 | pid=32055 | status=COMPLETED | exit=0 | runtime=00:00:01 | time=2026-07-29 23:21:18
START | job=1007/100000 | task=1006 | pid=32063 | time=2026-07-29 23:21:18
FINISH | job=993/100000 | task=992 | pid=28247 | status=COMPLETED | exit=0 | runtime=00:10:08 | time=2026-07-29 23:22:49
START | job=1008/100000 | task=1007 | pid=32725 | time=2026-07-29 23:22:49
FINISH | job=1001/100000 | task=1000 | pid=29132 | status=COMPLETED | exit=0 | runtime=00:08:24 | time=2026-07-29 23:22:56
START | job=1009/100000 | task=1008 | pid=32782 | time=2026-07-29 23:22:56
FINISH | job=1008/100000 | task=1007 | pid=32725 | status=COMPLETED | exit=0 | runtime=00:00:16 | time=2026-07-29 23:23:05
START | job=1010/100000 | task=1009 | pid=32852 | time=2026-07-29 23:23:05
FINISH | job=982/100000 | task=981 | pid=26904 | status=COMPLETED | exit=0 | runtime=00:14:00 | time=2026-07-29 23:23:45
START | job=1011/100000 | task=1010 | pid=33148 | time=2026-07-29 23:23:45
FINISH | job=1007/100000 | task=1006 | pid=32063 | status=COMPLETED | exit=0 | runtime=00:06:23 | time=2026-07-29 23:27:41
START | job=1012/100000 | task=1011 | pid=34919 | time=2026-07-29 23:27:41
FINISH | job=1010/100000 | task=1009 | pid=32852 | status=COMPLETED | exit=0 | runtime=00:05:03 | time=2026-07-29 23:28:08
START | job=1013/100000 | task=1012 | pid=35130 | time=2026-07-29 23:28:08
FINISH | job=1000/100000 | task=999 | pid=29044 | status=COMPLETED | exit=0 | runtime=00:14:13 | time=2026-07-29 23:28:34
START | job=1014/100000 | task=1013 | pid=35321 | time=2026-07-29 23:28:34
FINISH | job=1013/100000 | task=1012 | pid=35130 | status=COMPLETED | exit=0 | runtime=00:00:30 | time=2026-07-29 23:28:38
START | job=1015/100000 | task=1014 | pid=35359 | time=2026-07-29 23:28:38
FINISH | job=1014/100000 | task=1013 | pid=35321 | status=COMPLETED | exit=0 | runtime=00:00:29 | time=2026-07-29 23:29:03
START | job=1016/100000 | task=1015 | pid=35551 | time=2026-07-29 23:29:03
FINISH | job=1015/100000 | task=1014 | pid=35359 | status=COMPLETED | exit=0 | runtime=00:00:49 | time=2026-07-29 23:29:27
START | job=1017/100000 | task=1016 | pid=35755 | time=2026-07-29 23:29:28
FINISH | job=1017/100000 | task=1016 | pid=35755 | status=COMPLETED | exit=0 | runtime=00:00:02 | time=2026-07-29 23:29:30
START | job=1018/100000 | task=1017 | pid=35778 | time=2026-07-29 23:29:30
FINISH | job=1016/100000 | task=1015 | pid=35551 | status=COMPLETED | exit=0 | runtime=00:01:08 | time=2026-07-29 23:30:11
START | job=1019/100000 | task=1018 | pid=36078 | time=2026-07-29 23:30:11
FINISH | job=1012/100000 | task=1011 | pid=34919 | status=COMPLETED | exit=0 | runtime=00:02:33 | time=2026-07-29 23:30:14
START | job=1020/100000 | task=1019 | pid=36117 | time=2026-07-29 23:30:14
FINISH | job=991/100000 | task=990 | pid=28141 | status=COMPLETED | exit=0 | runtime=00:20:37 | time=2026-07-29 23:33:06
START | job=1021/100000 | task=1020 | pid=37371 | time=2026-07-29 23:33:06
FINISH | job=1009/100000 | task=1008 | pid=32782 | status=COMPLETED | exit=0 | runtime=00:12:52 | time=2026-07-29 23:35:48
START | job=1022/100000 | task=1021 | pid=38533 | time=2026-07-29 23:35:48
FINISH | job=983/100000 | task=982 | pid=27142 | status=COMPLETED | exit=0 | runtime=00:25:53 | time=2026-07-29 23:36:09
START | job=1023/100000 | task=1022 | pid=38693 | time=2026-07-29 23:36:09
FINISH | job=1023/100000 | task=1022 | pid=38693 | status=COMPLETED | exit=0 | runtime=00:00:28 | time=2026-07-29 23:36:37
START | job=1024/100000 | task=1023 | pid=38937 | time=2026-07-29 23:36:37
FINISH | job=1024/100000 | task=1023 | pid=38937 | status=COMPLETED | exit=0 | runtime=00:00:01 | time=2026-07-29 23:36:38
START | job=1025/100000 | task=1024 | pid=38960 | time=2026-07-29 23:36:38
FINISH | job=1025/100000 | task=1024 | pid=38960 | status=COMPLETED | exit=0 | runtime=00:00:01 | time=2026-07-29 23:36:39
START | job=1026/100000 | task=1025 | pid=38966 | time=2026-07-29 23:36:39
FINISH | job=1011/100000 | task=1010 | pid=33148 | status=COMPLETED | exit=0 | runtime=00:12:57 | time=2026-07-29 23:36:42
START | job=1027/100000 | task=1026 | pid=38989 | time=2026-07-29 23:36:42
FINISH | job=1022/100000 | task=1021 | pid=38533 | status=COMPLETED | exit=0 | runtime=00:01:01 | time=2026-07-29 23:36:49
START | job=1028/100000 | task=1027 | pid=39059 | time=2026-07-29 23:36:49
FINISH | job=1026/100000 | task=1025 | pid=38966 | status=COMPLETED | exit=0 | runtime=00:00:16 | time=2026-07-29 23:36:55
START | job=1029/100000 | task=1028 | pid=39097 | time=2026-07-29 23:36:55
FINISH | job=1021/100000 | task=1020 | pid=37371 | status=COMPLETED | exit=0 | runtime=00:04:18 | time=2026-07-29 23:37:24
START | job=1030/100000 | task=1029 | pid=39317 | time=2026-07-29 23:37:24
FINISH | job=1029/100000 | task=1028 | pid=39097 | status=COMPLETED | exit=0 | runtime=00:00:32 | time=2026-07-29 23:37:27
START | job=1031/100000 | task=1030 | pid=39355 | time=2026-07-29 23:37:27
FINISH | job=1031/100000 | task=1030 | pid=39355 | status=COMPLETED | exit=0 | runtime=00:00:04 | time=2026-07-29 23:37:31
START | job=1032/100000 | task=1031 | pid=39378 | time=2026-07-29 23:37:31
FINISH | job=1030/100000 | task=1029 | pid=39317 | status=COMPLETED | exit=0 | runtime=00:00:24 | time=2026-07-29 23:37:48
START | job=1033/100000 | task=1032 | pid=39506 | time=2026-07-29 23:37:48
FINISH | job=1033/100000 | task=1032 | pid=39506 | status=COMPLETED | exit=0 | runtime=00:00:01 | time=2026-07-29 23:37:49
START | job=1034/100000 | task=1033 | pid=39529 | time=2026-07-29 23:37:49
FINISH | job=1034/100000 | task=1033 | pid=39529 | status=COMPLETED | exit=0 | runtime=00:00:01 | time=2026-07-29 23:37:50
START | job=1035/100000 | task=1034 | pid=39535 | time=2026-07-29 23:37:50
FINISH | job=1035/100000 | task=1034 | pid=39535 | status=COMPLETED | exit=0 | runtime=00:00:01 | time=2026-07-29 23:37:51
START | job=1036/100000 | task=1035 | pid=39556 | time=2026-07-29 23:37:51
FINISH | job=1032/100000 | task=1031 | pid=39378 | status=COMPLETED | exit=0 | runtime=00:00:54 | time=2026-07-29 23:38:25
START | job=1037/100000 | task=1036 | pid=39804 | time=2026-07-29 23:38:25
FINISH | job=1019/100000 | task=1018 | pid=36078 | status=COMPLETED | exit=0 | runtime=00:09:07 | time=2026-07-29 23:39:18
START | job=1038/100000 | task=1037 | pid=40182 | time=2026-07-29 23:39:18
FINISH | job=1037/100000 | task=1036 | pid=39804 | status=COMPLETED | exit=0 | runtime=00:01:50 | time=2026-07-29 23:40:15
START | job=1039/100000 | task=1038 | pid=40605 | time=2026-07-29 23:40:15
FINISH | job=1039/100000 | task=1038 | pid=40605 | status=COMPLETED | exit=0 | runtime=00:00:10 | time=2026-07-29 23:40:25
START | job=1040/100000 | task=1039 | pid=40675 | time=2026-07-29 23:40:25
FINISH | job=1040/100000 | task=1039 | pid=40675 | status=COMPLETED | exit=0 | runtime=00:00:10 | time=2026-07-29 23:40:35
START | job=1041/100000 | task=1040 | pid=40758 | time=2026-07-29 23:40:35
FINISH | job=1038/100000 | task=1037 | pid=40182 | status=COMPLETED | exit=0 | runtime=00:01:20 | time=2026-07-29 23:40:38
START | job=1042/100000 | task=1041 | pid=40796 | time=2026-07-29 23:40:38
FINISH | job=1042/100000 | task=1041 | pid=40796 | status=COMPLETED | exit=0 | runtime=00:00:15 | time=2026-07-29 23:40:53
START | job=1043/100000 | task=1042 | pid=40909 | time=2026-07-29 23:40:53
FINISH | job=1043/100000 | task=1042 | pid=40909 | status=COMPLETED | exit=0 | runtime=00:00:16 | time=2026-07-29 23:41:09
START | job=1044/100000 | task=1043 | pid=41024 | time=2026-07-29 23:41:09
FINISH | job=1044/100000 | task=1043 | pid=41024 | status=COMPLETED | exit=0 | runtime=00:00:00 | time=2026-07-29 23:41:09
START | job=1045/100000 | task=1044 | pid=41030 | time=2026-07-29 23:41:09
FINISH | job=1041/100000 | task=1040 | pid=40758 | status=COMPLETED | exit=0 | runtime=00:01:01 | time=2026-07-29 23:41:36
START | job=1046/100000 | task=1045 | pid=41254 | time=2026-07-29 23:41:36
FINISH | job=992/100000 | task=991 | pid=28164 | status=COMPLETED | exit=0 | runtime=00:29:19 | time=2026-07-29 23:41:49
START | job=1047/100000 | task=1046 | pid=41365 | time=2026-07-29 23:41:49
FINISH | job=1047/100000 | task=1046 | pid=41365 | status=COMPLETED | exit=0 | runtime=00:00:09 | time=2026-07-29 23:41:58
START | job=1048/100000 | task=1047 | pid=41436 | time=2026-07-29 23:41:58
FINISH | job=1048/100000 | task=1047 | pid=41436 | status=COMPLETED | exit=0 | runtime=00:00:11 | time=2026-07-29 23:42:09
START | job=1049/100000 | task=1048 | pid=41519 | time=2026-07-29 23:42:09
FINISH | job=1049/100000 | task=1048 | pid=41519 | status=COMPLETED | exit=0 | runtime=00:00:04 | time=2026-07-29 23:42:13
START | job=1050/100000 | task=1049 | pid=41557 | time=2026-07-29 23:42:13
FINISH | job=1050/100000 | task=1049 | pid=41557 | status=COMPLETED | exit=0 | runtime=00:00:02 | time=2026-07-29 23:42:15
START | job=1051/100000 | task=1050 | pid=41578 | time=2026-07-29 23:42:15
FINISH | job=1018/100000 | task=1017 | pid=35778 | status=COMPLETED | exit=0 | runtime=00:12:54 | time=2026-07-29 23:42:24
START | job=1052/100000 | task=1051 | pid=41648 | time=2026-07-29 23:42:25
FINISH | job=1052/100000 | task=1051 | pid=41648 | status=COMPLETED | exit=0 | runtime=00:00:00 | time=2026-07-29 23:42:25
START | job=1053/100000 | task=1052 | pid=41669 | time=2026-07-29 23:42:25
FINISH | job=1051/100000 | task=1050 | pid=41578 | status=COMPLETED | exit=0 | runtime=00:00:15 | time=2026-07-29 23:42:30
START | job=1054/100000 | task=1053 | pid=41707 | time=2026-07-29 23:42:30
FINISH | job=1053/100000 | task=1052 | pid=41669 | status=COMPLETED | exit=0 | runtime=00:00:16 | time=2026-07-29 23:42:41
START | job=1055/100000 | task=1054 | pid=41792 | time=2026-07-29 23:42:41
FINISH | job=1020/100000 | task=1019 | pid=36117 | status=COMPLETED | exit=0 | runtime=00:14:40 | time=2026-07-29 23:44:54
START | job=1056/100000 | task=1055 | pid=42751 | time=2026-07-29 23:44:54
FINISH | job=1056/100000 | task=1055 | pid=42751 | status=COMPLETED | exit=0 | runtime=00:00:25 | time=2026-07-29 23:45:19
START | job=1057/100000 | task=1056 | pid=42947 | time=2026-07-29 23:45:19
FINISH | job=1057/100000 | task=1056 | pid=42947 | status=COMPLETED | exit=0 | runtime=00:03:58 | time=2026-07-29 23:49:17
START | job=1058/100000 | task=1057 | pid=44651 | time=2026-07-29 23:49:17
FINISH | job=1058/100000 | task=1057 | pid=44651 | status=COMPLETED | exit=0 | runtime=00:00:03 | time=2026-07-29 23:49:20
START | job=1059/100000 | task=1058 | pid=44680 | time=2026-07-29 23:49:20
FINISH | job=1027/100000 | task=1026 | pid=38989 | status=COMPLETED | exit=0 | runtime=00:12:38 | time=2026-07-29 23:49:20
START | job=1060/100000 | task=1059 | pid=44686 | time=2026-07-29 23:49:21
FINISH | job=1028/100000 | task=1027 | pid=39059 | status=COMPLETED | exit=0 | runtime=00:12:41 | time=2026-07-29 23:49:30
START | job=1061/100000 | task=1060 | pid=44771 | time=2026-07-29 23:49:30
FINISH | job=1061/100000 | task=1060 | pid=44771 | status=COMPLETED | exit=0 | runtime=00:00:15 | time=2026-07-29 23:49:45
START | job=1062/100000 | task=1061 | pid=44887 | time=2026-07-29 23:49:45
FINISH | job=1062/100000 | task=1061 | pid=44887 | status=COMPLETED | exit=0 | runtime=00:00:16 | time=2026-07-29 23:50:01
START | job=1063/100000 | task=1062 | pid=45003 | time=2026-07-29 23:50:01
FINISH | job=1060/100000 | task=1059 | pid=44686 | status=COMPLETED | exit=0 | runtime=00:00:49 | time=2026-07-29 23:50:10
START | job=1064/100000 | task=1063 | pid=45074 | time=2026-07-29 23:50:10
FINISH | job=1063/100000 | task=1062 | pid=45003 | status=COMPLETED | exit=0 | runtime=00:00:11 | time=2026-07-29 23:50:12
START | job=1065/100000 | task=1064 | pid=45095 | time=2026-07-29 23:50:12
FINISH | job=1059/100000 | task=1058 | pid=44680 | status=COMPLETED | exit=0 | runtime=00:01:01 | time=2026-07-29 23:50:21
START | job=1066/100000 | task=1065 | pid=45181 | time=2026-07-29 23:50:21
FINISH | job=1036/100000 | task=1035 | pid=39556 | status=COMPLETED | exit=0 | runtime=00:12:51 | time=2026-07-29 23:50:42
START | job=1067/100000 | task=1066 | pid=45332 | time=2026-07-29 23:50:42
FINISH | job=1067/100000 | task=1066 | pid=45332 | status=COMPLETED | exit=0 | runtime=00:01:00 | time=2026-07-29 23:51:42
START | job=1068/100000 | task=1067 | pid=45780 | time=2026-07-29 23:51:43
FINISH | job=1068/100000 | task=1067 | pid=45780 | status=COMPLETED | exit=0 | runtime=00:00:03 | time=2026-07-29 23:51:46
START | job=1069/100000 | task=1068 | pid=45803 | time=2026-07-29 23:51:46
FINISH | job=1069/100000 | task=1068 | pid=45803 | status=COMPLETED | exit=0 | runtime=00:00:02 | time=2026-07-29 23:51:48
START | job=1070/100000 | task=1069 | pid=45824 | time=2026-07-29 23:51:48
FINISH | job=1070/100000 | task=1069 | pid=45824 | status=COMPLETED | exit=0 | runtime=00:00:15 | time=2026-07-29 23:52:03
START | job=1071/100000 | task=1070 | pid=45941 | time=2026-07-29 23:52:03
FINISH | job=1071/100000 | task=1070 | pid=45941 | status=COMPLETED | exit=0 | runtime=00:00:01 | time=2026-07-29 23:52:04
START | job=1072/100000 | task=1071 | pid=45962 | time=2026-07-29 23:52:04
FINISH | job=1045/100000 | task=1044 | pid=41030 | status=COMPLETED | exit=0 | runtime=00:12:44 | time=2026-07-29 23:53:53
START | job=1073/100000 | task=1072 | pid=46752 | time=2026-07-29 23:53:53
FINISH | job=1066/100000 | task=1065 | pid=45181 | status=COMPLETED | exit=0 | runtime=00:03:33 | time=2026-07-29 23:53:54
START | job=1074/100000 | task=1073 | pid=46758 | time=2026-07-29 23:53:54
FINISH | job=1046/100000 | task=1045 | pid=41254 | status=COMPLETED | exit=0 | runtime=00:12:39 | time=2026-07-29 23:54:15
START | job=1075/100000 | task=1074 | pid=46918 | time=2026-07-29 23:54:15
FINISH | job=1074/100000 | task=1073 | pid=46758 | status=COMPLETED | exit=0 | runtime=00:00:55 | time=2026-07-29 23:54:49
START | job=1076/100000 | task=1075 | pid=47176 | time=2026-07-29 23:54:49
FINISH | job=1076/100000 | task=1075 | pid=47176 | status=COMPLETED | exit=0 | runtime=00:01:01 | time=2026-07-29 23:55:50
START | job=1077/100000 | task=1076 | pid=47627 | time=2026-07-29 23:55:50
FINISH | job=1077/100000 | task=1076 | pid=47627 | status=COMPLETED | exit=0 | runtime=00:00:02 | time=2026-07-29 23:55:52
START | job=1078/100000 | task=1077 | pid=47653 | time=2026-07-29 23:55:52
FINISH | job=1078/100000 | task=1077 | pid=47653 | status=COMPLETED | exit=0 | runtime=00:00:15 | time=2026-07-29 23:56:07
START | job=1079/100000 | task=1078 | pid=47767 | time=2026-07-29 23:56:07
FINISH | job=1064/100000 | task=1063 | pid=45074 | status=COMPLETED | exit=0 | runtime=00:06:00 | time=2026-07-29 23:56:10
START | job=1080/100000 | task=1079 | pid=47790 | time=2026-07-29 23:56:10
FINISH | job=1055/100000 | task=1054 | pid=41792 | status=COMPLETED | exit=0 | runtime=00:13:34 | time=2026-07-29 23:56:15
START | job=1081/100000 | task=1080 | pid=47844 | time=2026-07-29 23:56:15
FINISH | job=1079/100000 | task=1078 | pid=47767 | status=COMPLETED | exit=0 | runtime=00:00:16 | time=2026-07-29 23:56:23
START | job=1082/100000 | task=1081 | pid=47897 | time=2026-07-29 23:56:23
FINISH | job=1080/100000 | task=1079 | pid=47790 | status=COMPLETED | exit=0 | runtime=00:00:15 | time=2026-07-29 23:56:25
START | job=1083/100000 | task=1082 | pid=47920 | time=2026-07-29 23:56:25
FINISH | job=1075/100000 | task=1074 | pid=46918 | status=COMPLETED | exit=0 | runtime=00:02:33 | time=2026-07-29 23:56:48
START | job=1084/100000 | task=1083 | pid=48096 | time=2026-07-29 23:56:48
FINISH | job=1084/100000 | task=1083 | pid=48096 | status=COMPLETED | exit=0 | runtime=00:00:11 | time=2026-07-29 23:56:59
START | job=1085/100000 | task=1084 | pid=48181 | time=2026-07-29 23:56:59
FINISH | job=1085/100000 | task=1084 | pid=48181 | status=COMPLETED | exit=0 | runtime=00:00:03 | time=2026-07-29 23:57:02
START | job=1086/100000 | task=1085 | pid=48219 | time=2026-07-29 23:57:02
FINISH | job=1086/100000 | task=1085 | pid=48219 | status=COMPLETED | exit=0 | runtime=00:00:02 | time=2026-07-29 23:57:04
START | job=1087/100000 | task=1086 | pid=48225 | time=2026-07-29 23:57:04
FINISH | job=1087/100000 | task=1086 | pid=48225 | status=COMPLETED | exit=0 | runtime=00:00:00 | time=2026-07-29 23:57:04
START | job=1088/100000 | task=1087 | pid=48247 | time=2026-07-29 23:57:04
FINISH | job=1088/100000 | task=1087 | pid=48247 | status=COMPLETED | exit=0 | runtime=00:00:16 | time=2026-07-29 23:57:20
START | job=1089/100000 | task=1088 | pid=48372 | time=2026-07-29 23:57:20
FINISH | job=1089/100000 | task=1088 | pid=48372 | status=COMPLETED | exit=0 | runtime=00:00:00 | time=2026-07-29 23:57:20
START | job=1090/100000 | task=1089 | pid=48378 | time=2026-07-29 23:57:20
FINISH | job=1083/100000 | task=1082 | pid=47920 | status=COMPLETED | exit=0 | runtime=00:01:11 | time=2026-07-29 23:57:36
START | job=1091/100000 | task=1090 | pid=48511 | time=2026-07-29 23:57:36
FINISH | job=1054/100000 | task=1053 | pid=41707 | status=COMPLETED | exit=0 | runtime=00:15:19 | time=2026-07-29 23:57:49
START | job=1092/100000 | task=1091 | pid=48611 | time=2026-07-29 23:57:50
FINISH | job=1065/100000 | task=1064 | pid=45095 | status=COMPLETED | exit=0 | runtime=00:14:12 | time=2026-07-30 00:04:24
START | job=1093/100000 | task=1092 | pid=51487 | time=2026-07-30 00:04:24
FINISH | job=1091/100000 | task=1090 | pid=48511 | status=COMPLETED | exit=0 | runtime=00:06:55 | time=2026-07-30 00:04:31
START | job=1094/100000 | task=1093 | pid=51542 | time=2026-07-30 00:04:31
FINISH | job=1072/100000 | task=1071 | pid=45962 | status=COMPLETED | exit=0 | runtime=00:13:26 | time=2026-07-30 00:05:30
START | job=1095/100000 | task=1094 | pid=51969 | time=2026-07-30 00:05:30
FINISH | job=1094/100000 | task=1093 | pid=51542 | status=COMPLETED | exit=0 | runtime=00:01:01 | time=2026-07-30 00:05:32
START | job=1096/100000 | task=1095 | pid=51992 | time=2026-07-30 00:05:32
FINISH | job=1096/100000 | task=1095 | pid=51992 | status=COMPLETED | exit=0 | runtime=00:00:01 | time=2026-07-30 00:05:33
START | job=1097/100000 | task=1096 | pid=52013 | time=2026-07-30 00:05:33
FINISH | job=1097/100000 | task=1096 | pid=52013 | status=COMPLETED | exit=0 | runtime=00:00:06 | time=2026-07-30 00:05:39
START | job=1098/100000 | task=1097 | pid=52067 | time=2026-07-30 00:05:39
FINISH | job=1098/100000 | task=1097 | pid=52067 | status=COMPLETED | exit=0 | runtime=00:00:00 | time=2026-07-30 00:05:39
START | job=1099/100000 | task=1098 | pid=52073 | time=2026-07-30 00:05:39
FINISH | job=1095/100000 | task=1094 | pid=51969 | status=COMPLETED | exit=0 | runtime=00:01:00 | time=2026-07-30 00:06:30
START | job=1100/100000 | task=1099 | pid=52427 | time=2026-07-30 00:06:30
START PROGRESS | 1100/100000 (1%)
FINISH | job=1073/100000 | task=1072 | pid=46752 | status=COMPLETED | exit=0 | runtime=00:12:42 | time=2026-07-30 00:06:35
START | job=1101/100000 | task=1100 | pid=52480 | time=2026-07-30 00:06:35
FINISH | job=1093/100000 | task=1092 | pid=51487 | status=COMPLETED | exit=0 | runtime=00:02:33 | time=2026-07-30 00:06:57
START | job=1102/100000 | task=1101 | pid=52641 | time=2026-07-30 00:06:57
FINISH | job=1082/100000 | task=1081 | pid=47897 | status=COMPLETED | exit=0 | runtime=00:12:42 | time=2026-07-30 00:09:05
START | job=1103/100000 | task=1102 | pid=53567 | time=2026-07-30 00:09:05
FINISH | job=1103/100000 | task=1102 | pid=53567 | status=COMPLETED | exit=0 | runtime=00:00:06 | time=2026-07-30 00:09:11
START | job=1104/100000 | task=1103 | pid=53637 | time=2026-07-30 00:09:11
FINISH | job=1081/100000 | task=1080 | pid=47844 | status=COMPLETED | exit=0 | runtime=00:12:58 | time=2026-07-30 00:09:13
START | job=1105/100000 | task=1104 | pid=53643 | time=2026-07-30 00:09:13
FINISH | job=1104/100000 | task=1103 | pid=53637 | status=COMPLETED | exit=0 | runtime=00:00:02 | time=2026-07-30 00:09:13
START | job=1106/100000 | task=1105 | pid=53649 | time=2026-07-30 00:09:13
FINISH | job=1106/100000 | task=1105 | pid=53649 | status=COMPLETED | exit=0 | runtime=00:00:01 | time=2026-07-30 00:09:14
START | job=1107/100000 | task=1106 | pid=53670 | time=2026-07-30 00:09:14
FINISH | job=1107/100000 | task=1106 | pid=53670 | status=COMPLETED | exit=0 | runtime=00:00:16 | time=2026-07-30 00:09:30
START | job=1108/100000 | task=1107 | pid=53783 | time=2026-07-30 00:09:30
FINISH | job=1105/100000 | task=1104 | pid=53643 | status=COMPLETED | exit=0 | runtime=00:01:07 | time=2026-07-30 00:10:20
START | job=1109/100000 | task=1108 | pid=54162 | time=2026-07-30 00:10:20
FINISH | job=1092/100000 | task=1091 | pid=48611 | status=COMPLETED | exit=0 | runtime=00:12:56 | time=2026-07-30 00:10:46
START | job=1110/100000 | task=1109 | pid=54352 | time=2026-07-30 00:10:46
FINISH | job=1110/100000 | task=1109 | pid=54352 | status=COMPLETED | exit=0 | runtime=00:00:48 | time=2026-07-30 00:11:34
START | job=1111/100000 | task=1110 | pid=54698 | time=2026-07-30 00:11:34
FINISH | job=1090/100000 | task=1089 | pid=48378 | status=COMPLETED | exit=0 | runtime=00:14:15 | time=2026-07-30 00:11:35
START | job=1112/100000 | task=1111 | pid=54722 | time=2026-07-30 00:11:35
FINISH | job=1112/100000 | task=1111 | pid=54722 | status=COMPLETED | exit=0 | runtime=00:00:11 | time=2026-07-30 00:11:46
START | job=1113/100000 | task=1112 | pid=54809 | time=2026-07-30 00:11:46
FINISH | job=1113/100000 | task=1112 | pid=54809 | status=COMPLETED | exit=0 | runtime=00:00:28 | time=2026-07-30 00:12:14
START | job=1114/100000 | task=1113 | pid=55031 | time=2026-07-30 00:12:14
FINISH | job=1102/100000 | task=1101 | pid=52641 | status=COMPLETED | exit=0 | runtime=00:05:57 | time=2026-07-30 00:12:54
START | job=1115/100000 | task=1114 | pid=55327 | time=2026-07-30 00:12:54
FINISH | job=1114/100000 | task=1113 | pid=55031 | status=COMPLETED | exit=0 | runtime=00:00:53 | time=2026-07-30 00:13:07
START | job=1116/100000 | task=1115 | pid=55442 | time=2026-07-30 00:13:07
FINISH | job=1115/100000 | task=1114 | pid=55327 | status=COMPLETED | exit=0 | runtime=00:01:12 | time=2026-07-30 00:14:06
START | job=1117/100000 | task=1116 | pid=55871 | time=2026-07-30 00:14:06
FINISH | job=1111/100000 | task=1110 | pid=54698 | status=COMPLETED | exit=0 | runtime=00:02:34 | time=2026-07-30 00:14:08
START | job=1118/100000 | task=1117 | pid=55894 | time=2026-07-30 00:14:08
FINISH | job=1100/100000 | task=1099 | pid=52427 | status=COMPLETED | exit=0 | runtime=00:08:47 | time=2026-07-30 00:15:17
START | job=1119/100000 | task=1118 | pid=56409 | time=2026-07-30 00:15:17
FINISH | job=1099/100000 | task=1098 | pid=52073 | status=COMPLETED | exit=0 | runtime=00:12:43 | time=2026-07-30 00:18:22
START | job=1120/100000 | task=1119 | pid=57726 | time=2026-07-30 00:18:22
FINISH | job=1120/100000 | task=1119 | pid=57726 | status=COMPLETED | exit=0 | runtime=00:00:22 | time=2026-07-30 00:18:44
START | job=1121/100000 | task=1120 | pid=57897 | time=2026-07-30 00:18:44
FINISH | job=1121/100000 | task=1120 | pid=57897 | status=COMPLETED | exit=0 | runtime=00:01:00 | time=2026-07-30 00:19:44
START | job=1122/100000 | task=1121 | pid=58346 | time=2026-07-30 00:19:44
FINISH | job=1122/100000 | task=1121 | pid=58346 | status=COMPLETED | exit=0 | runtime=00:00:28 | time=2026-07-30 00:20:12
START | job=1123/100000 | task=1122 | pid=58552 | time=2026-07-30 00:20:12
FINISH | job=1101/100000 | task=1100 | pid=52480 | status=COMPLETED | exit=0 | runtime=00:14:32 | time=2026-07-30 00:21:07
START | job=1124/100000 | task=1123 | pid=58944 | time=2026-07-30 00:21:07
FINISH | job=1123/100000 | task=1122 | pid=58552 | status=COMPLETED | exit=0 | runtime=00:01:00 | time=2026-07-30 00:21:12
START | job=1125/100000 | task=1124 | pid=58997 | time=2026-07-30 00:21:12
FINISH | job=1125/100000 | task=1124 | pid=58997 | status=COMPLETED | exit=0 | runtime=00:00:01 | time=2026-07-30 00:21:13
START | job=1126/100000 | task=1125 | pid=59003 | time=2026-07-30 00:21:13
FINISH | job=1124/100000 | task=1123 | pid=58944 | status=COMPLETED | exit=0 | runtime=00:01:31 | time=2026-07-30 00:22:38
START | job=1127/100000 | task=1126 | pid=59622 | time=2026-07-30 00:22:38
FINISH | job=1109/100000 | task=1108 | pid=54162 | status=COMPLETED | exit=0 | runtime=00:12:46 | time=2026-07-30 00:23:06
START | job=1128/100000 | task=1127 | pid=59832 | time=2026-07-30 00:23:06
FINISH | job=1108/100000 | task=1107 | pid=53783 | status=COMPLETED | exit=0 | runtime=00:15:39 | time=2026-07-30 00:25:09
START | job=1129/100000 | task=1128 | pid=60744 | time=2026-07-30 00:25:09
FINISH | job=1129/100000 | task=1128 | pid=60744 | status=COMPLETED | exit=0 | runtime=00:00:11 | time=2026-07-30 00:25:20
START | job=1130/100000 | task=1129 | pid=60838 | time=2026-07-30 00:25:20
FINISH | job=1118/100000 | task=1117 | pid=55894 | status=COMPLETED | exit=0 | runtime=00:12:23 | time=2026-07-30 00:26:31
START | job=1131/100000 | task=1130 | pid=61369 | time=2026-07-30 00:26:31
FINISH | job=1131/100000 | task=1130 | pid=61369 | status=COMPLETED | exit=0 | runtime=00:00:01 | time=2026-07-30 00:26:32
START | job=1132/100000 | task=1131 | pid=61377 | time=2026-07-30 00:26:32
FINISH | job=1132/100000 | task=1131 | pid=61377 | status=COMPLETED | exit=0 | runtime=00:00:01 | time=2026-07-30 00:26:33
START | job=1133/100000 | task=1132 | pid=61398 | time=2026-07-30 00:26:33
FINISH | job=1133/100000 | task=1132 | pid=61398 | status=COMPLETED | exit=0 | runtime=00:00:01 | time=2026-07-30 00:26:34
START | job=1134/100000 | task=1133 | pid=61404 | time=2026-07-30 00:26:34
FINISH | job=1117/100000 | task=1116 | pid=55871 | status=COMPLETED | exit=0 | runtime=00:12:35 | time=2026-07-30 00:26:41
START | job=1135/100000 | task=1134 | pid=61458 | time=2026-07-30 00:26:41
FINISH | job=1134/100000 | task=1133 | pid=61404 | status=COMPLETED | exit=0 | runtime=00:00:16 | time=2026-07-30 00:26:50
START | job=1136/100000 | task=1135 | pid=61527 | time=2026-07-30 00:26:50
FINISH | job=1130/100000 | task=1129 | pid=60838 | status=COMPLETED | exit=0 | runtime=00:02:08 | time=2026-07-30 00:27:28
START | job=1137/100000 | task=1136 | pid=61809 | time=2026-07-30 00:27:28
FINISH | job=1137/100000 | task=1136 | pid=61809 | status=COMPLETED | exit=0 | runtime=00:00:28 | time=2026-07-30 00:27:56
START | job=1138/100000 | task=1137 | pid=62017 | time=2026-07-30 00:27:56
FINISH | job=1119/100000 | task=1118 | pid=56409 | status=COMPLETED | exit=0 | runtime=00:14:39 | time=2026-07-30 00:29:56
START | job=1139/100000 | task=1138 | pid=62920 | time=2026-07-30 00:29:56
FINISH | job=1139/100000 | task=1138 | pid=62920 | status=COMPLETED | exit=0 | runtime=00:00:05 | time=2026-07-30 00:30:01
START | job=1140/100000 | task=1139 | pid=62973 | time=2026-07-30 00:30:01
FINISH | job=1140/100000 | task=1139 | pid=62973 | status=COMPLETED | exit=0 | runtime=00:00:02 | time=2026-07-30 00:30:03
START | job=1141/100000 | task=1140 | pid=62984 | time=2026-07-30 00:30:03
FINISH | job=1141/100000 | task=1140 | pid=62984 | status=COMPLETED | exit=0 | runtime=00:00:01 | time=2026-07-30 00:30:04
START | job=1142/100000 | task=1141 | pid=63005 | time=2026-07-30 00:30:04
FINISH | job=1127/100000 | task=1126 | pid=59622 | status=COMPLETED | exit=0 | runtime=00:07:33 | time=2026-07-30 00:30:11
START | job=1143/100000 | task=1142 | pid=63058 | time=2026-07-30 00:30:11
FINISH | job=1143/100000 | task=1142 | pid=63058 | status=COMPLETED | exit=0 | runtime=00:00:00 | time=2026-07-30 00:30:11
START | job=1144/100000 | task=1143 | pid=63064 | time=2026-07-30 00:30:11
FINISH | job=1116/100000 | task=1115 | pid=55442 | status=COMPLETED | exit=0 | runtime=00:17:28 | time=2026-07-30 00:30:35
START | job=1145/100000 | task=1144 | pid=63241 | time=2026-07-30 00:30:35
FINISH | job=1142/100000 | task=1141 | pid=63005 | status=COMPLETED | exit=0 | runtime=00:00:53 | time=2026-07-30 00:30:57
START | job=1146/100000 | task=1145 | pid=63402 | time=2026-07-30 00:30:57
FINISH | job=1146/100000 | task=1145 | pid=63402 | status=COMPLETED | exit=0 | runtime=00:00:54 | time=2026-07-30 00:31:51
START | job=1147/100000 | task=1146 | pid=63814 | time=2026-07-30 00:31:51
FINISH | job=1138/100000 | task=1137 | pid=62017 | status=COMPLETED | exit=0 | runtime=00:04:18 | time=2026-07-30 00:32:14
START | job=1148/100000 | task=1147 | pid=63989 | time=2026-07-30 00:32:14
FINISH | job=1128/100000 | task=1127 | pid=59832 | status=COMPLETED | exit=0 | runtime=00:10:07 | time=2026-07-30 00:33:13
START | job=1149/100000 | task=1148 | pid=64411 | time=2026-07-30 00:33:13
FINISH | job=1148/100000 | task=1147 | pid=63989 | status=COMPLETED | exit=0 | runtime=00:01:01 | time=2026-07-30 00:33:15
START | job=1150/100000 | task=1149 | pid=64434 | time=2026-07-30 00:33:15
FINISH | job=1149/100000 | task=1148 | pid=64411 | status=COMPLETED | exit=0 | runtime=00:00:02 | time=2026-07-30 00:33:15
START | job=1151/100000 | task=1150 | pid=64440 | time=2026-07-30 00:33:15
FINISH | job=1151/100000 | task=1150 | pid=64440 | status=COMPLETED | exit=0 | runtime=00:00:01 | time=2026-07-30 00:33:16
START | job=1152/100000 | task=1151 | pid=64446 | time=2026-07-30 00:33:16
FINISH | job=1152/100000 | task=1151 | pid=64446 | status=COMPLETED | exit=0 | runtime=00:00:01 | time=2026-07-30 00:33:17
START | job=1153/100000 | task=1152 | pid=64467 | time=2026-07-30 00:33:17
FINISH | job=1150/100000 | task=1149 | pid=64434 | status=COMPLETED | exit=0 | runtime=00:01:11 | time=2026-07-30 00:34:26
START | job=1154/100000 | task=1153 | pid=64960 | time=2026-07-30 00:34:26
FINISH | job=1126/100000 | task=1125 | pid=59003 | status=COMPLETED | exit=0 | runtime=00:13:27 | time=2026-07-30 00:34:40
START | job=1155/100000 | task=1154 | pid=65087 | time=2026-07-30 00:34:40
FINISH | job=1147/100000 | task=1146 | pid=63814 | status=COMPLETED | exit=0 | runtime=00:03:30 | time=2026-07-30 00:35:21
START | job=1156/100000 | task=1155 | pid=65385 | time=2026-07-30 00:35:21
FINISH | job=1155/100000 | task=1154 | pid=65087 | status=COMPLETED | exit=0 | runtime=00:00:56 | time=2026-07-30 00:35:36
START | job=1157/100000 | task=1156 | pid=65503 | time=2026-07-30 00:35:36
FINISH | job=1154/100000 | task=1153 | pid=64960 | status=COMPLETED | exit=0 | runtime=00:02:49 | time=2026-07-30 00:37:15
START | job=1158/100000 | task=1157 | pid=66218 | time=2026-07-30 00:37:15
FINISH | job=1157/100000 | task=1156 | pid=65503 | status=COMPLETED | exit=0 | runtime=00:01:46 | time=2026-07-30 00:37:22
START | job=1159/100000 | task=1158 | pid=66290 | time=2026-07-30 00:37:22
FINISH | job=1159/100000 | task=1158 | pid=66290 | status=COMPLETED | exit=0 | runtime=00:00:01 | time=2026-07-30 00:37:23
START | job=1160/100000 | task=1159 | pid=66297 | time=2026-07-30 00:37:23
FINISH | job=1158/100000 | task=1157 | pid=66218 | status=COMPLETED | exit=0 | runtime=00:00:27 | time=2026-07-30 00:37:42
START | job=1161/100000 | task=1160 | pid=66444 | time=2026-07-30 00:37:43
FINISH | job=1156/100000 | task=1155 | pid=65385 | status=COMPLETED | exit=0 | runtime=00:02:32 | time=2026-07-30 00:37:53
START | job=1162/100000 | task=1161 | pid=66539 | time=2026-07-30 00:37:53
FINISH | job=1161/100000 | task=1160 | pid=66444 | status=COMPLETED | exit=0 | runtime=00:00:16 | time=2026-07-30 00:37:59
START | job=1163/100000 | task=1162 | pid=66581 | time=2026-07-30 00:37:59
FINISH | job=1160/100000 | task=1159 | pid=66297 | status=COMPLETED | exit=0 | runtime=00:00:43 | time=2026-07-30 00:38:06
START | job=1164/100000 | task=1163 | pid=66651 | time=2026-07-30 00:38:06
FINISH | job=1164/100000 | task=1163 | pid=66651 | status=COMPLETED | exit=0 | runtime=00:00:22 | time=2026-07-30 00:38:28
START | job=1165/100000 | task=1164 | pid=66810 | time=2026-07-30 00:38:28
FINISH | job=1136/100000 | task=1135 | pid=61527 | status=COMPLETED | exit=0 | runtime=00:12:37 | time=2026-07-30 00:39:27
START | job=1166/100000 | task=1165 | pid=67247 | time=2026-07-30 00:39:27
FINISH | job=1166/100000 | task=1165 | pid=67247 | status=COMPLETED | exit=0 | runtime=00:00:08 | time=2026-07-30 00:39:35
START | job=1167/100000 | task=1166 | pid=67319 | time=2026-07-30 00:39:35
FINISH | job=1167/100000 | task=1166 | pid=67319 | status=COMPLETED | exit=0 | runtime=00:00:02 | time=2026-07-30 00:39:37
START | job=1168/100000 | task=1167 | pid=67337 | time=2026-07-30 00:39:37
FINISH | job=1168/100000 | task=1167 | pid=67337 | status=COMPLETED | exit=0 | runtime=00:00:36 | time=2026-07-30 00:40:13
START | job=1169/100000 | task=1168 | pid=67604 | time=2026-07-30 00:40:13
FINISH | job=1169/100000 | task=1168 | pid=67604 | status=COMPLETED | exit=0 | runtime=00:00:00 | time=2026-07-30 00:40:13
START | job=1170/100000 | task=1169 | pid=67610 | time=2026-07-30 00:40:13
FINISH | job=1170/100000 | task=1169 | pid=67610 | status=COMPLETED | exit=0 | runtime=00:00:01 | time=2026-07-30 00:40:14
START | job=1171/100000 | task=1170 | pid=67633 | time=2026-07-30 00:40:14
FINISH | job=1165/100000 | task=1164 | pid=66810 | status=COMPLETED | exit=0 | runtime=00:02:32 | time=2026-07-30 00:41:00
START | job=1172/100000 | task=1171 | pid=67960 | time=2026-07-30 00:41:00
FINISH | job=1135/100000 | task=1134 | pid=61458 | status=COMPLETED | exit=0 | runtime=00:15:14 | time=2026-07-30 00:41:55
START | job=1173/100000 | task=1172 | pid=68382 | time=2026-07-30 00:41:56
FINISH | job=1145/100000 | task=1144 | pid=63241 | status=COMPLETED | exit=0 | runtime=00:12:34 | time=2026-07-30 00:43:09
START | job=1174/100000 | task=1173 | pid=68929 | time=2026-07-30 00:43:10
FINISH | job=1144/100000 | task=1143 | pid=63064 | status=COMPLETED | exit=0 | runtime=00:13:00 | time=2026-07-30 00:43:11
START | job=1175/100000 | task=1174 | pid=68937 | time=2026-07-30 00:43:11
FINISH | job=1174/100000 | task=1173 | pid=68929 | status=COMPLETED | exit=0 | runtime=00:00:08 | time=2026-07-30 00:43:18
START | job=1176/100000 | task=1175 | pid=69005 | time=2026-07-30 00:43:18
FINISH | job=1176/100000 | task=1175 | pid=69005 | status=COMPLETED | exit=0 | runtime=00:00:02 | time=2026-07-30 00:43:20
START | job=1177/100000 | task=1176 | pid=69011 | time=2026-07-30 00:43:20
FINISH | job=1177/100000 | task=1176 | pid=69011 | status=COMPLETED | exit=0 | runtime=00:00:04 | time=2026-07-30 00:43:24
START | job=1178/100000 | task=1177 | pid=69049 | time=2026-07-30 00:43:24
FINISH | job=1178/100000 | task=1177 | pid=69049 | status=COMPLETED | exit=0 | runtime=00:00:01 | time=2026-07-30 00:43:25
START | job=1179/100000 | task=1178 | pid=69070 | time=2026-07-30 00:43:25
FINISH | job=1179/100000 | task=1178 | pid=69070 | status=COMPLETED | exit=0 | runtime=00:00:00 | time=2026-07-30 00:43:25
START | job=1180/100000 | task=1179 | pid=69077 | time=2026-07-30 00:43:25
FINISH | job=1163/100000 | task=1162 | pid=66581 | status=COMPLETED | exit=0 | runtime=00:05:56 | time=2026-07-30 00:43:55
START | job=1181/100000 | task=1180 | pid=69298 | time=2026-07-30 00:43:55
FINISH | job=1175/100000 | task=1174 | pid=68937 | status=COMPLETED | exit=0 | runtime=00:01:01 | time=2026-07-30 00:44:12
START | job=1182/100000 | task=1181 | pid=69428 | time=2026-07-30 00:44:12
FINISH | job=1172/100000 | task=1171 | pid=67960 | status=COMPLETED | exit=0 | runtime=00:05:22 | time=2026-07-30 00:46:22
START | job=1183/100000 | task=1182 | pid=70366 | time=2026-07-30 00:46:22
FINISH | job=1183/100000 | task=1182 | pid=70366 | status=COMPLETED | exit=0 | runtime=00:00:04 | time=2026-07-30 00:46:26
START | job=1184/100000 | task=1183 | pid=70404 | time=2026-07-30 00:46:26
FINISH | job=1184/100000 | task=1183 | pid=70404 | status=COMPLETED | exit=0 | runtime=00:00:05 | time=2026-07-30 00:46:31
START | job=1185/100000 | task=1184 | pid=70457 | time=2026-07-30 00:46:31
FINISH | job=1185/100000 | task=1184 | pid=70457 | status=COMPLETED | exit=0 | runtime=00:00:28 | time=2026-07-30 00:46:59
START | job=1186/100000 | task=1185 | pid=70646 | time=2026-07-30 00:46:59
FINISH | job=1186/100000 | task=1185 | pid=70646 | status=COMPLETED | exit=0 | runtime=00:00:40 | time=2026-07-30 00:47:39
START | job=1187/100000 | task=1186 | pid=70947 | time=2026-07-30 00:47:39
FINISH | job=1187/100000 | task=1186 | pid=70947 | status=COMPLETED | exit=0 | runtime=00:00:00 | time=2026-07-30 00:47:39
START | job=1188/100000 | task=1187 | pid=70953 | time=2026-07-30 00:47:39
FINISH | job=1188/100000 | task=1187 | pid=70953 | status=COMPLETED | exit=0 | runtime=00:00:01 | time=2026-07-30 00:47:40
START | job=1189/100000 | task=1188 | pid=70976 | time=2026-07-30 00:47:40
FINISH | job=1162/100000 | task=1161 | pid=66539 | status=COMPLETED | exit=0 | runtime=00:12:35 | time=2026-07-30 00:50:28
START | job=1190/100000 | task=1189 | pid=72169 | time=2026-07-30 00:50:28
FINISH | job=1181/100000 | task=1180 | pid=69298 | status=COMPLETED | exit=0 | runtime=00:07:29 | time=2026-07-30 00:51:24
START | job=1191/100000 | task=1190 | pid=72583 | time=2026-07-30 00:51:24
FINISH | job=1180/100000 | task=1179 | pid=69077 | status=COMPLETED | exit=0 | runtime=00:08:31 | time=2026-07-30 00:51:56
START | job=1192/100000 | task=1191 | pid=72821 | time=2026-07-30 00:51:56
FINISH | job=1192/100000 | task=1191 | pid=72821 | status=COMPLETED | exit=0 | runtime=00:00:04 | time=2026-07-30 00:52:00
START | job=1193/100000 | task=1192 | pid=72859 | time=2026-07-30 00:52:00
FINISH | job=1171/100000 | task=1170 | pid=67633 | status=COMPLETED | exit=0 | runtime=00:12:35 | time=2026-07-30 00:52:49
START | job=1194/100000 | task=1193 | pid=73215 | time=2026-07-30 00:52:49
FINISH | job=1194/100000 | task=1193 | pid=73215 | status=COMPLETED | exit=0 | runtime=00:00:02 | time=2026-07-30 00:52:51
START | job=1195/100000 | task=1194 | pid=73238 | time=2026-07-30 00:52:51
FINISH | job=1195/100000 | task=1194 | pid=73238 | status=COMPLETED | exit=0 | runtime=00:00:01 | time=2026-07-30 00:52:52
START | job=1196/100000 | task=1195 | pid=73251 | time=2026-07-30 00:52:52
FINISH | job=1196/100000 | task=1195 | pid=73251 | status=COMPLETED | exit=0 | runtime=00:00:01 | time=2026-07-30 00:52:53
START | job=1197/100000 | task=1196 | pid=73272 | time=2026-07-30 00:52:53
FINISH | job=1193/100000 | task=1192 | pid=72859 | status=COMPLETED | exit=0 | runtime=00:01:01 | time=2026-07-30 00:53:01
START | job=1198/100000 | task=1197 | pid=73340 | time=2026-07-30 00:53:01
FINISH | job=1197/100000 | task=1196 | pid=73272 | status=COMPLETED | exit=0 | runtime=00:00:15 | time=2026-07-30 00:53:08
START | job=1199/100000 | task=1198 | pid=73395 | time=2026-07-30 00:53:08
FINISH | job=1182/100000 | task=1181 | pid=69428 | status=COMPLETED | exit=0 | runtime=00:10:05 | time=2026-07-30 00:54:17
START | job=1200/100000 | task=1199 | pid=73884 | time=2026-07-30 00:54:17
START PROGRESS | 1200/100000 (1%)
FINISH | job=1153/100000 | task=1152 | pid=64467 | status=COMPLETED | exit=0 | runtime=00:21:14 | time=2026-07-30 00:54:31
START | job=1201/100000 | task=1200 | pid=73984 | time=2026-07-30 00:54:31
FINISH | job=1173/100000 | task=1172 | pid=68382 | status=COMPLETED | exit=0 | runtime=00:12:51 | time=2026-07-30 00:54:47
START | job=1202/100000 | task=1201 | pid=74114 | time=2026-07-30 00:54:47
FINISH | job=1201/100000 | task=1200 | pid=73984 | status=COMPLETED | exit=0 | runtime=00:00:17 | time=2026-07-30 00:54:48
START | job=1203/100000 | task=1202 | pid=74122 | time=2026-07-30 00:54:48
FINISH | job=1202/100000 | task=1201 | pid=74114 | status=COMPLETED | exit=0 | runtime=00:00:03 | time=2026-07-30 00:54:50
START | job=1204/100000 | task=1203 | pid=74159 | time=2026-07-30 00:54:50
FINISH | job=1204/100000 | task=1203 | pid=74159 | status=COMPLETED | exit=0 | runtime=00:00:01 | time=2026-07-30 00:54:51
START | job=1205/100000 | task=1204 | pid=74165 | time=2026-07-30 00:54:51
FINISH | job=1205/100000 | task=1204 | pid=74165 | status=COMPLETED | exit=0 | runtime=00:00:15 | time=2026-07-30 00:55:06
START | job=1206/100000 | task=1205 | pid=74279 | time=2026-07-30 00:55:06
FINISH | job=1206/100000 | task=1205 | pid=74279 | status=COMPLETED | exit=0 | runtime=00:00:16 | time=2026-07-30 00:55:22
START | job=1207/100000 | task=1206 | pid=74402 | time=2026-07-30 00:55:22
FINISH | job=1203/100000 | task=1202 | pid=74122 | status=COMPLETED | exit=0 | runtime=00:01:04 | time=2026-07-30 00:55:52
START | job=1208/100000 | task=1207 | pid=74640 | time=2026-07-30 00:55:52
FINISH | job=1208/100000 | task=1207 | pid=74640 | status=COMPLETED | exit=0 | runtime=00:06:03 | time=2026-07-30 01:01:55
START | job=1209/100000 | task=1208 | pid=77338 | time=2026-07-30 01:01:55
FINISH | job=1189/100000 | task=1188 | pid=70976 | status=COMPLETED | exit=0 | runtime=00:14:46 | time=2026-07-30 01:02:26
START | job=1210/100000 | task=1209 | pid=77560 | time=2026-07-30 01:02:26
FINISH | job=1190/100000 | task=1189 | pid=72169 | status=COMPLETED | exit=0 | runtime=00:12:35 | time=2026-07-30 01:03:03
START | job=1211/100000 | task=1210 | pid=77840 | time=2026-07-30 01:03:03
FINISH | job=1210/100000 | task=1209 | pid=77560 | status=COMPLETED | exit=0 | runtime=00:00:52 | time=2026-07-30 01:03:18
START | job=1212/100000 | task=1211 | pid=77964 | time=2026-07-30 01:03:18
FINISH | job=1212/100000 | task=1211 | pid=77964 | status=COMPLETED | exit=0 | runtime=00:00:01 | time=2026-07-30 01:03:19
START | job=1213/100000 | task=1212 | pid=77987 | time=2026-07-30 01:03:19
FINISH | job=1211/100000 | task=1210 | pid=77840 | status=COMPLETED | exit=0 | runtime=00:02:01 | time=2026-07-30 01:05:04
START | job=1214/100000 | task=1213 | pid=78740 | time=2026-07-30 01:05:04
FINISH | job=1214/100000 | task=1213 | pid=78740 | status=COMPLETED | exit=0 | runtime=00:00:02 | time=2026-07-30 01:05:06
START | job=1215/100000 | task=1214 | pid=78763 | time=2026-07-30 01:05:06
FINISH | job=1213/100000 | task=1212 | pid=77987 | status=COMPLETED | exit=0 | runtime=00:01:48 | time=2026-07-30 01:05:07
START | job=1216/100000 | task=1215 | pid=78770 | time=2026-07-30 01:05:07
FINISH | job=1215/100000 | task=1214 | pid=78763 | status=COMPLETED | exit=0 | runtime=00:00:16 | time=2026-07-30 01:05:22
START | job=1217/100000 | task=1216 | pid=78883 | time=2026-07-30 01:05:22
FINISH | job=1199/100000 | task=1198 | pid=73395 | status=COMPLETED | exit=0 | runtime=00:12:41 | time=2026-07-30 01:05:49
START | job=1218/100000 | task=1217 | pid=79084 | time=2026-07-30 01:05:49
FINISH | job=1198/100000 | task=1197 | pid=73340 | status=COMPLETED | exit=0 | runtime=00:13:26 | time=2026-07-30 01:06:27
START | job=1219/100000 | task=1218 | pid=79368 | time=2026-07-30 01:06:27
FINISH | job=1200/100000 | task=1199 | pid=73884 | status=COMPLETED | exit=0 | runtime=00:13:48 | time=2026-07-30 01:08:05
START | job=1220/100000 | task=1219 | pid=80082 | time=2026-07-30 01:08:05
FINISH | job=1220/100000 | task=1219 | pid=80082 | status=COMPLETED | exit=0 | runtime=00:00:13 | time=2026-07-30 01:08:18
START | job=1221/100000 | task=1220 | pid=80185 | time=2026-07-30 01:08:18
FINISH | job=1221/100000 | task=1220 | pid=80185 | status=COMPLETED | exit=0 | runtime=00:01:23 | time=2026-07-30 01:09:41
START | job=1222/100000 | task=1221 | pid=80791 | time=2026-07-30 01:09:41
FINISH | job=1219/100000 | task=1218 | pid=79368 | status=COMPLETED | exit=0 | runtime=00:03:43 | time=2026-07-30 01:10:10
START | job=1223/100000 | task=1222 | pid=81001 | time=2026-07-30 01:10:10
FINISH | job=1223/100000 | task=1222 | pid=81001 | status=COMPLETED | exit=0 | runtime=00:00:15 | time=2026-07-30 01:10:25
START | job=1224/100000 | task=1223 | pid=81119 | time=2026-07-30 01:10:25
FINISH | job=1222/100000 | task=1221 | pid=80791 | status=COMPLETED | exit=0 | runtime=00:00:46 | time=2026-07-30 01:10:27
START | job=1225/100000 | task=1224 | pid=81157 | time=2026-07-30 01:10:27
FINISH | job=1207/100000 | task=1206 | pid=74402 | status=COMPLETED | exit=0 | runtime=00:15:33 | time=2026-07-30 01:10:55
START | job=1226/100000 | task=1225 | pid=81364 | time=2026-07-30 01:10:55
FINISH | job=1224/100000 | task=1223 | pid=81119 | status=COMPLETED | exit=0 | runtime=00:01:05 | time=2026-07-30 01:11:30
START | job=1227/100000 | task=1226 | pid=81620 | time=2026-07-30 01:11:30
FINISH | job=1227/100000 | task=1226 | pid=81620 | status=COMPLETED | exit=0 | runtime=00:00:55 | time=2026-07-30 01:12:25
START | job=1228/100000 | task=1227 | pid=82036 | time=2026-07-30 01:12:25
FINISH | job=1191/100000 | task=1190 | pid=72583 | status=COMPLETED | exit=0 | runtime=00:22:21 | time=2026-07-30 01:13:45
START | job=1229/100000 | task=1228 | pid=82604 | time=2026-07-30 01:13:45
FINISH | job=1229/100000 | task=1228 | pid=82604 | status=COMPLETED | exit=0 | runtime=00:00:06 | time=2026-07-30 01:13:51
START | job=1230/100000 | task=1229 | pid=82644 | time=2026-07-30 01:13:51
FINISH | job=1230/100000 | task=1229 | pid=82644 | status=COMPLETED | exit=0 | runtime=00:00:01 | time=2026-07-30 01:13:52
START | job=1231/100000 | task=1230 | pid=82665 | time=2026-07-30 01:13:52
FINISH | job=1231/100000 | task=1230 | pid=82665 | status=COMPLETED | exit=0 | runtime=00:00:01 | time=2026-07-30 01:13:53
START | job=1232/100000 | task=1231 | pid=82671 | time=2026-07-30 01:13:53
FINISH | job=1232/100000 | task=1231 | pid=82671 | status=COMPLETED | exit=0 | runtime=00:00:00 | time=2026-07-30 01:13:53
START | job=1233/100000 | task=1232 | pid=82692 | time=2026-07-30 01:13:53
FINISH | job=1233/100000 | task=1232 | pid=82692 | status=COMPLETED | exit=0 | runtime=00:00:01 | time=2026-07-30 01:13:54
START | job=1234/100000 | task=1233 | pid=82698 | time=2026-07-30 01:13:54
FINISH | job=1218/100000 | task=1217 | pid=79084 | status=COMPLETED | exit=0 | runtime=00:10:06 | time=2026-07-30 01:15:55
START | job=1235/100000 | task=1234 | pid=83558 | time=2026-07-30 01:15:55
FINISH | job=1228/100000 | task=1227 | pid=82036 | status=COMPLETED | exit=0 | runtime=00:04:17 | time=2026-07-30 01:16:42
START | job=1236/100000 | task=1235 | pid=83913 | time=2026-07-30 01:16:42
FINISH | job=1236/100000 | task=1235 | pid=83913 | status=COMPLETED | exit=0 | runtime=00:00:18 | time=2026-07-30 01:17:00
START | job=1237/100000 | task=1236 | pid=84059 | time=2026-07-30 01:17:00
FINISH | job=1237/100000 | task=1236 | pid=84059 | status=COMPLETED | exit=0 | runtime=00:00:09 | time=2026-07-30 01:17:09
START | job=1238/100000 | task=1237 | pid=84130 | time=2026-07-30 01:17:09
FINISH | job=1238/100000 | task=1237 | pid=84130 | status=COMPLETED | exit=0 | runtime=00:00:05 | time=2026-07-30 01:17:14
START | job=1239/100000 | task=1238 | pid=84168 | time=2026-07-30 01:17:14
FINISH | job=1239/100000 | task=1238 | pid=84168 | status=COMPLETED | exit=0 | runtime=00:00:01 | time=2026-07-30 01:17:15
START | job=1240/100000 | task=1239 | pid=84189 | time=2026-07-30 01:17:15
FINISH | job=1240/100000 | task=1239 | pid=84189 | status=COMPLETED | exit=0 | runtime=00:00:01 | time=2026-07-30 01:17:16
START | job=1241/100000 | task=1240 | pid=84197 | time=2026-07-30 01:17:16
FINISH | job=1241/100000 | task=1240 | pid=84197 | status=COMPLETED | exit=0 | runtime=00:00:01 | time=2026-07-30 01:17:17
START | job=1242/100000 | task=1241 | pid=84218 | time=2026-07-30 01:17:17
FINISH | job=1242/100000 | task=1241 | pid=84218 | status=COMPLETED | exit=0 | runtime=00:00:15 | time=2026-07-30 01:17:32
START | job=1243/100000 | task=1242 | pid=84331 | time=2026-07-30 01:17:32
FINISH | job=1216/100000 | task=1215 | pid=78770 | status=COMPLETED | exit=0 | runtime=00:12:31 | time=2026-07-30 01:17:38
START | job=1244/100000 | task=1243 | pid=84396 | time=2026-07-30 01:17:38
FINISH | job=1217/100000 | task=1216 | pid=78883 | status=COMPLETED | exit=0 | runtime=00:16:20 | time=2026-07-30 01:21:42
START | job=1245/100000 | task=1244 | pid=86125 | time=2026-07-30 01:21:42
FINISH | job=1234/100000 | task=1233 | pid=82698 | status=COMPLETED | exit=0 | runtime=00:08:10 | time=2026-07-30 01:22:04
START | job=1246/100000 | task=1245 | pid=86285 | time=2026-07-30 01:22:04
FINISH | job=1246/100000 | task=1245 | pid=86285 | status=COMPLETED | exit=0 | runtime=00:00:34 | time=2026-07-30 01:22:38
START | job=1247/100000 | task=1246 | pid=86529 | time=2026-07-30 01:22:38
FINISH | job=1247/100000 | task=1246 | pid=86529 | status=COMPLETED | exit=0 | runtime=00:00:03 | time=2026-07-30 01:22:41
START | job=1248/100000 | task=1247 | pid=86567 | time=2026-07-30 01:22:41
FINISH | job=1248/100000 | task=1247 | pid=86567 | status=COMPLETED | exit=0 | runtime=00:00:28 | time=2026-07-30 01:23:09
START | job=1249/100000 | task=1248 | pid=86781 | time=2026-07-30 01:23:09
FINISH | job=1235/100000 | task=1234 | pid=83558 | status=COMPLETED | exit=0 | runtime=00:07:23 | time=2026-07-30 01:23:18
START | job=1250/100000 | task=1249 | pid=86851 | time=2026-07-30 01:23:18
FINISH | job=1225/100000 | task=1224 | pid=81157 | status=COMPLETED | exit=0 | runtime=00:13:10 | time=2026-07-30 01:23:37
START | job=1251/100000 | task=1250 | pid=86994 | time=2026-07-30 01:23:37
FINISH | job=1251/100000 | task=1250 | pid=86994 | status=COMPLETED | exit=0 | runtime=00:00:00 | time=2026-07-30 01:23:37
START | job=1252/100000 | task=1251 | pid=87000 | time=2026-07-30 01:23:37
FINISH | job=1249/100000 | task=1248 | pid=86781 | status=COMPLETED | exit=0 | runtime=00:00:38 | time=2026-07-30 01:23:47
START | job=1253/100000 | task=1252 | pid=87085 | time=2026-07-30 01:23:47
FINISH | job=1250/100000 | task=1249 | pid=86851 | status=COMPLETED | exit=0 | runtime=00:01:32 | time=2026-07-30 01:24:50
START | job=1254/100000 | task=1253 | pid=87532 | time=2026-07-30 01:24:50
FINISH | job=1254/100000 | task=1253 | pid=87532 | status=COMPLETED | exit=0 | runtime=00:01:05 | time=2026-07-30 01:25:55
START | job=1255/100000 | task=1254 | pid=88034 | time=2026-07-30 01:25:55
FINISH | job=1255/100000 | task=1254 | pid=88034 | status=COMPLETED | exit=0 | runtime=00:00:14 | time=2026-07-30 01:26:09
START | job=1256/100000 | task=1255 | pid=88137 | time=2026-07-30 01:26:09
FINISH | job=1256/100000 | task=1255 | pid=88137 | status=COMPLETED | exit=0 | runtime=00:00:02 | time=2026-07-30 01:26:11
START | job=1257/100000 | task=1256 | pid=88160 | time=2026-07-30 01:26:11
FINISH | job=1209/100000 | task=1208 | pid=77338 | status=COMPLETED | exit=0 | runtime=00:24:17 | time=2026-07-30 01:26:12
START | job=1258/100000 | task=1257 | pid=88166 | time=2026-07-30 01:26:12
FINISH | job=1226/100000 | task=1225 | pid=81364 | status=COMPLETED | exit=0 | runtime=00:15:31 | time=2026-07-30 01:26:26
START | job=1259/100000 | task=1258 | pid=88284 | time=2026-07-30 01:26:26
FINISH | job=1257/100000 | task=1256 | pid=88160 | status=COMPLETED | exit=0 | runtime=00:00:28 | time=2026-07-30 01:26:39
START | job=1260/100000 | task=1259 | pid=88384 | time=2026-07-30 01:26:39
FINISH | job=1258/100000 | task=1257 | pid=88166 | status=COMPLETED | exit=0 | runtime=00:00:37 | time=2026-07-30 01:26:49
START | job=1261/100000 | task=1260 | pid=88473 | time=2026-07-30 01:26:49
FINISH | job=1259/100000 | task=1258 | pid=88284 | status=COMPLETED | exit=0 | runtime=00:00:40 | time=2026-07-30 01:27:06
START | job=1262/100000 | task=1261 | pid=88605 | time=2026-07-30 01:27:06
FINISH | job=1260/100000 | task=1259 | pid=88384 | status=COMPLETED | exit=0 | runtime=00:01:24 | time=2026-07-30 01:28:03
START | job=1263/100000 | task=1262 | pid=89010 | time=2026-07-30 01:28:03
FINISH | job=1263/100000 | task=1262 | pid=89010 | status=COMPLETED | exit=0 | runtime=00:01:29 | time=2026-07-30 01:29:32
START | job=1264/100000 | task=1263 | pid=89663 | time=2026-07-30 01:29:32
FINISH | job=1264/100000 | task=1263 | pid=89663 | status=COMPLETED | exit=0 | runtime=00:00:16 | time=2026-07-30 01:29:48
START | job=1265/100000 | task=1264 | pid=89794 | time=2026-07-30 01:29:48
FINISH | job=1243/100000 | task=1242 | pid=84331 | status=COMPLETED | exit=0 | runtime=00:13:59 | time=2026-07-30 01:31:31
START | job=1266/100000 | task=1265 | pid=90539 | time=2026-07-30 01:31:31
FINISH | job=1265/100000 | task=1264 | pid=89794 | status=COMPLETED | exit=0 | runtime=00:02:12 | time=2026-07-30 01:32:00
START | job=1267/100000 | task=1266 | pid=90759 | time=2026-07-30 01:32:00
FINISH | job=1267/100000 | task=1266 | pid=90759 | status=COMPLETED | exit=0 | runtime=00:00:15 | time=2026-07-30 01:32:15
START | job=1268/100000 | task=1267 | pid=90876 | time=2026-07-30 01:32:15
FINISH | job=1266/100000 | task=1265 | pid=90539 | status=COMPLETED | exit=0 | runtime=00:01:22 | time=2026-07-30 01:32:53
START | job=1269/100000 | task=1268 | pid=91158 | time=2026-07-30 01:32:53
FINISH | job=1269/100000 | task=1268 | pid=91158 | status=COMPLETED | exit=0 | runtime=00:00:01 | time=2026-07-30 01:32:54
START | job=1270/100000 | task=1269 | pid=91164 | time=2026-07-30 01:32:54
FINISH | job=1244/100000 | task=1243 | pid=84396 | status=COMPLETED | exit=0 | runtime=00:15:31 | time=2026-07-30 01:33:09
START | job=1271/100000 | task=1270 | pid=91282 | time=2026-07-30 01:33:09
FINISH | job=1245/100000 | task=1244 | pid=86125 | status=COMPLETED | exit=0 | runtime=00:12:54 | time=2026-07-30 01:34:36
START | job=1272/100000 | task=1271 | pid=91920 | time=2026-07-30 01:34:36
FINISH | job=1268/100000 | task=1267 | pid=90876 | status=COMPLETED | exit=0 | runtime=00:02:53 | time=2026-07-30 01:35:08
START | job=1273/100000 | task=1272 | pid=92156 | time=2026-07-30 01:35:08
FINISH | job=1273/100000 | task=1272 | pid=92156 | status=COMPLETED | exit=0 | runtime=00:00:10 | time=2026-07-30 01:35:18
START | job=1274/100000 | task=1273 | pid=92228 | time=2026-07-30 01:35:18
FINISH | job=1272/100000 | task=1271 | pid=91920 | status=COMPLETED | exit=0 | runtime=00:00:53 | time=2026-07-30 01:35:29
START | job=1275/100000 | task=1274 | pid=92314 | time=2026-07-30 01:35:29
FINISH | job=1275/100000 | task=1274 | pid=92314 | status=COMPLETED | exit=0 | runtime=00:00:01 | time=2026-07-30 01:35:30
START | job=1276/100000 | task=1275 | pid=92337 | time=2026-07-30 01:35:30
FINISH | job=1276/100000 | task=1275 | pid=92337 | status=COMPLETED | exit=0 | runtime=00:00:39 | time=2026-07-30 01:36:09
START | job=1277/100000 | task=1276 | pid=92630 | time=2026-07-30 01:36:09
FINISH | job=1274/100000 | task=1273 | pid=92228 | status=COMPLETED | exit=0 | runtime=00:01:02 | time=2026-07-30 01:36:20
START | job=1278/100000 | task=1277 | pid=92715 | time=2026-07-30 01:36:20
FINISH | job=1253/100000 | task=1252 | pid=87085 | status=COMPLETED | exit=0 | runtime=00:12:38 | time=2026-07-30 01:36:25
START | job=1279/100000 | task=1278 | pid=92753 | time=2026-07-30 01:36:25
FINISH | job=1252/100000 | task=1251 | pid=87000 | status=COMPLETED | exit=0 | runtime=00:15:01 | time=2026-07-30 01:38:38
START | job=1280/100000 | task=1279 | pid=93703 | time=2026-07-30 01:38:38
FINISH | job=1277/100000 | task=1276 | pid=92630 | status=COMPLETED | exit=0 | runtime=00:02:51 | time=2026-07-30 01:39:00
START | job=1281/100000 | task=1280 | pid=93880 | time=2026-07-30 01:39:00
FINISH | job=1261/100000 | task=1260 | pid=88473 | status=COMPLETED | exit=0 | runtime=00:12:37 | time=2026-07-30 01:39:26
START | job=1282/100000 | task=1281 | pid=94084 | time=2026-07-30 01:39:26
FINISH | job=1262/100000 | task=1261 | pid=88605 | status=COMPLETED | exit=0 | runtime=00:12:35 | time=2026-07-30 01:39:41
START | job=1283/100000 | task=1282 | pid=94202 | time=2026-07-30 01:39:41
FINISH | job=1282/100000 | task=1281 | pid=94084 | status=COMPLETED | exit=0 | runtime=00:00:32 | time=2026-07-30 01:39:58
START | job=1284/100000 | task=1283 | pid=94344 | time=2026-07-30 01:39:58
FINISH | job=1284/100000 | task=1283 | pid=94344 | status=COMPLETED | exit=0 | runtime=00:00:01 | time=2026-07-30 01:39:59
START | job=1285/100000 | task=1284 | pid=94354 | time=2026-07-30 01:39:59
FINISH | job=1285/100000 | task=1284 | pid=94354 | status=COMPLETED | exit=0 | runtime=00:00:37 | time=2026-07-30 01:40:36
START | job=1286/100000 | task=1285 | pid=94635 | time=2026-07-30 01:40:36
FINISH | job=1286/100000 | task=1285 | pid=94635 | status=COMPLETED | exit=0 | runtime=00:00:16 | time=2026-07-30 01:40:52
START | job=1287/100000 | task=1286 | pid=94766 | time=2026-07-30 01:40:52
FINISH | job=1287/100000 | task=1286 | pid=94766 | status=COMPLETED | exit=0 | runtime=00:00:00 | time=2026-07-30 01:40:52
START | job=1288/100000 | task=1287 | pid=94773 | time=2026-07-30 01:40:52
FINISH | job=1283/100000 | task=1282 | pid=94202 | status=COMPLETED | exit=0 | runtime=00:02:15 | time=2026-07-30 01:41:56
START | job=1289/100000 | task=1288 | pid=95262 | time=2026-07-30 01:41:56
FINISH | job=1280/100000 | task=1279 | pid=93703 | status=COMPLETED | exit=0 | runtime=00:06:57 | time=2026-07-30 01:45:35
START | job=1290/100000 | task=1289 | pid=96815 | time=2026-07-30 01:45:35
FINISH | job=1271/100000 | task=1270 | pid=91282 | status=COMPLETED | exit=0 | runtime=00:12:34 | time=2026-07-30 01:45:43
START | job=1291/100000 | task=1290 | pid=96886 | time=2026-07-30 01:45:43
FINISH | job=1291/100000 | task=1290 | pid=96886 | status=COMPLETED | exit=0 | runtime=00:00:03 | time=2026-07-30 01:45:46
START | job=1292/100000 | task=1291 | pid=96907 | time=2026-07-30 01:45:46
FINISH | job=1292/100000 | task=1291 | pid=96907 | status=COMPLETED | exit=0 | runtime=00:00:03 | time=2026-07-30 01:45:49
START | job=1293/100000 | task=1292 | pid=96930 | time=2026-07-30 01:45:49
FINISH | job=1293/100000 | task=1292 | pid=96930 | status=COMPLETED | exit=0 | runtime=00:00:27 | time=2026-07-30 01:46:16
START | job=1294/100000 | task=1293 | pid=97133 | time=2026-07-30 01:46:16
FINISH | job=1294/100000 | task=1293 | pid=97133 | status=COMPLETED | exit=0 | runtime=00:00:02 | time=2026-07-30 01:46:18
START | job=1295/100000 | task=1294 | pid=97164 | time=2026-07-30 01:46:18
FINISH | job=1295/100000 | task=1294 | pid=97164 | status=COMPLETED | exit=0 | runtime=00:00:16 | time=2026-07-30 01:46:34
START | job=1296/100000 | task=1295 | pid=97278 | time=2026-07-30 01:46:34
FINISH | job=1296/100000 | task=1295 | pid=97278 | status=COMPLETED | exit=0 | runtime=00:00:02 | time=2026-07-30 01:46:36
START | job=1297/100000 | task=1296 | pid=97301 | time=2026-07-30 01:46:36
FINISH | job=1290/100000 | task=1289 | pid=96815 | status=COMPLETED | exit=0 | runtime=00:01:27 | time=2026-07-30 01:47:02
START | job=1298/100000 | task=1297 | pid=97499 | time=2026-07-30 01:47:02
FINISH | job=1270/100000 | task=1269 | pid=91164 | status=COMPLETED | exit=0 | runtime=00:15:08 | time=2026-07-30 01:48:03
START | job=1299/100000 | task=1298 | pid=97931 | time=2026-07-30 01:48:03
FINISH | job=1281/100000 | task=1280 | pid=93880 | status=COMPLETED | exit=0 | runtime=00:10:04 | time=2026-07-30 01:49:04
START | job=1300/100000 | task=1299 | pid=98376 | time=2026-07-30 01:49:04
START PROGRESS | 1300/100000 (1%)
FINISH | job=1300/100000 | task=1299 | pid=98376 | status=COMPLETED | exit=0 | runtime=00:00:12 | time=2026-07-30 01:49:16
START | job=1301/100000 | task=1300 | pid=98477 | time=2026-07-30 01:49:16
FINISH | job=1289/100000 | task=1288 | pid=95262 | status=COMPLETED | exit=0 | runtime=00:07:41 | time=2026-07-30 01:49:37
START | job=1302/100000 | task=1301 | pid=98623 | time=2026-07-30 01:49:37
FINISH | job=1302/100000 | task=1301 | pid=98623 | status=COMPLETED | exit=0 | runtime=00:00:01 | time=2026-07-30 01:49:38
START | job=1303/100000 | task=1302 | pid=98644 | time=2026-07-30 01:49:38
FINISH | job=1279/100000 | task=1278 | pid=92753 | status=COMPLETED | exit=0 | runtime=00:13:28 | time=2026-07-30 01:49:53
START | job=1304/100000 | task=1303 | pid=98770 | time=2026-07-30 01:49:53
FINISH | job=1303/100000 | task=1302 | pid=98644 | status=COMPLETED | exit=0 | runtime=00:00:36 | time=2026-07-30 01:50:14
START | job=1305/100000 | task=1304 | pid=98931 | time=2026-07-30 01:50:14
FINISH | job=1305/100000 | task=1304 | pid=98931 | status=COMPLETED | exit=0 | runtime=00:00:01 | time=2026-07-30 01:50:15
START | job=1306/100000 | task=1305 | pid=98937 | time=2026-07-30 01:50:15
FINISH | job=1301/100000 | task=1300 | pid=98477 | status=COMPLETED | exit=0 | runtime=00:02:12 | time=2026-07-30 01:51:28
START | job=1307/100000 | task=1306 | pid=99458 | time=2026-07-30 01:51:28
FINISH | job=1304/100000 | task=1303 | pid=98770 | status=COMPLETED | exit=0 | runtime=00:01:45 | time=2026-07-30 01:51:38
START | job=1308/100000 | task=1307 | pid=99543 | time=2026-07-30 01:51:38
FINISH | job=1288/100000 | task=1287 | pid=94773 | status=COMPLETED | exit=0 | runtime=00:12:34 | time=2026-07-30 01:53:26
START | job=1309/100000 | task=1308 | pid=562 | time=2026-07-30 01:53:26
FINISH | job=1307/100000 | task=1306 | pid=99458 | status=COMPLETED | exit=0 | runtime=00:02:35 | time=2026-07-30 01:54:03
START | job=1310/100000 | task=1309 | pid=895 | time=2026-07-30 01:54:03
FINISH | job=1310/100000 | task=1309 | pid=895 | status=COMPLETED | exit=0 | runtime=00:01:01 | time=2026-07-30 01:55:04
START | job=1311/100000 | task=1310 | pid=1370 | time=2026-07-30 01:55:04
FINISH | job=1311/100000 | task=1310 | pid=1370 | status=COMPLETED | exit=0 | runtime=00:00:01 | time=2026-07-30 01:55:05
START | job=1312/100000 | task=1311 | pid=1393 | time=2026-07-30 01:55:05
FINISH | job=1312/100000 | task=1311 | pid=1393 | status=COMPLETED | exit=0 | runtime=00:00:02 | time=2026-07-30 01:55:07
START | job=1313/100000 | task=1312 | pid=1400 | time=2026-07-30 01:55:07
FINISH | job=1313/100000 | task=1312 | pid=1400 | status=COMPLETED | exit=0 | runtime=00:00:00 | time=2026-07-30 01:55:07
START | job=1314/100000 | task=1313 | pid=1422 | time=2026-07-30 01:55:07
FINISH | job=1314/100000 | task=1313 | pid=1422 | status=COMPLETED | exit=0 | runtime=00:00:01 | time=2026-07-30 01:55:08
START | job=1315/100000 | task=1314 | pid=1429 | time=2026-07-30 01:55:08
FINISH | job=1298/100000 | task=1297 | pid=97499 | status=COMPLETED | exit=0 | runtime=00:08:43 | time=2026-07-30 01:55:45
START | job=1316/100000 | task=1315 | pid=1731 | time=2026-07-30 01:55:45
FINISH | job=1309/100000 | task=1308 | pid=562 | status=COMPLETED | exit=0 | runtime=00:02:32 | time=2026-07-30 01:55:58
START | job=1317/100000 | task=1316 | pid=1836 | time=2026-07-30 01:55:58
FINISH | job=1299/100000 | task=1298 | pid=97931 | status=COMPLETED | exit=0 | runtime=00:10:06 | time=2026-07-30 01:58:09
START | job=1318/100000 | task=1317 | pid=2837 | time=2026-07-30 01:58:09
FINISH | job=1318/100000 | task=1317 | pid=2837 | status=COMPLETED | exit=0 | runtime=00:02:32 | time=2026-07-30 02:00:41
START | job=1319/100000 | task=1318 | pid=3919 | time=2026-07-30 02:00:41
FINISH | job=1319/100000 | task=1318 | pid=3919 | status=COMPLETED | exit=0 | runtime=00:00:03 | time=2026-07-30 02:00:44
START | job=1320/100000 | task=1319 | pid=3957 | time=2026-07-30 02:00:44
FINISH | job=1320/100000 | task=1319 | pid=3957 | status=COMPLETED | exit=0 | runtime=00:00:28 | time=2026-07-30 02:01:12
START | job=1321/100000 | task=1320 | pid=4191 | time=2026-07-30 02:01:12
FINISH | job=1321/100000 | task=1320 | pid=4191 | status=COMPLETED | exit=0 | runtime=00:00:01 | time=2026-07-30 02:01:13
START | job=1322/100000 | task=1321 | pid=4197 | time=2026-07-30 02:01:13
FINISH | job=1322/100000 | task=1321 | pid=4197 | status=COMPLETED | exit=0 | runtime=00:00:01 | time=2026-07-30 02:01:14
START | job=1323/100000 | task=1322 | pid=4220 | time=2026-07-30 02:01:14
FINISH | job=1323/100000 | task=1322 | pid=4220 | status=COMPLETED | exit=0 | runtime=00:00:00 | time=2026-07-30 02:01:14
START | job=1324/100000 | task=1323 | pid=4226 | time=2026-07-30 02:01:14
FINISH | job=1278/100000 | task=1277 | pid=92715 | status=COMPLETED | exit=0 | runtime=00:25:21 | time=2026-07-30 02:01:41
START | job=1325/100000 | task=1324 | pid=4414 | time=2026-07-30 02:01:41
FINISH | job=1308/100000 | task=1307 | pid=99543 | status=COMPLETED | exit=0 | runtime=00:10:04 | time=2026-07-30 02:01:42
START | job=1326/100000 | task=1325 | pid=4439 | time=2026-07-30 02:01:42
FINISH | job=1297/100000 | task=1296 | pid=97301 | status=COMPLETED | exit=0 | runtime=00:15:19 | time=2026-07-30 02:01:55
START | job=1327/100000 | task=1326 | pid=4537 | time=2026-07-30 02:01:55
FINISH | job=1327/100000 | task=1326 | pid=4537 | status=COMPLETED | exit=0 | runtime=00:03:32 | time=2026-07-30 02:05:27
START | job=1328/100000 | task=1327 | pid=6055 | time=2026-07-30 02:05:27
FINISH | job=1328/100000 | task=1327 | pid=6055 | status=COMPLETED | exit=0 | runtime=00:00:05 | time=2026-07-30 02:05:32
START | job=1329/100000 | task=1328 | pid=6093 | time=2026-07-30 02:05:32
FINISH | job=1329/100000 | task=1328 | pid=6093 | status=COMPLETED | exit=0 | runtime=00:00:02 | time=2026-07-30 02:05:34
START | job=1330/100000 | task=1329 | pid=6116 | time=2026-07-30 02:05:34
FINISH | job=1330/100000 | task=1329 | pid=6116 | status=COMPLETED | exit=0 | runtime=00:00:01 | time=2026-07-30 02:05:35
START | job=1331/100000 | task=1330 | pid=6122 | time=2026-07-30 02:05:35
FINISH | job=1317/100000 | task=1316 | pid=1836 | status=COMPLETED | exit=0 | runtime=00:10:12 | time=2026-07-30 02:06:10
START | job=1332/100000 | task=1331 | pid=6386 | time=2026-07-30 02:06:10
FINISH | job=1332/100000 | task=1331 | pid=6386 | status=COMPLETED | exit=0 | runtime=00:00:01 | time=2026-07-30 02:06:11
START | job=1333/100000 | task=1332 | pid=6392 | time=2026-07-30 02:06:11
FINISH | job=1331/100000 | task=1330 | pid=6122 | status=COMPLETED | exit=0 | runtime=00:01:23 | time=2026-07-30 02:06:58
START | job=1334/100000 | task=1333 | pid=6744 | time=2026-07-30 02:06:58
FINISH | job=1306/100000 | task=1305 | pid=98937 | status=COMPLETED | exit=0 | runtime=00:17:10 | time=2026-07-30 02:07:25
START | job=1335/100000 | task=1334 | pid=6951 | time=2026-07-30 02:07:25
FINISH | job=1315/100000 | task=1314 | pid=1429 | status=COMPLETED | exit=0 | runtime=00:12:34 | time=2026-07-30 02:07:42
START | job=1336/100000 | task=1335 | pid=7082 | time=2026-07-30 02:07:42
FINISH | job=1335/100000 | task=1334 | pid=6951 | status=COMPLETED | exit=0 | runtime=00:00:28 | time=2026-07-30 02:07:53
START | job=1337/100000 | task=1336 | pid=7167 | time=2026-07-30 02:07:53
FINISH | job=1336/100000 | task=1335 | pid=7082 | status=COMPLETED | exit=0 | runtime=00:00:17 | time=2026-07-30 02:07:59
START | job=1338/100000 | task=1337 | pid=7206 | time=2026-07-30 02:07:59
FINISH | job=1338/100000 | task=1337 | pid=7206 | status=COMPLETED | exit=0 | runtime=00:00:35 | time=2026-07-30 02:08:34
START | job=1339/100000 | task=1338 | pid=7479 | time=2026-07-30 02:08:34
FINISH | job=1339/100000 | task=1338 | pid=7479 | status=COMPLETED | exit=0 | runtime=00:00:02 | time=2026-07-30 02:08:36
START | job=1340/100000 | task=1339 | pid=7502 | time=2026-07-30 02:08:36
FINISH | job=1316/100000 | task=1315 | pid=1731 | status=COMPLETED | exit=0 | runtime=00:12:55 | time=2026-07-30 02:08:40
START | job=1341/100000 | task=1340 | pid=7540 | time=2026-07-30 02:08:40
FINISH | job=1340/100000 | task=1339 | pid=7502 | status=COMPLETED | exit=0 | runtime=00:00:15 | time=2026-07-30 02:08:51
START | job=1342/100000 | task=1341 | pid=7623 | time=2026-07-30 02:08:51
FINISH | job=1341/100000 | task=1340 | pid=7540 | status=COMPLETED | exit=0 | runtime=00:00:16 | time=2026-07-30 02:08:56
START | job=1343/100000 | task=1342 | pid=7661 | time=2026-07-30 02:08:56
FINISH | job=1337/100000 | task=1336 | pid=7167 | status=COMPLETED | exit=0 | runtime=00:01:39 | time=2026-07-30 02:09:32
START | job=1344/100000 | task=1343 | pid=7929 | time=2026-07-30 02:09:32
FINISH | job=1325/100000 | task=1324 | pid=4414 | status=COMPLETED | exit=0 | runtime=00:08:26 | time=2026-07-30 02:10:07
START | job=1345/100000 | task=1344 | pid=8179 | time=2026-07-30 02:10:07
FINISH | job=1345/100000 | task=1344 | pid=8179 | status=COMPLETED | exit=0 | runtime=00:00:09 | time=2026-07-30 02:10:16
START | job=1346/100000 | task=1345 | pid=8266 | time=2026-07-30 02:10:16
FINISH | job=1344/100000 | task=1343 | pid=7929 | status=COMPLETED | exit=0 | runtime=00:01:03 | time=2026-07-30 02:10:35
START | job=1347/100000 | task=1346 | pid=8418 | time=2026-07-30 02:10:35
FINISH | job=1346/100000 | task=1345 | pid=8266 | status=COMPLETED | exit=0 | runtime=00:01:01 | time=2026-07-30 02:11:17
START | job=1348/100000 | task=1347 | pid=8721 | time=2026-07-30 02:11:17
FINISH | job=1348/100000 | task=1347 | pid=8721 | status=COMPLETED | exit=0 | runtime=00:00:01 | time=2026-07-30 02:11:18
START | job=1349/100000 | task=1348 | pid=8744 | time=2026-07-30 02:11:18
FINISH | job=1349/100000 | task=1348 | pid=8744 | status=COMPLETED | exit=0 | runtime=00:00:01 | time=2026-07-30 02:11:19
START | job=1350/100000 | task=1349 | pid=8750 | time=2026-07-30 02:11:19
FINISH | job=1350/100000 | task=1349 | pid=8750 | status=COMPLETED | exit=0 | runtime=00:00:00 | time=2026-07-30 02:11:19
START | job=1351/100000 | task=1350 | pid=8756 | time=2026-07-30 02:11:19
FINISH | job=1347/100000 | task=1346 | pid=8418 | status=COMPLETED | exit=0 | runtime=00:01:05 | time=2026-07-30 02:11:40
START | job=1352/100000 | task=1351 | pid=8924 | time=2026-07-30 02:11:40
FINISH | job=1326/100000 | task=1325 | pid=4439 | status=COMPLETED | exit=0 | runtime=00:10:08 | time=2026-07-30 02:11:50
START | job=1353/100000 | task=1352 | pid=9011 | time=2026-07-30 02:11:50
FINISH | job=1333/100000 | task=1332 | pid=6392 | status=COMPLETED | exit=0 | runtime=00:07:04 | time=2026-07-30 02:13:15
START | job=1354/100000 | task=1353 | pid=9611 | time=2026-07-30 02:13:15
FINISH | job=1354/100000 | task=1353 | pid=9611 | status=COMPLETED | exit=0 | runtime=00:02:31 | time=2026-07-30 02:15:46
START | job=1355/100000 | task=1354 | pid=10706 | time=2026-07-30 02:15:47
FINISH | job=1355/100000 | task=1354 | pid=10706 | status=COMPLETED | exit=0 | runtime=00:00:05 | time=2026-07-30 02:15:52
START | job=1356/100000 | task=1355 | pid=10745 | time=2026-07-30 02:15:52
FINISH | job=1356/100000 | task=1355 | pid=10745 | status=COMPLETED | exit=0 | runtime=00:00:04 | time=2026-07-30 02:15:56
START | job=1357/100000 | task=1356 | pid=10784 | time=2026-07-30 02:15:56
FINISH | job=1357/100000 | task=1356 | pid=10784 | status=COMPLETED | exit=0 | runtime=00:00:01 | time=2026-07-30 02:15:57
START | job=1358/100000 | task=1357 | pid=10790 | time=2026-07-30 02:15:57
FINISH | job=1358/100000 | task=1357 | pid=10790 | status=COMPLETED | exit=0 | runtime=00:00:15 | time=2026-07-30 02:16:12
START | job=1359/100000 | task=1358 | pid=10929 | time=2026-07-30 02:16:12
FINISH | job=1359/100000 | task=1358 | pid=10929 | status=COMPLETED | exit=0 | runtime=00:00:01 | time=2026-07-30 02:16:13
START | job=1360/100000 | task=1359 | pid=10935 | time=2026-07-30 02:16:13
FINISH | job=1324/100000 | task=1323 | pid=4226 | status=COMPLETED | exit=0 | runtime=00:16:11 | time=2026-07-30 02:17:25
START | job=1361/100000 | task=1360 | pid=11475 | time=2026-07-30 02:17:25
FINISH | job=1342/100000 | task=1341 | pid=7623 | status=COMPLETED | exit=0 | runtime=00:12:39 | time=2026-07-30 02:21:30
START | job=1362/100000 | task=1361 | pid=13214 | time=2026-07-30 02:21:30
FINISH | job=1343/100000 | task=1342 | pid=7661 | status=COMPLETED | exit=0 | runtime=00:12:37 | time=2026-07-30 02:21:33
START | job=1363/100000 | task=1362 | pid=13253 | time=2026-07-30 02:21:33
FINISH | job=1363/100000 | task=1362 | pid=13253 | status=COMPLETED | exit=0 | runtime=00:00:13 | time=2026-07-30 02:21:46
START | job=1364/100000 | task=1363 | pid=13353 | time=2026-07-30 02:21:46
FINISH | job=1364/100000 | task=1363 | pid=13353 | status=COMPLETED | exit=0 | runtime=00:00:05 | time=2026-07-30 02:21:51
START | job=1365/100000 | task=1364 | pid=13392 | time=2026-07-30 02:21:51
FINISH | job=1365/100000 | task=1364 | pid=13392 | status=COMPLETED | exit=0 | runtime=00:00:08 | time=2026-07-30 02:21:59
START | job=1366/100000 | task=1365 | pid=13462 | time=2026-07-30 02:21:59
FINISH | job=1353/100000 | task=1352 | pid=9011 | status=COMPLETED | exit=0 | runtime=00:10:10 | time=2026-07-30 02:22:00
START | job=1367/100000 | task=1366 | pid=13468 | time=2026-07-30 02:22:00
FINISH | job=1362/100000 | task=1361 | pid=13214 | status=COMPLETED | exit=0 | runtime=00:00:39 | time=2026-07-30 02:22:09
START | job=1368/100000 | task=1367 | pid=13538 | time=2026-07-30 02:22:09
FINISH | job=1368/100000 | task=1367 | pid=13538 | status=COMPLETED | exit=0 | runtime=00:00:00 | time=2026-07-30 02:22:09
START | job=1369/100000 | task=1368 | pid=13544 | time=2026-07-30 02:22:09
FINISH | job=1366/100000 | task=1365 | pid=13462 | status=COMPLETED | exit=0 | runtime=00:00:15 | time=2026-07-30 02:22:14
START | job=1370/100000 | task=1369 | pid=13597 | time=2026-07-30 02:22:14
FINISH | job=1351/100000 | task=1350 | pid=8756 | status=COMPLETED | exit=0 | runtime=00:10:57 | time=2026-07-30 02:22:16
START | job=1371/100000 | task=1370 | pid=13620 | time=2026-07-30 02:22:16
FINISH | job=1367/100000 | task=1366 | pid=13468 | status=COMPLETED | exit=0 | runtime=00:00:47 | time=2026-07-30 02:22:47
START | job=1372/100000 | task=1371 | pid=13851 | time=2026-07-30 02:22:47
FINISH | job=1371/100000 | task=1370 | pid=13620 | status=COMPLETED | exit=0 | runtime=00:00:42 | time=2026-07-30 02:22:58
START | job=1373/100000 | task=1372 | pid=13937 | time=2026-07-30 02:22:58
FINISH | job=1373/100000 | task=1372 | pid=13937 | status=COMPLETED | exit=0 | runtime=00:01:40 | time=2026-07-30 02:24:38
START | job=1374/100000 | task=1373 | pid=14660 | time=2026-07-30 02:24:38
FINISH | job=1374/100000 | task=1373 | pid=14660 | status=COMPLETED | exit=0 | runtime=00:00:03 | time=2026-07-30 02:24:41
START | job=1375/100000 | task=1374 | pid=14683 | time=2026-07-30 02:24:41
FINISH | job=1375/100000 | task=1374 | pid=14683 | status=COMPLETED | exit=0 | runtime=00:00:01 | time=2026-07-30 02:24:42
START | job=1376/100000 | task=1375 | pid=14704 | time=2026-07-30 02:24:42
FINISH | job=1376/100000 | task=1375 | pid=14704 | status=COMPLETED | exit=0 | runtime=00:00:16 | time=2026-07-30 02:24:58
START | job=1377/100000 | task=1376 | pid=14818 | time=2026-07-30 02:24:58
FINISH | job=1377/100000 | task=1376 | pid=14818 | status=COMPLETED | exit=0 | runtime=00:00:16 | time=2026-07-30 02:25:14
START | job=1378/100000 | task=1377 | pid=14938 | time=2026-07-30 02:25:14
FINISH | job=1372/100000 | task=1371 | pid=13851 | status=COMPLETED | exit=0 | runtime=00:02:32 | time=2026-07-30 02:25:19
START | job=1379/100000 | task=1378 | pid=14991 | time=2026-07-30 02:25:19
FINISH | job=1379/100000 | task=1378 | pid=14991 | status=COMPLETED | exit=0 | runtime=00:00:14 | time=2026-07-30 02:25:33
START | job=1380/100000 | task=1379 | pid=15096 | time=2026-07-30 02:25:33
FINISH | job=1352/100000 | task=1351 | pid=8924 | status=COMPLETED | exit=0 | runtime=00:15:35 | time=2026-07-30 02:27:15
START | job=1381/100000 | task=1380 | pid=15876 | time=2026-07-30 02:27:15
FINISH | job=1381/100000 | task=1380 | pid=15876 | status=COMPLETED | exit=0 | runtime=00:00:10 | time=2026-07-30 02:27:25
START | job=1382/100000 | task=1381 | pid=15961 | time=2026-07-30 02:27:25
FINISH | job=1370/100000 | task=1369 | pid=13597 | status=COMPLETED | exit=0 | runtime=00:05:34 | time=2026-07-30 02:27:48
START | job=1383/100000 | task=1382 | pid=16144 | time=2026-07-30 02:27:48
FINISH | job=1383/100000 | task=1382 | pid=16144 | status=COMPLETED | exit=0 | runtime=00:00:01 | time=2026-07-30 02:27:49
START | job=1384/100000 | task=1383 | pid=16169 | time=2026-07-30 02:27:49
FINISH | job=1384/100000 | task=1383 | pid=16169 | status=COMPLETED | exit=0 | runtime=00:00:16 | time=2026-07-30 02:28:05
START | job=1385/100000 | task=1384 | pid=16312 | time=2026-07-30 02:28:05
FINISH | job=1385/100000 | task=1384 | pid=16312 | status=COMPLETED | exit=0 | runtime=00:00:15 | time=2026-07-30 02:28:20
START | job=1386/100000 | task=1385 | pid=16437 | time=2026-07-30 02:28:20
FINISH | job=1386/100000 | task=1385 | pid=16437 | status=COMPLETED | exit=0 | runtime=00:00:01 | time=2026-07-30 02:28:21
START | job=1387/100000 | task=1386 | pid=16458 | time=2026-07-30 02:28:21
FINISH | job=1382/100000 | task=1381 | pid=15961 | status=COMPLETED | exit=0 | runtime=00:01:47 | time=2026-07-30 02:29:12
START | job=1388/100000 | task=1387 | pid=16831 | time=2026-07-30 02:29:13
FINISH | job=1334/100000 | task=1333 | pid=6744 | status=COMPLETED | exit=0 | runtime=00:22:50 | time=2026-07-30 02:29:48
START | job=1389/100000 | task=1388 | pid=17088 | time=2026-07-30 02:29:48
FINISH | job=1361/100000 | task=1360 | pid=11475 | status=COMPLETED | exit=0 | runtime=00:12:42 | time=2026-07-30 02:30:07
START | job=1390/100000 | task=1389 | pid=17237 | time=2026-07-30 02:30:07
FINISH | job=1390/100000 | task=1389 | pid=17237 | status=COMPLETED | exit=0 | runtime=00:00:11 | time=2026-07-30 02:30:18
START | job=1391/100000 | task=1390 | pid=17322 | time=2026-07-30 02:30:18
FINISH | job=1391/100000 | task=1390 | pid=17322 | status=COMPLETED | exit=0 | runtime=00:00:12 | time=2026-07-30 02:30:30
START | job=1392/100000 | task=1391 | pid=17423 | time=2026-07-30 02:30:30
FINISH | job=1392/100000 | task=1391 | pid=17423 | status=COMPLETED | exit=0 | runtime=00:00:02 | time=2026-07-30 02:30:32
START | job=1393/100000 | task=1392 | pid=17446 | time=2026-07-30 02:30:32
FINISH | job=1393/100000 | task=1392 | pid=17446 | status=COMPLETED | exit=0 | runtime=00:00:01 | time=2026-07-30 02:30:33
START | job=1394/100000 | task=1393 | pid=17456 | time=2026-07-30 02:30:33
FINISH | job=1360/100000 | task=1359 | pid=10935 | status=COMPLETED | exit=0 | runtime=00:14:21 | time=2026-07-30 02:30:34
START | job=1395/100000 | task=1394 | pid=17477 | time=2026-07-30 02:30:34
FINISH | job=1394/100000 | task=1393 | pid=17456 | status=COMPLETED | exit=0 | runtime=00:00:01 | time=2026-07-30 02:30:34
START | job=1396/100000 | task=1395 | pid=17483 | time=2026-07-30 02:30:34
FINISH | job=1395/100000 | task=1394 | pid=17477 | status=COMPLETED | exit=0 | runtime=00:00:15 | time=2026-07-30 02:30:49
START | job=1397/100000 | task=1396 | pid=17598 | time=2026-07-30 02:30:49
FINISH | job=1369/100000 | task=1368 | pid=13544 | status=COMPLETED | exit=0 | runtime=00:12:30 | time=2026-07-30 02:34:39
START | job=1398/100000 | task=1397 | pid=19269 | time=2026-07-30 02:34:39
FINISH | job=1389/100000 | task=1388 | pid=17088 | status=COMPLETED | exit=0 | runtime=00:07:36 | time=2026-07-30 02:37:24
START | job=1399/100000 | task=1398 | pid=20527 | time=2026-07-30 02:37:24
FINISH | job=1378/100000 | task=1377 | pid=14938 | status=COMPLETED | exit=0 | runtime=00:12:41 | time=2026-07-30 02:37:55
START | job=1400/100000 | task=1399 | pid=20752 | time=2026-07-30 02:37:55
START PROGRESS | 1400/100000 (1%)
FINISH | job=1400/100000 | task=1399 | pid=20752 | status=COMPLETED | exit=0 | runtime=00:00:02 | time=2026-07-30 02:37:57
START | job=1401/100000 | task=1400 | pid=20775 | time=2026-07-30 02:37:57
FINISH | job=1401/100000 | task=1400 | pid=20775 | status=COMPLETED | exit=0 | runtime=00:00:01 | time=2026-07-30 02:37:58
START | job=1402/100000 | task=1401 | pid=20796 | time=2026-07-30 02:37:58
FINISH | job=1402/100000 | task=1401 | pid=20796 | status=COMPLETED | exit=0 | runtime=00:01:17 | time=2026-07-30 02:39:15
START | job=1403/100000 | task=1402 | pid=21366 | time=2026-07-30 02:39:15
FINISH | job=1380/100000 | task=1379 | pid=15096 | status=COMPLETED | exit=0 | runtime=00:13:48 | time=2026-07-30 02:39:21
START | job=1404/100000 | task=1403 | pid=21404 | time=2026-07-30 02:39:21
FINISH | job=1404/100000 | task=1403 | pid=21404 | status=COMPLETED | exit=0 | runtime=00:00:00 | time=2026-07-30 02:39:21
START | job=1405/100000 | task=1404 | pid=21427 | time=2026-07-30 02:39:21
FINISH | job=1403/100000 | task=1402 | pid=21366 | status=COMPLETED | exit=0 | runtime=00:00:15 | time=2026-07-30 02:39:30
START | job=1406/100000 | task=1405 | pid=21495 | time=2026-07-30 02:39:30
FINISH | job=1399/100000 | task=1398 | pid=20527 | status=COMPLETED | exit=0 | runtime=00:03:38 | time=2026-07-30 02:41:02
START | job=1407/100000 | task=1406 | pid=22162 | time=2026-07-30 02:41:02
FINISH | job=1407/100000 | task=1406 | pid=22162 | status=COMPLETED | exit=0 | runtime=00:00:51 | time=2026-07-30 02:41:53
START | job=1408/100000 | task=1407 | pid=22537 | time=2026-07-30 02:41:53
FINISH | job=1387/100000 | task=1386 | pid=16458 | status=COMPLETED | exit=0 | runtime=00:13:40 | time=2026-07-30 02:42:01
START | job=1409/100000 | task=1408 | pid=22607 | time=2026-07-30 02:42:01
FINISH | job=1388/100000 | task=1387 | pid=16831 | status=COMPLETED | exit=0 | runtime=00:13:01 | time=2026-07-30 02:42:14
START | job=1410/100000 | task=1409 | pid=22705 | time=2026-07-30 02:42:14
FINISH | job=1410/100000 | task=1409 | pid=22705 | status=COMPLETED | exit=0 | runtime=00:00:01 | time=2026-07-30 02:42:15
START | job=1411/100000 | task=1410 | pid=22728 | time=2026-07-30 02:42:15
FINISH | job=1411/100000 | task=1410 | pid=22728 | status=COMPLETED | exit=0 | runtime=00:01:15 | time=2026-07-30 02:43:30
START | job=1412/100000 | task=1411 | pid=23264 | time=2026-07-30 02:43:30
FINISH | job=1412/100000 | task=1411 | pid=23264 | status=COMPLETED | exit=0 | runtime=00:00:00 | time=2026-07-30 02:43:30
START | job=1413/100000 | task=1412 | pid=23270 | time=2026-07-30 02:43:30
FINISH | job=1413/100000 | task=1412 | pid=23270 | status=COMPLETED | exit=0 | runtime=00:00:01 | time=2026-07-30 02:43:31
START | job=1414/100000 | task=1413 | pid=23276 | time=2026-07-30 02:43:31
FINISH | job=1397/100000 | task=1396 | pid=17598 | status=COMPLETED | exit=0 | runtime=00:12:47 | time=2026-07-30 02:43:36
START | job=1415/100000 | task=1414 | pid=23341 | time=2026-07-30 02:43:36
FINISH | job=1409/100000 | task=1408 | pid=22607 | status=COMPLETED | exit=0 | runtime=00:01:52 | time=2026-07-30 02:43:53
START | job=1416/100000 | task=1415 | pid=23456 | time=2026-07-30 02:43:53
FINISH | job=1398/100000 | task=1397 | pid=19269 | status=COMPLETED | exit=0 | runtime=00:10:07 | time=2026-07-30 02:44:46
START | job=1417/100000 | task=1416 | pid=23844 | time=2026-07-30 02:44:46
FINISH | job=1416/100000 | task=1415 | pid=23456 | status=COMPLETED | exit=0 | runtime=00:00:53 | time=2026-07-30 02:44:46
START | job=1418/100000 | task=1417 | pid=23850 | time=2026-07-30 02:44:46
FINISH | job=1417/100000 | task=1416 | pid=23844 | status=COMPLETED | exit=0 | runtime=00:00:13 | time=2026-07-30 02:44:59
START | job=1419/100000 | task=1418 | pid=23951 | time=2026-07-30 02:44:59
FINISH | job=1408/100000 | task=1407 | pid=22537 | status=COMPLETED | exit=0 | runtime=00:03:29 | time=2026-07-30 02:45:22
START | job=1420/100000 | task=1419 | pid=24126 | time=2026-07-30 02:45:22
FINISH | job=1420/100000 | task=1419 | pid=24126 | status=COMPLETED | exit=0 | runtime=00:00:05 | time=2026-07-30 02:45:27
START | job=1421/100000 | task=1420 | pid=24164 | time=2026-07-30 02:45:27
FINISH | job=1396/100000 | task=1395 | pid=17483 | status=COMPLETED | exit=0 | runtime=00:15:03 | time=2026-07-30 02:45:37
START | job=1422/100000 | task=1421 | pid=24247 | time=2026-07-30 02:45:37
FINISH | job=1421/100000 | task=1420 | pid=24164 | status=COMPLETED | exit=0 | runtime=00:00:15 | time=2026-07-30 02:45:42
START | job=1423/100000 | task=1422 | pid=24287 | time=2026-07-30 02:45:42
FINISH | job=1422/100000 | task=1421 | pid=24247 | status=COMPLETED | exit=0 | runtime=00:00:16 | time=2026-07-30 02:45:53
START | job=1424/100000 | task=1423 | pid=24379 | time=2026-07-30 02:45:53
FINISH | job=1419/100000 | task=1418 | pid=23951 | status=COMPLETED | exit=0 | runtime=00:01:03 | time=2026-07-30 02:46:02
START | job=1425/100000 | task=1424 | pid=24464 | time=2026-07-30 02:46:02
FINISH | job=1418/100000 | task=1417 | pid=23850 | status=COMPLETED | exit=0 | runtime=00:01:32 | time=2026-07-30 02:46:18
START | job=1426/100000 | task=1425 | pid=24577 | time=2026-07-30 02:46:18
FINISH | job=1426/100000 | task=1425 | pid=24577 | status=COMPLETED | exit=0 | runtime=00:00:19 | time=2026-07-30 02:46:37
START | job=1427/100000 | task=1426 | pid=24733 | time=2026-07-30 02:46:37
FINISH | job=1427/100000 | task=1426 | pid=24733 | status=COMPLETED | exit=0 | runtime=00:00:04 | time=2026-07-30 02:46:41
START | job=1428/100000 | task=1427 | pid=24772 | time=2026-07-30 02:46:41
FINISH | job=1428/100000 | task=1427 | pid=24772 | status=COMPLETED | exit=0 | runtime=00:00:01 | time=2026-07-30 02:46:42
START | job=1429/100000 | task=1428 | pid=24793 | time=2026-07-30 02:46:42
FINISH | job=1429/100000 | task=1428 | pid=24793 | status=COMPLETED | exit=0 | runtime=00:00:01 | time=2026-07-30 02:46:43
START | job=1430/100000 | task=1429 | pid=24799 | time=2026-07-30 02:46:43
FINISH | job=1430/100000 | task=1429 | pid=24799 | status=COMPLETED | exit=0 | runtime=00:00:02 | time=2026-07-30 02:46:45
START | job=1431/100000 | task=1430 | pid=24822 | time=2026-07-30 02:46:45
FINISH | job=1431/100000 | task=1430 | pid=24822 | status=COMPLETED | exit=0 | runtime=00:00:01 | time=2026-07-30 02:46:46
START | job=1432/100000 | task=1431 | pid=24828 | time=2026-07-30 02:46:46
FINISH | job=1425/100000 | task=1424 | pid=24464 | status=COMPLETED | exit=0 | runtime=00:00:48 | time=2026-07-30 02:46:50
START | job=1433/100000 | task=1432 | pid=24868 | time=2026-07-30 02:46:50
FINISH | job=1415/100000 | task=1414 | pid=23341 | status=COMPLETED | exit=0 | runtime=00:06:20 | time=2026-07-30 02:49:56
START | job=1434/100000 | task=1433 | pid=26207 | time=2026-07-30 02:49:56
FINISH | job=1434/100000 | task=1433 | pid=26207 | status=COMPLETED | exit=0 | runtime=00:00:42 | time=2026-07-30 02:50:38
START | job=1435/100000 | task=1434 | pid=26524 | time=2026-07-30 02:50:38
FINISH | job=1405/100000 | task=1404 | pid=21427 | status=COMPLETED | exit=0 | runtime=00:12:38 | time=2026-07-30 02:51:59
START | job=1436/100000 | task=1435 | pid=27117 | time=2026-07-30 02:51:59
FINISH | job=1406/100000 | task=1405 | pid=21495 | status=COMPLETED | exit=0 | runtime=00:13:12 | time=2026-07-30 02:52:42
START | job=1437/100000 | task=1436 | pid=27446 | time=2026-07-30 02:52:42
FINISH | job=1437/100000 | task=1436 | pid=27446 | status=COMPLETED | exit=0 | runtime=00:00:02 | time=2026-07-30 02:52:44
START | job=1438/100000 | task=1437 | pid=27454 | time=2026-07-30 02:52:44
FINISH | job=1438/100000 | task=1437 | pid=27454 | status=COMPLETED | exit=0 | runtime=00:00:16 | time=2026-07-30 02:53:00
START | job=1439/100000 | task=1438 | pid=27585 | time=2026-07-30 02:53:00
FINISH | job=1436/100000 | task=1435 | pid=27117 | status=COMPLETED | exit=0 | runtime=00:01:01 | time=2026-07-30 02:53:00
FINISH | job=1439/100000 | task=1438 | pid=27585 | status=COMPLETED | exit=0 | runtime=00:00:00 | time=2026-07-30 02:53:00
START | job=1440/100000 | task=1439 | pid=27591 | time=2026-07-30 02:53:00
START | job=1441/100000 | task=1440 | pid=27596 | time=2026-07-30 02:53:00
FINISH | job=1440/100000 | task=1439 | pid=27591 | status=COMPLETED | exit=0 | runtime=00:00:01 | time=2026-07-30 02:53:01
START | job=1442/100000 | task=1441 | pid=27605 | time=2026-07-30 02:53:01
FINISH | job=1435/100000 | task=1434 | pid=26524 | status=COMPLETED | exit=0 | runtime=00:03:58 | time=2026-07-30 02:54:36
START | job=1443/100000 | task=1442 | pid=28300 | time=2026-07-30 02:54:36
FINISH | job=1414/100000 | task=1413 | pid=23276 | status=COMPLETED | exit=0 | runtime=00:12:41 | time=2026-07-30 02:56:12
START | job=1444/100000 | task=1443 | pid=28991 | time=2026-07-30 02:56:12
FINISH | job=1423/100000 | task=1422 | pid=24287 | status=COMPLETED | exit=0 | runtime=00:12:45 | time=2026-07-30 02:58:27
START | job=1445/100000 | task=1444 | pid=29963 | time=2026-07-30 02:58:27
FINISH | job=1432/100000 | task=1431 | pid=24828 | status=COMPLETED | exit=0 | runtime=00:12:29 | time=2026-07-30 02:59:15
START | job=1446/100000 | task=1445 | pid=30318 | time=2026-07-30 02:59:15
FINISH | job=1424/100000 | task=1423 | pid=24379 | status=COMPLETED | exit=0 | runtime=00:13:24 | time=2026-07-30 02:59:17
START | job=1447/100000 | task=1446 | pid=30341 | time=2026-07-30 02:59:17
FINISH | job=1447/100000 | task=1446 | pid=30341 | status=COMPLETED | exit=0 | runtime=00:00:01 | time=2026-07-30 02:59:18
START | job=1448/100000 | task=1447 | pid=30362 | time=2026-07-30 02:59:18
FINISH | job=1433/100000 | task=1432 | pid=24868 | status=COMPLETED | exit=0 | runtime=00:12:44 | time=2026-07-30 02:59:34
START | job=1449/100000 | task=1448 | pid=30478 | time=2026-07-30 02:59:34
FINISH | job=1449/100000 | task=1448 | pid=30478 | status=COMPLETED | exit=0 | runtime=00:00:15 | time=2026-07-30 02:59:49
START | job=1450/100000 | task=1449 | pid=30604 | time=2026-07-30 02:59:49
FINISH | job=1444/100000 | task=1443 | pid=28991 | status=COMPLETED | exit=0 | runtime=00:03:39 | time=2026-07-30 02:59:51
START | job=1451/100000 | task=1450 | pid=30627 | time=2026-07-30 02:59:51
FINISH | job=1445/100000 | task=1444 | pid=29963 | status=COMPLETED | exit=0 | runtime=00:01:37 | time=2026-07-30 03:00:04
START | job=1452/100000 | task=1451 | pid=30726 | time=2026-07-30 03:00:04
FINISH | job=1446/100000 | task=1445 | pid=30318 | status=COMPLETED | exit=0 | runtime=00:01:25 | time=2026-07-30 03:00:40
START | job=1453/100000 | task=1452 | pid=30993 | time=2026-07-30 03:00:40
FINISH | job=1448/100000 | task=1447 | pid=30362 | status=COMPLETED | exit=0 | runtime=00:01:24 | time=2026-07-30 03:00:42
START | job=1454/100000 | task=1453 | pid=31016 | time=2026-07-30 03:00:42
FINISH | job=1452/100000 | task=1451 | pid=30726 | status=COMPLETED | exit=0 | runtime=00:00:42 | time=2026-07-30 03:00:46
START | job=1455/100000 | task=1454 | pid=31042 | time=2026-07-30 03:00:46
FINISH | job=1453/100000 | task=1452 | pid=30993 | status=COMPLETED | exit=0 | runtime=00:00:15 | time=2026-07-30 03:00:55
START | job=1456/100000 | task=1455 | pid=31134 | time=2026-07-30 03:00:55
FINISH | job=1442/100000 | task=1441 | pid=27605 | status=COMPLETED | exit=0 | runtime=00:08:01 | time=2026-07-30 03:01:02
START | job=1457/100000 | task=1456 | pid=31189 | time=2026-07-30 03:01:02
FINISH | job=1457/100000 | task=1456 | pid=31189 | status=COMPLETED | exit=0 | runtime=00:00:02 | time=2026-07-30 03:01:04
START | job=1458/100000 | task=1457 | pid=31210 | time=2026-07-30 03:01:04
FINISH | job=1458/100000 | task=1457 | pid=31210 | status=COMPLETED | exit=0 | runtime=00:00:00 | time=2026-07-30 03:01:04
START | job=1459/100000 | task=1458 | pid=31216 | time=2026-07-30 03:01:04
FINISH | job=1456/100000 | task=1455 | pid=31134 | status=COMPLETED | exit=0 | runtime=00:00:36 | time=2026-07-30 03:01:31
START | job=1460/100000 | task=1459 | pid=31405 | time=2026-07-30 03:01:31
FINISH | job=1455/100000 | task=1454 | pid=31042 | status=COMPLETED | exit=0 | runtime=00:00:46 | time=2026-07-30 03:01:32
START | job=1461/100000 | task=1460 | pid=31428 | time=2026-07-30 03:01:32
FINISH | job=1454/100000 | task=1453 | pid=31016 | status=COMPLETED | exit=0 | runtime=00:02:09 | time=2026-07-30 03:02:51
START | job=1462/100000 | task=1461 | pid=32001 | time=2026-07-30 03:02:51
FINISH | job=1462/100000 | task=1461 | pid=32001 | status=COMPLETED | exit=0 | runtime=00:04:01 | time=2026-07-30 03:06:52
START | job=1463/100000 | task=1462 | pid=33718 | time=2026-07-30 03:06:52
FINISH | job=1463/100000 | task=1462 | pid=33718 | status=COMPLETED | exit=0 | runtime=00:01:01 | time=2026-07-30 03:07:53
START | job=1464/100000 | task=1463 | pid=34192 | time=2026-07-30 03:07:53
FINISH | job=1464/100000 | task=1463 | pid=34192 | status=COMPLETED | exit=0 | runtime=00:00:01 | time=2026-07-30 03:07:54
START | job=1465/100000 | task=1464 | pid=34203 | time=2026-07-30 03:07:54
FINISH | job=1465/100000 | task=1464 | pid=34203 | status=COMPLETED | exit=0 | runtime=00:00:01 | time=2026-07-30 03:07:55
START | job=1466/100000 | task=1465 | pid=34228 | time=2026-07-30 03:07:55
FINISH | job=1466/100000 | task=1465 | pid=34228 | status=COMPLETED | exit=0 | runtime=00:00:01 | time=2026-07-30 03:07:56
START | job=1467/100000 | task=1466 | pid=34235 | time=2026-07-30 03:07:56
FINISH | job=1467/100000 | task=1466 | pid=34235 | status=COMPLETED | exit=0 | runtime=00:00:01 | time=2026-07-30 03:07:57
START | job=1468/100000 | task=1467 | pid=34241 | time=2026-07-30 03:07:57
FINISH | job=1443/100000 | task=1442 | pid=28300 | status=COMPLETED | exit=0 | runtime=00:14:23 | time=2026-07-30 03:08:59
START | job=1469/100000 | task=1468 | pid=34719 | time=2026-07-30 03:08:59
FINISH | job=1441/100000 | task=1440 | pid=27596 | status=COMPLETED | exit=0 | runtime=00:16:09 | time=2026-07-30 03:09:09
START | job=1470/100000 | task=1469 | pid=34804 | time=2026-07-30 03:09:09
FINISH | job=1470/100000 | task=1469 | pid=34804 | status=COMPLETED | exit=0 | runtime=00:00:23 | time=2026-07-30 03:09:32
START | job=1471/100000 | task=1470 | pid=34983 | time=2026-07-30 03:09:32
FINISH | job=1471/100000 | task=1470 | pid=34983 | status=COMPLETED | exit=0 | runtime=00:00:14 | time=2026-07-30 03:09:46
START | job=1472/100000 | task=1471 | pid=35086 | time=2026-07-30 03:09:46
FINISH | job=1472/100000 | task=1471 | pid=35086 | status=COMPLETED | exit=0 | runtime=00:01:01 | time=2026-07-30 03:10:47
START | job=1473/100000 | task=1472 | pid=35543 | time=2026-07-30 03:10:47
FINISH | job=1473/100000 | task=1472 | pid=35543 | status=COMPLETED | exit=0 | runtime=00:00:01 | time=2026-07-30 03:10:48
START | job=1474/100000 | task=1473 | pid=35552 | time=2026-07-30 03:10:48
FINISH | job=1474/100000 | task=1473 | pid=35552 | status=COMPLETED | exit=0 | runtime=00:00:01 | time=2026-07-30 03:10:49
START | job=1475/100000 | task=1474 | pid=35574 | time=2026-07-30 03:10:49
FINISH | job=1475/100000 | task=1474 | pid=35574 | status=COMPLETED | exit=0 | runtime=00:00:54 | time=2026-07-30 03:11:43
START | job=1476/100000 | task=1475 | pid=35970 | time=2026-07-30 03:11:43
FINISH | job=1476/100000 | task=1475 | pid=35970 | status=COMPLETED | exit=0 | runtime=00:00:00 | time=2026-07-30 03:11:43
START | job=1477/100000 | task=1476 | pid=35976 | time=2026-07-30 03:11:44
FINISH | job=1461/100000 | task=1460 | pid=31428 | status=COMPLETED | exit=0 | runtime=00:10:14 | time=2026-07-30 03:11:46
START | job=1478/100000 | task=1477 | pid=36000 | time=2026-07-30 03:11:46
FINISH | job=1451/100000 | task=1450 | pid=30627 | status=COMPLETED | exit=0 | runtime=00:12:36 | time=2026-07-30 03:12:27
START | job=1479/100000 | task=1478 | pid=36307 | time=2026-07-30 03:12:27
FINISH | job=1450/100000 | task=1449 | pid=30604 | status=COMPLETED | exit=0 | runtime=00:12:57 | time=2026-07-30 03:12:46
START | job=1480/100000 | task=1479 | pid=36458 | time=2026-07-30 03:12:46
FINISH | job=1479/100000 | task=1478 | pid=36307 | status=COMPLETED | exit=0 | runtime=00:00:23 | time=2026-07-30 03:12:50
START | job=1481/100000 | task=1480 | pid=36496 | time=2026-07-30 03:12:50
FINISH | job=1469/100000 | task=1468 | pid=34719 | status=COMPLETED | exit=0 | runtime=00:03:53 | time=2026-07-30 03:12:52
START | job=1482/100000 | task=1481 | pid=36521 | time=2026-07-30 03:12:52
FINISH | job=1481/100000 | task=1480 | pid=36496 | status=COMPLETED | exit=0 | runtime=00:00:02 | time=2026-07-30 03:12:52
START | job=1483/100000 | task=1482 | pid=36527 | time=2026-07-30 03:12:52
FINISH | job=1482/100000 | task=1481 | pid=36521 | status=COMPLETED | exit=0 | runtime=00:00:02 | time=2026-07-30 03:12:54
START | job=1484/100000 | task=1483 | pid=36548 | time=2026-07-30 03:12:54
FINISH | job=1484/100000 | task=1483 | pid=36548 | status=COMPLETED | exit=0 | runtime=00:00:00 | time=2026-07-30 03:12:54
START | job=1485/100000 | task=1484 | pid=36554 | time=2026-07-30 03:12:54
FINISH | job=1480/100000 | task=1479 | pid=36458 | status=COMPLETED | exit=0 | runtime=00:00:15 | time=2026-07-30 03:13:01
START | job=1486/100000 | task=1485 | pid=36607 | time=2026-07-30 03:13:01
FINISH | job=1485/100000 | task=1484 | pid=36554 | status=COMPLETED | exit=0 | runtime=00:00:16 | time=2026-07-30 03:13:10
START | job=1487/100000 | task=1486 | pid=36692 | time=2026-07-30 03:13:10
FINISH | job=1483/100000 | task=1482 | pid=36527 | status=COMPLETED | exit=0 | runtime=00:00:36 | time=2026-07-30 03:13:28
START | job=1488/100000 | task=1487 | pid=36820 | time=2026-07-30 03:13:28
FINISH | job=1459/100000 | task=1458 | pid=31216 | status=COMPLETED | exit=0 | runtime=00:12:47 | time=2026-07-30 03:13:51
START | job=1489/100000 | task=1488 | pid=36997 | time=2026-07-30 03:13:51
FINISH | job=1478/100000 | task=1477 | pid=36000 | status=COMPLETED | exit=0 | runtime=00:02:28 | time=2026-07-30 03:14:14
START | job=1490/100000 | task=1489 | pid=37173 | time=2026-07-30 03:14:14
FINISH | job=1490/100000 | task=1489 | pid=37173 | status=COMPLETED | exit=0 | runtime=00:00:03 | time=2026-07-30 03:14:17
START | job=1491/100000 | task=1490 | pid=37196 | time=2026-07-30 03:14:17
FINISH | job=1491/100000 | task=1490 | pid=37196 | status=COMPLETED | exit=0 | runtime=00:00:28 | time=2026-07-30 03:14:45
START | job=1492/100000 | task=1491 | pid=37400 | time=2026-07-30 03:14:45
FINISH | job=1492/100000 | task=1491 | pid=37400 | status=COMPLETED | exit=0 | runtime=00:00:46 | time=2026-07-30 03:15:31
START | job=1493/100000 | task=1492 | pid=37742 | time=2026-07-30 03:15:31
FINISH | job=1493/100000 | task=1492 | pid=37742 | status=COMPLETED | exit=0 | runtime=00:00:01 | time=2026-07-30 03:15:32
START | job=1494/100000 | task=1493 | pid=37748 | time=2026-07-30 03:15:32
FINISH | job=1494/100000 | task=1493 | pid=37748 | status=COMPLETED | exit=0 | runtime=00:00:16 | time=2026-07-30 03:15:48
START | job=1495/100000 | task=1494 | pid=37864 | time=2026-07-30 03:15:48
FINISH | job=1460/100000 | task=1459 | pid=31405 | status=COMPLETED | exit=0 | runtime=00:16:16 | time=2026-07-30 03:17:47
START | job=1496/100000 | task=1495 | pid=38746 | time=2026-07-30 03:17:47
FINISH | job=1489/100000 | task=1488 | pid=36997 | status=COMPLETED | exit=0 | runtime=00:04:11 | time=2026-07-30 03:18:02
START | job=1497/100000 | task=1496 | pid=38861 | time=2026-07-30 03:18:02
FINISH | job=1468/100000 | task=1467 | pid=34241 | status=COMPLETED | exit=0 | runtime=00:13:38 | time=2026-07-30 03:21:35
START | job=1498/100000 | task=1497 | pid=40377 | time=2026-07-30 03:21:35
FINISH | job=1498/100000 | task=1497 | pid=40377 | status=COMPLETED | exit=0 | runtime=00:00:31 | time=2026-07-30 03:22:06
START | job=1499/100000 | task=1498 | pid=40619 | time=2026-07-30 03:22:06
FINISH | job=1499/100000 | task=1498 | pid=40619 | status=COMPLETED | exit=0 | runtime=00:00:04 | time=2026-07-30 03:22:10
START | job=1500/100000 | task=1499 | pid=40642 | time=2026-07-30 03:22:10
START PROGRESS | 1500/100000 (1%)
FINISH | job=1500/100000 | task=1499 | pid=40642 | status=COMPLETED | exit=0 | runtime=00:00:52 | time=2026-07-30 03:23:02
START | job=1501/100000 | task=1500 | pid=41026 | time=2026-07-30 03:23:02
FINISH | job=1501/100000 | task=1500 | pid=41026 | status=COMPLETED | exit=0 | runtime=00:00:01 | time=2026-07-30 03:23:03
START | job=1502/100000 | task=1501 | pid=41032 | time=2026-07-30 03:23:03
FINISH | job=1488/100000 | task=1487 | pid=36820 | status=COMPLETED | exit=0 | runtime=00:10:13 | time=2026-07-30 03:23:41
START | job=1503/100000 | task=1502 | pid=41320 | time=2026-07-30 03:23:41
FINISH | job=1496/100000 | task=1495 | pid=38746 | status=COMPLETED | exit=0 | runtime=00:06:22 | time=2026-07-30 03:24:09
START | job=1504/100000 | task=1503 | pid=41526 | time=2026-07-30 03:24:09
FINISH | job=1503/100000 | task=1502 | pid=41320 | status=COMPLETED | exit=0 | runtime=00:00:57 | time=2026-07-30 03:24:38
START | job=1505/100000 | task=1504 | pid=41749 | time=2026-07-30 03:24:38
FINISH | job=1486/100000 | task=1485 | pid=36607 | status=COMPLETED | exit=0 | runtime=00:13:15 | time=2026-07-30 03:26:16
START | job=1506/100000 | task=1505 | pid=42463 | time=2026-07-30 03:26:16
FINISH | job=1477/100000 | task=1476 | pid=35976 | status=COMPLETED | exit=0 | runtime=00:15:11 | time=2026-07-30 03:26:55
START | job=1507/100000 | task=1506 | pid=42756 | time=2026-07-30 03:26:55
FINISH | job=1506/100000 | task=1505 | pid=42463 | status=COMPLETED | exit=0 | runtime=00:00:46 | time=2026-07-30 03:27:02
START | job=1508/100000 | task=1507 | pid=42826 | time=2026-07-30 03:27:02
FINISH | job=1507/100000 | task=1506 | pid=42756 | status=COMPLETED | exit=0 | runtime=00:00:10 | time=2026-07-30 03:27:05
START | job=1509/100000 | task=1508 | pid=42848 | time=2026-07-30 03:27:05
FINISH | job=1508/100000 | task=1507 | pid=42826 | status=COMPLETED | exit=0 | runtime=00:00:09 | time=2026-07-30 03:27:11
START | job=1510/100000 | task=1509 | pid=42903 | time=2026-07-30 03:27:11
FINISH | job=1510/100000 | task=1509 | pid=42903 | status=COMPLETED | exit=0 | runtime=00:00:02 | time=2026-07-30 03:27:13
START | job=1511/100000 | task=1510 | pid=42925 | time=2026-07-30 03:27:13
FINISH | job=1511/100000 | task=1510 | pid=42925 | status=COMPLETED | exit=0 | runtime=00:00:15 | time=2026-07-30 03:27:28
START | job=1512/100000 | task=1511 | pid=43038 | time=2026-07-30 03:27:28
FINISH | job=1512/100000 | task=1511 | pid=43038 | status=COMPLETED | exit=0 | runtime=00:00:01 | time=2026-07-30 03:27:29
START | job=1513/100000 | task=1512 | pid=43059 | time=2026-07-30 03:27:29
FINISH | job=1509/100000 | task=1508 | pid=42848 | status=COMPLETED | exit=0 | runtime=00:00:27 | time=2026-07-30 03:27:32
START | job=1514/100000 | task=1513 | pid=43082 | time=2026-07-30 03:27:32
FINISH | job=1497/100000 | task=1496 | pid=38861 | status=COMPLETED | exit=0 | runtime=00:10:11 | time=2026-07-30 03:28:13
START | job=1515/100000 | task=1514 | pid=43383 | time=2026-07-30 03:28:13
FINISH | job=1487/100000 | task=1486 | pid=36692 | status=COMPLETED | exit=0 | runtime=00:15:38 | time=2026-07-30 03:28:48
START | job=1516/100000 | task=1515 | pid=43640 | time=2026-07-30 03:28:48
FINISH | job=1516/100000 | task=1515 | pid=43640 | status=COMPLETED | exit=0 | runtime=00:00:22 | time=2026-07-30 03:29:10
START | job=1517/100000 | task=1516 | pid=43807 | time=2026-07-30 03:29:10
FINISH | job=1505/100000 | task=1504 | pid=41749 | status=COMPLETED | exit=0 | runtime=00:04:50 | time=2026-07-30 03:29:28
START | job=1518/100000 | task=1517 | pid=43952 | time=2026-07-30 03:29:28
FINISH | job=1518/100000 | task=1517 | pid=43952 | status=COMPLETED | exit=0 | runtime=00:00:04 | time=2026-07-30 03:29:32
START | job=1519/100000 | task=1518 | pid=43990 | time=2026-07-30 03:29:32
FINISH | job=1519/100000 | task=1518 | pid=43990 | status=COMPLETED | exit=0 | runtime=00:00:02 | time=2026-07-30 03:29:34
START | job=1520/100000 | task=1519 | pid=44013 | time=2026-07-30 03:29:34
FINISH | job=1520/100000 | task=1519 | pid=44013 | status=COMPLETED | exit=0 | runtime=00:00:01 | time=2026-07-30 03:29:35
START | job=1521/100000 | task=1520 | pid=44019 | time=2026-07-30 03:29:35
FINISH | job=1521/100000 | task=1520 | pid=44019 | status=COMPLETED | exit=0 | runtime=00:00:16 | time=2026-07-30 03:29:51
START | job=1522/100000 | task=1521 | pid=44147 | time=2026-07-30 03:29:51
FINISH | job=1517/100000 | task=1516 | pid=43807 | status=COMPLETED | exit=0 | runtime=00:01:39 | time=2026-07-30 03:30:49
START | job=1523/100000 | task=1522 | pid=44571 | time=2026-07-30 03:30:49
FINISH | job=1495/100000 | task=1494 | pid=37864 | status=COMPLETED | exit=0 | runtime=00:16:02 | time=2026-07-30 03:31:50
START | job=1524/100000 | task=1523 | pid=45006 | time=2026-07-30 03:31:50
FINISH | job=1524/100000 | task=1523 | pid=45006 | status=COMPLETED | exit=0 | runtime=00:00:13 | time=2026-07-30 03:32:03
START | job=1525/100000 | task=1524 | pid=45107 | time=2026-07-30 03:32:03
FINISH | job=1525/100000 | task=1524 | pid=45107 | status=COMPLETED | exit=0 | runtime=00:01:17 | time=2026-07-30 03:33:20
START | job=1526/100000 | task=1525 | pid=45670 | time=2026-07-30 03:33:20
FINISH | job=1526/100000 | task=1525 | pid=45670 | status=COMPLETED | exit=0 | runtime=00:00:02 | time=2026-07-30 03:33:22
START | job=1527/100000 | task=1526 | pid=45693 | time=2026-07-30 03:33:22
FINISH | job=1527/100000 | task=1526 | pid=45693 | status=COMPLETED | exit=0 | runtime=00:00:15 | time=2026-07-30 03:33:37
START | job=1528/100000 | task=1527 | pid=45807 | time=2026-07-30 03:33:37
FINISH | job=1528/100000 | task=1527 | pid=45807 | status=COMPLETED | exit=0 | runtime=00:00:08 | time=2026-07-30 03:33:45
START | job=1529/100000 | task=1528 | pid=45878 | time=2026-07-30 03:33:45
FINISH | job=1502/100000 | task=1501 | pid=41032 | status=COMPLETED | exit=0 | runtime=00:10:58 | time=2026-07-30 03:34:01
START | job=1530/100000 | task=1529 | pid=45991 | time=2026-07-30 03:34:01
FINISH | job=1530/100000 | task=1529 | pid=45991 | status=COMPLETED | exit=0 | runtime=00:00:16 | time=2026-07-30 03:34:17
START | job=1531/100000 | task=1530 | pid=46121 | time=2026-07-30 03:34:17
FINISH | job=1529/100000 | task=1528 | pid=45878 | status=COMPLETED | exit=0 | runtime=00:00:57 | time=2026-07-30 03:34:42
START | job=1532/100000 | task=1531 | pid=46303 | time=2026-07-30 03:34:42
FINISH | job=1504/100000 | task=1503 | pid=41526 | status=COMPLETED | exit=0 | runtime=00:12:42 | time=2026-07-30 03:36:51
START | job=1533/100000 | task=1532 | pid=47323 | time=2026-07-30 03:36:51
FINISH | job=1514/100000 | task=1513 | pid=43082 | status=COMPLETED | exit=0 | runtime=00:09:43 | time=2026-07-30 03:37:15
START | job=1534/100000 | task=1533 | pid=47503 | time=2026-07-30 03:37:15
FINISH | job=1532/100000 | task=1531 | pid=46303 | status=COMPLETED | exit=0 | runtime=00:03:24 | time=2026-07-30 03:38:06
START | job=1535/100000 | task=1534 | pid=47890 | time=2026-07-30 03:38:06
FINISH | job=1535/100000 | task=1534 | pid=47890 | status=COMPLETED | exit=0 | runtime=00:00:03 | time=2026-07-30 03:38:09
START | job=1536/100000 | task=1535 | pid=47918 | time=2026-07-30 03:38:09
FINISH | job=1533/100000 | task=1532 | pid=47323 | status=COMPLETED | exit=0 | runtime=00:01:32 | time=2026-07-30 03:38:23
START | job=1537/100000 | task=1536 | pid=48018 | time=2026-07-30 03:38:23
FINISH | job=1537/100000 | task=1536 | pid=48018 | status=COMPLETED | exit=0 | runtime=00:00:01 | time=2026-07-30 03:38:24
START | job=1538/100000 | task=1537 | pid=48039 | time=2026-07-30 03:38:24
FINISH | job=1538/100000 | task=1537 | pid=48039 | status=COMPLETED | exit=0 | runtime=00:00:15 | time=2026-07-30 03:38:39
START | job=1539/100000 | task=1538 | pid=48156 | time=2026-07-30 03:38:39
FINISH | job=1536/100000 | task=1535 | pid=47918 | status=COMPLETED | exit=0 | runtime=00:01:00 | time=2026-07-30 03:39:09
START | job=1540/100000 | task=1539 | pid=48394 | time=2026-07-30 03:39:09
FINISH | job=1513/100000 | task=1512 | pid=43059 | status=COMPLETED | exit=0 | runtime=00:13:02 | time=2026-07-30 03:40:31
START | job=1541/100000 | task=1540 | pid=48992 | time=2026-07-30 03:40:31
FINISH | job=1534/100000 | task=1533 | pid=47503 | status=COMPLETED | exit=0 | runtime=00:04:03 | time=2026-07-30 03:41:18
START | job=1542/100000 | task=1541 | pid=49338 | time=2026-07-30 03:41:18
FINISH | job=1515/100000 | task=1514 | pid=43383 | status=COMPLETED | exit=0 | runtime=00:13:46 | time=2026-07-30 03:42:00
START | job=1543/100000 | task=1542 | pid=49656 | time=2026-07-30 03:42:00
FINISH | job=1539/100000 | task=1538 | pid=48156 | status=COMPLETED | exit=0 | runtime=00:03:47 | time=2026-07-30 03:42:26
START | job=1544/100000 | task=1543 | pid=49864 | time=2026-07-30 03:42:26
FINISH | job=1522/100000 | task=1521 | pid=44147 | status=COMPLETED | exit=0 | runtime=00:12:38 | time=2026-07-30 03:42:29
START | job=1545/100000 | task=1544 | pid=49888 | time=2026-07-30 03:42:29
FINISH | job=1543/100000 | task=1542 | pid=49656 | status=COMPLETED | exit=0 | runtime=00:00:29 | time=2026-07-30 03:42:29
START | job=1546/100000 | task=1545 | pid=49894 | time=2026-07-30 03:42:29
FINISH | job=1546/100000 | task=1545 | pid=49894 | status=COMPLETED | exit=0 | runtime=00:00:01 | time=2026-07-30 03:42:30
START | job=1547/100000 | task=1546 | pid=49915 | time=2026-07-30 03:42:31
FINISH | job=1547/100000 | task=1546 | pid=49915 | status=COMPLETED | exit=0 | runtime=00:00:00 | time=2026-07-30 03:42:31
START | job=1548/100000 | task=1547 | pid=49921 | time=2026-07-30 03:42:31
FINISH | job=1548/100000 | task=1547 | pid=49921 | status=COMPLETED | exit=0 | runtime=00:00:00 | time=2026-07-30 03:42:31
START | job=1549/100000 | task=1548 | pid=49927 | time=2026-07-30 03:42:31
FINISH | job=1523/100000 | task=1522 | pid=44571 | status=COMPLETED | exit=0 | runtime=00:12:35 | time=2026-07-30 03:43:24
START | job=1550/100000 | task=1549 | pid=50329 | time=2026-07-30 03:43:24
FINISH | job=1544/100000 | task=1543 | pid=49864 | status=COMPLETED | exit=0 | runtime=00:01:01 | time=2026-07-30 03:43:27
START | job=1551/100000 | task=1550 | pid=50352 | time=2026-07-30 03:43:27
FINISH | job=1545/100000 | task=1544 | pid=49888 | status=COMPLETED | exit=0 | runtime=00:01:10 | time=2026-07-30 03:43:39
START | job=1552/100000 | task=1551 | pid=50451 | time=2026-07-30 03:43:39
FINISH | job=1552/100000 | task=1551 | pid=50451 | status=COMPLETED | exit=0 | runtime=00:00:46 | time=2026-07-30 03:44:25
START | job=1553/100000 | task=1552 | pid=50793 | time=2026-07-30 03:44:25
FINISH | job=1553/100000 | task=1552 | pid=50793 | status=COMPLETED | exit=0 | runtime=00:01:39 | time=2026-07-30 03:46:04
START | job=1554/100000 | task=1553 | pid=51508 | time=2026-07-30 03:46:04
FINISH | job=1554/100000 | task=1553 | pid=51508 | status=COMPLETED | exit=0 | runtime=00:00:02 | time=2026-07-30 03:46:06
START | job=1555/100000 | task=1554 | pid=51546 | time=2026-07-30 03:46:06
FINISH | job=1555/100000 | task=1554 | pid=51546 | status=COMPLETED | exit=0 | runtime=00:00:51 | time=2026-07-30 03:46:57
START | job=1556/100000 | task=1555 | pid=51910 | time=2026-07-30 03:46:58
FINISH | job=1556/100000 | task=1555 | pid=51910 | status=COMPLETED | exit=0 | runtime=00:00:01 | time=2026-07-30 03:46:59
START | job=1557/100000 | task=1556 | pid=51933 | time=2026-07-30 03:46:59
FINISH | job=1557/100000 | task=1556 | pid=51933 | status=COMPLETED | exit=0 | runtime=00:00:00 | time=2026-07-30 03:46:59
START | job=1558/100000 | task=1557 | pid=51939 | time=2026-07-30 03:46:59
FINISH | job=1531/100000 | task=1530 | pid=46121 | status=COMPLETED | exit=0 | runtime=00:13:19 | time=2026-07-30 03:47:36
START | job=1559/100000 | task=1558 | pid=52204 | time=2026-07-30 03:47:36
FINISH | job=1541/100000 | task=1540 | pid=48992 | status=COMPLETED | exit=0 | runtime=00:07:27 | time=2026-07-30 03:47:58
START | job=1560/100000 | task=1559 | pid=52380 | time=2026-07-30 03:47:58
FINISH | job=1542/100000 | task=1541 | pid=49338 | status=COMPLETED | exit=0 | runtime=00:10:09 | time=2026-07-30 03:51:27
START | job=1561/100000 | task=1560 | pid=53883 | time=2026-07-30 03:51:28
FINISH | job=1561/100000 | task=1560 | pid=53883 | status=COMPLETED | exit=0 | runtime=00:00:04 | time=2026-07-30 03:51:32
START | job=1562/100000 | task=1561 | pid=53936 | time=2026-07-30 03:51:32
FINISH | job=1540/100000 | task=1539 | pid=48394 | status=COMPLETED | exit=0 | runtime=00:12:59 | time=2026-07-30 03:52:08
START | job=1563/100000 | task=1562 | pid=54209 | time=2026-07-30 03:52:08
FINISH | job=1563/100000 | task=1562 | pid=54209 | status=COMPLETED | exit=0 | runtime=00:00:04 | time=2026-07-30 03:52:12
START | job=1564/100000 | task=1563 | pid=54232 | time=2026-07-30 03:52:12
FINISH | job=1564/100000 | task=1563 | pid=54232 | status=COMPLETED | exit=0 | runtime=00:00:15 | time=2026-07-30 03:52:27
START | job=1565/100000 | task=1564 | pid=54345 | time=2026-07-30 03:52:27
FINISH | job=1562/100000 | task=1561 | pid=53936 | status=COMPLETED | exit=0 | runtime=00:01:01 | time=2026-07-30 03:52:33
START | job=1566/100000 | task=1565 | pid=54400 | time=2026-07-30 03:52:33
FINISH | job=1566/100000 | task=1565 | pid=54400 | status=COMPLETED | exit=0 | runtime=00:00:01 | time=2026-07-30 03:52:34
START | job=1567/100000 | task=1566 | pid=54421 | time=2026-07-30 03:52:34
FINISH | job=1551/100000 | task=1550 | pid=50352 | status=COMPLETED | exit=0 | runtime=00:10:05 | time=2026-07-30 03:53:32
START | job=1568/100000 | task=1567 | pid=54824 | time=2026-07-30 03:53:32
FINISH | job=1565/100000 | task=1564 | pid=54345 | status=COMPLETED | exit=0 | runtime=00:01:39 | time=2026-07-30 03:54:06
START | job=1569/100000 | task=1568 | pid=55086 | time=2026-07-30 03:54:06
FINISH | job=1569/100000 | task=1568 | pid=55086 | status=COMPLETED | exit=0 | runtime=00:01:10 | time=2026-07-30 03:55:16
START | job=1570/100000 | task=1569 | pid=55596 | time=2026-07-30 03:55:16
FINISH | job=1570/100000 | task=1569 | pid=55596 | status=COMPLETED | exit=0 | runtime=00:00:11 | time=2026-07-30 03:55:27
START | job=1571/100000 | task=1570 | pid=55685 | time=2026-07-30 03:55:27
FINISH | job=1571/100000 | task=1570 | pid=55685 | status=COMPLETED | exit=0 | runtime=00:00:03 | time=2026-07-30 03:55:30
START | job=1572/100000 | task=1571 | pid=55726 | time=2026-07-30 03:55:30
FINISH | job=1572/100000 | task=1571 | pid=55726 | status=COMPLETED | exit=0 | runtime=00:00:02 | time=2026-07-30 03:55:32
START | job=1573/100000 | task=1572 | pid=55751 | time=2026-07-30 03:55:32
FINISH | job=1573/100000 | task=1572 | pid=55751 | status=COMPLETED | exit=0 | runtime=00:00:04 | time=2026-07-30 03:55:36
START | job=1574/100000 | task=1573 | pid=55778 | time=2026-07-30 03:55:36
FINISH | job=1574/100000 | task=1573 | pid=55778 | status=COMPLETED | exit=0 | runtime=00:00:01 | time=2026-07-30 03:55:37
START | job=1575/100000 | task=1574 | pid=55799 | time=2026-07-30 03:55:37
FINISH | job=1575/100000 | task=1574 | pid=55799 | status=COMPLETED | exit=0 | runtime=00:00:00 | time=2026-07-30 03:55:37
START | job=1576/100000 | task=1575 | pid=55806 | time=2026-07-30 03:55:37
FINISH | job=1549/100000 | task=1548 | pid=49927 | status=COMPLETED | exit=0 | runtime=00:13:15 | time=2026-07-30 03:55:46
START | job=1577/100000 | task=1576 | pid=55878 | time=2026-07-30 03:55:46
FINISH | job=1560/100000 | task=1559 | pid=52380 | status=COMPLETED | exit=0 | runtime=00:10:05 | time=2026-07-30 03:58:03
START | job=1578/100000 | task=1577 | pid=56896 | time=2026-07-30 03:58:03
FINISH | job=1568/100000 | task=1567 | pid=54824 | status=COMPLETED | exit=0 | runtime=00:04:34 | time=2026-07-30 03:58:06
START | job=1579/100000 | task=1578 | pid=56934 | time=2026-07-30 03:58:06
FINISH | job=1579/100000 | task=1578 | pid=56934 | status=COMPLETED | exit=0 | runtime=00:00:10 | time=2026-07-30 03:58:16
START | job=1580/100000 | task=1579 | pid=57002 | time=2026-07-30 03:58:16
FINISH | job=1559/100000 | task=1558 | pid=52204 | status=COMPLETED | exit=0 | runtime=00:12:34 | time=2026-07-30 04:00:10
START | job=1581/100000 | task=1580 | pid=57841 | time=2026-07-30 04:00:10
FINISH | job=1581/100000 | task=1580 | pid=57841 | status=COMPLETED | exit=0 | runtime=00:00:03 | time=2026-07-30 04:00:13
START | job=1582/100000 | task=1581 | pid=57879 | time=2026-07-30 04:00:13
FINISH | job=1580/100000 | task=1579 | pid=57002 | status=COMPLETED | exit=0 | runtime=00:02:11 | time=2026-07-30 04:00:27
START | job=1583/100000 | task=1582 | pid=57980 | time=2026-07-30 04:00:27
FINISH | job=1550/100000 | task=1549 | pid=50329 | status=COMPLETED | exit=0 | runtime=00:17:17 | time=2026-07-30 04:00:41
START | job=1584/100000 | task=1583 | pid=58105 | time=2026-07-30 04:00:41
FINISH | job=1584/100000 | task=1583 | pid=58105 | status=COMPLETED | exit=0 | runtime=00:00:00 | time=2026-07-30 04:00:41
START | job=1585/100000 | task=1584 | pid=58111 | time=2026-07-30 04:00:41
FINISH | job=1582/100000 | task=1581 | pid=57879 | status=COMPLETED | exit=0 | runtime=00:00:39 | time=2026-07-30 04:00:52
START | job=1586/100000 | task=1585 | pid=58196 | time=2026-07-30 04:00:52
FINISH | job=1567/100000 | task=1566 | pid=54421 | status=COMPLETED | exit=0 | runtime=00:15:18 | time=2026-07-30 04:07:52
START | job=1587/100000 | task=1586 | pid=61244 | time=2026-07-30 04:07:52
FINISH | job=1578/100000 | task=1577 | pid=56896 | status=COMPLETED | exit=0 | runtime=00:10:08 | time=2026-07-30 04:08:11
START | job=1588/100000 | task=1587 | pid=61392 | time=2026-07-30 04:08:11
FINISH | job=1576/100000 | task=1575 | pid=55806 | status=COMPLETED | exit=0 | runtime=00:12:44 | time=2026-07-30 04:08:21
START | job=1589/100000 | task=1588 | pid=61464 | time=2026-07-30 04:08:21
FINISH | job=1577/100000 | task=1576 | pid=55878 | status=COMPLETED | exit=0 | runtime=00:12:48 | time=2026-07-30 04:08:34
START | job=1590/100000 | task=1589 | pid=61577 | time=2026-07-30 04:08:34
FINISH | job=1590/100000 | task=1589 | pid=61577 | status=COMPLETED | exit=0 | runtime=00:00:46 | time=2026-07-30 04:09:20
START | job=1591/100000 | task=1590 | pid=61913 | time=2026-07-30 04:09:20
FINISH | job=1591/100000 | task=1590 | pid=61913 | status=COMPLETED | exit=0 | runtime=00:00:01 | time=2026-07-30 04:09:21
START | job=1592/100000 | task=1591 | pid=61919 | time=2026-07-30 04:09:21
FINISH | job=1589/100000 | task=1588 | pid=61464 | status=COMPLETED | exit=0 | runtime=00:01:01 | time=2026-07-30 04:09:22
START | job=1593/100000 | task=1592 | pid=61942 | time=2026-07-30 04:09:22
FINISH | job=1593/100000 | task=1592 | pid=61942 | status=COMPLETED | exit=0 | runtime=00:00:01 | time=2026-07-30 04:09:23
START | job=1594/100000 | task=1593 | pid=61948 | time=2026-07-30 04:09:23
FINISH | job=1583/100000 | task=1582 | pid=57980 | status=COMPLETED | exit=0 | runtime=00:08:56 | time=2026-07-30 04:09:23
START | job=1595/100000 | task=1594 | pid=61969 | time=2026-07-30 04:09:23
FINISH | job=1592/100000 | task=1591 | pid=61919 | status=COMPLETED | exit=0 | runtime=00:00:42 | time=2026-07-30 04:10:03
START | job=1596/100000 | task=1595 | pid=62250 | time=2026-07-30 04:10:03
FINISH | job=1588/100000 | task=1587 | pid=61392 | status=COMPLETED | exit=0 | runtime=00:02:32 | time=2026-07-30 04:10:43
START | job=1597/100000 | task=1596 | pid=62547 | time=2026-07-30 04:10:43
FINISH | job=1596/100000 | task=1595 | pid=62250 | status=COMPLETED | exit=0 | runtime=00:02:12 | time=2026-07-30 04:12:15
START | job=1598/100000 | task=1597 | pid=63213 | time=2026-07-30 04:12:15
FINISH | job=1597/100000 | task=1596 | pid=62547 | status=COMPLETED | exit=0 | runtime=00:02:32 | time=2026-07-30 04:13:15
START | job=1599/100000 | task=1598 | pid=63649 | time=2026-07-30 04:13:15
FINISH | job=1599/100000 | task=1598 | pid=63649 | status=COMPLETED | exit=0 | runtime=00:00:01 | time=2026-07-30 04:13:16
START | job=1600/100000 | task=1599 | pid=63657 | time=2026-07-30 04:13:16
START PROGRESS | 1600/100000 (1%)
FINISH | job=1600/100000 | task=1599 | pid=63657 | status=COMPLETED | exit=0 | runtime=00:00:01 | time=2026-07-30 04:13:17
START | job=1601/100000 | task=1600 | pid=63678 | time=2026-07-30 04:13:17
FINISH | job=1585/100000 | task=1584 | pid=58111 | status=COMPLETED | exit=0 | runtime=00:12:46 | time=2026-07-30 04:13:27
START | job=1602/100000 | task=1601 | pid=63747 | time=2026-07-30 04:13:27
FINISH | job=1602/100000 | task=1601 | pid=63747 | status=COMPLETED | exit=0 | runtime=00:00:01 | time=2026-07-30 04:13:28
START | job=1603/100000 | task=1602 | pid=63768 | time=2026-07-30 04:13:28
FINISH | job=1558/100000 | task=1557 | pid=51939 | status=COMPLETED | exit=0 | runtime=00:26:30 | time=2026-07-30 04:13:29
START | job=1604/100000 | task=1603 | pid=63776 | time=2026-07-30 04:13:29
FINISH | job=1601/100000 | task=1600 | pid=63678 | status=COMPLETED | exit=0 | runtime=00:00:15 | time=2026-07-30 04:13:32
START | job=1605/100000 | task=1604 | pid=63812 | time=2026-07-30 04:13:32
FINISH | job=1598/100000 | task=1597 | pid=63213 | status=COMPLETED | exit=0 | runtime=00:01:45 | time=2026-07-30 04:14:00
START | job=1606/100000 | task=1605 | pid=64017 | time=2026-07-30 04:14:00
FINISH | job=1606/100000 | task=1605 | pid=64017 | status=COMPLETED | exit=0 | runtime=00:00:24 | time=2026-07-30 04:14:24
START | job=1607/100000 | task=1606 | pid=64203 | time=2026-07-30 04:14:24
FINISH | job=1595/100000 | task=1594 | pid=61969 | status=COMPLETED | exit=0 | runtime=00:05:36 | time=2026-07-30 04:14:59
START | job=1608/100000 | task=1607 | pid=64457 | time=2026-07-30 04:14:59
FINISH | job=1608/100000 | task=1607 | pid=64457 | status=COMPLETED | exit=0 | runtime=00:00:02 | time=2026-07-30 04:15:01
START | job=1609/100000 | task=1608 | pid=64480 | time=2026-07-30 04:15:01
FINISH | job=1605/100000 | task=1604 | pid=63812 | status=COMPLETED | exit=0 | runtime=00:01:42 | time=2026-07-30 04:15:14
START | job=1610/100000 | task=1609 | pid=64580 | time=2026-07-30 04:15:14
FINISH | job=1610/100000 | task=1609 | pid=64580 | status=COMPLETED | exit=0 | runtime=00:00:15 | time=2026-07-30 04:15:29
START | job=1611/100000 | task=1610 | pid=64698 | time=2026-07-30 04:15:29
FINISH | job=1611/100000 | task=1610 | pid=64698 | status=COMPLETED | exit=0 | runtime=00:00:01 | time=2026-07-30 04:15:30
START | job=1612/100000 | task=1611 | pid=64719 | time=2026-07-30 04:15:30
FINISH | job=1609/100000 | task=1608 | pid=64480 | status=COMPLETED | exit=0 | runtime=00:01:01 | time=2026-07-30 04:16:02
START | job=1613/100000 | task=1612 | pid=64954 | time=2026-07-30 04:16:02
FINISH | job=1607/100000 | task=1606 | pid=64203 | status=COMPLETED | exit=0 | runtime=00:01:46 | time=2026-07-30 04:16:10
START | job=1614/100000 | task=1613 | pid=65009 | time=2026-07-30 04:16:10
FINISH | job=1604/100000 | task=1603 | pid=63776 | status=COMPLETED | exit=0 | runtime=00:03:27 | time=2026-07-30 04:16:56
START | job=1615/100000 | task=1614 | pid=65364 | time=2026-07-30 04:16:56
FINISH | job=1586/100000 | task=1585 | pid=58196 | status=COMPLETED | exit=0 | runtime=00:16:19 | time=2026-07-30 04:17:11
START | job=1616/100000 | task=1615 | pid=65484 | time=2026-07-30 04:17:11
FINISH | job=1616/100000 | task=1615 | pid=65484 | status=COMPLETED | exit=0 | runtime=00:00:09 | time=2026-07-30 04:17:20
START | job=1617/100000 | task=1616 | pid=65558 | time=2026-07-30 04:17:20
FINISH | job=1617/100000 | task=1616 | pid=65558 | status=COMPLETED | exit=0 | runtime=00:00:27 | time=2026-07-30 04:17:47
START | job=1618/100000 | task=1617 | pid=65773 | time=2026-07-30 04:17:47
FINISH | job=1618/100000 | task=1617 | pid=65773 | status=COMPLETED | exit=0 | runtime=00:00:16 | time=2026-07-30 04:18:03
START | job=1619/100000 | task=1618 | pid=65888 | time=2026-07-30 04:18:03
FINISH | job=1587/100000 | task=1586 | pid=61244 | status=COMPLETED | exit=0 | runtime=00:10:14 | time=2026-07-30 04:18:06
START | job=1620/100000 | task=1619 | pid=65911 | time=2026-07-30 04:18:06
FINISH | job=1619/100000 | task=1618 | pid=65888 | status=COMPLETED | exit=0 | runtime=00:00:16 | time=2026-07-30 04:18:19
START | job=1621/100000 | task=1620 | pid=66009 | time=2026-07-30 04:18:19
FINISH | job=1620/100000 | task=1619 | pid=65911 | status=COMPLETED | exit=0 | runtime=00:00:15 | time=2026-07-30 04:18:21
START | job=1622/100000 | task=1621 | pid=66047 | time=2026-07-30 04:18:21
FINISH | job=1615/100000 | task=1614 | pid=65364 | status=COMPLETED | exit=0 | runtime=00:02:32 | time=2026-07-30 04:19:28
START | job=1623/100000 | task=1622 | pid=66531 | time=2026-07-30 04:19:28
FINISH | job=1623/100000 | task=1622 | pid=66531 | status=COMPLETED | exit=0 | runtime=00:00:44 | time=2026-07-30 04:20:12
START | job=1624/100000 | task=1623 | pid=66857 | time=2026-07-30 04:20:12
FINISH | job=1624/100000 | task=1623 | pid=66857 | status=COMPLETED | exit=0 | runtime=00:00:32 | time=2026-07-30 04:20:44
START | job=1625/100000 | task=1624 | pid=67099 | time=2026-07-30 04:20:44
FINISH | job=1625/100000 | task=1624 | pid=67099 | status=COMPLETED | exit=0 | runtime=00:01:01 | time=2026-07-30 04:21:45
START | job=1626/100000 | task=1625 | pid=67548 | time=2026-07-30 04:21:45
FINISH | job=1626/100000 | task=1625 | pid=67548 | status=COMPLETED | exit=0 | runtime=00:00:28 | time=2026-07-30 04:22:13
START | job=1627/100000 | task=1626 | pid=67756 | time=2026-07-30 04:22:13
FINISH | job=1627/100000 | task=1626 | pid=67756 | status=COMPLETED | exit=0 | runtime=00:00:01 | time=2026-07-30 04:22:14
START | job=1628/100000 | task=1627 | pid=67762 | time=2026-07-30 04:22:14
FINISH | job=1628/100000 | task=1627 | pid=67762 | status=COMPLETED | exit=0 | runtime=00:00:15 | time=2026-07-30 04:22:29
START | job=1629/100000 | task=1628 | pid=67877 | time=2026-07-30 04:22:29
FINISH | job=1629/100000 | task=1628 | pid=67877 | status=COMPLETED | exit=0 | runtime=00:00:01 | time=2026-07-30 04:22:30
START | job=1630/100000 | task=1629 | pid=67883 | time=2026-07-30 04:22:30
FINISH | job=1622/100000 | task=1621 | pid=66047 | status=COMPLETED | exit=0 | runtime=00:06:42 | time=2026-07-30 04:25:03
START | job=1631/100000 | task=1630 | pid=68999 | time=2026-07-30 04:25:03
FINISH | job=1603/100000 | task=1602 | pid=63768 | status=COMPLETED | exit=0 | runtime=00:12:35 | time=2026-07-30 04:26:03
START | job=1632/100000 | task=1631 | pid=69467 | time=2026-07-30 04:26:03
FINISH | job=1621/100000 | task=1620 | pid=66009 | status=COMPLETED | exit=0 | runtime=00:10:44 | time=2026-07-30 04:29:03
START | job=1633/100000 | task=1632 | pid=70822 | time=2026-07-30 04:29:03
FINISH | job=1614/100000 | task=1613 | pid=65009 | status=COMPLETED | exit=0 | runtime=00:13:12 | time=2026-07-30 04:29:22
START | job=1634/100000 | task=1633 | pid=70969 | time=2026-07-30 04:29:22
FINISH | job=1613/100000 | task=1612 | pid=64954 | status=COMPLETED | exit=0 | runtime=00:13:33 | time=2026-07-30 04:29:35
START | job=1635/100000 | task=1634 | pid=71071 | time=2026-07-30 04:29:35
FINISH | job=1612/100000 | task=1611 | pid=64719 | status=COMPLETED | exit=0 | runtime=00:14:32 | time=2026-07-30 04:30:02
START | job=1636/100000 | task=1635 | pid=71279 | time=2026-07-30 04:30:02
FINISH | job=1636/100000 | task=1635 | pid=71279 | status=COMPLETED | exit=0 | runtime=00:00:01 | time=2026-07-30 04:30:03
START | job=1637/100000 | task=1636 | pid=71285 | time=2026-07-30 04:30:03
FINISH | job=1635/100000 | task=1634 | pid=71071 | status=COMPLETED | exit=0 | runtime=00:01:10 | time=2026-07-30 04:30:45
START | job=1638/100000 | task=1637 | pid=71594 | time=2026-07-30 04:30:45
FINISH | job=1638/100000 | task=1637 | pid=71594 | status=COMPLETED | exit=0 | runtime=00:00:00 | time=2026-07-30 04:30:45
START | job=1639/100000 | task=1638 | pid=71600 | time=2026-07-30 04:30:45
FINISH | job=1634/100000 | task=1633 | pid=70969 | status=COMPLETED | exit=0 | runtime=00:01:37 | time=2026-07-30 04:30:59
START | job=1640/100000 | task=1639 | pid=71717 | time=2026-07-30 04:30:59
FINISH | job=1637/100000 | task=1636 | pid=71285 | status=COMPLETED | exit=0 | runtime=00:01:00 | time=2026-07-30 04:31:03
START | job=1641/100000 | task=1640 | pid=71755 | time=2026-07-30 04:31:03
FINISH | job=1633/100000 | task=1632 | pid=70822 | status=COMPLETED | exit=0 | runtime=00:02:32 | time=2026-07-30 04:31:35
START | job=1642/100000 | task=1641 | pid=71988 | time=2026-07-30 04:31:35
FINISH | job=1642/100000 | task=1641 | pid=71988 | status=COMPLETED | exit=0 | runtime=00:00:06 | time=2026-07-30 04:31:41
START | job=1643/100000 | task=1642 | pid=72041 | time=2026-07-30 04:31:41
FINISH | job=1641/100000 | task=1640 | pid=71755 | status=COMPLETED | exit=0 | runtime=00:01:03 | time=2026-07-30 04:32:06
START | job=1644/100000 | task=1643 | pid=72220 | time=2026-07-30 04:32:06
FINISH | job=1644/100000 | task=1643 | pid=72220 | status=COMPLETED | exit=0 | runtime=00:00:01 | time=2026-07-30 04:32:07
START | job=1645/100000 | task=1644 | pid=72243 | time=2026-07-30 04:32:07
FINISH | job=1645/100000 | task=1644 | pid=72243 | status=COMPLETED | exit=0 | runtime=00:00:03 | time=2026-07-30 04:32:10
START | job=1646/100000 | task=1645 | pid=72264 | time=2026-07-30 04:32:10
FINISH | job=1646/100000 | task=1645 | pid=72264 | status=COMPLETED | exit=0 | runtime=00:00:01 | time=2026-07-30 04:32:11
START | job=1647/100000 | task=1646 | pid=72270 | time=2026-07-30 04:32:11
FINISH | job=1647/100000 | task=1646 | pid=72270 | status=COMPLETED | exit=0 | runtime=00:00:00 | time=2026-07-30 04:32:11
START | job=1648/100000 | task=1647 | pid=72291 | time=2026-07-30 04:32:11
FINISH | job=1643/100000 | task=1642 | pid=72041 | status=COMPLETED | exit=0 | runtime=00:01:01 | time=2026-07-30 04:32:42
START | job=1649/100000 | task=1648 | pid=72511 | time=2026-07-30 04:32:42
FINISH | job=1594/100000 | task=1593 | pid=61948 | status=COMPLETED | exit=0 | runtime=00:23:26 | time=2026-07-30 04:32:49
START | job=1650/100000 | task=1649 | pid=72566 | time=2026-07-30 04:32:49
FINISH | job=1650/100000 | task=1649 | pid=72566 | status=COMPLETED | exit=0 | runtime=00:01:09 | time=2026-07-30 04:33:58
START | job=1651/100000 | task=1650 | pid=73071 | time=2026-07-30 04:33:58
FINISH | job=1651/100000 | task=1650 | pid=73071 | status=COMPLETED | exit=0 | runtime=00:00:07 | time=2026-07-30 04:34:05
START | job=1652/100000 | task=1651 | pid=73142 | time=2026-07-30 04:34:05
FINISH | job=1652/100000 | task=1651 | pid=73142 | status=COMPLETED | exit=0 | runtime=00:00:03 | time=2026-07-30 04:34:08
START | job=1653/100000 | task=1652 | pid=73163 | time=2026-07-30 04:34:08
FINISH | job=1630/100000 | task=1629 | pid=67883 | status=COMPLETED | exit=0 | runtime=00:12:46 | time=2026-07-30 04:35:16
START | job=1654/100000 | task=1653 | pid=73667 | time=2026-07-30 04:35:16
FINISH | job=1653/100000 | task=1652 | pid=73163 | status=COMPLETED | exit=0 | runtime=00:01:18 | time=2026-07-30 04:35:26
START | job=1655/100000 | task=1654 | pid=73737 | time=2026-07-30 04:35:26
FINISH | job=1655/100000 | task=1654 | pid=73737 | status=COMPLETED | exit=0 | runtime=00:00:01 | time=2026-07-30 04:35:27
START | job=1656/100000 | task=1655 | pid=73760 | time=2026-07-30 04:35:27
FINISH | job=1656/100000 | task=1655 | pid=73760 | status=COMPLETED | exit=0 | runtime=00:00:01 | time=2026-07-30 04:35:28
START | job=1657/100000 | task=1656 | pid=73766 | time=2026-07-30 04:35:28
FINISH | job=1654/100000 | task=1653 | pid=73667 | status=COMPLETED | exit=0 | runtime=00:00:15 | time=2026-07-30 04:35:31
START | job=1658/100000 | task=1657 | pid=73802 | time=2026-07-30 04:35:31
FINISH | job=1649/100000 | task=1648 | pid=72511 | status=COMPLETED | exit=0 | runtime=00:05:41 | time=2026-07-30 04:38:23
START | job=1659/100000 | task=1658 | pid=75039 | time=2026-07-30 04:38:23
FINISH | job=1632/100000 | task=1631 | pid=69467 | status=COMPLETED | exit=0 | runtime=00:13:09 | time=2026-07-30 04:39:12
START | job=1660/100000 | task=1659 | pid=75402 | time=2026-07-30 04:39:12
FINISH | job=1660/100000 | task=1659 | pid=75402 | status=COMPLETED | exit=0 | runtime=00:00:08 | time=2026-07-30 04:39:20
START | job=1661/100000 | task=1660 | pid=75457 | time=2026-07-30 04:39:20
FINISH | job=1659/100000 | task=1658 | pid=75039 | status=COMPLETED | exit=0 | runtime=00:01:08 | time=2026-07-30 04:39:31
START | job=1662/100000 | task=1661 | pid=75540 | time=2026-07-30 04:39:31
FINISH | job=1662/100000 | task=1661 | pid=75540 | status=COMPLETED | exit=0 | runtime=00:00:01 | time=2026-07-30 04:39:32
START | job=1663/100000 | task=1662 | pid=75563 | time=2026-07-30 04:39:32
FINISH | job=1663/100000 | task=1662 | pid=75563 | status=COMPLETED | exit=0 | runtime=00:00:02 | time=2026-07-30 04:39:34
START | job=1664/100000 | task=1663 | pid=75584 | time=2026-07-30 04:39:34
FINISH | job=1661/100000 | task=1660 | pid=75457 | status=COMPLETED | exit=0 | runtime=00:01:01 | time=2026-07-30 04:40:21
START | job=1665/100000 | task=1664 | pid=75922 | time=2026-07-30 04:40:21
FINISH | job=1665/100000 | task=1664 | pid=75922 | status=COMPLETED | exit=0 | runtime=00:00:16 | time=2026-07-30 04:40:37
START | job=1666/100000 | task=1665 | pid=76037 | time=2026-07-30 04:40:37
FINISH | job=1664/100000 | task=1663 | pid=75584 | status=COMPLETED | exit=0 | runtime=00:01:42 | time=2026-07-30 04:41:16
START | job=1667/100000 | task=1666 | pid=76341 | time=2026-07-30 04:41:16
FINISH | job=1631/100000 | task=1630 | pid=68999 | status=COMPLETED | exit=0 | runtime=00:18:07 | time=2026-07-30 04:43:10
START | job=1668/100000 | task=1667 | pid=77173 | time=2026-07-30 04:43:10
FINISH | job=1640/100000 | task=1639 | pid=71717 | status=COMPLETED | exit=0 | runtime=00:12:28 | time=2026-07-30 04:43:27
START | job=1669/100000 | task=1668 | pid=77304 | time=2026-07-30 04:43:27
FINISH | job=1639/100000 | task=1638 | pid=71600 | status=COMPLETED | exit=0 | runtime=00:12:54 | time=2026-07-30 04:43:39
START | job=1670/100000 | task=1669 | pid=77404 | time=2026-07-30 04:43:40
FINISH | job=1668/100000 | task=1667 | pid=77173 | status=COMPLETED | exit=0 | runtime=00:02:09 | time=2026-07-30 04:45:19
START | job=1671/100000 | task=1670 | pid=78118 | time=2026-07-30 04:45:19
FINISH | job=1670/100000 | task=1669 | pid=77404 | status=COMPLETED | exit=0 | runtime=00:01:44 | time=2026-07-30 04:45:24
START | job=1672/100000 | task=1671 | pid=78156 | time=2026-07-30 04:45:24
FINISH | job=1648/100000 | task=1647 | pid=72291 | status=COMPLETED | exit=0 | runtime=00:13:13 | time=2026-07-30 04:45:24
START | job=1673/100000 | task=1672 | pid=78162 | time=2026-07-30 04:45:24
FINISH | job=1673/100000 | task=1672 | pid=78162 | status=COMPLETED | exit=0 | runtime=00:00:01 | time=2026-07-30 04:45:25
START | job=1674/100000 | task=1673 | pid=78183 | time=2026-07-30 04:45:25
FINISH | job=1674/100000 | task=1673 | pid=78183 | status=COMPLETED | exit=0 | runtime=00:00:16 | time=2026-07-30 04:45:41
START | job=1675/100000 | task=1674 | pid=78298 | time=2026-07-30 04:45:41
FINISH | job=1671/100000 | task=1670 | pid=78118 | status=COMPLETED | exit=0 | runtime=00:00:28 | time=2026-07-30 04:45:47
START | job=1676/100000 | task=1675 | pid=78353 | time=2026-07-30 04:45:47
FINISH | job=1669/100000 | task=1668 | pid=77304 | status=COMPLETED | exit=0 | runtime=00:02:32 | time=2026-07-30 04:45:59
START | job=1677/100000 | task=1676 | pid=78451 | time=2026-07-30 04:45:59
FINISH | job=1677/100000 | task=1676 | pid=78451 | status=COMPLETED | exit=0 | runtime=00:00:20 | time=2026-07-30 04:46:19
START | job=1678/100000 | task=1677 | pid=78596 | time=2026-07-30 04:46:19
FINISH | job=1672/100000 | task=1671 | pid=78156 | status=COMPLETED | exit=0 | runtime=00:01:02 | time=2026-07-30 04:46:26
START | job=1679/100000 | task=1678 | pid=78652 | time=2026-07-30 04:46:26
FINISH | job=1678/100000 | task=1677 | pid=78596 | status=COMPLETED | exit=0 | runtime=00:00:08 | time=2026-07-30 04:46:27
START | job=1680/100000 | task=1679 | pid=78673 | time=2026-07-30 04:46:27
FINISH | job=1680/100000 | task=1679 | pid=78673 | status=COMPLETED | exit=0 | runtime=00:01:16 | time=2026-07-30 04:47:43
START | job=1681/100000 | task=1680 | pid=79224 | time=2026-07-30 04:47:43
FINISH | job=1658/100000 | task=1657 | pid=73802 | status=COMPLETED | exit=0 | runtime=00:12:34 | time=2026-07-30 04:48:05
START | job=1682/100000 | task=1681 | pid=79401 | time=2026-07-30 04:48:05
FINISH | job=1682/100000 | task=1681 | pid=79401 | status=COMPLETED | exit=0 | runtime=00:00:01 | time=2026-07-30 04:48:06
START | job=1683/100000 | task=1682 | pid=79407 | time=2026-07-30 04:48:06
FINISH | job=1683/100000 | task=1682 | pid=79407 | status=COMPLETED | exit=0 | runtime=00:00:01 | time=2026-07-30 04:48:07
START | job=1684/100000 | task=1683 | pid=79415 | time=2026-07-30 04:48:07
FINISH | job=1679/100000 | task=1678 | pid=78652 | status=COMPLETED | exit=0 | runtime=00:01:46 | time=2026-07-30 04:48:12
START | job=1685/100000 | task=1684 | pid=79468 | time=2026-07-30 04:48:12
FINISH | job=1681/100000 | task=1680 | pid=79224 | status=COMPLETED | exit=0 | runtime=00:01:02 | time=2026-07-30 04:48:45
START | job=1686/100000 | task=1685 | pid=79707 | time=2026-07-30 04:48:45
FINISH | job=1657/100000 | task=1656 | pid=73766 | status=COMPLETED | exit=0 | runtime=00:14:24 | time=2026-07-30 04:49:52
START | job=1687/100000 | task=1686 | pid=80197 | time=2026-07-30 04:49:52
FINISH | job=1667/100000 | task=1666 | pid=76341 | status=COMPLETED | exit=0 | runtime=00:08:50 | time=2026-07-30 04:50:06
START | job=1688/100000 | task=1687 | pid=80313 | time=2026-07-30 04:50:06
FINISH | job=1688/100000 | task=1687 | pid=80313 | status=COMPLETED | exit=0 | runtime=00:01:47 | time=2026-07-30 04:51:53
START | job=1689/100000 | task=1688 | pid=81092 | time=2026-07-30 04:51:53
FINISH | job=1689/100000 | task=1688 | pid=81092 | status=COMPLETED | exit=0 | runtime=00:00:01 | time=2026-07-30 04:51:54
START | job=1690/100000 | task=1689 | pid=81101 | time=2026-07-30 04:51:54
FINISH | job=1690/100000 | task=1689 | pid=81101 | status=COMPLETED | exit=0 | runtime=00:00:02 | time=2026-07-30 04:51:56
START | job=1691/100000 | task=1690 | pid=81123 | time=2026-07-30 04:51:56
FINISH | job=1691/100000 | task=1690 | pid=81123 | status=COMPLETED | exit=0 | runtime=00:00:00 | time=2026-07-30 04:51:56
START | job=1692/100000 | task=1691 | pid=81129 | time=2026-07-30 04:51:56
FINISH | job=1685/100000 | task=1684 | pid=79468 | status=COMPLETED | exit=0 | runtime=00:03:50 | time=2026-07-30 04:52:02
START | job=1693/100000 | task=1692 | pid=81182 | time=2026-07-30 04:52:02
FINISH | job=1692/100000 | task=1691 | pid=81129 | status=COMPLETED | exit=0 | runtime=00:00:16 | time=2026-07-30 04:52:12
START | job=1694/100000 | task=1693 | pid=81265 | time=2026-07-30 04:52:12
FINISH | job=1687/100000 | task=1686 | pid=80197 | status=COMPLETED | exit=0 | runtime=00:04:58 | time=2026-07-30 04:54:50
START | job=1695/100000 | task=1694 | pid=82383 | time=2026-07-30 04:54:50
FINISH | job=1666/100000 | task=1665 | pid=76037 | status=COMPLETED | exit=0 | runtime=00:15:22 | time=2026-07-30 04:55:59
START | job=1696/100000 | task=1695 | pid=82897 | time=2026-07-30 04:55:59
FINISH | job=1676/100000 | task=1675 | pid=78353 | status=COMPLETED | exit=0 | runtime=00:11:33 | time=2026-07-30 04:57:20
START | job=1697/100000 | task=1696 | pid=83502 | time=2026-07-30 04:57:20
FINISH | job=1697/100000 | task=1696 | pid=83502 | status=COMPLETED | exit=0 | runtime=00:01:01 | time=2026-07-30 04:58:21
START | job=1698/100000 | task=1697 | pid=83945 | time=2026-07-30 04:58:21
FINISH | job=1698/100000 | task=1697 | pid=83945 | status=COMPLETED | exit=0 | runtime=00:00:05 | time=2026-07-30 04:58:26
START | job=1699/100000 | task=1698 | pid=83998 | time=2026-07-30 04:58:26
FINISH | job=1696/100000 | task=1695 | pid=82897 | status=COMPLETED | exit=0 | runtime=00:02:32 | time=2026-07-30 04:58:31
START | job=1700/100000 | task=1699 | pid=84036 | time=2026-07-30 04:58:32
START PROGRESS | 1700/100000 (1%)
FINISH | job=1700/100000 | task=1699 | pid=84036 | status=COMPLETED | exit=0 | runtime=00:00:00 | time=2026-07-30 04:58:32
START | job=1701/100000 | task=1700 | pid=84059 | time=2026-07-30 04:58:32
FINISH | job=1701/100000 | task=1700 | pid=84059 | status=COMPLETED | exit=0 | runtime=00:00:00 | time=2026-07-30 04:58:32
START | job=1702/100000 | task=1701 | pid=84065 | time=2026-07-30 04:58:32
FINISH | job=1686/100000 | task=1685 | pid=79707 | status=COMPLETED | exit=0 | runtime=00:10:07 | time=2026-07-30 04:58:52
START | job=1703/100000 | task=1702 | pid=84208 | time=2026-07-30 04:58:52
FINISH | job=1699/100000 | task=1698 | pid=83998 | status=COMPLETED | exit=0 | runtime=00:00:35 | time=2026-07-30 04:59:01
START | job=1704/100000 | task=1703 | pid=84279 | time=2026-07-30 04:59:01
FINISH | job=1675/100000 | task=1674 | pid=78298 | status=COMPLETED | exit=0 | runtime=00:13:39 | time=2026-07-30 04:59:20
START | job=1705/100000 | task=1704 | pid=84422 | time=2026-07-30 04:59:20
FINISH | job=1684/100000 | task=1683 | pid=79415 | status=COMPLETED | exit=0 | runtime=00:13:08 | time=2026-07-30 05:01:15
START | job=1706/100000 | task=1705 | pid=85298 | time=2026-07-30 05:01:15
FINISH | job=1706/100000 | task=1705 | pid=85298 | status=COMPLETED | exit=0 | runtime=00:01:02 | time=2026-07-30 05:02:17
START | job=1707/100000 | task=1706 | pid=85765 | time=2026-07-30 05:02:17
FINISH | job=1707/100000 | task=1706 | pid=85765 | status=COMPLETED | exit=0 | runtime=00:00:04 | time=2026-07-30 05:02:21
START | job=1708/100000 | task=1707 | pid=85789 | time=2026-07-30 05:02:21
FINISH | job=1708/100000 | task=1707 | pid=85789 | status=COMPLETED | exit=0 | runtime=00:00:58 | time=2026-07-30 05:03:19
START | job=1709/100000 | task=1708 | pid=86227 | time=2026-07-30 05:03:19
FINISH | job=1705/100000 | task=1704 | pid=84422 | status=COMPLETED | exit=0 | runtime=00:04:04 | time=2026-07-30 05:03:24
START | job=1710/100000 | task=1709 | pid=86265 | time=2026-07-30 05:03:24
FINISH | job=1710/100000 | task=1709 | pid=86265 | status=COMPLETED | exit=0 | runtime=00:00:01 | time=2026-07-30 05:03:25
START | job=1711/100000 | task=1710 | pid=86271 | time=2026-07-30 05:03:25
FINISH | job=1709/100000 | task=1708 | pid=86227 | status=COMPLETED | exit=0 | runtime=00:00:16 | time=2026-07-30 05:03:35
START | job=1712/100000 | task=1711 | pid=86358 | time=2026-07-30 05:03:35
FINISH | job=1694/100000 | task=1693 | pid=81265 | status=COMPLETED | exit=0 | runtime=00:12:32 | time=2026-07-30 05:04:44
START | job=1713/100000 | task=1712 | pid=86855 | time=2026-07-30 05:04:44
FINISH | job=1695/100000 | task=1694 | pid=82383 | status=COMPLETED | exit=0 | runtime=00:10:08 | time=2026-07-30 05:04:58
START | job=1714/100000 | task=1713 | pid=86972 | time=2026-07-30 05:04:58
FINISH | job=1693/100000 | task=1692 | pid=81182 | status=COMPLETED | exit=0 | runtime=00:12:58 | time=2026-07-30 05:05:00
START | job=1715/100000 | task=1714 | pid=86995 | time=2026-07-30 05:05:00
FINISH | job=1712/100000 | task=1711 | pid=86358 | status=COMPLETED | exit=0 | runtime=00:01:47 | time=2026-07-30 05:05:22
START | job=1716/100000 | task=1715 | pid=87153 | time=2026-07-30 05:05:22
FINISH | job=1716/100000 | task=1715 | pid=87153 | status=COMPLETED | exit=0 | runtime=00:00:54 | time=2026-07-30 05:06:16
START | job=1717/100000 | task=1716 | pid=87550 | time=2026-07-30 05:06:16
FINISH | job=1717/100000 | task=1716 | pid=87550 | status=COMPLETED | exit=0 | runtime=00:00:02 | time=2026-07-30 05:06:18
START | job=1718/100000 | task=1717 | pid=87573 | time=2026-07-30 05:06:18
FINISH | job=1718/100000 | task=1717 | pid=87573 | status=COMPLETED | exit=0 | runtime=00:00:16 | time=2026-07-30 05:06:34
START | job=1719/100000 | task=1718 | pid=87689 | time=2026-07-30 05:06:34
FINISH | job=1719/100000 | task=1718 | pid=87689 | status=COMPLETED | exit=0 | runtime=00:00:00 | time=2026-07-30 05:06:34
START | job=1720/100000 | task=1719 | pid=87710 | time=2026-07-30 05:06:34
FINISH | job=1715/100000 | task=1714 | pid=86995 | status=COMPLETED | exit=0 | runtime=00:01:46 | time=2026-07-30 05:06:46
START | job=1721/100000 | task=1720 | pid=87795 | time=2026-07-30 05:06:46
FINISH | job=1714/100000 | task=1713 | pid=86972 | status=COMPLETED | exit=0 | runtime=00:02:33 | time=2026-07-30 05:07:31
START | job=1722/100000 | task=1721 | pid=88121 | time=2026-07-30 05:07:31
FINISH | job=1722/100000 | task=1721 | pid=88121 | status=COMPLETED | exit=0 | runtime=00:01:09 | time=2026-07-30 05:08:40
START | job=1723/100000 | task=1722 | pid=88639 | time=2026-07-30 05:08:40
FINISH | job=1723/100000 | task=1722 | pid=88639 | status=COMPLETED | exit=0 | runtime=00:00:32 | time=2026-07-30 05:09:12
START | job=1724/100000 | task=1723 | pid=88864 | time=2026-07-30 05:09:12
FINISH | job=1704/100000 | task=1703 | pid=84279 | status=COMPLETED | exit=0 | runtime=00:10:14 | time=2026-07-30 05:09:15
START | job=1725/100000 | task=1724 | pid=88902 | time=2026-07-30 05:09:15
FINISH | job=1725/100000 | task=1724 | pid=88902 | status=COMPLETED | exit=0 | runtime=00:00:27 | time=2026-07-30 05:09:42
START | job=1726/100000 | task=1725 | pid=89092 | time=2026-07-30 05:09:42
FINISH | job=1724/100000 | task=1723 | pid=88864 | status=COMPLETED | exit=0 | runtime=00:01:40 | time=2026-07-30 05:10:52
START | job=1727/100000 | task=1726 | pid=89606 | time=2026-07-30 05:10:52
FINISH | job=1727/100000 | task=1726 | pid=89606 | status=COMPLETED | exit=0 | runtime=00:00:01 | time=2026-07-30 05:10:53
START | job=1728/100000 | task=1727 | pid=89617 | time=2026-07-30 05:10:53
FINISH | job=1728/100000 | task=1727 | pid=89617 | status=COMPLETED | exit=0 | runtime=00:00:15 | time=2026-07-30 05:11:08
START | job=1729/100000 | task=1728 | pid=89745 | time=2026-07-30 05:11:08
FINISH | job=1726/100000 | task=1725 | pid=89092 | status=COMPLETED | exit=0 | runtime=00:01:44 | time=2026-07-30 05:11:26
START | job=1730/100000 | task=1729 | pid=89883 | time=2026-07-30 05:11:26
FINISH | job=1702/100000 | task=1701 | pid=84065 | status=COMPLETED | exit=0 | runtime=00:15:15 | time=2026-07-30 05:13:47
START | job=1731/100000 | task=1730 | pid=90899 | time=2026-07-30 05:13:47
FINISH | job=1731/100000 | task=1730 | pid=90899 | status=COMPLETED | exit=0 | runtime=00:00:44 | time=2026-07-30 05:14:31
START | job=1732/100000 | task=1731 | pid=91211 | time=2026-07-30 05:14:31
FINISH | job=1713/100000 | task=1712 | pid=86855 | status=COMPLETED | exit=0 | runtime=00:10:06 | time=2026-07-30 05:14:50
START | job=1733/100000 | task=1732 | pid=91360 | time=2026-07-30 05:14:50
FINISH | job=1703/100000 | task=1702 | pid=84208 | status=COMPLETED | exit=0 | runtime=00:16:21 | time=2026-07-30 05:15:13
START | job=1734/100000 | task=1733 | pid=91541 | time=2026-07-30 05:15:13
FINISH | job=1711/100000 | task=1710 | pid=86271 | status=COMPLETED | exit=0 | runtime=00:12:34 | time=2026-07-30 05:15:59
START | job=1735/100000 | task=1734 | pid=91869 | time=2026-07-30 05:15:59
FINISH | job=1734/100000 | task=1733 | pid=91541 | status=COMPLETED | exit=0 | runtime=00:00:59 | time=2026-07-30 05:16:12
START | job=1736/100000 | task=1735 | pid=91984 | time=2026-07-30 05:16:13
FINISH | job=1736/100000 | task=1735 | pid=91984 | status=COMPLETED | exit=0 | runtime=00:00:01 | time=2026-07-30 05:16:14
START | job=1737/100000 | task=1736 | pid=91992 | time=2026-07-30 05:16:14
FINISH | job=1737/100000 | task=1736 | pid=91992 | status=COMPLETED | exit=0 | runtime=00:00:00 | time=2026-07-30 05:16:14
START | job=1738/100000 | task=1737 | pid=91998 | time=2026-07-30 05:16:14
FINISH | job=1735/100000 | task=1734 | pid=91869 | status=COMPLETED | exit=0 | runtime=00:00:36 | time=2026-07-30 05:16:35
START | job=1739/100000 | task=1738 | pid=92157 | time=2026-07-30 05:16:35
FINISH | job=1733/100000 | task=1732 | pid=91360 | status=COMPLETED | exit=0 | runtime=00:01:53 | time=2026-07-30 05:16:43
START | job=1740/100000 | task=1739 | pid=92235 | time=2026-07-30 05:16:43
FINISH | job=1732/100000 | task=1731 | pid=91211 | status=COMPLETED | exit=0 | runtime=00:03:58 | time=2026-07-30 05:18:29
START | job=1741/100000 | task=1740 | pid=92992 | time=2026-07-30 05:18:29
FINISH | job=1741/100000 | task=1740 | pid=92992 | status=COMPLETED | exit=0 | runtime=00:00:06 | time=2026-07-30 05:18:35
START | job=1742/100000 | task=1741 | pid=93048 | time=2026-07-30 05:18:35
FINISH | job=1742/100000 | task=1741 | pid=93048 | status=COMPLETED | exit=0 | runtime=00:00:04 | time=2026-07-30 05:18:39
START | job=1743/100000 | task=1742 | pid=93085 | time=2026-07-30 05:18:39
FINISH | job=1739/100000 | task=1738 | pid=92157 | status=COMPLETED | exit=0 | runtime=00:02:05 | time=2026-07-30 05:18:40
START | job=1744/100000 | task=1743 | pid=93093 | time=2026-07-30 05:18:40
FINISH | job=1720/100000 | task=1719 | pid=87710 | status=COMPLETED | exit=0 | runtime=00:12:51 | time=2026-07-30 05:19:25
START | job=1745/100000 | task=1744 | pid=93428 | time=2026-07-30 05:19:25
FINISH | job=1745/100000 | task=1744 | pid=93428 | status=COMPLETED | exit=0 | runtime=00:00:00 | time=2026-07-30 05:19:25
START | job=1746/100000 | task=1745 | pid=93434 | time=2026-07-30 05:19:25
FINISH | job=1743/100000 | task=1742 | pid=93085 | status=COMPLETED | exit=0 | runtime=00:01:00 | time=2026-07-30 05:19:39
START | job=1747/100000 | task=1746 | pid=93550 | time=2026-07-30 05:19:39
FINISH | job=1746/100000 | task=1745 | pid=93434 | status=COMPLETED | exit=0 | runtime=00:00:16 | time=2026-07-30 05:19:41
START | job=1748/100000 | task=1747 | pid=93573 | time=2026-07-30 05:19:41
FINISH | job=1744/100000 | task=1743 | pid=93093 | status=COMPLETED | exit=0 | runtime=00:01:42 | time=2026-07-30 05:20:22
START | job=1749/100000 | task=1748 | pid=93869 | time=2026-07-30 05:20:22
FINISH | job=1721/100000 | task=1720 | pid=87795 | status=COMPLETED | exit=0 | runtime=00:15:27 | time=2026-07-30 05:22:13
START | job=1750/100000 | task=1749 | pid=94681 | time=2026-07-30 05:22:13
FINISH | job=1750/100000 | task=1749 | pid=94681 | status=COMPLETED | exit=0 | runtime=00:00:07 | time=2026-07-30 05:22:20
START | job=1751/100000 | task=1750 | pid=94736 | time=2026-07-30 05:22:20
FINISH | job=1729/100000 | task=1728 | pid=89745 | status=COMPLETED | exit=0 | runtime=00:12:50 | time=2026-07-30 05:23:58
START | job=1752/100000 | task=1751 | pid=95437 | time=2026-07-30 05:23:58
FINISH | job=1752/100000 | task=1751 | pid=95437 | status=COMPLETED | exit=0 | runtime=00:00:01 | time=2026-07-30 05:23:59
START | job=1753/100000 | task=1752 | pid=95445 | time=2026-07-30 05:23:59
FINISH | job=1751/100000 | task=1750 | pid=94736 | status=COMPLETED | exit=0 | runtime=00:02:15 | time=2026-07-30 05:24:35
START | job=1754/100000 | task=1753 | pid=95719 | time=2026-07-30 05:24:35
FINISH | job=1754/100000 | task=1753 | pid=95719 | status=COMPLETED | exit=0 | runtime=00:00:15 | time=2026-07-30 05:24:50
START | job=1755/100000 | task=1754 | pid=95834 | time=2026-07-30 05:24:50
FINISH | job=1755/100000 | task=1754 | pid=95834 | status=COMPLETED | exit=0 | runtime=00:00:16 | time=2026-07-30 05:25:06
START | job=1756/100000 | task=1755 | pid=95965 | time=2026-07-30 05:25:06
FINISH | job=1730/100000 | task=1729 | pid=89883 | status=COMPLETED | exit=0 | runtime=00:13:48 | time=2026-07-30 05:25:14
START | job=1757/100000 | task=1756 | pid=96024 | time=2026-07-30 05:25:14
FINISH | job=1753/100000 | task=1752 | pid=95445 | status=COMPLETED | exit=0 | runtime=00:01:54 | time=2026-07-30 05:25:53
START | job=1758/100000 | task=1757 | pid=96338 | time=2026-07-30 05:25:53
FINISH | job=1758/100000 | task=1757 | pid=96338 | status=COMPLETED | exit=0 | runtime=00:00:49 | time=2026-07-30 05:26:42
START | job=1759/100000 | task=1758 | pid=96711 | time=2026-07-30 05:26:42
FINISH | job=1740/100000 | task=1739 | pid=92235 | status=COMPLETED | exit=0 | runtime=00:10:08 | time=2026-07-30 05:26:51
START | job=1760/100000 | task=1759 | pid=96807 | time=2026-07-30 05:26:51
FINISH | job=1760/100000 | task=1759 | pid=96807 | status=COMPLETED | exit=0 | runtime=00:00:04 | time=2026-07-30 05:26:55
START | job=1761/100000 | task=1760 | pid=96830 | time=2026-07-30 05:26:55
FINISH | job=1761/100000 | task=1760 | pid=96830 | status=COMPLETED | exit=0 | runtime=00:00:06 | time=2026-07-30 05:27:01
START | job=1762/100000 | task=1761 | pid=96883 | time=2026-07-30 05:27:01
FINISH | job=1762/100000 | task=1761 | pid=96883 | status=COMPLETED | exit=0 | runtime=00:00:01 | time=2026-07-30 05:27:02
START | job=1763/100000 | task=1762 | pid=96889 | time=2026-07-30 05:27:02
FINISH | job=1763/100000 | task=1762 | pid=96889 | status=COMPLETED | exit=0 | runtime=00:00:00 | time=2026-07-30 05:27:02
START | job=1764/100000 | task=1763 | pid=96910 | time=2026-07-30 05:27:02
FINISH | job=1764/100000 | task=1763 | pid=96910 | status=COMPLETED | exit=0 | runtime=00:00:00 | time=2026-07-30 05:27:02
START | job=1765/100000 | task=1764 | pid=96916 | time=2026-07-30 05:27:03
FINISH | job=1738/100000 | task=1737 | pid=91998 | status=COMPLETED | exit=0 | runtime=00:12:51 | time=2026-07-30 05:29:05
START | job=1766/100000 | task=1765 | pid=97832 | time=2026-07-30 05:29:05
FINISH | job=1759/100000 | task=1758 | pid=96711 | status=COMPLETED | exit=0 | runtime=00:04:02 | time=2026-07-30 05:30:44
START | job=1767/100000 | task=1766 | pid=98557 | time=2026-07-30 05:30:44
FINISH | job=1747/100000 | task=1746 | pid=93550 | status=COMPLETED | exit=0 | runtime=00:12:35 | time=2026-07-30 05:32:14
START | job=1768/100000 | task=1767 | pid=99210 | time=2026-07-30 05:32:14
FINISH | job=1767/100000 | task=1766 | pid=98557 | status=COMPLETED | exit=0 | runtime=00:01:55 | time=2026-07-30 05:32:39
START | job=1769/100000 | task=1768 | pid=99401 | time=2026-07-30 05:32:39
FINISH | job=1769/100000 | task=1768 | pid=99401 | status=COMPLETED | exit=0 | runtime=00:01:37 | time=2026-07-30 05:34:16
START | job=1770/100000 | task=1769 | pid=252 | time=2026-07-30 05:34:16
FINISH | job=1770/100000 | task=1769 | pid=252 | status=COMPLETED | exit=0 | runtime=00:00:28 | time=2026-07-30 05:34:44
START | job=1771/100000 | task=1770 | pid=573 | time=2026-07-30 05:34:44
FINISH | job=1771/100000 | task=1770 | pid=573 | status=COMPLETED | exit=0 | runtime=00:00:01 | time=2026-07-30 05:34:45
START | job=1772/100000 | task=1771 | pid=608 | time=2026-07-30 05:34:45
FINISH | job=1772/100000 | task=1771 | pid=608 | status=COMPLETED | exit=0 | runtime=00:00:01 | time=2026-07-30 05:34:46
START | job=1773/100000 | task=1772 | pid=620 | time=2026-07-30 05:34:46
FINISH | job=1773/100000 | task=1772 | pid=620 | status=COMPLETED | exit=0 | runtime=00:00:00 | time=2026-07-30 05:34:46
START | job=1774/100000 | task=1773 | pid=627 | time=2026-07-30 05:34:46
FINISH | job=1768/100000 | task=1767 | pid=99210 | status=COMPLETED | exit=0 | runtime=00:02:33 | time=2026-07-30 05:34:47
START | job=1775/100000 | task=1774 | pid=645 | time=2026-07-30 05:34:47
FINISH | job=1749/100000 | task=1748 | pid=93869 | status=COMPLETED | exit=0 | runtime=00:14:58 | time=2026-07-30 05:35:20
START | job=1776/100000 | task=1775 | pid=924 | time=2026-07-30 05:35:20
FINISH | job=1748/100000 | task=1747 | pid=93573 | status=COMPLETED | exit=0 | runtime=00:15:56 | time=2026-07-30 05:35:37
START | job=1777/100000 | task=1776 | pid=1076 | time=2026-07-30 05:35:37
FINISH | job=1777/100000 | task=1776 | pid=1076 | status=COMPLETED | exit=0 | runtime=00:00:27 | time=2026-07-30 05:36:04
START | job=1778/100000 | task=1777 | pid=1279 | time=2026-07-30 05:36:04
FINISH | job=1778/100000 | task=1777 | pid=1279 | status=COMPLETED | exit=0 | runtime=00:01:56 | time=2026-07-30 05:38:00
START | job=1779/100000 | task=1778 | pid=2893 | time=2026-07-30 05:38:00
FINISH | job=1779/100000 | task=1778 | pid=2893 | status=COMPLETED | exit=0 | runtime=00:00:29 | time=2026-07-30 05:38:29
START | job=1780/100000 | task=1779 | pid=3607 | time=2026-07-30 05:38:29
FINISH | job=1780/100000 | task=1779 | pid=3607 | status=COMPLETED | exit=0 | runtime=00:00:16 | time=2026-07-30 05:38:45
START | job=1781/100000 | task=1780 | pid=3771 | time=2026-07-30 05:38:45
FINISH | job=1781/100000 | task=1780 | pid=3771 | status=COMPLETED | exit=0 | runtime=00:00:01 | time=2026-07-30 05:38:46
START | job=1782/100000 | task=1781 | pid=3778 | time=2026-07-30 05:38:46
FINISH | job=1782/100000 | task=1781 | pid=3778 | status=COMPLETED | exit=0 | runtime=00:00:17 | time=2026-07-30 05:39:03
START | job=1783/100000 | task=1782 | pid=3924 | time=2026-07-30 05:39:03
FINISH | job=1756/100000 | task=1755 | pid=95965 | status=COMPLETED | exit=0 | runtime=00:14:24 | time=2026-07-30 05:39:30
START | job=1784/100000 | task=1783 | pid=4133 | time=2026-07-30 05:39:30
FINISH | job=1765/100000 | task=1764 | pid=96916 | status=COMPLETED | exit=0 | runtime=00:12:48 | time=2026-07-30 05:39:50
START | job=1785/100000 | task=1784 | pid=4278 | time=2026-07-30 05:39:50
FINISH | job=1785/100000 | task=1784 | pid=4278 | status=COMPLETED | exit=0 | runtime=00:00:12 | time=2026-07-30 05:40:02
START | job=1786/100000 | task=1785 | pid=4379 | time=2026-07-30 05:40:02
FINISH | job=1766/100000 | task=1765 | pid=97832 | status=COMPLETED | exit=0 | runtime=00:12:40 | time=2026-07-30 05:41:45
START | job=1787/100000 | task=1786 | pid=5123 | time=2026-07-30 05:41:45
FINISH | job=1787/100000 | task=1786 | pid=5123 | status=COMPLETED | exit=0 | runtime=00:00:24 | time=2026-07-30 05:42:09
START | job=1788/100000 | task=1787 | pid=5318 | time=2026-07-30 05:42:09
FINISH | job=1788/100000 | task=1787 | pid=5318 | status=COMPLETED | exit=0 | runtime=00:00:28 | time=2026-07-30 05:42:37
START | job=1789/100000 | task=1788 | pid=5525 | time=2026-07-30 05:42:37
FINISH | job=1789/100000 | task=1788 | pid=5525 | status=COMPLETED | exit=0 | runtime=00:00:01 | time=2026-07-30 05:42:38
START | job=1790/100000 | task=1789 | pid=5533 | time=2026-07-30 05:42:38
FINISH | job=1775/100000 | task=1774 | pid=645 | status=COMPLETED | exit=0 | runtime=00:08:18 | time=2026-07-30 05:43:05
START | job=1791/100000 | task=1790 | pid=5736 | time=2026-07-30 05:43:05
FINISH | job=1791/100000 | task=1790 | pid=5736 | status=COMPLETED | exit=0 | runtime=00:00:15 | time=2026-07-30 05:43:20
START | job=1792/100000 | task=1791 | pid=5851 | time=2026-07-30 05:43:20
FINISH | job=1784/100000 | task=1783 | pid=4133 | status=COMPLETED | exit=0 | runtime=00:05:00 | time=2026-07-30 05:44:30
START | job=1793/100000 | task=1792 | pid=6369 | time=2026-07-30 05:44:30
FINISH | job=1786/100000 | task=1785 | pid=4379 | status=COMPLETED | exit=0 | runtime=00:05:24 | time=2026-07-30 05:45:26
START | job=1794/100000 | task=1793 | pid=6772 | time=2026-07-30 05:45:26
FINISH | job=1790/100000 | task=1789 | pid=5533 | status=COMPLETED | exit=0 | runtime=00:02:57 | time=2026-07-30 05:45:35
START | job=1795/100000 | task=1794 | pid=6843 | time=2026-07-30 05:45:35
FINISH | job=1795/100000 | task=1794 | pid=6843 | status=COMPLETED | exit=0 | runtime=00:00:09 | time=2026-07-30 05:45:44
START | job=1796/100000 | task=1795 | pid=6911 | time=2026-07-30 05:45:44
FINISH | job=1796/100000 | task=1795 | pid=6911 | status=COMPLETED | exit=0 | runtime=00:00:07 | time=2026-07-30 05:45:51
START | job=1797/100000 | task=1796 | pid=6967 | time=2026-07-30 05:45:51
FINISH | job=1797/100000 | task=1796 | pid=6967 | status=COMPLETED | exit=0 | runtime=00:01:00 | time=2026-07-30 05:46:51
START | job=1798/100000 | task=1797 | pid=7408 | time=2026-07-30 05:46:51
FINISH | job=1798/100000 | task=1797 | pid=7408 | status=COMPLETED | exit=0 | runtime=00:00:01 | time=2026-07-30 05:46:52
START | job=1799/100000 | task=1798 | pid=7432 | time=2026-07-30 05:46:52
FINISH | job=1799/100000 | task=1798 | pid=7432 | status=COMPLETED | exit=0 | runtime=00:00:01 | time=2026-07-30 05:46:53
START | job=1800/100000 | task=1799 | pid=7438 | time=2026-07-30 05:46:53
START PROGRESS | 1800/100000 (1%)
FINISH | job=1800/100000 | task=1799 | pid=7438 | status=COMPLETED | exit=0 | runtime=00:00:00 | time=2026-07-30 05:46:53
START | job=1801/100000 | task=1800 | pid=7444 | time=2026-07-30 05:46:53
FINISH | job=1774/100000 | task=1773 | pid=627 | status=COMPLETED | exit=0 | runtime=00:13:03 | time=2026-07-30 05:47:49
START | job=1802/100000 | task=1801 | pid=7863 | time=2026-07-30 05:47:49
FINISH | job=1757/100000 | task=1756 | pid=96024 | status=COMPLETED | exit=0 | runtime=00:22:43 | time=2026-07-30 05:47:57
START | job=1803/100000 | task=1802 | pid=7920 | time=2026-07-30 05:47:57
FINISH | job=1793/100000 | task=1792 | pid=6369 | status=COMPLETED | exit=0 | runtime=00:03:57 | time=2026-07-30 05:48:28
START | job=1804/100000 | task=1803 | pid=8138 | time=2026-07-30 05:48:28
FINISH | job=1776/100000 | task=1775 | pid=924 | status=COMPLETED | exit=0 | runtime=00:14:26 | time=2026-07-30 05:49:46
START | job=1805/100000 | task=1804 | pid=8716 | time=2026-07-30 05:49:46
FINISH | job=1803/100000 | task=1802 | pid=7920 | status=COMPLETED | exit=0 | runtime=00:02:23 | time=2026-07-30 05:50:20
START | job=1806/100000 | task=1805 | pid=8969 | time=2026-07-30 05:50:20
FINISH | job=1805/100000 | task=1804 | pid=8716 | status=COMPLETED | exit=0 | runtime=00:01:00 | time=2026-07-30 05:50:46
START | job=1807/100000 | task=1806 | pid=9159 | time=2026-07-30 05:50:46
FINISH | job=1804/100000 | task=1803 | pid=8138 | status=COMPLETED | exit=0 | runtime=00:02:32 | time=2026-07-30 05:51:00
START | job=1808/100000 | task=1807 | pid=9260 | time=2026-07-30 05:51:00
FINISH | job=1807/100000 | task=1806 | pid=9159 | status=COMPLETED | exit=0 | runtime=00:00:36 | time=2026-07-30 05:51:22
START | job=1809/100000 | task=1808 | pid=9445 | time=2026-07-30 05:51:23
FINISH | job=1809/100000 | task=1808 | pid=9445 | status=COMPLETED | exit=0 | runtime=00:00:00 | time=2026-07-30 05:51:23
START | job=1810/100000 | task=1809 | pid=9451 | time=2026-07-30 05:51:23
FINISH | job=1806/100000 | task=1805 | pid=8969 | status=COMPLETED | exit=0 | runtime=00:01:16 | time=2026-07-30 05:51:36
START | job=1811/100000 | task=1810 | pid=9566 | time=2026-07-30 05:51:36
FINISH | job=1783/100000 | task=1782 | pid=3924 | status=COMPLETED | exit=0 | runtime=00:13:08 | time=2026-07-30 05:52:11
START | job=1812/100000 | task=1811 | pid=9817 | time=2026-07-30 05:52:11
FINISH | job=1808/100000 | task=1807 | pid=9260 | status=COMPLETED | exit=0 | runtime=00:01:25 | time=2026-07-30 05:52:25
START | job=1813/100000 | task=1812 | pid=9918 | time=2026-07-30 05:52:25
FINISH | job=1813/100000 | task=1812 | pid=9918 | status=COMPLETED | exit=0 | runtime=00:00:07 | time=2026-07-30 05:52:32
START | job=1814/100000 | task=1813 | pid=9988 | time=2026-07-30 05:52:32
FINISH | job=1814/100000 | task=1813 | pid=9988 | status=COMPLETED | exit=0 | runtime=00:00:17 | time=2026-07-30 05:52:49
START | job=1815/100000 | task=1814 | pid=10116 | time=2026-07-30 05:52:49
FINISH | job=1815/100000 | task=1814 | pid=10116 | status=COMPLETED | exit=0 | runtime=00:00:02 | time=2026-07-30 05:52:51
START | job=1816/100000 | task=1815 | pid=10124 | time=2026-07-30 05:52:51
FINISH | job=1816/100000 | task=1815 | pid=10124 | status=COMPLETED | exit=0 | runtime=00:00:01 | time=2026-07-30 05:52:52
START | job=1817/100000 | task=1816 | pid=10145 | time=2026-07-30 05:52:52
FINISH | job=1817/100000 | task=1816 | pid=10145 | status=COMPLETED | exit=0 | runtime=00:00:01 | time=2026-07-30 05:52:53
START | job=1818/100000 | task=1817 | pid=10151 | time=2026-07-30 05:52:53
FINISH | job=1818/100000 | task=1817 | pid=10151 | status=COMPLETED | exit=0 | runtime=00:00:00 | time=2026-07-30 05:52:53
START | job=1819/100000 | task=1818 | pid=10157 | time=2026-07-30 05:52:53
FINISH | job=1812/100000 | task=1811 | pid=9817 | status=COMPLETED | exit=0 | runtime=00:01:25 | time=2026-07-30 05:53:36
START | job=1820/100000 | task=1819 | pid=10469 | time=2026-07-30 05:53:36
FINISH | job=1820/100000 | task=1819 | pid=10469 | status=COMPLETED | exit=0 | runtime=00:02:15 | time=2026-07-30 05:55:51
START | job=1821/100000 | task=1820 | pid=11464 | time=2026-07-30 05:55:51
FINISH | job=1821/100000 | task=1820 | pid=11464 | status=COMPLETED | exit=0 | runtime=00:00:23 | time=2026-07-30 05:56:14
START | job=1822/100000 | task=1821 | pid=11646 | time=2026-07-30 05:56:14
FINISH | job=1802/100000 | task=1801 | pid=7863 | status=COMPLETED | exit=0 | runtime=00:10:01 | time=2026-07-30 05:57:50
START | job=1823/100000 | task=1822 | pid=12376 | time=2026-07-30 05:57:50
FINISH | job=1792/100000 | task=1791 | pid=5851 | status=COMPLETED | exit=0 | runtime=00:14:48 | time=2026-07-30 05:58:08
START | job=1824/100000 | task=1823 | pid=12507 | time=2026-07-30 05:58:08
FINISH | job=1824/100000 | task=1823 | pid=12507 | status=COMPLETED | exit=0 | runtime=00:00:02 | time=2026-07-30 05:58:10
START | job=1825/100000 | task=1824 | pid=12530 | time=2026-07-30 05:58:10
FINISH | job=1825/100000 | task=1824 | pid=12530 | status=COMPLETED | exit=0 | runtime=00:00:15 | time=2026-07-30 05:58:25
START | job=1826/100000 | task=1825 | pid=12643 | time=2026-07-30 05:58:25
FINISH | job=1826/100000 | task=1825 | pid=12643 | status=COMPLETED | exit=0 | runtime=00:00:01 | time=2026-07-30 05:58:26
START | job=1827/100000 | task=1826 | pid=12666 | time=2026-07-30 05:58:26
FINISH | job=1827/100000 | task=1826 | pid=12666 | status=COMPLETED | exit=0 | runtime=00:00:01 | time=2026-07-30 05:58:27
START | job=1828/100000 | task=1827 | pid=12672 | time=2026-07-30 05:58:27
FINISH | job=1801/100000 | task=1800 | pid=7444 | status=COMPLETED | exit=0 | runtime=00:12:32 | time=2026-07-30 05:59:25
START | job=1829/100000 | task=1828 | pid=13095 | time=2026-07-30 05:59:25
FINISH | job=1823/100000 | task=1822 | pid=12376 | status=COMPLETED | exit=0 | runtime=00:01:38 | time=2026-07-30 05:59:28
START | job=1830/100000 | task=1829 | pid=13133 | time=2026-07-30 05:59:28
FINISH | job=1794/100000 | task=1793 | pid=6772 | status=COMPLETED | exit=0 | runtime=00:14:08 | time=2026-07-30 05:59:34
START | job=1831/100000 | task=1830 | pid=13172 | time=2026-07-30 05:59:34
FINISH | job=1831/100000 | task=1830 | pid=13172 | status=COMPLETED | exit=0 | runtime=00:00:26 | time=2026-07-30 06:00:00
START | job=1832/100000 | task=1831 | pid=13387 | time=2026-07-30 06:00:00
FINISH | job=1830/100000 | task=1829 | pid=13133 | status=COMPLETED | exit=0 | runtime=00:00:36 | time=2026-07-30 06:00:04
START | job=1833/100000 | task=1832 | pid=13426 | time=2026-07-30 06:00:04
FINISH | job=1833/100000 | task=1832 | pid=13426 | status=COMPLETED | exit=0 | runtime=00:00:03 | time=2026-07-30 06:00:07
START | job=1834/100000 | task=1833 | pid=13449 | time=2026-07-30 06:00:07
FINISH | job=1834/100000 | task=1833 | pid=13449 | status=COMPLETED | exit=0 | runtime=00:00:01 | time=2026-07-30 06:00:08
START | job=1835/100000 | task=1834 | pid=13455 | time=2026-07-30 06:00:08
FINISH | job=1835/100000 | task=1834 | pid=13455 | status=COMPLETED | exit=0 | runtime=00:00:00 | time=2026-07-30 06:00:08
START | job=1836/100000 | task=1835 | pid=13477 | time=2026-07-30 06:00:08
FINISH | job=1836/100000 | task=1835 | pid=13477 | status=COMPLETED | exit=0 | runtime=00:00:01 | time=2026-07-30 06:00:09
START | job=1837/100000 | task=1836 | pid=13483 | time=2026-07-30 06:00:09
FINISH | job=1822/100000 | task=1821 | pid=11646 | status=COMPLETED | exit=0 | runtime=00:03:55 | time=2026-07-30 06:00:09
START | job=1838/100000 | task=1837 | pid=13489 | time=2026-07-30 06:00:09
FINISH | job=1829/100000 | task=1828 | pid=13095 | status=COMPLETED | exit=0 | runtime=00:00:48 | time=2026-07-30 06:00:13
START | job=1839/100000 | task=1838 | pid=13527 | time=2026-07-30 06:00:13
FINISH | job=1839/100000 | task=1838 | pid=13527 | status=COMPLETED | exit=0 | runtime=00:00:20 | time=2026-07-30 06:00:33
START | job=1840/100000 | task=1839 | pid=13670 | time=2026-07-30 06:00:33
FINISH | job=1832/100000 | task=1831 | pid=13387 | status=COMPLETED | exit=0 | runtime=00:01:01 | time=2026-07-30 06:01:01
START | job=1841/100000 | task=1840 | pid=13886 | time=2026-07-30 06:01:01
FINISH | job=1841/100000 | task=1840 | pid=13886 | status=COMPLETED | exit=0 | runtime=00:02:00 | time=2026-07-30 06:03:01
START | job=1842/100000 | task=1841 | pid=14751 | time=2026-07-30 06:03:01
FINISH | job=1842/100000 | task=1841 | pid=14751 | status=COMPLETED | exit=0 | runtime=00:00:01 | time=2026-07-30 06:03:02
START | job=1843/100000 | task=1842 | pid=14774 | time=2026-07-30 06:03:02
FINISH | job=1843/100000 | task=1842 | pid=14774 | status=COMPLETED | exit=0 | runtime=00:00:01 | time=2026-07-30 06:03:03
START | job=1844/100000 | task=1843 | pid=14780 | time=2026-07-30 06:03:03
FINISH | job=1840/100000 | task=1839 | pid=13670 | status=COMPLETED | exit=0 | runtime=00:02:35 | time=2026-07-30 06:03:08
START | job=1845/100000 | task=1844 | pid=14818 | time=2026-07-30 06:03:08
FINISH | job=1845/100000 | task=1844 | pid=14818 | status=COMPLETED | exit=0 | runtime=00:00:16 | time=2026-07-30 06:03:24
START | job=1846/100000 | task=1845 | pid=14946 | time=2026-07-30 06:03:24
FINISH | job=1810/100000 | task=1809 | pid=9451 | status=COMPLETED | exit=0 | runtime=00:12:37 | time=2026-07-30 06:04:00
START | job=1847/100000 | task=1846 | pid=15203 | time=2026-07-30 06:04:00
FINISH | job=1844/100000 | task=1843 | pid=14780 | status=COMPLETED | exit=0 | runtime=00:01:07 | time=2026-07-30 06:04:10
START | job=1848/100000 | task=1847 | pid=15288 | time=2026-07-30 06:04:10
FINISH | job=1811/100000 | task=1810 | pid=9566 | status=COMPLETED | exit=0 | runtime=00:13:41 | time=2026-07-30 06:05:17
START | job=1849/100000 | task=1848 | pid=15789 | time=2026-07-30 06:05:17
FINISH | job=1819/100000 | task=1818 | pid=10157 | status=COMPLETED | exit=0 | runtime=00:12:49 | time=2026-07-30 06:05:42
START | job=1850/100000 | task=1849 | pid=15964 | time=2026-07-30 06:05:42
FINISH | job=1850/100000 | task=1849 | pid=15964 | status=COMPLETED | exit=0 | runtime=00:00:05 | time=2026-07-30 06:05:47
START | job=1851/100000 | task=1850 | pid=16002 | time=2026-07-30 06:05:47
FINISH | job=1851/100000 | task=1850 | pid=16002 | status=COMPLETED | exit=0 | runtime=00:00:01 | time=2026-07-30 06:05:48
START | job=1852/100000 | task=1851 | pid=16025 | time=2026-07-30 06:05:48
FINISH | job=1852/100000 | task=1851 | pid=16025 | status=COMPLETED | exit=0 | runtime=00:00:45 | time=2026-07-30 06:06:33
START | job=1853/100000 | task=1852 | pid=16358 | time=2026-07-30 06:06:33
FINISH | job=1853/100000 | task=1852 | pid=16358 | status=COMPLETED | exit=0 | runtime=00:00:15 | time=2026-07-30 06:06:48
START | job=1854/100000 | task=1853 | pid=16474 | time=2026-07-30 06:06:48
FINISH | job=1854/100000 | task=1853 | pid=16474 | status=COMPLETED | exit=0 | runtime=00:00:01 | time=2026-07-30 06:06:49
START | job=1855/100000 | task=1854 | pid=16480 | time=2026-07-30 06:06:49
FINISH | job=1847/100000 | task=1846 | pid=15203 | status=COMPLETED | exit=0 | runtime=00:04:02 | time=2026-07-30 06:08:02
START | job=1856/100000 | task=1855 | pid=17031 | time=2026-07-30 06:08:02
FINISH | job=1838/100000 | task=1837 | pid=13489 | status=COMPLETED | exit=0 | runtime=00:08:57 | time=2026-07-30 06:09:06
FINISH | job=1849/100000 | task=1848 | pid=15789 | status=COMPLETED | exit=0 | runtime=00:03:49 | time=2026-07-30 06:09:06
START | job=1857/100000 | task=1856 | pid=17479 | time=2026-07-30 06:09:06
START | job=1858/100000 | task=1857 | pid=17485 | time=2026-07-30 06:09:06
FINISH | job=1858/100000 | task=1857 | pid=17485 | status=COMPLETED | exit=0 | runtime=00:00:12 | time=2026-07-30 06:09:18
START | job=1859/100000 | task=1858 | pid=17585 | time=2026-07-30 06:09:18
FINISH | job=1859/100000 | task=1858 | pid=17585 | status=COMPLETED | exit=0 | runtime=00:01:53 | time=2026-07-30 06:11:11
START | job=1860/100000 | task=1859 | pid=18400 | time=2026-07-30 06:11:12
FINISH | job=1860/100000 | task=1859 | pid=18400 | status=COMPLETED | exit=0 | runtime=00:00:02 | time=2026-07-30 06:11:13
START | job=1861/100000 | task=1860 | pid=18423 | time=2026-07-30 06:11:13
FINISH | job=1861/100000 | task=1860 | pid=18423 | status=COMPLETED | exit=0 | runtime=00:00:00 | time=2026-07-30 06:11:13
START | job=1862/100000 | task=1861 | pid=18429 | time=2026-07-30 06:11:13
FINISH | job=1857/100000 | task=1856 | pid=17479 | status=COMPLETED | exit=0 | runtime=00:02:22 | time=2026-07-30 06:11:28
START | job=1863/100000 | task=1862 | pid=18542 | time=2026-07-30 06:11:28
FINISH | job=1863/100000 | task=1862 | pid=18542 | status=COMPLETED | exit=0 | runtime=00:00:15 | time=2026-07-30 06:11:43
START | job=1864/100000 | task=1863 | pid=18657 | time=2026-07-30 06:11:43
FINISH | job=1837/100000 | task=1836 | pid=13483 | status=COMPLETED | exit=0 | runtime=00:13:12 | time=2026-07-30 06:13:21
START | job=1865/100000 | task=1864 | pid=19378 | time=2026-07-30 06:13:21
FINISH | job=1828/100000 | task=1827 | pid=12672 | status=COMPLETED | exit=0 | runtime=00:17:25 | time=2026-07-30 06:15:52
START | job=1866/100000 | task=1865 | pid=20467 | time=2026-07-30 06:15:52
FINISH | job=1846/100000 | task=1845 | pid=14946 | status=COMPLETED | exit=0 | runtime=00:12:36 | time=2026-07-30 06:16:00
START | job=1867/100000 | task=1866 | pid=20537 | time=2026-07-30 06:16:00
FINISH | job=1867/100000 | task=1866 | pid=20537 | status=COMPLETED | exit=0 | runtime=00:00:13 | time=2026-07-30 06:16:13
START | job=1868/100000 | task=1867 | pid=20620 | time=2026-07-30 06:16:13
FINISH | job=1868/100000 | task=1867 | pid=20620 | status=COMPLETED | exit=0 | runtime=00:00:01 | time=2026-07-30 06:16:14
START | job=1869/100000 | task=1868 | pid=20643 | time=2026-07-30 06:16:14
FINISH | job=1869/100000 | task=1868 | pid=20643 | status=COMPLETED | exit=0 | runtime=00:00:02 | time=2026-07-30 06:16:16
START | job=1870/100000 | task=1869 | pid=20664 | time=2026-07-30 06:16:16
FINISH | job=1870/100000 | task=1869 | pid=20664 | status=COMPLETED | exit=0 | runtime=00:00:35 | time=2026-07-30 06:16:51
START | job=1871/100000 | task=1870 | pid=20915 | time=2026-07-30 06:16:51
FINISH | job=1871/100000 | task=1870 | pid=20915 | status=COMPLETED | exit=0 | runtime=00:00:15 | time=2026-07-30 06:17:06
START | job=1872/100000 | task=1871 | pid=21045 | time=2026-07-30 06:17:06
FINISH | job=1848/100000 | task=1847 | pid=15288 | status=COMPLETED | exit=0 | runtime=00:13:06 | time=2026-07-30 06:17:16
START | job=1873/100000 | task=1872 | pid=21115 | time=2026-07-30 06:17:16
FINISH | job=1872/100000 | task=1871 | pid=21045 | status=COMPLETED | exit=0 | runtime=00:00:16 | time=2026-07-30 06:17:22
START | job=1874/100000 | task=1873 | pid=21168 | time=2026-07-30 06:17:22
FINISH | job=1866/100000 | task=1865 | pid=20467 | status=COMPLETED | exit=0 | runtime=00:03:09 | time=2026-07-30 06:19:01
START | job=1875/100000 | task=1874 | pid=21890 | time=2026-07-30 06:19:01
FINISH | job=1855/100000 | task=1854 | pid=16480 | status=COMPLETED | exit=0 | runtime=00:12:32 | time=2026-07-30 06:19:21
START | job=1876/100000 | task=1875 | pid=22037 | time=2026-07-30 06:19:21
FINISH | job=1862/100000 | task=1861 | pid=18429 | status=COMPLETED | exit=0 | runtime=00:08:24 | time=2026-07-30 06:19:37
START | job=1877/100000 | task=1876 | pid=22167 | time=2026-07-30 06:19:37
FINISH | job=1876/100000 | task=1875 | pid=22037 | status=COMPLETED | exit=0 | runtime=00:00:18 | time=2026-07-30 06:19:39
START | job=1878/100000 | task=1877 | pid=22190 | time=2026-07-30 06:19:39
FINISH | job=1877/100000 | task=1876 | pid=22167 | status=COMPLETED | exit=0 | runtime=00:00:02 | time=2026-07-30 06:19:39
START | job=1879/100000 | task=1878 | pid=22196 | time=2026-07-30 06:19:39
FINISH | job=1878/100000 | task=1877 | pid=22190 | status=COMPLETED | exit=0 | runtime=00:00:02 | time=2026-07-30 06:19:41
START | job=1880/100000 | task=1879 | pid=22217 | time=2026-07-30 06:19:41
FINISH | job=1880/100000 | task=1879 | pid=22217 | status=COMPLETED | exit=0 | runtime=00:00:05 | time=2026-07-30 06:19:46
START | job=1881/100000 | task=1880 | pid=22255 | time=2026-07-30 06:19:46
FINISH | job=1881/100000 | task=1880 | pid=22255 | status=COMPLETED | exit=0 | runtime=00:00:00 | time=2026-07-30 06:19:46
START | job=1882/100000 | task=1881 | pid=22261 | time=2026-07-30 06:19:46
FINISH | job=1879/100000 | task=1878 | pid=22196 | status=COMPLETED | exit=0 | runtime=00:00:40 | time=2026-07-30 06:20:19
START | job=1883/100000 | task=1882 | pid=22494 | time=2026-07-30 06:20:19
FINISH | job=1865/100000 | task=1864 | pid=19378 | status=COMPLETED | exit=0 | runtime=00:07:07 | time=2026-07-30 06:20:28
START | job=1884/100000 | task=1883 | pid=22564 | time=2026-07-30 06:20:28
FINISH | job=1856/100000 | task=1855 | pid=17031 | status=COMPLETED | exit=0 | runtime=00:12:42 | time=2026-07-30 06:20:44
START | job=1885/100000 | task=1884 | pid=22692 | time=2026-07-30 06:20:44
FINISH | job=1885/100000 | task=1884 | pid=22692 | status=COMPLETED | exit=0 | runtime=00:00:11 | time=2026-07-30 06:20:55
START | job=1886/100000 | task=1885 | pid=22784 | time=2026-07-30 06:20:55
FINISH | job=1884/100000 | task=1883 | pid=22564 | status=COMPLETED | exit=0 | runtime=00:00:28 | time=2026-07-30 06:20:56
START | job=1887/100000 | task=1886 | pid=22808 | time=2026-07-30 06:20:56
FINISH | job=1887/100000 | task=1886 | pid=22808 | status=COMPLETED | exit=0 | runtime=00:00:03 | time=2026-07-30 06:20:59
START | job=1888/100000 | task=1887 | pid=22830 | time=2026-07-30 06:20:59
FINISH | job=1888/100000 | task=1887 | pid=22830 | status=COMPLETED | exit=0 | runtime=00:00:00 | time=2026-07-30 06:20:59
START | job=1889/100000 | task=1888 | pid=22836 | time=2026-07-30 06:20:59
FINISH | job=1889/100000 | task=1888 | pid=22836 | status=COMPLETED | exit=0 | runtime=00:00:16 | time=2026-07-30 06:21:15
START | job=1890/100000 | task=1889 | pid=22949 | time=2026-07-30 06:21:15
FINISH | job=1890/100000 | task=1889 | pid=22949 | status=COMPLETED | exit=0 | runtime=00:00:15 | time=2026-07-30 06:21:30
START | job=1891/100000 | task=1890 | pid=23079 | time=2026-07-30 06:21:30
FINISH | job=1886/100000 | task=1885 | pid=22784 | status=COMPLETED | exit=0 | runtime=00:01:38 | time=2026-07-30 06:22:33
START | job=1892/100000 | task=1891 | pid=23526 | time=2026-07-30 06:22:33
FINISH | job=1864/100000 | task=1863 | pid=18657 | status=COMPLETED | exit=0 | runtime=00:13:49 | time=2026-07-30 06:25:32
START | job=1893/100000 | task=1892 | pid=24835 | time=2026-07-30 06:25:32
FINISH | job=1893/100000 | task=1892 | pid=24835 | status=COMPLETED | exit=0 | runtime=00:00:33 | time=2026-07-30 06:26:05
START | job=1894/100000 | task=1893 | pid=25080 | time=2026-07-30 06:26:05
FINISH | job=1894/100000 | task=1893 | pid=25080 | status=COMPLETED | exit=0 | runtime=00:00:16 | time=2026-07-30 06:26:21
START | job=1895/100000 | task=1894 | pid=25239 | time=2026-07-30 06:26:22
FINISH | job=1895/100000 | task=1894 | pid=25239 | status=COMPLETED | exit=0 | runtime=00:01:01 | time=2026-07-30 06:27:23
START | job=1896/100000 | task=1895 | pid=25712 | time=2026-07-30 06:27:23
FINISH | job=1896/100000 | task=1895 | pid=25712 | status=COMPLETED | exit=0 | runtime=00:00:02 | time=2026-07-30 06:27:25
START | job=1897/100000 | task=1896 | pid=25735 | time=2026-07-30 06:27:25
FINISH | job=1897/100000 | task=1896 | pid=25735 | status=COMPLETED | exit=0 | runtime=00:00:00 | time=2026-07-30 06:27:25
START | job=1898/100000 | task=1897 | pid=25741 | time=2026-07-30 06:27:25
FINISH | job=1898/100000 | task=1897 | pid=25741 | status=COMPLETED | exit=0 | runtime=00:00:17 | time=2026-07-30 06:27:42
START | job=1899/100000 | task=1898 | pid=25872 | time=2026-07-30 06:27:42
FINISH | job=1899/100000 | task=1898 | pid=25872 | status=COMPLETED | exit=0 | runtime=00:00:01 | time=2026-07-30 06:27:43
START | job=1900/100000 | task=1899 | pid=25895 | time=2026-07-30 06:27:43
START PROGRESS | 1900/100000 (1%)
FINISH | job=1882/100000 | task=1881 | pid=22261 | status=COMPLETED | exit=0 | runtime=00:08:18 | time=2026-07-30 06:28:04
START | job=1901/100000 | task=1900 | pid=26046 | time=2026-07-30 06:28:04
FINISH | job=1873/100000 | task=1872 | pid=21115 | status=COMPLETED | exit=0 | runtime=00:12:38 | time=2026-07-30 06:29:54
START | job=1902/100000 | task=1901 | pid=26894 | time=2026-07-30 06:29:54
FINISH | job=1874/100000 | task=1873 | pid=21168 | status=COMPLETED | exit=0 | runtime=00:12:47 | time=2026-07-30 06:30:09
START | job=1903/100000 | task=1902 | pid=26996 | time=2026-07-30 06:30:09
FINISH | job=1903/100000 | task=1902 | pid=26996 | status=COMPLETED | exit=0 | runtime=00:00:06 | time=2026-07-30 06:30:15
START | job=1904/100000 | task=1903 | pid=27052 | time=2026-07-30 06:30:15
FINISH | job=1904/100000 | task=1903 | pid=27052 | status=COMPLETED | exit=0 | runtime=00:00:05 | time=2026-07-30 06:30:20
START | job=1905/100000 | task=1904 | pid=27106 | time=2026-07-30 06:30:20
FINISH | job=1902/100000 | task=1901 | pid=26894 | status=COMPLETED | exit=0 | runtime=00:01:23 | time=2026-07-30 06:31:17
START | job=1906/100000 | task=1905 | pid=27512 | time=2026-07-30 06:31:17
FINISH | job=1906/100000 | task=1905 | pid=27512 | status=COMPLETED | exit=0 | runtime=00:00:02 | time=2026-07-30 06:31:19
START | job=1907/100000 | task=1906 | pid=27536 | time=2026-07-30 06:31:19
FINISH | job=1905/100000 | task=1904 | pid=27106 | status=COMPLETED | exit=0 | runtime=00:01:02 | time=2026-07-30 06:31:22
START | job=1908/100000 | task=1907 | pid=27557 | time=2026-07-30 06:31:22
FINISH | job=1908/100000 | task=1907 | pid=27557 | status=COMPLETED | exit=0 | runtime=00:00:00 | time=2026-07-30 06:31:22
START | job=1909/100000 | task=1908 | pid=27579 | time=2026-07-30 06:31:22
FINISH | job=1875/100000 | task=1874 | pid=21890 | status=COMPLETED | exit=0 | runtime=00:13:45 | time=2026-07-30 06:32:46
START | job=1910/100000 | task=1909 | pid=28181 | time=2026-07-30 06:32:47
FINISH | job=1883/100000 | task=1882 | pid=22494 | status=COMPLETED | exit=0 | runtime=00:13:08 | time=2026-07-30 06:33:27
START | job=1911/100000 | task=1910 | pid=28482 | time=2026-07-30 06:33:27
FINISH | job=1907/100000 | task=1906 | pid=27536 | status=COMPLETED | exit=0 | runtime=00:03:47 | time=2026-07-30 06:35:06
START | job=1912/100000 | task=1911 | pid=29205 | time=2026-07-30 06:35:06
FINISH | job=1912/100000 | task=1911 | pid=29205 | status=COMPLETED | exit=0 | runtime=00:00:19 | time=2026-07-30 06:35:25
START | job=1913/100000 | task=1912 | pid=29352 | time=2026-07-30 06:35:25
FINISH | job=1913/100000 | task=1912 | pid=29352 | status=COMPLETED | exit=0 | runtime=00:00:05 | time=2026-07-30 06:35:30
START | job=1914/100000 | task=1913 | pid=29394 | time=2026-07-30 06:35:30
FINISH | job=1891/100000 | task=1890 | pid=23079 | status=COMPLETED | exit=0 | runtime=00:15:12 | time=2026-07-30 06:36:42
START | job=1915/100000 | task=1914 | pid=29917 | time=2026-07-30 06:36:42
FINISH | job=1915/100000 | task=1914 | pid=29917 | status=COMPLETED | exit=0 | runtime=00:00:01 | time=2026-07-30 06:36:43
START | job=1916/100000 | task=1915 | pid=29925 | time=2026-07-30 06:36:43
FINISH | job=1916/100000 | task=1915 | pid=29925 | status=COMPLETED | exit=0 | runtime=00:00:01 | time=2026-07-30 06:36:44
START | job=1917/100000 | task=1916 | pid=29946 | time=2026-07-30 06:36:44
FINISH | job=1914/100000 | task=1913 | pid=29394 | status=COMPLETED | exit=0 | runtime=00:01:20 | time=2026-07-30 06:36:50
START | job=1918/100000 | task=1917 | pid=29985 | time=2026-07-30 06:36:50
FINISH | job=1917/100000 | task=1916 | pid=29946 | status=COMPLETED | exit=0 | runtime=00:00:16 | time=2026-07-30 06:37:00
START | job=1919/100000 | task=1918 | pid=30068 | time=2026-07-30 06:37:00
FINISH | job=1892/100000 | task=1891 | pid=23526 | status=COMPLETED | exit=0 | runtime=00:15:26 | time=2026-07-30 06:37:59
START | job=1920/100000 | task=1919 | pid=30506 | time=2026-07-30 06:37:59
FINISH | job=1901/100000 | task=1900 | pid=26046 | status=COMPLETED | exit=0 | runtime=00:12:38 | time=2026-07-30 06:40:42
START | job=1921/100000 | task=1920 | pid=31674 | time=2026-07-30 06:40:42
FINISH | job=1900/100000 | task=1899 | pid=25895 | status=COMPLETED | exit=0 | runtime=00:15:15 | time=2026-07-30 06:42:58
START | job=1922/100000 | task=1921 | pid=32663 | time=2026-07-30 06:42:58
FINISH | job=1922/100000 | task=1921 | pid=32663 | status=COMPLETED | exit=0 | runtime=00:00:10 | time=2026-07-30 06:43:08
START | job=1923/100000 | task=1922 | pid=32749 | time=2026-07-30 06:43:08
FINISH | job=1923/100000 | task=1922 | pid=32749 | status=COMPLETED | exit=0 | runtime=00:00:02 | time=2026-07-30 06:43:10
START | job=1924/100000 | task=1923 | pid=32773 | time=2026-07-30 06:43:10
FINISH | job=1909/100000 | task=1908 | pid=27579 | status=COMPLETED | exit=0 | runtime=00:12:30 | time=2026-07-30 06:43:52
START | job=1925/100000 | task=1924 | pid=33070 | time=2026-07-30 06:43:52
FINISH | job=1924/100000 | task=1923 | pid=32773 | status=COMPLETED | exit=0 | runtime=00:00:59 | time=2026-07-30 06:44:09
START | job=1926/100000 | task=1925 | pid=33200 | time=2026-07-30 06:44:09
FINISH | job=1926/100000 | task=1925 | pid=33200 | status=COMPLETED | exit=0 | runtime=00:00:01 | time=2026-07-30 06:44:10
START | job=1927/100000 | task=1926 | pid=33221 | time=2026-07-30 06:44:10
FINISH | job=1921/100000 | task=1920 | pid=31674 | status=COMPLETED | exit=0 | runtime=00:03:38 | time=2026-07-30 06:44:20
START | job=1928/100000 | task=1927 | pid=33291 | time=2026-07-30 06:44:20
FINISH | job=1925/100000 | task=1924 | pid=33070 | status=COMPLETED | exit=0 | runtime=00:01:36 | time=2026-07-30 06:45:28
START | job=1929/100000 | task=1928 | pid=33795 | time=2026-07-30 06:45:28
FINISH | job=1929/100000 | task=1928 | pid=33795 | status=COMPLETED | exit=0 | runtime=00:00:27 | time=2026-07-30 06:45:55
START | job=1930/100000 | task=1929 | pid=34004 | time=2026-07-30 06:45:55
FINISH | job=1930/100000 | task=1929 | pid=34004 | status=COMPLETED | exit=0 | runtime=00:00:09 | time=2026-07-30 06:46:04
START | job=1931/100000 | task=1930 | pid=34074 | time=2026-07-30 06:46:04
FINISH | job=1931/100000 | task=1930 | pid=34074 | status=COMPLETED | exit=0 | runtime=00:00:03 | time=2026-07-30 06:46:07
START | job=1932/100000 | task=1931 | pid=34097 | time=2026-07-30 06:46:07
FINISH | job=1932/100000 | task=1931 | pid=34097 | status=COMPLETED | exit=0 | runtime=00:00:27 | time=2026-07-30 06:46:35
START | job=1933/100000 | task=1932 | pid=34302 | time=2026-07-30 06:46:35
FINISH | job=1933/100000 | task=1932 | pid=34302 | status=COMPLETED | exit=0 | runtime=00:00:00 | time=2026-07-30 06:46:35
START | job=1934/100000 | task=1933 | pid=34308 | time=2026-07-30 06:46:35
FINISH | job=1934/100000 | task=1933 | pid=34308 | status=COMPLETED | exit=0 | runtime=00:00:16 | time=2026-07-30 06:46:51
START | job=1935/100000 | task=1934 | pid=34442 | time=2026-07-30 06:46:51
FINISH | job=1935/100000 | task=1934 | pid=34442 | status=COMPLETED | exit=0 | runtime=00:00:15 | time=2026-07-30 06:47:06
START | job=1936/100000 | task=1935 | pid=34559 | time=2026-07-30 06:47:06
FINISH | job=1911/100000 | task=1910 | pid=28482 | status=COMPLETED | exit=0 | runtime=00:13:58 | time=2026-07-30 06:47:25
START | job=1937/100000 | task=1936 | pid=34714 | time=2026-07-30 06:47:25
FINISH | job=1928/100000 | task=1927 | pid=33291 | status=COMPLETED | exit=0 | runtime=00:03:17 | time=2026-07-30 06:47:37
START | job=1938/100000 | task=1937 | pid=34799 | time=2026-07-30 06:47:37
FINISH | job=1920/100000 | task=1919 | pid=30506 | status=COMPLETED | exit=0 | runtime=00:10:05 | time=2026-07-30 06:48:04
START | job=1939/100000 | task=1938 | pid=35016 | time=2026-07-30 06:48:04
FINISH | job=1939/100000 | task=1938 | pid=35016 | status=COMPLETED | exit=0 | runtime=00:00:09 | time=2026-07-30 06:48:13
START | job=1940/100000 | task=1939 | pid=35086 | time=2026-07-30 06:48:13
FINISH | job=1910/100000 | task=1909 | pid=28181 | status=COMPLETED | exit=0 | runtime=00:15:36 | time=2026-07-30 06:48:23
START | job=1941/100000 | task=1940 | pid=35169 | time=2026-07-30 06:48:23
FINISH | job=1941/100000 | task=1940 | pid=35169 | status=COMPLETED | exit=0 | runtime=00:00:01 | time=2026-07-30 06:48:24
START | job=1942/100000 | task=1941 | pid=35175 | time=2026-07-30 06:48:24
FINISH | job=1942/100000 | task=1941 | pid=35175 | status=COMPLETED | exit=0 | runtime=00:00:01 | time=2026-07-30 06:48:25
START | job=1943/100000 | task=1942 | pid=35198 | time=2026-07-30 06:48:25
FINISH | job=1943/100000 | task=1942 | pid=35198 | status=COMPLETED | exit=0 | runtime=00:00:00 | time=2026-07-30 06:48:25
START | job=1944/100000 | task=1943 | pid=35204 | time=2026-07-30 06:48:25
FINISH | job=1944/100000 | task=1943 | pid=35204 | status=COMPLETED | exit=0 | runtime=00:00:16 | time=2026-07-30 06:48:41
START | job=1945/100000 | task=1944 | pid=35318 | time=2026-07-30 06:48:41
FINISH | job=1918/100000 | task=1917 | pid=29985 | status=COMPLETED | exit=0 | runtime=00:12:35 | time=2026-07-30 06:49:25
START | job=1946/100000 | task=1945 | pid=35644 | time=2026-07-30 06:49:25
FINISH | job=1940/100000 | task=1939 | pid=35086 | status=COMPLETED | exit=0 | runtime=00:02:16 | time=2026-07-30 06:50:29
START | job=1947/100000 | task=1946 | pid=36126 | time=2026-07-30 06:50:30
FINISH | job=1947/100000 | task=1946 | pid=36126 | status=COMPLETED | exit=0 | runtime=00:01:17 | time=2026-07-30 06:51:47
START | job=1948/100000 | task=1947 | pid=36684 | time=2026-07-30 06:51:47
FINISH | job=1946/100000 | task=1945 | pid=35644 | status=COMPLETED | exit=0 | runtime=00:02:39 | time=2026-07-30 06:52:04
START | job=1949/100000 | task=1948 | pid=36815 | time=2026-07-30 06:52:04
FINISH | job=1948/100000 | task=1947 | pid=36684 | status=COMPLETED | exit=0 | runtime=00:00:37 | time=2026-07-30 06:52:24
START | job=1950/100000 | task=1949 | pid=36961 | time=2026-07-30 06:52:24
FINISH | job=1950/100000 | task=1949 | pid=36961 | status=COMPLETED | exit=0 | runtime=00:00:02 | time=2026-07-30 06:52:26
START | job=1951/100000 | task=1950 | pid=36984 | time=2026-07-30 06:52:26
FINISH | job=1919/100000 | task=1918 | pid=30068 | status=COMPLETED | exit=0 | runtime=00:15:40 | time=2026-07-30 06:52:40
START | job=1952/100000 | task=1951 | pid=37098 | time=2026-07-30 06:52:40
FINISH | job=1952/100000 | task=1951 | pid=37098 | status=COMPLETED | exit=0 | runtime=00:00:01 | time=2026-07-30 06:52:41
START | job=1953/100000 | task=1952 | pid=37104 | time=2026-07-30 06:52:41
FINISH | job=1951/100000 | task=1950 | pid=36984 | status=COMPLETED | exit=0 | runtime=00:00:35 | time=2026-07-30 06:53:01
START | job=1954/100000 | task=1953 | pid=37264 | time=2026-07-30 06:53:01
FINISH | job=1949/100000 | task=1948 | pid=36815 | status=COMPLETED | exit=0 | runtime=00:01:01 | time=2026-07-30 06:53:05
START | job=1955/100000 | task=1954 | pid=37302 | time=2026-07-30 06:53:05
FINISH | job=1953/100000 | task=1952 | pid=37104 | status=COMPLETED | exit=0 | runtime=00:01:11 | time=2026-07-30 06:53:52
START | job=1956/100000 | task=1955 | pid=37634 | time=2026-07-30 06:53:52
FINISH | job=1956/100000 | task=1955 | pid=37634 | status=COMPLETED | exit=0 | runtime=00:01:13 | time=2026-07-30 06:55:05
START | job=1957/100000 | task=1956 | pid=38159 | time=2026-07-30 06:55:05
FINISH | job=1927/100000 | task=1926 | pid=33221 | status=COMPLETED | exit=0 | runtime=00:12:41 | time=2026-07-30 06:56:51
START | job=1958/100000 | task=1957 | pid=38963 | time=2026-07-30 06:56:51
FINISH | job=1958/100000 | task=1957 | pid=38963 | status=COMPLETED | exit=0 | runtime=00:00:11 | time=2026-07-30 06:57:02
START | job=1959/100000 | task=1958 | pid=39048 | time=2026-07-30 06:57:02
FINISH | job=1957/100000 | task=1956 | pid=38159 | status=COMPLETED | exit=0 | runtime=00:02:32 | time=2026-07-30 06:57:37
START | job=1960/100000 | task=1959 | pid=39303 | time=2026-07-30 06:57:37
FINISH | job=1960/100000 | task=1959 | pid=39303 | status=COMPLETED | exit=0 | runtime=00:00:01 | time=2026-07-30 06:57:38
START | job=1961/100000 | task=1960 | pid=39324 | time=2026-07-30 06:57:38
FINISH | job=1961/100000 | task=1960 | pid=39324 | status=COMPLETED | exit=0 | runtime=00:00:01 | time=2026-07-30 06:57:39
START | job=1962/100000 | task=1961 | pid=39332 | time=2026-07-30 06:57:39
FINISH | job=1962/100000 | task=1961 | pid=39332 | status=COMPLETED | exit=0 | runtime=00:00:01 | time=2026-07-30 06:57:40
START | job=1963/100000 | task=1962 | pid=39353 | time=2026-07-30 06:57:40
FINISH | job=1938/100000 | task=1937 | pid=34799 | status=COMPLETED | exit=0 | runtime=00:10:04 | time=2026-07-30 06:57:41
START | job=1964/100000 | task=1963 | pid=39359 | time=2026-07-30 06:57:41
FINISH | job=1959/100000 | task=1958 | pid=39048 | status=COMPLETED | exit=0 | runtime=00:01:05 | time=2026-07-30 06:58:07
START | job=1965/100000 | task=1964 | pid=39548 | time=2026-07-30 06:58:07
FINISH | job=1936/100000 | task=1935 | pid=34559 | status=COMPLETED | exit=0 | runtime=00:12:53 | time=2026-07-30 06:59:59
START | job=1966/100000 | task=1965 | pid=40367 | time=2026-07-30 06:59:59
FINISH | job=1966/100000 | task=1965 | pid=40367 | status=COMPLETED | exit=0 | runtime=00:00:20 | time=2026-07-30 07:00:19
START | job=1967/100000 | task=1966 | pid=40517 | time=2026-07-30 07:00:19
FINISH | job=1937/100000 | task=1936 | pid=34714 | status=COMPLETED | exit=0 | runtime=00:12:58 | time=2026-07-30 07:00:23
START | job=1968/100000 | task=1967 | pid=40556 | time=2026-07-30 07:00:23
FINISH | job=1967/100000 | task=1966 | pid=40517 | status=COMPLETED | exit=0 | runtime=00:00:07 | time=2026-07-30 07:00:26
START | job=1969/100000 | task=1968 | pid=40579 | time=2026-07-30 07:00:26
FINISH | job=1969/100000 | task=1968 | pid=40579 | status=COMPLETED | exit=0 | runtime=00:00:01 | time=2026-07-30 07:00:27
START | job=1970/100000 | task=1969 | pid=40585 | time=2026-07-30 07:00:27
FINISH | job=1970/100000 | task=1969 | pid=40585 | status=COMPLETED | exit=0 | runtime=00:00:00 | time=2026-07-30 07:00:27
START | job=1971/100000 | task=1970 | pid=40606 | time=2026-07-30 07:00:27
FINISH | job=1971/100000 | task=1970 | pid=40606 | status=COMPLETED | exit=0 | runtime=00:00:16 | time=2026-07-30 07:00:43
START | job=1972/100000 | task=1971 | pid=40742 | time=2026-07-30 07:00:43
FINISH | job=1968/100000 | task=1967 | pid=40556 | status=COMPLETED | exit=0 | runtime=00:00:27 | time=2026-07-30 07:00:50
START | job=1973/100000 | task=1972 | pid=40799 | time=2026-07-30 07:00:50
FINISH | job=1945/100000 | task=1944 | pid=35318 | status=COMPLETED | exit=0 | runtime=00:12:34 | time=2026-07-30 07:01:15
START | job=1974/100000 | task=1973 | pid=40987 | time=2026-07-30 07:01:15
FINISH | job=1955/100000 | task=1954 | pid=37302 | status=COMPLETED | exit=0 | runtime=00:09:42 | time=2026-07-30 07:02:47
START | job=1975/100000 | task=1974 | pid=41647 | time=2026-07-30 07:02:47
FINISH | job=1975/100000 | task=1974 | pid=41647 | status=COMPLETED | exit=0 | runtime=00:00:19 | time=2026-07-30 07:03:06
START | job=1976/100000 | task=1975 | pid=41797 | time=2026-07-30 07:03:06
FINISH | job=1976/100000 | task=1975 | pid=41797 | status=COMPLETED | exit=0 | runtime=00:01:51 | time=2026-07-30 07:04:57
START | job=1977/100000 | task=1976 | pid=42591 | time=2026-07-30 07:04:57
FINISH | job=1977/100000 | task=1976 | pid=42591 | status=COMPLETED | exit=0 | runtime=00:00:01 | time=2026-07-30 07:04:58
START | job=1978/100000 | task=1977 | pid=42614 | time=2026-07-30 07:04:58
FINISH | job=1978/100000 | task=1977 | pid=42614 | status=COMPLETED | exit=0 | runtime=00:00:02 | time=2026-07-30 07:05:00
START | job=1979/100000 | task=1978 | pid=42636 | time=2026-07-30 07:05:00
FINISH | job=1979/100000 | task=1978 | pid=42636 | status=COMPLETED | exit=0 | runtime=00:00:00 | time=2026-07-30 07:05:00
START | job=1980/100000 | task=1979 | pid=42642 | time=2026-07-30 07:05:00
FINISH | job=1980/100000 | task=1979 | pid=42642 | status=COMPLETED | exit=0 | runtime=00:00:16 | time=2026-07-30 07:05:16
START | job=1981/100000 | task=1980 | pid=42756 | time=2026-07-30 07:05:16
FINISH | job=1964/100000 | task=1963 | pid=39359 | status=COMPLETED | exit=0 | runtime=00:08:42 | time=2026-07-30 07:06:23
START | job=1982/100000 | task=1981 | pid=43261 | time=2026-07-30 07:06:23
FINISH | job=1963/100000 | task=1962 | pid=39353 | status=COMPLETED | exit=0 | runtime=00:09:04 | time=2026-07-30 07:06:44
START | job=1983/100000 | task=1982 | pid=43422 | time=2026-07-30 07:06:44
FINISH | job=1954/100000 | task=1953 | pid=37264 | status=COMPLETED | exit=0 | runtime=00:14:48 | time=2026-07-30 07:07:49
START | job=1984/100000 | task=1983 | pid=43884 | time=2026-07-30 07:07:49
FINISH | job=1984/100000 | task=1983 | pid=43884 | status=COMPLETED | exit=0 | runtime=00:00:14 | time=2026-07-30 07:08:03
START | job=1985/100000 | task=1984 | pid=43984 | time=2026-07-30 07:08:03
FINISH | job=1965/100000 | task=1964 | pid=39548 | status=COMPLETED | exit=0 | runtime=00:10:09 | time=2026-07-30 07:08:16
START | job=1986/100000 | task=1985 | pid=44099 | time=2026-07-30 07:08:16
FINISH | job=1986/100000 | task=1985 | pid=44099 | status=COMPLETED | exit=0 | runtime=00:00:52 | time=2026-07-30 07:09:08
START | job=1987/100000 | task=1986 | pid=44465 | time=2026-07-30 07:09:08
FINISH | job=1987/100000 | task=1986 | pid=44465 | status=COMPLETED | exit=0 | runtime=00:00:15 | time=2026-07-30 07:09:23
START | job=1988/100000 | task=1987 | pid=44595 | time=2026-07-30 07:09:23
FINISH | job=1988/100000 | task=1987 | pid=44595 | status=COMPLETED | exit=0 | runtime=00:00:16 | time=2026-07-30 07:09:39
START | job=1989/100000 | task=1988 | pid=44710 | time=2026-07-30 07:09:39
FINISH | job=1985/100000 | task=1984 | pid=43984 | status=COMPLETED | exit=0 | runtime=00:01:50 | time=2026-07-30 07:09:53
START | job=1990/100000 | task=1989 | pid=44828 | time=2026-07-30 07:09:53
FINISH | job=1989/100000 | task=1988 | pid=44710 | status=COMPLETED | exit=0 | runtime=00:00:15 | time=2026-07-30 07:09:54
START | job=1991/100000 | task=1990 | pid=44836 | time=2026-07-30 07:09:54
FINISH | job=1982/100000 | task=1981 | pid=43261 | status=COMPLETED | exit=0 | runtime=00:05:25 | time=2026-07-30 07:11:48
START | job=1992/100000 | task=1991 | pid=45655 | time=2026-07-30 07:11:48
FINISH | job=1973/100000 | task=1972 | pid=40799 | status=COMPLETED | exit=0 | runtime=00:12:37 | time=2026-07-30 07:13:27
START | job=1993/100000 | task=1992 | pid=46375 | time=2026-07-30 07:13:27
FINISH | job=1991/100000 | task=1990 | pid=44836 | status=COMPLETED | exit=0 | runtime=00:04:39 | time=2026-07-30 07:14:33
START | job=1994/100000 | task=1993 | pid=46845 | time=2026-07-30 07:14:33
FINISH | job=1972/100000 | task=1971 | pid=40742 | status=COMPLETED | exit=0 | runtime=00:14:50 | time=2026-07-30 07:15:33
START | job=1995/100000 | task=1994 | pid=47279 | time=2026-07-30 07:15:33
FINISH | job=1995/100000 | task=1994 | pid=47279 | status=COMPLETED | exit=0 | runtime=00:00:02 | time=2026-07-30 07:15:35
START | job=1996/100000 | task=1995 | pid=47302 | time=2026-07-30 07:15:35
FINISH | job=1974/100000 | task=1973 | pid=40987 | status=COMPLETED | exit=0 | runtime=00:14:55 | time=2026-07-30 07:16:10
START | job=1997/100000 | task=1996 | pid=47555 | time=2026-07-30 07:16:10
FINISH | job=1997/100000 | task=1996 | pid=47555 | status=COMPLETED | exit=0 | runtime=00:00:06 | time=2026-07-30 07:16:16
START | job=1998/100000 | task=1997 | pid=47626 | time=2026-07-30 07:16:16
FINISH | job=1998/100000 | task=1997 | pid=47626 | status=COMPLETED | exit=0 | runtime=00:00:01 | time=2026-07-30 07:16:17
START | job=1999/100000 | task=1998 | pid=47632 | time=2026-07-30 07:16:17
FINISH | job=1994/100000 | task=1993 | pid=46845 | status=COMPLETED | exit=0 | runtime=00:02:00 | time=2026-07-30 07:16:33
START | job=2000/100000 | task=1999 | pid=47746 | time=2026-07-30 07:16:33
START PROGRESS | 2000/100000 (2%)
FINISH | job=1996/100000 | task=1995 | pid=47302 | status=COMPLETED | exit=0 | runtime=00:01:03 | time=2026-07-30 07:16:38
START | job=2001/100000 | task=2000 | pid=47810 | time=2026-07-30 07:16:38
FINISH | job=1983/100000 | task=1982 | pid=43422 | status=COMPLETED | exit=0 | runtime=00:10:06 | time=2026-07-30 07:16:50
START | job=2002/100000 | task=2001 | pid=47910 | time=2026-07-30 07:16:51
FINISH | job=2001/100000 | task=2000 | pid=47810 | status=COMPLETED | exit=0 | runtime=00:00:22 | time=2026-07-30 07:17:00
START | job=2003/100000 | task=2002 | pid=47981 | time=2026-07-30 07:17:00
FINISH | job=2003/100000 | task=2002 | pid=47981 | status=COMPLETED | exit=0 | runtime=00:00:11 | time=2026-07-30 07:17:11
START | job=2004/100000 | task=2003 | pid=48067 | time=2026-07-30 07:17:11
FINISH | job=2002/100000 | task=2001 | pid=47910 | status=COMPLETED | exit=0 | runtime=00:00:40 | time=2026-07-30 07:17:31
START | job=2005/100000 | task=2004 | pid=48227 | time=2026-07-30 07:17:31
FINISH | job=2005/100000 | task=2004 | pid=48227 | status=COMPLETED | exit=0 | runtime=00:00:01 | time=2026-07-30 07:17:32
START | job=2006/100000 | task=2005 | pid=48234 | time=2026-07-30 07:17:32
FINISH | job=2006/100000 | task=2005 | pid=48234 | status=COMPLETED | exit=0 | runtime=00:00:01 | time=2026-07-30 07:17:33
START | job=2007/100000 | task=2006 | pid=48242 | time=2026-07-30 07:17:33
FINISH | job=2004/100000 | task=2003 | pid=48067 | status=COMPLETED | exit=0 | runtime=00:00:28 | time=2026-07-30 07:17:39
START | job=2008/100000 | task=2007 | pid=48303 | time=2026-07-30 07:17:39
FINISH | job=1993/100000 | task=1992 | pid=46375 | status=COMPLETED | exit=0 | runtime=00:04:20 | time=2026-07-30 07:17:47
START | job=2009/100000 | task=2008 | pid=48371 | time=2026-07-30 07:17:47
FINISH | job=1981/100000 | task=1980 | pid=42756 | status=COMPLETED | exit=0 | runtime=00:12:45 | time=2026-07-30 07:18:01
START | job=2010/100000 | task=2009 | pid=48472 | time=2026-07-30 07:18:01
FINISH | job=2010/100000 | task=2009 | pid=48472 | status=COMPLETED | exit=0 | runtime=00:00:23 | time=2026-07-30 07:18:24
START | job=2011/100000 | task=2010 | pid=48649 | time=2026-07-30 07:18:24
FINISH | job=2011/100000 | task=2010 | pid=48649 | status=COMPLETED | exit=0 | runtime=00:00:05 | time=2026-07-30 07:18:29
START | job=2012/100000 | task=2011 | pid=48687 | time=2026-07-30 07:18:29
FINISH | job=2007/100000 | task=2006 | pid=48242 | status=COMPLETED | exit=0 | runtime=00:01:41 | time=2026-07-30 07:19:14
START | job=2013/100000 | task=2012 | pid=49011 | time=2026-07-30 07:19:14
FINISH | job=2013/100000 | task=2012 | pid=49011 | status=COMPLETED | exit=0 | runtime=00:00:04 | time=2026-07-30 07:19:18
START | job=2014/100000 | task=2013 | pid=49049 | time=2026-07-30 07:19:18
FINISH | job=2014/100000 | task=2013 | pid=49049 | status=COMPLETED | exit=0 | runtime=00:00:01 | time=2026-07-30 07:19:19
START | job=2015/100000 | task=2014 | pid=49070 | time=2026-07-30 07:19:19
FINISH | job=2015/100000 | task=2014 | pid=49070 | status=COMPLETED | exit=0 | runtime=00:00:01 | time=2026-07-30 07:19:20
START | job=2016/100000 | task=2015 | pid=49078 | time=2026-07-30 07:19:20
FINISH | job=2012/100000 | task=2011 | pid=48687 | status=COMPLETED | exit=0 | runtime=00:01:01 | time=2026-07-30 07:19:30
START | job=2017/100000 | task=2016 | pid=49162 | time=2026-07-30 07:19:30
FINISH | job=2016/100000 | task=2015 | pid=49078 | status=COMPLETED | exit=0 | runtime=00:00:15 | time=2026-07-30 07:19:35
START | job=2018/100000 | task=2017 | pid=49206 | time=2026-07-30 07:19:35
FINISH | job=1990/100000 | task=1989 | pid=44828 | status=COMPLETED | exit=0 | runtime=00:13:43 | time=2026-07-30 07:23:36
START | job=2019/100000 | task=2018 | pid=50937 | time=2026-07-30 07:23:36
FINISH | job=1992/100000 | task=1991 | pid=45655 | status=COMPLETED | exit=0 | runtime=00:14:15 | time=2026-07-30 07:26:03
START | job=2020/100000 | task=2019 | pid=52012 | time=2026-07-30 07:26:03
FINISH | job=2000/100000 | task=1999 | pid=47746 | status=COMPLETED | exit=0 | runtime=00:09:37 | time=2026-07-30 07:26:10
START | job=2021/100000 | task=2020 | pid=52096 | time=2026-07-30 07:26:10
FINISH | job=2021/100000 | task=2020 | pid=52096 | status=COMPLETED | exit=0 | runtime=00:00:10 | time=2026-07-30 07:26:20
START | job=2022/100000 | task=2021 | pid=52180 | time=2026-07-30 07:26:20
FINISH | job=2020/100000 | task=2019 | pid=52012 | status=COMPLETED | exit=0 | runtime=00:00:32 | time=2026-07-30 07:26:35
START | job=2023/100000 | task=2022 | pid=52306 | time=2026-07-30 07:26:35
FINISH | job=2023/100000 | task=2022 | pid=52306 | status=COMPLETED | exit=0 | runtime=00:00:01 | time=2026-07-30 07:26:36
START | job=2024/100000 | task=2023 | pid=52315 | time=2026-07-30 07:26:36
FINISH | job=2024/100000 | task=2023 | pid=52315 | status=COMPLETED | exit=0 | runtime=00:00:01 | time=2026-07-30 07:26:37
START | job=2025/100000 | task=2024 | pid=52343 | time=2026-07-30 07:26:37
FINISH | job=2025/100000 | task=2024 | pid=52343 | status=COMPLETED | exit=0 | runtime=00:00:16 | time=2026-07-30 07:26:53
START | job=2026/100000 | task=2025 | pid=52479 | time=2026-07-30 07:26:53
FINISH | job=2022/100000 | task=2021 | pid=52180 | status=COMPLETED | exit=0 | runtime=00:01:08 | time=2026-07-30 07:27:28
START | job=2027/100000 | task=2026 | pid=52772 | time=2026-07-30 07:27:28
FINISH | job=2008/100000 | task=2007 | pid=48303 | status=COMPLETED | exit=0 | runtime=00:10:14 | time=2026-07-30 07:27:53
START | job=2028/100000 | task=2027 | pid=52951 | time=2026-07-30 07:27:53
FINISH | job=1999/100000 | task=1998 | pid=47632 | status=COMPLETED | exit=0 | runtime=00:13:34 | time=2026-07-30 07:29:51
START | job=2029/100000 | task=2028 | pid=53842 | time=2026-07-30 07:29:51
FINISH | job=2009/100000 | task=2008 | pid=48371 | status=COMPLETED | exit=0 | runtime=00:12:42 | time=2026-07-30 07:30:29
START | job=2030/100000 | task=2029 | pid=54122 | time=2026-07-30 07:30:29
FINISH | job=2030/100000 | task=2029 | pid=54122 | status=COMPLETED | exit=0 | runtime=00:00:03 | time=2026-07-30 07:30:32
START | job=2031/100000 | task=2030 | pid=54160 | time=2026-07-30 07:30:32
FINISH | job=2031/100000 | task=2030 | pid=54160 | status=COMPLETED | exit=0 | runtime=00:00:28 | time=2026-07-30 07:31:00
START | job=2032/100000 | task=2031 | pid=54349 | time=2026-07-30 07:31:00
FINISH | job=2032/100000 | task=2031 | pid=54349 | status=COMPLETED | exit=0 | runtime=00:00:02 | time=2026-07-30 07:31:02
START | job=2033/100000 | task=2032 | pid=54387 | time=2026-07-30 07:31:02
FINISH | job=2033/100000 | task=2032 | pid=54387 | status=COMPLETED | exit=0 | runtime=00:00:00 | time=2026-07-30 07:31:02
START | job=2034/100000 | task=2033 | pid=54393 | time=2026-07-30 07:31:03
FINISH | job=2034/100000 | task=2033 | pid=54393 | status=COMPLETED | exit=0 | runtime=00:00:00 | time=2026-07-30 07:31:03
START | job=2035/100000 | task=2034 | pid=54399 | time=2026-07-30 07:31:03
FINISH | job=2018/100000 | task=2017 | pid=49206 | status=COMPLETED | exit=0 | runtime=00:12:44 | time=2026-07-30 07:32:19
START | job=2036/100000 | task=2035 | pid=54963 | time=2026-07-30 07:32:19
FINISH | job=2029/100000 | task=2028 | pid=53842 | status=COMPLETED | exit=0 | runtime=00:02:33 | time=2026-07-30 07:32:24
START | job=2037/100000 | task=2036 | pid=55001 | time=2026-07-30 07:32:24
FINISH | job=2017/100000 | task=2016 | pid=49162 | status=COMPLETED | exit=0 | runtime=00:13:16 | time=2026-07-30 07:32:46
START | job=2038/100000 | task=2037 | pid=55169 | time=2026-07-30 07:32:46
FINISH | job=2038/100000 | task=2037 | pid=55169 | status=COMPLETED | exit=0 | runtime=00:04:01 | time=2026-07-30 07:36:47
START | job=2039/100000 | task=2038 | pid=56915 | time=2026-07-30 07:36:48
FINISH | job=2039/100000 | task=2038 | pid=56915 | status=COMPLETED | exit=0 | runtime=00:00:01 | time=2026-07-30 07:36:49
START | job=2040/100000 | task=2039 | pid=56938 | time=2026-07-30 07:36:50
FINISH | job=2040/100000 | task=2039 | pid=56938 | status=COMPLETED | exit=0 | runtime=00:00:02 | time=2026-07-30 07:36:52
FINISH | job=2027/100000 | task=2026 | pid=52772 | status=COMPLETED | exit=0 | runtime=00:09:24 | time=2026-07-30 07:36:52
START | job=2041/100000 | task=2040 | pid=56960 | time=2026-07-30 07:36:52
START | job=2042/100000 | task=2041 | pid=56966 | time=2026-07-30 07:36:52
FINISH | job=2019/100000 | task=2018 | pid=50937 | status=COMPLETED | exit=0 | runtime=00:13:16 | time=2026-07-30 07:36:52
START | job=2043/100000 | task=2042 | pid=56972 | time=2026-07-30 07:36:52
FINISH | job=2043/100000 | task=2042 | pid=56972 | status=COMPLETED | exit=0 | runtime=00:00:01 | time=2026-07-30 07:36:53
START | job=2044/100000 | task=2043 | pid=56978 | time=2026-07-30 07:36:53
FINISH | job=2041/100000 | task=2040 | pid=56960 | status=COMPLETED | exit=0 | runtime=00:00:01 | time=2026-07-30 07:36:53
START | job=2045/100000 | task=2044 | pid=56984 | time=2026-07-30 07:36:53
FINISH | job=2042/100000 | task=2041 | pid=56966 | status=COMPLETED | exit=0 | runtime=00:00:02 | time=2026-07-30 07:36:54
START | job=2046/100000 | task=2045 | pid=57007 | time=2026-07-30 07:36:54
FINISH | job=2035/100000 | task=2034 | pid=54399 | status=COMPLETED | exit=0 | runtime=00:06:47 | time=2026-07-30 07:37:50
START | job=2047/100000 | task=2046 | pid=57413 | time=2026-07-30 07:37:50
FINISH | job=2046/100000 | task=2045 | pid=57007 | status=COMPLETED | exit=0 | runtime=00:01:03 | time=2026-07-30 07:37:57
START | job=2048/100000 | task=2047 | pid=57469 | time=2026-07-30 07:37:57
FINISH | job=2048/100000 | task=2047 | pid=57469 | status=COMPLETED | exit=0 | runtime=00:00:04 | time=2026-07-30 07:38:01
START | job=2049/100000 | task=2048 | pid=57507 | time=2026-07-30 07:38:01
FINISH | job=2049/100000 | task=2048 | pid=57507 | status=COMPLETED | exit=0 | runtime=00:01:07 | time=2026-07-30 07:39:08
START | job=2050/100000 | task=2049 | pid=57991 | time=2026-07-30 07:39:08
FINISH | job=2036/100000 | task=2035 | pid=54963 | status=COMPLETED | exit=0 | runtime=00:06:52 | time=2026-07-30 07:39:11
START | job=2051/100000 | task=2050 | pid=58029 | time=2026-07-30 07:39:11
FINISH | job=2051/100000 | task=2050 | pid=58029 | status=COMPLETED | exit=0 | runtime=00:00:00 | time=2026-07-30 07:39:11
START | job=2052/100000 | task=2051 | pid=58035 | time=2026-07-30 07:39:11
FINISH | job=2052/100000 | task=2051 | pid=58035 | status=COMPLETED | exit=0 | runtime=00:00:01 | time=2026-07-30 07:39:12
START | job=2053/100000 | task=2052 | pid=58041 | time=2026-07-30 07:39:12
FINISH | job=2050/100000 | task=2049 | pid=57991 | status=COMPLETED | exit=0 | runtime=00:00:16 | time=2026-07-30 07:39:24
START | job=2054/100000 | task=2053 | pid=58139 | time=2026-07-30 07:39:24
FINISH | job=2047/100000 | task=2046 | pid=57413 | status=COMPLETED | exit=0 | runtime=00:02:32 | time=2026-07-30 07:40:22
START | job=2055/100000 | task=2054 | pid=58556 | time=2026-07-30 07:40:22
FINISH | job=2045/100000 | task=2044 | pid=56984 | status=COMPLETED | exit=0 | runtime=00:03:31 | time=2026-07-30 07:40:24
START | job=2056/100000 | task=2055 | pid=58579 | time=2026-07-30 07:40:24
FINISH | job=2055/100000 | task=2054 | pid=58556 | status=COMPLETED | exit=0 | runtime=00:00:28 | time=2026-07-30 07:40:50
START | job=2057/100000 | task=2056 | pid=58774 | time=2026-07-30 07:40:50
FINISH | job=2056/100000 | task=2055 | pid=58579 | status=COMPLETED | exit=0 | runtime=00:00:29 | time=2026-07-30 07:40:53
START | job=2058/100000 | task=2057 | pid=58802 | time=2026-07-30 07:40:53
FINISH | job=2058/100000 | task=2057 | pid=58802 | status=COMPLETED | exit=0 | runtime=00:00:07 | time=2026-07-30 07:41:00
START | job=2059/100000 | task=2058 | pid=58850 | time=2026-07-30 07:41:00
FINISH | job=2057/100000 | task=2056 | pid=58774 | status=COMPLETED | exit=0 | runtime=00:01:01 | time=2026-07-30 07:41:51
START | job=2060/100000 | task=2059 | pid=59240 | time=2026-07-30 07:41:51
FINISH | job=2060/100000 | task=2059 | pid=59240 | status=COMPLETED | exit=0 | runtime=00:00:02 | time=2026-07-30 07:41:53
START | job=2061/100000 | task=2060 | pid=59248 | time=2026-07-30 07:41:53
FINISH | job=2059/100000 | task=2058 | pid=58850 | status=COMPLETED | exit=0 | runtime=00:00:54 | time=2026-07-30 07:41:54
START | job=2062/100000 | task=2061 | pid=59269 | time=2026-07-30 07:41:54
FINISH | job=2028/100000 | task=2027 | pid=52951 | status=COMPLETED | exit=0 | runtime=00:14:02 | time=2026-07-30 07:41:55
START | job=2063/100000 | task=2062 | pid=59275 | time=2026-07-30 07:41:55
FINISH | job=2061/100000 | task=2060 | pid=59248 | status=COMPLETED | exit=0 | runtime=00:00:16 | time=2026-07-30 07:42:09
START | job=2064/100000 | task=2063 | pid=59389 | time=2026-07-30 07:42:09
FINISH | job=2037/100000 | task=2036 | pid=55001 | status=COMPLETED | exit=0 | runtime=00:10:06 | time=2026-07-30 07:42:30
START | job=2065/100000 | task=2064 | pid=59568 | time=2026-07-30 07:42:30
FINISH | job=2054/100000 | task=2053 | pid=58139 | status=COMPLETED | exit=0 | runtime=00:05:26 | time=2026-07-30 07:44:50
START | job=2066/100000 | task=2065 | pid=60573 | time=2026-07-30 07:44:50
FINISH | job=2066/100000 | task=2065 | pid=60573 | status=COMPLETED | exit=0 | runtime=00:00:09 | time=2026-07-30 07:44:59
START | job=2067/100000 | task=2066 | pid=60644 | time=2026-07-30 07:44:59
FINISH | job=2067/100000 | task=2066 | pid=60644 | status=COMPLETED | exit=0 | runtime=00:00:02 | time=2026-07-30 07:45:01
START | job=2068/100000 | task=2067 | pid=60665 | time=2026-07-30 07:45:01
FINISH | job=2068/100000 | task=2067 | pid=60665 | status=COMPLETED | exit=0 | runtime=00:00:15 | time=2026-07-30 07:45:16
START | job=2069/100000 | task=2068 | pid=60781 | time=2026-07-30 07:45:16
FINISH | job=2069/100000 | task=2068 | pid=60781 | status=COMPLETED | exit=0 | runtime=00:00:15 | time=2026-07-30 07:45:31
START | job=2070/100000 | task=2069 | pid=60903 | time=2026-07-30 07:45:31
FINISH | job=2065/100000 | task=2064 | pid=59568 | status=COMPLETED | exit=0 | runtime=00:03:58 | time=2026-07-30 07:46:28
START | job=2071/100000 | task=2070 | pid=61325 | time=2026-07-30 07:46:29
FINISH | job=2026/100000 | task=2025 | pid=52479 | status=COMPLETED | exit=0 | runtime=00:19:53 | time=2026-07-30 07:46:46
START | job=2072/100000 | task=2071 | pid=61455 | time=2026-07-30 07:46:46
FINISH | job=2044/100000 | task=2043 | pid=56978 | status=COMPLETED | exit=0 | runtime=00:09:55 | time=2026-07-30 07:46:48
START | job=2073/100000 | task=2072 | pid=61478 | time=2026-07-30 07:46:48
FINISH | job=2070/100000 | task=2069 | pid=60903 | status=COMPLETED | exit=0 | runtime=00:02:43 | time=2026-07-30 07:48:14
START | job=2074/100000 | task=2073 | pid=62097 | time=2026-07-30 07:48:14
FINISH | job=2074/100000 | task=2073 | pid=62097 | status=COMPLETED | exit=0 | runtime=00:00:19 | time=2026-07-30 07:48:33
START | job=2075/100000 | task=2074 | pid=62250 | time=2026-07-30 07:48:33
FINISH | job=2075/100000 | task=2074 | pid=62250 | status=COMPLETED | exit=0 | runtime=00:00:03 | time=2026-07-30 07:48:36
START | job=2076/100000 | task=2075 | pid=62274 | time=2026-07-30 07:48:36
FINISH | job=2076/100000 | task=2075 | pid=62274 | status=COMPLETED | exit=0 | runtime=00:00:01 | time=2026-07-30 07:48:37
START | job=2077/100000 | task=2076 | pid=62297 | time=2026-07-30 07:48:37
FINISH | job=2077/100000 | task=2076 | pid=62297 | status=COMPLETED | exit=0 | runtime=00:01:00 | time=2026-07-30 07:49:37
START | job=2078/100000 | task=2077 | pid=62741 | time=2026-07-30 07:49:37
FINISH | job=2078/100000 | task=2077 | pid=62741 | status=COMPLETED | exit=0 | runtime=00:00:01 | time=2026-07-30 07:49:38
START | job=2079/100000 | task=2078 | pid=62747 | time=2026-07-30 07:49:38
FINISH | job=2079/100000 | task=2078 | pid=62747 | status=COMPLETED | exit=0 | runtime=00:00:16 | time=2026-07-30 07:49:54
START | job=2080/100000 | task=2079 | pid=62878 | time=2026-07-30 07:49:54
FINISH | job=2072/100000 | task=2071 | pid=61455 | status=COMPLETED | exit=0 | runtime=00:03:27 | time=2026-07-30 07:50:13
START | job=2081/100000 | task=2080 | pid=63026 | time=2026-07-30 07:50:13
FINISH | job=2053/100000 | task=2052 | pid=58041 | status=COMPLETED | exit=0 | runtime=00:13:20 | time=2026-07-30 07:52:32
START | job=2082/100000 | task=2081 | pid=64008 | time=2026-07-30 07:52:32
FINISH | job=2082/100000 | task=2081 | pid=64008 | status=COMPLETED | exit=0 | runtime=00:00:49 | time=2026-07-30 07:53:21
START | job=2083/100000 | task=2082 | pid=64370 | time=2026-07-30 07:53:21
FINISH | job=2064/100000 | task=2063 | pid=59389 | status=COMPLETED | exit=0 | runtime=00:12:17 | time=2026-07-30 07:54:26
START | job=2084/100000 | task=2083 | pid=64860 | time=2026-07-30 07:54:26
FINISH | job=2084/100000 | task=2083 | pid=64860 | status=COMPLETED | exit=0 | runtime=00:00:03 | time=2026-07-30 07:54:29
START | job=2085/100000 | task=2084 | pid=64884 | time=2026-07-30 07:54:29
FINISH | job=2085/100000 | task=2084 | pid=64884 | status=COMPLETED | exit=0 | runtime=00:00:28 | time=2026-07-30 07:54:57
START | job=2086/100000 | task=2085 | pid=65087 | time=2026-07-30 07:54:57
FINISH | job=2086/100000 | task=2085 | pid=65087 | status=COMPLETED | exit=0 | runtime=00:00:02 | time=2026-07-30 07:54:59
START | job=2087/100000 | task=2086 | pid=65110 | time=2026-07-30 07:54:59
FINISH | job=2087/100000 | task=2086 | pid=65110 | status=COMPLETED | exit=0 | runtime=00:00:01 | time=2026-07-30 07:55:00
START | job=2088/100000 | task=2087 | pid=65116 | time=2026-07-30 07:55:00
FINISH | job=2088/100000 | task=2087 | pid=65116 | status=COMPLETED | exit=0 | runtime=00:00:16 | time=2026-07-30 07:55:16
START | job=2089/100000 | task=2088 | pid=65248 | time=2026-07-30 07:55:16
FINISH | job=2062/100000 | task=2061 | pid=59269 | status=COMPLETED | exit=0 | runtime=00:13:38 | time=2026-07-30 07:55:32
START | job=2090/100000 | task=2089 | pid=65378 | time=2026-07-30 07:55:32
FINISH | job=2063/100000 | task=2062 | pid=59275 | status=COMPLETED | exit=0 | runtime=00:13:53 | time=2026-07-30 07:55:48
START | job=2091/100000 | task=2090 | pid=65511 | time=2026-07-30 07:55:48
FINISH | job=2083/100000 | task=2082 | pid=64370 | status=COMPLETED | exit=0 | runtime=00:04:21 | time=2026-07-30 07:57:42
START | job=2092/100000 | task=2091 | pid=66362 | time=2026-07-30 07:57:42
FINISH | job=2071/100000 | task=2070 | pid=61325 | status=COMPLETED | exit=0 | runtime=00:12:37 | time=2026-07-30 07:59:05
START | job=2093/100000 | task=2092 | pid=66981 | time=2026-07-30 07:59:05
FINISH | job=2093/100000 | task=2092 | pid=66981 | status=COMPLETED | exit=0 | runtime=00:00:08 | time=2026-07-30 07:59:13
START | job=2094/100000 | task=2093 | pid=67051 | time=2026-07-30 07:59:13
FINISH | job=2094/100000 | task=2093 | pid=67051 | status=COMPLETED | exit=0 | runtime=00:00:05 | time=2026-07-30 07:59:18
START | job=2095/100000 | task=2094 | pid=67091 | time=2026-07-30 07:59:18
FINISH | job=2095/100000 | task=2094 | pid=67091 | status=COMPLETED | exit=0 | runtime=00:00:01 | time=2026-07-30 07:59:19
START | job=2096/100000 | task=2095 | pid=67097 | time=2026-07-30 07:59:19
FINISH | job=2096/100000 | task=2095 | pid=67097 | status=COMPLETED | exit=0 | runtime=00:00:00 | time=2026-07-30 07:59:19
START | job=2097/100000 | task=2096 | pid=67103 | time=2026-07-30 07:59:19
FINISH | job=2097/100000 | task=2096 | pid=67103 | status=COMPLETED | exit=0 | runtime=00:00:01 | time=2026-07-30 07:59:20
START | job=2098/100000 | task=2097 | pid=67124 | time=2026-07-30 07:59:20
FINISH | job=2090/100000 | task=2089 | pid=65378 | status=COMPLETED | exit=0 | runtime=00:03:57 | time=2026-07-30 07:59:29
START | job=2099/100000 | task=2098 | pid=67192 | time=2026-07-30 07:59:29
FINISH | job=2092/100000 | task=2091 | pid=66362 | status=COMPLETED | exit=0 | runtime=00:02:32 | time=2026-07-30 08:00:14
START | job=2100/100000 | task=2099 | pid=67521 | time=2026-07-30 08:00:14
START PROGRESS | 2100/100000 (2%)
FINISH | job=2073/100000 | task=2072 | pid=61478 | status=COMPLETED | exit=0 | runtime=00:14:46 | time=2026-07-30 08:01:34
START | job=2101/100000 | task=2100 | pid=68106 | time=2026-07-30 08:01:34
FINISH | job=2101/100000 | task=2100 | pid=68106 | status=COMPLETED | exit=0 | runtime=00:00:34 | time=2026-07-30 08:02:08
START | job=2102/100000 | task=2101 | pid=68363 | time=2026-07-30 08:02:08
FINISH | job=2102/100000 | task=2101 | pid=68363 | status=COMPLETED | exit=0 | runtime=00:00:07 | time=2026-07-30 08:02:15
START | job=2103/100000 | task=2102 | pid=68418 | time=2026-07-30 08:02:15
FINISH | job=2103/100000 | task=2102 | pid=68418 | status=COMPLETED | exit=0 | runtime=00:00:05 | time=2026-07-30 08:02:20
START | job=2104/100000 | task=2103 | pid=68456 | time=2026-07-30 08:02:20
FINISH | job=2104/100000 | task=2103 | pid=68456 | status=COMPLETED | exit=0 | runtime=00:00:01 | time=2026-07-30 08:02:21
START | job=2105/100000 | task=2104 | pid=68477 | time=2026-07-30 08:02:21
FINISH | job=2105/100000 | task=2104 | pid=68477 | status=COMPLETED | exit=0 | runtime=00:00:15 | time=2026-07-30 08:02:36
START | job=2106/100000 | task=2105 | pid=68590 | time=2026-07-30 08:02:36
FINISH | job=2080/100000 | task=2079 | pid=62878 | status=COMPLETED | exit=0 | runtime=00:12:58 | time=2026-07-30 08:02:52
START | job=2107/100000 | task=2106 | pid=68707 | time=2026-07-30 08:02:52
FINISH | job=2106/100000 | task=2105 | pid=68590 | status=COMPLETED | exit=0 | runtime=00:00:17 | time=2026-07-30 08:02:53
START | job=2108/100000 | task=2107 | pid=68729 | time=2026-07-30 08:02:53
FINISH | job=2081/100000 | task=2080 | pid=63026 | status=COMPLETED | exit=0 | runtime=00:12:46 | time=2026-07-30 08:02:59
START | job=2109/100000 | task=2108 | pid=68786 | time=2026-07-30 08:02:59
FINISH | job=2089/100000 | task=2088 | pid=65248 | status=COMPLETED | exit=0 | runtime=00:13:25 | time=2026-07-30 08:08:41
START | job=2110/100000 | task=2109 | pid=71216 | time=2026-07-30 08:08:42
FINISH | job=2091/100000 | task=2090 | pid=65511 | status=COMPLETED | exit=0 | runtime=00:13:44 | time=2026-07-30 08:09:32
START | job=2111/100000 | task=2110 | pid=71592 | time=2026-07-30 08:09:32
FINISH | job=2100/100000 | task=2099 | pid=67521 | status=COMPLETED | exit=0 | runtime=00:10:07 | time=2026-07-30 08:10:21
START | job=2112/100000 | task=2111 | pid=71958 | time=2026-07-30 08:10:21
FINISH | job=2110/100000 | task=2109 | pid=71216 | status=COMPLETED | exit=0 | runtime=00:02:31 | time=2026-07-30 08:11:13
START | job=2113/100000 | task=2112 | pid=72337 | time=2026-07-30 08:11:13
FINISH | job=2113/100000 | task=2112 | pid=72337 | status=COMPLETED | exit=0 | runtime=00:00:04 | time=2026-07-30 08:11:17
START | job=2114/100000 | task=2113 | pid=72375 | time=2026-07-30 08:11:17
FINISH | job=2114/100000 | task=2113 | pid=72375 | status=COMPLETED | exit=0 | runtime=00:00:00 | time=2026-07-30 08:11:17
START | job=2115/100000 | task=2114 | pid=72381 | time=2026-07-30 08:11:17
FINISH | job=2112/100000 | task=2111 | pid=71958 | status=COMPLETED | exit=0 | runtime=00:01:05 | time=2026-07-30 08:11:26
START | job=2116/100000 | task=2115 | pid=72449 | time=2026-07-30 08:11:26
FINISH | job=2111/100000 | task=2110 | pid=71592 | status=COMPLETED | exit=0 | runtime=00:02:07 | time=2026-07-30 08:11:39
START | job=2117/100000 | task=2116 | pid=72550 | time=2026-07-30 08:11:39
FINISH | job=2098/100000 | task=2097 | pid=67124 | status=COMPLETED | exit=0 | runtime=00:12:36 | time=2026-07-30 08:11:56
START | job=2118/100000 | task=2117 | pid=72681 | time=2026-07-30 08:11:56
FINISH | job=2099/100000 | task=2098 | pid=67192 | status=COMPLETED | exit=0 | runtime=00:12:36 | time=2026-07-30 08:12:05
START | job=2119/100000 | task=2118 | pid=72751 | time=2026-07-30 08:12:05
FINISH | job=2118/100000 | task=2117 | pid=72681 | status=COMPLETED | exit=0 | runtime=00:00:22 | time=2026-07-30 08:12:18
START | job=2120/100000 | task=2119 | pid=72865 | time=2026-07-30 08:12:19
FINISH | job=2120/100000 | task=2119 | pid=72865 | status=COMPLETED | exit=0 | runtime=00:00:04 | time=2026-07-30 08:12:23
START | job=2121/100000 | task=2120 | pid=72915 | time=2026-07-30 08:12:23
FINISH | job=2121/100000 | task=2120 | pid=72915 | status=COMPLETED | exit=0 | runtime=00:00:01 | time=2026-07-30 08:12:24
START | job=2122/100000 | task=2121 | pid=72921 | time=2026-07-30 08:12:24
FINISH | job=2109/100000 | task=2108 | pid=68786 | status=COMPLETED | exit=0 | runtime=00:10:00 | time=2026-07-30 08:12:59
START | job=2123/100000 | task=2122 | pid=73194 | time=2026-07-30 08:12:59
FINISH | job=2123/100000 | task=2122 | pid=73194 | status=COMPLETED | exit=0 | runtime=00:00:02 | time=2026-07-30 08:13:01
START | job=2124/100000 | task=2123 | pid=73202 | time=2026-07-30 08:13:01
FINISH | job=2124/100000 | task=2123 | pid=73202 | status=COMPLETED | exit=0 | runtime=00:00:00 | time=2026-07-30 08:13:01
START | job=2125/100000 | task=2124 | pid=73208 | time=2026-07-30 08:13:01
FINISH | job=2122/100000 | task=2121 | pid=72921 | status=COMPLETED | exit=0 | runtime=00:00:47 | time=2026-07-30 08:13:11
START | job=2126/100000 | task=2125 | pid=73291 | time=2026-07-30 08:13:11
FINISH | job=2108/100000 | task=2107 | pid=68729 | status=COMPLETED | exit=0 | runtime=00:12:33 | time=2026-07-30 08:15:26
START | job=2127/100000 | task=2126 | pid=74261 | time=2026-07-30 08:15:26
FINISH | job=2107/100000 | task=2106 | pid=68707 | status=COMPLETED | exit=0 | runtime=00:12:39 | time=2026-07-30 08:15:31
START | job=2128/100000 | task=2127 | pid=74300 | time=2026-07-30 08:15:31
FINISH | job=2119/100000 | task=2118 | pid=72751 | status=COMPLETED | exit=0 | runtime=00:03:39 | time=2026-07-30 08:15:44
START | job=2129/100000 | task=2128 | pid=74415 | time=2026-07-30 08:15:44
FINISH | job=2127/100000 | task=2126 | pid=74261 | status=COMPLETED | exit=0 | runtime=00:01:09 | time=2026-07-30 08:16:35
START | job=2130/100000 | task=2129 | pid=74774 | time=2026-07-30 08:16:35
FINISH | job=2130/100000 | task=2129 | pid=74774 | status=COMPLETED | exit=0 | runtime=00:00:01 | time=2026-07-30 08:16:36
START | job=2131/100000 | task=2130 | pid=74797 | time=2026-07-30 08:16:36
FINISH | job=2131/100000 | task=2130 | pid=74797 | status=COMPLETED | exit=0 | runtime=00:00:01 | time=2026-07-30 08:16:37
START | job=2132/100000 | task=2131 | pid=74803 | time=2026-07-30 08:16:37
FINISH | job=2132/100000 | task=2131 | pid=74803 | status=COMPLETED | exit=0 | runtime=00:00:01 | time=2026-07-30 08:16:38
START | job=2133/100000 | task=2132 | pid=74824 | time=2026-07-30 08:16:38
FINISH | job=2133/100000 | task=2132 | pid=74824 | status=COMPLETED | exit=0 | runtime=00:00:01 | time=2026-07-30 08:16:39
START | job=2134/100000 | task=2133 | pid=74830 | time=2026-07-30 08:16:39
FINISH | job=2129/100000 | task=2128 | pid=74415 | status=COMPLETED | exit=0 | runtime=00:01:40 | time=2026-07-30 08:17:24
START | job=2135/100000 | task=2134 | pid=75155 | time=2026-07-30 08:17:24
FINISH | job=2128/100000 | task=2127 | pid=74300 | status=COMPLETED | exit=0 | runtime=00:03:55 | time=2026-07-30 08:19:26
START | job=2136/100000 | task=2135 | pid=76040 | time=2026-07-30 08:19:26
FINISH | job=2136/100000 | task=2135 | pid=76040 | status=COMPLETED | exit=0 | runtime=00:00:32 | time=2026-07-30 08:19:58
START | job=2137/100000 | task=2136 | pid=76276 | time=2026-07-30 08:19:58
FINISH | job=2137/100000 | task=2136 | pid=76276 | status=COMPLETED | exit=0 | runtime=00:00:16 | time=2026-07-30 08:20:14
START | job=2138/100000 | task=2137 | pid=76415 | time=2026-07-30 08:20:14
FINISH | job=2135/100000 | task=2134 | pid=75155 | status=COMPLETED | exit=0 | runtime=00:02:57 | time=2026-07-30 08:20:21
START | job=2139/100000 | task=2138 | pid=76470 | time=2026-07-30 08:20:22
FINISH | job=2139/100000 | task=2138 | pid=76470 | status=COMPLETED | exit=0 | runtime=00:00:01 | time=2026-07-30 08:20:23
START | job=2140/100000 | task=2139 | pid=76491 | time=2026-07-30 08:20:23
FINISH | job=2140/100000 | task=2139 | pid=76491 | status=COMPLETED | exit=0 | runtime=00:00:02 | time=2026-07-30 08:20:25
START | job=2141/100000 | task=2140 | pid=76512 | time=2026-07-30 08:20:25
FINISH | job=2141/100000 | task=2140 | pid=76512 | status=COMPLETED | exit=0 | runtime=00:00:01 | time=2026-07-30 08:20:26
START | job=2142/100000 | task=2141 | pid=76520 | time=2026-07-30 08:20:26
FINISH | job=2142/100000 | task=2141 | pid=76520 | status=COMPLETED | exit=0 | runtime=00:00:00 | time=2026-07-30 08:20:26
START | job=2143/100000 | task=2142 | pid=76526 | time=2026-07-30 08:20:26
FINISH | job=2126/100000 | task=2125 | pid=73291 | status=COMPLETED | exit=0 | runtime=00:08:51 | time=2026-07-30 08:22:02
START | job=2144/100000 | task=2143 | pid=77215 | time=2026-07-30 08:22:02
FINISH | job=2138/100000 | task=2137 | pid=76415 | status=COMPLETED | exit=0 | runtime=00:02:03 | time=2026-07-30 08:22:17
START | job=2145/100000 | task=2144 | pid=77330 | time=2026-07-30 08:22:17
FINISH | job=2117/100000 | task=2116 | pid=72550 | status=COMPLETED | exit=0 | runtime=00:12:35 | time=2026-07-30 08:24:14
START | job=2146/100000 | task=2145 | pid=78179 | time=2026-07-30 08:24:14
FINISH | job=2146/100000 | task=2145 | pid=78179 | status=COMPLETED | exit=0 | runtime=00:00:08 | time=2026-07-30 08:24:22
START | job=2147/100000 | task=2146 | pid=78234 | time=2026-07-30 08:24:22
FINISH | job=2147/100000 | task=2146 | pid=78234 | status=COMPLETED | exit=0 | runtime=00:00:00 | time=2026-07-30 08:24:22
START | job=2148/100000 | task=2147 | pid=78240 | time=2026-07-30 08:24:22
FINISH | job=2148/100000 | task=2147 | pid=78240 | status=COMPLETED | exit=0 | runtime=00:01:13 | time=2026-07-30 08:25:35
START | job=2149/100000 | task=2148 | pid=78791 | time=2026-07-30 08:25:35
FINISH | job=2149/100000 | task=2148 | pid=78791 | status=COMPLETED | exit=0 | runtime=00:01:09 | time=2026-07-30 08:26:44
START | job=2150/100000 | task=2149 | pid=79351 | time=2026-07-30 08:26:44
FINISH | job=2150/100000 | task=2149 | pid=79351 | status=COMPLETED | exit=0 | runtime=00:00:10 | time=2026-07-30 08:26:54
START | job=2151/100000 | task=2150 | pid=79429 | time=2026-07-30 08:26:54
FINISH | job=2125/100000 | task=2124 | pid=73208 | status=COMPLETED | exit=0 | runtime=00:14:13 | time=2026-07-30 08:27:14
START | job=2152/100000 | task=2151 | pid=79587 | time=2026-07-30 08:27:14
FINISH | job=2151/100000 | task=2150 | pid=79429 | status=COMPLETED | exit=0 | runtime=00:00:51 | time=2026-07-30 08:27:45
START | job=2153/100000 | task=2152 | pid=79811 | time=2026-07-30 08:27:45
FINISH | job=2116/100000 | task=2115 | pid=72449 | status=COMPLETED | exit=0 | runtime=00:17:29 | time=2026-07-30 08:28:55
START | job=2154/100000 | task=2153 | pid=80359 | time=2026-07-30 08:28:55
FINISH | job=2154/100000 | task=2153 | pid=80359 | status=COMPLETED | exit=0 | runtime=00:00:23 | time=2026-07-30 08:29:18
START | job=2155/100000 | task=2154 | pid=80536 | time=2026-07-30 08:29:18
FINISH | job=2134/100000 | task=2133 | pid=74830 | status=COMPLETED | exit=0 | runtime=00:12:58 | time=2026-07-30 08:29:37
START | job=2156/100000 | task=2155 | pid=80685 | time=2026-07-30 08:29:37
FINISH | job=2156/100000 | task=2155 | pid=80685 | status=COMPLETED | exit=0 | runtime=00:00:04 | time=2026-07-30 08:29:41
START | job=2157/100000 | task=2156 | pid=80723 | time=2026-07-30 08:29:41
FINISH | job=2157/100000 | task=2156 | pid=80723 | status=COMPLETED | exit=0 | runtime=00:00:28 | time=2026-07-30 08:30:09
START | job=2158/100000 | task=2157 | pid=80934 | time=2026-07-30 08:30:09
FINISH | job=2158/100000 | task=2157 | pid=80934 | status=COMPLETED | exit=0 | runtime=00:00:15 | time=2026-07-30 08:30:24
START | job=2159/100000 | task=2158 | pid=81052 | time=2026-07-30 08:30:24
FINISH | job=2159/100000 | task=2158 | pid=81052 | status=COMPLETED | exit=0 | runtime=00:00:01 | time=2026-07-30 08:30:25
START | job=2160/100000 | task=2159 | pid=81075 | time=2026-07-30 08:30:25
FINISH | job=2160/100000 | task=2159 | pid=81075 | status=COMPLETED | exit=0 | runtime=00:00:01 | time=2026-07-30 08:30:26
START | job=2161/100000 | task=2160 | pid=81081 | time=2026-07-30 08:30:26
FINISH | job=2145/100000 | task=2144 | pid=77330 | status=COMPLETED | exit=0 | runtime=00:10:06 | time=2026-07-30 08:32:23
START | job=2162/100000 | task=2161 | pid=81922 | time=2026-07-30 08:32:23
FINISH | job=2155/100000 | task=2154 | pid=80536 | status=COMPLETED | exit=0 | runtime=00:03:29 | time=2026-07-30 08:32:47
START | job=2163/100000 | task=2162 | pid=82113 | time=2026-07-30 08:32:47
FINISH | job=2143/100000 | task=2142 | pid=76526 | status=COMPLETED | exit=0 | runtime=00:14:01 | time=2026-07-30 08:34:27
START | job=2164/100000 | task=2163 | pid=82837 | time=2026-07-30 08:34:27
FINISH | job=2162/100000 | task=2161 | pid=81922 | status=COMPLETED | exit=0 | runtime=00:02:56 | time=2026-07-30 08:35:19
START | job=2165/100000 | task=2164 | pid=83214 | time=2026-07-30 08:35:19
FINISH | job=2165/100000 | task=2164 | pid=83214 | status=COMPLETED | exit=0 | runtime=00:00:32 | time=2026-07-30 08:35:51
START | job=2166/100000 | task=2165 | pid=83460 | time=2026-07-30 08:35:51
FINISH | job=2166/100000 | task=2165 | pid=83460 | status=COMPLETED | exit=0 | runtime=00:00:28 | time=2026-07-30 08:36:19
START | job=2167/100000 | task=2166 | pid=83731 | time=2026-07-30 08:36:19
FINISH | job=2167/100000 | task=2166 | pid=83731 | status=COMPLETED | exit=0 | runtime=00:00:01 | time=2026-07-30 08:36:20
START | job=2168/100000 | task=2167 | pid=83739 | time=2026-07-30 08:36:20
FINISH | job=2168/100000 | task=2167 | pid=83739 | status=COMPLETED | exit=0 | runtime=00:00:00 | time=2026-07-30 08:36:20
START | job=2169/100000 | task=2168 | pid=83746 | time=2026-07-30 08:36:20
FINISH | job=2169/100000 | task=2168 | pid=83746 | status=COMPLETED | exit=0 | runtime=00:00:01 | time=2026-07-30 08:36:21
START | job=2170/100000 | task=2169 | pid=83767 | time=2026-07-30 08:36:21
FINISH | job=2164/100000 | task=2163 | pid=82837 | status=COMPLETED | exit=0 | runtime=00:04:07 | time=2026-07-30 08:38:34
START | job=2171/100000 | task=2170 | pid=84727 | time=2026-07-30 08:38:34
FINISH | job=2153/100000 | task=2152 | pid=79811 | status=COMPLETED | exit=0 | runtime=00:11:33 | time=2026-07-30 08:39:18
START | job=2172/100000 | task=2171 | pid=85045 | time=2026-07-30 08:39:18
FINISH | job=2152/100000 | task=2151 | pid=79587 | status=COMPLETED | exit=0 | runtime=00:12:41 | time=2026-07-30 08:39:55
START | job=2173/100000 | task=2172 | pid=85310 | time=2026-07-30 08:39:55
FINISH | job=2173/100000 | task=2172 | pid=85310 | status=COMPLETED | exit=0 | runtime=00:00:03 | time=2026-07-30 08:39:58
START | job=2174/100000 | task=2173 | pid=85348 | time=2026-07-30 08:39:58
FINISH | job=2174/100000 | task=2173 | pid=85348 | status=COMPLETED | exit=0 | runtime=00:00:05 | time=2026-07-30 08:40:03
START | job=2175/100000 | task=2174 | pid=85386 | time=2026-07-30 08:40:03
FINISH | job=2175/100000 | task=2174 | pid=85386 | status=COMPLETED | exit=0 | runtime=00:00:01 | time=2026-07-30 08:40:04
START | job=2176/100000 | task=2175 | pid=85407 | time=2026-07-30 08:40:04
FINISH | job=2176/100000 | task=2175 | pid=85407 | status=COMPLETED | exit=0 | runtime=00:00:01 | time=2026-07-30 08:40:05
START | job=2177/100000 | task=2176 | pid=85413 | time=2026-07-30 08:40:05
FINISH | job=2172/100000 | task=2171 | pid=85045 | status=COMPLETED | exit=0 | runtime=00:00:50 | time=2026-07-30 08:40:08
START | job=2178/100000 | task=2177 | pid=85436 | time=2026-07-30 08:40:08
FINISH | job=2177/100000 | task=2176 | pid=85413 | status=COMPLETED | exit=0 | runtime=00:00:16 | time=2026-07-30 08:40:21
START | job=2179/100000 | task=2178 | pid=85534 | time=2026-07-30 08:40:21
FINISH | job=2178/100000 | task=2177 | pid=85436 | status=COMPLETED | exit=0 | runtime=00:00:16 | time=2026-07-30 08:40:24
START | job=2180/100000 | task=2179 | pid=85572 | time=2026-07-30 08:40:24
FINISH | job=2161/100000 | task=2160 | pid=81081 | status=COMPLETED | exit=0 | runtime=00:12:43 | time=2026-07-30 08:43:09
START | job=2181/100000 | task=2180 | pid=86777 | time=2026-07-30 08:43:09
FINISH | job=2180/100000 | task=2179 | pid=85572 | status=COMPLETED | exit=0 | runtime=00:04:52 | time=2026-07-30 08:45:16
START | job=2182/100000 | task=2181 | pid=87684 | time=2026-07-30 08:45:16
FINISH | job=2182/100000 | task=2181 | pid=87684 | status=COMPLETED | exit=0 | runtime=00:00:03 | time=2026-07-30 08:45:19
START | job=2183/100000 | task=2182 | pid=87722 | time=2026-07-30 08:45:19
FINISH | job=2144/100000 | task=2143 | pid=77215 | status=COMPLETED | exit=0 | runtime=00:24:12 | time=2026-07-30 08:46:14
START | job=2184/100000 | task=2183 | pid=88110 | time=2026-07-30 08:46:14
FINISH | job=2184/100000 | task=2183 | pid=88110 | status=COMPLETED | exit=0 | runtime=00:00:04 | time=2026-07-30 08:46:18
START | job=2185/100000 | task=2184 | pid=88148 | time=2026-07-30 08:46:18
FINISH | job=2185/100000 | task=2184 | pid=88148 | status=COMPLETED | exit=0 | runtime=00:00:01 | time=2026-07-30 08:46:19
START | job=2186/100000 | task=2185 | pid=88154 | time=2026-07-30 08:46:19
FINISH | job=2186/100000 | task=2185 | pid=88154 | status=COMPLETED | exit=0 | runtime=00:00:00 | time=2026-07-30 08:46:19
START | job=2187/100000 | task=2186 | pid=88175 | time=2026-07-30 08:46:19
FINISH | job=2183/100000 | task=2182 | pid=87722 | status=COMPLETED | exit=0 | runtime=00:01:01 | time=2026-07-30 08:46:20
START | job=2188/100000 | task=2187 | pid=88181 | time=2026-07-30 08:46:20
FINISH | job=2187/100000 | task=2186 | pid=88175 | status=COMPLETED | exit=0 | runtime=00:00:16 | time=2026-07-30 08:46:35
START | job=2189/100000 | task=2188 | pid=88296 | time=2026-07-30 08:46:35
FINISH | job=2163/100000 | task=2162 | pid=82113 | status=COMPLETED | exit=0 | runtime=00:13:51 | time=2026-07-30 08:46:38
START | job=2190/100000 | task=2189 | pid=88319 | time=2026-07-30 08:46:38
FINISH | job=2190/100000 | task=2189 | pid=88319 | status=COMPLETED | exit=0 | runtime=00:01:40 | time=2026-07-30 08:48:18
START | job=2191/100000 | task=2190 | pid=89056 | time=2026-07-30 08:48:18
FINISH | job=2191/100000 | task=2190 | pid=89056 | status=COMPLETED | exit=0 | runtime=00:00:07 | time=2026-07-30 08:48:25
START | job=2192/100000 | task=2191 | pid=89112 | time=2026-07-30 08:48:25
FINISH | job=2192/100000 | task=2191 | pid=89112 | status=COMPLETED | exit=0 | runtime=00:00:07 | time=2026-07-30 08:48:32
START | job=2193/100000 | task=2192 | pid=89180 | time=2026-07-30 08:48:32
FINISH | job=2193/100000 | task=2192 | pid=89180 | status=COMPLETED | exit=0 | runtime=00:00:03 | time=2026-07-30 08:48:35
START | job=2194/100000 | task=2193 | pid=89203 | time=2026-07-30 08:48:35
FINISH | job=2194/100000 | task=2193 | pid=89203 | status=COMPLETED | exit=0 | runtime=00:00:01 | time=2026-07-30 08:48:36
START | job=2195/100000 | task=2194 | pid=89209 | time=2026-07-30 08:48:36
FINISH | job=2170/100000 | task=2169 | pid=83767 | status=COMPLETED | exit=0 | runtime=00:12:37 | time=2026-07-30 08:48:58
START | job=2196/100000 | task=2195 | pid=89382 | time=2026-07-30 08:48:58
FINISH | job=2196/100000 | task=2195 | pid=89382 | status=COMPLETED | exit=0 | runtime=00:00:01 | time=2026-07-30 08:48:59
START | job=2197/100000 | task=2196 | pid=89388 | time=2026-07-30 08:48:59
FINISH | job=2195/100000 | task=2194 | pid=89209 | status=COMPLETED | exit=0 | runtime=00:00:40 | time=2026-07-30 08:49:16
START | job=2198/100000 | task=2197 | pid=89518 | time=2026-07-30 08:49:16
FINISH | job=2171/100000 | task=2170 | pid=84727 | status=COMPLETED | exit=0 | runtime=00:12:35 | time=2026-07-30 08:51:09
START | job=2199/100000 | task=2198 | pid=90333 | time=2026-07-30 08:51:09
FINISH | job=2198/100000 | task=2197 | pid=89518 | status=COMPLETED | exit=0 | runtime=00:02:59 | time=2026-07-30 08:52:15
START | job=2200/100000 | task=2199 | pid=90822 | time=2026-07-30 08:52:15
START PROGRESS | 2200/100000 (2%)
FINISH | job=2200/100000 | task=2199 | pid=90822 | status=COMPLETED | exit=0 | runtime=00:00:13 | time=2026-07-30 08:52:28
START | job=2201/100000 | task=2200 | pid=90924 | time=2026-07-30 08:52:28
FINISH | job=2201/100000 | task=2200 | pid=90924 | status=COMPLETED | exit=0 | runtime=00:00:04 | time=2026-07-30 08:52:32
START | job=2202/100000 | task=2201 | pid=90963 | time=2026-07-30 08:52:32
FINISH | job=2181/100000 | task=2180 | pid=86777 | status=COMPLETED | exit=0 | runtime=00:10:10 | time=2026-07-30 08:53:19
START | job=2203/100000 | task=2202 | pid=91303 | time=2026-07-30 08:53:19
FINISH | job=2202/100000 | task=2201 | pid=90963 | status=COMPLETED | exit=0 | runtime=00:00:49 | time=2026-07-30 08:53:21
FINISH | job=2203/100000 | task=2202 | pid=91303 | status=COMPLETED | exit=0 | runtime=00:00:02 | time=2026-07-30 08:53:21
START | job=2204/100000 | task=2203 | pid=91311 | time=2026-07-30 08:53:21
START | job=2205/100000 | task=2204 | pid=91317 | time=2026-07-30 08:53:21
FINISH | job=2205/100000 | task=2204 | pid=91317 | status=COMPLETED | exit=0 | runtime=00:00:00 | time=2026-07-30 08:53:21
START | job=2206/100000 | task=2205 | pid=91323 | time=2026-07-30 08:53:21
FINISH | job=2179/100000 | task=2178 | pid=85534 | status=COMPLETED | exit=0 | runtime=00:13:19 | time=2026-07-30 08:53:40
START | job=2207/100000 | task=2206 | pid=91466 | time=2026-07-30 08:53:40
FINISH | job=2204/100000 | task=2203 | pid=91311 | status=COMPLETED | exit=0 | runtime=00:01:21 | time=2026-07-30 08:54:42
START | job=2208/100000 | task=2207 | pid=91928 | time=2026-07-30 08:54:42
FINISH | job=2188/100000 | task=2187 | pid=88181 | status=COMPLETED | exit=0 | runtime=00:09:32 | time=2026-07-30 08:55:52
START | job=2209/100000 | task=2208 | pid=92447 | time=2026-07-30 08:55:52
FINISH | job=2209/100000 | task=2208 | pid=92447 | status=COMPLETED | exit=0 | runtime=00:00:21 | time=2026-07-30 08:56:13
START | job=2210/100000 | task=2209 | pid=92607 | time=2026-07-30 08:56:13
FINISH | job=2210/100000 | task=2209 | pid=92607 | status=COMPLETED | exit=0 | runtime=00:01:02 | time=2026-07-30 08:57:15
START | job=2211/100000 | task=2210 | pid=93054 | time=2026-07-30 08:57:15
FINISH | job=2211/100000 | task=2210 | pid=93054 | status=COMPLETED | exit=0 | runtime=00:00:28 | time=2026-07-30 08:57:43
START | job=2212/100000 | task=2211 | pid=93271 | time=2026-07-30 08:57:43
FINISH | job=2212/100000 | task=2211 | pid=93271 | status=COMPLETED | exit=0 | runtime=00:01:02 | time=2026-07-30 08:58:45
START | job=2213/100000 | task=2212 | pid=93717 | time=2026-07-30 08:58:45
FINISH | job=2213/100000 | task=2212 | pid=93717 | status=COMPLETED | exit=0 | runtime=00:00:01 | time=2026-07-30 08:58:46
START | job=2214/100000 | task=2213 | pid=93724 | time=2026-07-30 08:58:46
FINISH | job=2214/100000 | task=2213 | pid=93724 | status=COMPLETED | exit=0 | runtime=00:00:00 | time=2026-07-30 08:58:46
START | job=2215/100000 | task=2214 | pid=93732 | time=2026-07-30 08:58:46
FINISH | job=2197/100000 | task=2196 | pid=89388 | status=COMPLETED | exit=0 | runtime=00:12:38 | time=2026-07-30 09:01:37
START | job=2216/100000 | task=2215 | pid=95009 | time=2026-07-30 09:01:37
FINISH | job=2207/100000 | task=2206 | pid=91466 | status=COMPLETED | exit=0 | runtime=00:08:34 | time=2026-07-30 09:02:14
START | job=2217/100000 | task=2216 | pid=95292 | time=2026-07-30 09:02:14
FINISH | job=2189/100000 | task=2188 | pid=88296 | status=COMPLETED | exit=0 | runtime=00:16:27 | time=2026-07-30 09:03:02
START | job=2218/100000 | task=2217 | pid=95663 | time=2026-07-30 09:03:02
FINISH | job=2218/100000 | task=2217 | pid=95663 | status=COMPLETED | exit=0 | runtime=00:00:06 | time=2026-07-30 09:03:08
START | job=2219/100000 | task=2218 | pid=95701 | time=2026-07-30 09:03:08
FINISH | job=2219/100000 | task=2218 | pid=95701 | status=COMPLETED | exit=0 | runtime=00:00:03 | time=2026-07-30 09:03:11
START | job=2220/100000 | task=2219 | pid=95739 | time=2026-07-30 09:03:11
FINISH | job=2220/100000 | task=2219 | pid=95739 | status=COMPLETED | exit=0 | runtime=00:00:01 | time=2026-07-30 09:03:12
START | job=2221/100000 | task=2220 | pid=95745 | time=2026-07-30 09:03:13
FINISH | job=2221/100000 | task=2220 | pid=95745 | status=COMPLETED | exit=0 | runtime=00:00:00 | time=2026-07-30 09:03:13
START | job=2222/100000 | task=2221 | pid=95767 | time=2026-07-30 09:03:13
FINISH | job=2222/100000 | task=2221 | pid=95767 | status=COMPLETED | exit=0 | runtime=00:00:44 | time=2026-07-30 09:03:57
START | job=2223/100000 | task=2222 | pid=96076 | time=2026-07-30 09:03:57
FINISH | job=2199/100000 | task=2198 | pid=90333 | status=COMPLETED | exit=0 | runtime=00:13:03 | time=2026-07-30 09:04:12
FINISH | job=2223/100000 | task=2222 | pid=96076 | status=COMPLETED | exit=0 | runtime=00:00:15 | time=2026-07-30 09:04:12
START | job=2224/100000 | task=2223 | pid=96191 | time=2026-07-30 09:04:12
START | job=2225/100000 | task=2224 | pid=96197 | time=2026-07-30 09:04:13
FINISH | job=2208/100000 | task=2207 | pid=91928 | status=COMPLETED | exit=0 | runtime=00:10:13 | time=2026-07-30 09:04:55
START | job=2226/100000 | task=2225 | pid=96509 | time=2026-07-30 09:04:55
FINISH | job=2206/100000 | task=2205 | pid=91323 | status=COMPLETED | exit=0 | runtime=00:13:02 | time=2026-07-30 09:06:23
START | job=2227/100000 | task=2226 | pid=97146 | time=2026-07-30 09:06:23
FINISH | job=2227/100000 | task=2226 | pid=97146 | status=COMPLETED | exit=0 | runtime=00:00:07 | time=2026-07-30 09:06:30
START | job=2228/100000 | task=2227 | pid=97201 | time=2026-07-30 09:06:30
FINISH | job=2217/100000 | task=2216 | pid=95292 | status=COMPLETED | exit=0 | runtime=00:04:59 | time=2026-07-30 09:07:13
START | job=2229/100000 | task=2228 | pid=97511 | time=2026-07-30 09:07:13
FINISH | job=2229/100000 | task=2228 | pid=97511 | status=COMPLETED | exit=0 | runtime=00:00:28 | time=2026-07-30 09:07:41
START | job=2230/100000 | task=2229 | pid=97717 | time=2026-07-30 09:07:41
FINISH | job=2230/100000 | task=2229 | pid=97717 | status=COMPLETED | exit=0 | runtime=00:00:02 | time=2026-07-30 09:07:43
START | job=2231/100000 | task=2230 | pid=97740 | time=2026-07-30 09:07:43
FINISH | job=2231/100000 | task=2230 | pid=97740 | status=COMPLETED | exit=0 | runtime=00:00:00 | time=2026-07-30 09:07:43
START | job=2232/100000 | task=2231 | pid=97761 | time=2026-07-30 09:07:43
FINISH | job=2232/100000 | task=2231 | pid=97761 | status=COMPLETED | exit=0 | runtime=00:00:16 | time=2026-07-30 09:07:59
START | job=2233/100000 | task=2232 | pid=97874 | time=2026-07-30 09:07:59
FINISH | job=2228/100000 | task=2227 | pid=97201 | status=COMPLETED | exit=0 | runtime=00:01:37 | time=2026-07-30 09:08:07
START | job=2234/100000 | task=2233 | pid=97953 | time=2026-07-30 09:08:07
FINISH | job=2216/100000 | task=2215 | pid=95009 | status=COMPLETED | exit=0 | runtime=00:06:55 | time=2026-07-30 09:08:32
START | job=2235/100000 | task=2234 | pid=98130 | time=2026-07-30 09:08:32
FINISH | job=2235/100000 | task=2234 | pid=98130 | status=COMPLETED | exit=0 | runtime=00:02:25 | time=2026-07-30 09:10:57
START | job=2236/100000 | task=2235 | pid=99166 | time=2026-07-30 09:10:57
FINISH | job=2215/100000 | task=2214 | pid=93732 | status=COMPLETED | exit=0 | runtime=00:12:37 | time=2026-07-30 09:11:23
START | job=2237/100000 | task=2236 | pid=99362 | time=2026-07-30 09:11:23
FINISH | job=2236/100000 | task=2235 | pid=99166 | status=COMPLETED | exit=0 | runtime=00:01:02 | time=2026-07-30 09:11:59
START | job=2238/100000 | task=2237 | pid=99627 | time=2026-07-30 09:11:59
FINISH | job=2237/100000 | task=2236 | pid=99362 | status=COMPLETED | exit=0 | runtime=00:01:02 | time=2026-07-30 09:12:25
START | job=2239/100000 | task=2238 | pid=99818 | time=2026-07-30 09:12:25
FINISH | job=2239/100000 | task=2238 | pid=99818 | status=COMPLETED | exit=0 | runtime=00:00:44 | time=2026-07-30 09:13:09
START | job=2240/100000 | task=2239 | pid=289 | time=2026-07-30 09:13:09
FINISH | job=2240/100000 | task=2239 | pid=289 | status=COMPLETED | exit=0 | runtime=00:00:15 | time=2026-07-30 09:13:24
START | job=2241/100000 | task=2240 | pid=475 | time=2026-07-30 09:13:24
FINISH | job=2238/100000 | task=2237 | pid=99627 | status=COMPLETED | exit=0 | runtime=00:01:30 | time=2026-07-30 09:13:29
START | job=2242/100000 | task=2241 | pid=528 | time=2026-07-30 09:13:29
FINISH | job=2241/100000 | task=2240 | pid=475 | status=COMPLETED | exit=0 | runtime=00:00:16 | time=2026-07-30 09:13:40
START | job=2243/100000 | task=2242 | pid=684 | time=2026-07-30 09:13:40
FINISH | job=2224/100000 | task=2223 | pid=96191 | status=COMPLETED | exit=0 | runtime=00:12:43 | time=2026-07-30 09:16:55
START | job=2244/100000 | task=2243 | pid=2135 | time=2026-07-30 09:16:55
FINISH | job=2225/100000 | task=2224 | pid=96197 | status=COMPLETED | exit=0 | runtime=00:12:53 | time=2026-07-30 09:17:06
START | job=2245/100000 | task=2244 | pid=2221 | time=2026-07-30 09:17:06
FINISH | job=2226/100000 | task=2225 | pid=96509 | status=COMPLETED | exit=0 | runtime=00:12:52 | time=2026-07-30 09:17:47
START | job=2246/100000 | task=2245 | pid=2516 | time=2026-07-30 09:17:47
FINISH | job=2244/100000 | task=2243 | pid=2135 | status=COMPLETED | exit=0 | runtime=00:00:56 | time=2026-07-30 09:17:51
START | job=2247/100000 | task=2246 | pid=2554 | time=2026-07-30 09:17:51
FINISH | job=2247/100000 | task=2246 | pid=2554 | status=COMPLETED | exit=0 | runtime=00:00:01 | time=2026-07-30 09:17:52
START | job=2248/100000 | task=2247 | pid=2576 | time=2026-07-30 09:17:52
FINISH | job=2248/100000 | task=2247 | pid=2576 | status=COMPLETED | exit=0 | runtime=00:00:01 | time=2026-07-30 09:17:53
START | job=2249/100000 | task=2248 | pid=2582 | time=2026-07-30 09:17:53
FINISH | job=2246/100000 | task=2245 | pid=2516 | status=COMPLETED | exit=0 | runtime=00:00:14 | time=2026-07-30 09:18:01
START | job=2250/100000 | task=2249 | pid=2652 | time=2026-07-30 09:18:01
FINISH | job=2249/100000 | task=2248 | pid=2582 | status=COMPLETED | exit=0 | runtime=00:00:15 | time=2026-07-30 09:18:08
START | job=2251/100000 | task=2250 | pid=2713 | time=2026-07-30 09:18:08
FINISH | job=2250/100000 | task=2249 | pid=2652 | status=COMPLETED | exit=0 | runtime=00:00:16 | time=2026-07-30 09:18:17
START | job=2252/100000 | task=2251 | pid=2783 | time=2026-07-30 09:18:17
FINISH | job=2233/100000 | task=2232 | pid=97874 | status=COMPLETED | exit=0 | runtime=00:12:39 | time=2026-07-30 09:20:38
START | job=2253/100000 | task=2252 | pid=3798 | time=2026-07-30 09:20:38
FINISH | job=2234/100000 | task=2233 | pid=97953 | status=COMPLETED | exit=0 | runtime=00:12:36 | time=2026-07-30 09:20:43
START | job=2254/100000 | task=2253 | pid=3836 | time=2026-07-30 09:20:43
FINISH | job=2254/100000 | task=2253 | pid=3836 | status=COMPLETED | exit=0 | runtime=00:00:09 | time=2026-07-30 09:20:52
START | job=2255/100000 | task=2254 | pid=3906 | time=2026-07-30 09:20:52
FINISH | job=2255/100000 | task=2254 | pid=3906 | status=COMPLETED | exit=0 | runtime=00:00:03 | time=2026-07-30 09:20:55
START | job=2256/100000 | task=2255 | pid=3944 | time=2026-07-30 09:20:55
FINISH | job=2256/100000 | task=2255 | pid=3944 | status=COMPLETED | exit=0 | runtime=00:00:10 | time=2026-07-30 09:21:05
START | job=2257/100000 | task=2256 | pid=4013 | time=2026-07-30 09:21:05
FINISH | job=2257/100000 | task=2256 | pid=4013 | status=COMPLETED | exit=0 | runtime=00:00:01 | time=2026-07-30 09:21:06
START | job=2258/100000 | task=2257 | pid=4034 | time=2026-07-30 09:21:06
FINISH | job=2245/100000 | task=2244 | pid=2221 | status=COMPLETED | exit=0 | runtime=00:04:13 | time=2026-07-30 09:21:19
START | job=2259/100000 | task=2258 | pid=4134 | time=2026-07-30 09:21:19
FINISH | job=2259/100000 | task=2258 | pid=4134 | status=COMPLETED | exit=0 | runtime=00:00:01 | time=2026-07-30 09:21:20
START | job=2260/100000 | task=2259 | pid=4140 | time=2026-07-30 09:21:20
FINISH | job=2258/100000 | task=2257 | pid=4034 | status=COMPLETED | exit=0 | runtime=00:00:15 | time=2026-07-30 09:21:21
START | job=2261/100000 | task=2260 | pid=4163 | time=2026-07-30 09:21:21
FINISH | job=2253/100000 | task=2252 | pid=3798 | status=COMPLETED | exit=0 | runtime=00:00:58 | time=2026-07-30 09:21:36
START | job=2262/100000 | task=2261 | pid=4276 | time=2026-07-30 09:21:36
FINISH | job=2262/100000 | task=2261 | pid=4276 | status=COMPLETED | exit=0 | runtime=00:01:38 | time=2026-07-30 09:23:14
START | job=2263/100000 | task=2262 | pid=4984 | time=2026-07-30 09:23:14
FINISH | job=2263/100000 | task=2262 | pid=4984 | status=COMPLETED | exit=0 | runtime=00:00:05 | time=2026-07-30 09:23:19
START | job=2264/100000 | task=2263 | pid=5022 | time=2026-07-30 09:23:19
FINISH | job=2264/100000 | task=2263 | pid=5022 | status=COMPLETED | exit=0 | runtime=00:02:08 | time=2026-07-30 09:25:27
START | job=2265/100000 | task=2264 | pid=5953 | time=2026-07-30 09:25:27
FINISH | job=2265/100000 | task=2264 | pid=5953 | status=COMPLETED | exit=0 | runtime=00:00:14 | time=2026-07-30 09:25:41
START | job=2266/100000 | task=2265 | pid=6083 | time=2026-07-30 09:25:41
FINISH | job=2266/100000 | task=2265 | pid=6083 | status=COMPLETED | exit=0 | runtime=00:00:01 | time=2026-07-30 09:25:42
START | job=2267/100000 | task=2266 | pid=6089 | time=2026-07-30 09:25:42
FINISH | job=2251/100000 | task=2250 | pid=2713 | status=COMPLETED | exit=0 | runtime=00:07:44 | time=2026-07-30 09:25:52
START | job=2268/100000 | task=2267 | pid=6164 | time=2026-07-30 09:25:52
FINISH | job=2268/100000 | task=2267 | pid=6164 | status=COMPLETED | exit=0 | runtime=00:00:00 | time=2026-07-30 09:25:52
START | job=2269/100000 | task=2268 | pid=6171 | time=2026-07-30 09:25:52
FINISH | job=2267/100000 | task=2266 | pid=6089 | status=COMPLETED | exit=0 | runtime=00:00:16 | time=2026-07-30 09:25:58
START | job=2270/100000 | task=2269 | pid=6227 | time=2026-07-30 09:25:58
FINISH | job=2261/100000 | task=2260 | pid=4163 | status=COMPLETED | exit=0 | runtime=00:05:05 | time=2026-07-30 09:26:26
START | job=2271/100000 | task=2270 | pid=6438 | time=2026-07-30 09:26:26
FINISH | job=2242/100000 | task=2241 | pid=528 | status=COMPLETED | exit=0 | runtime=00:13:45 | time=2026-07-30 09:27:14
START | job=2272/100000 | task=2271 | pid=6801 | time=2026-07-30 09:27:14
FINISH | job=2272/100000 | task=2271 | pid=6801 | status=COMPLETED | exit=0 | runtime=00:00:34 | time=2026-07-30 09:27:48
START | job=2273/100000 | task=2272 | pid=7054 | time=2026-07-30 09:27:48
FINISH | job=2273/100000 | task=2272 | pid=7054 | status=COMPLETED | exit=0 | runtime=00:00:06 | time=2026-07-30 09:27:54
START | job=2274/100000 | task=2273 | pid=7110 | time=2026-07-30 09:27:54
FINISH | job=2274/100000 | task=2273 | pid=7110 | status=COMPLETED | exit=0 | runtime=00:00:01 | time=2026-07-30 09:27:55
START | job=2275/100000 | task=2274 | pid=7131 | time=2026-07-30 09:27:55
FINISH | job=2275/100000 | task=2274 | pid=7131 | status=COMPLETED | exit=0 | runtime=00:00:02 | time=2026-07-30 09:27:57
START | job=2276/100000 | task=2275 | pid=7137 | time=2026-07-30 09:27:57
FINISH | job=2276/100000 | task=2275 | pid=7137 | status=COMPLETED | exit=0 | runtime=00:00:00 | time=2026-07-30 09:27:57
START | job=2277/100000 | task=2276 | pid=7158 | time=2026-07-30 09:27:57
FINISH | job=2277/100000 | task=2276 | pid=7158 | status=COMPLETED | exit=0 | runtime=00:00:01 | time=2026-07-30 09:27:58
START | job=2278/100000 | task=2277 | pid=7164 | time=2026-07-30 09:27:58
FINISH | job=2243/100000 | task=2242 | pid=684 | status=COMPLETED | exit=0 | runtime=00:15:56 | time=2026-07-30 09:29:36
START | job=2279/100000 | task=2278 | pid=7884 | time=2026-07-30 09:29:37
FINISH | job=2252/100000 | task=2251 | pid=2783 | status=COMPLETED | exit=0 | runtime=00:15:57 | time=2026-07-30 09:34:14
START | job=2280/100000 | task=2279 | pid=9890 | time=2026-07-30 09:34:14
FINISH | job=2280/100000 | task=2279 | pid=9890 | status=COMPLETED | exit=0 | runtime=00:01:02 | time=2026-07-30 09:35:16
START | job=2281/100000 | task=2280 | pid=10348 | time=2026-07-30 09:35:16
FINISH | job=2260/100000 | task=2259 | pid=4140 | status=COMPLETED | exit=0 | runtime=00:15:19 | time=2026-07-30 09:36:39
START | job=2282/100000 | task=2281 | pid=10936 | time=2026-07-30 09:36:39
FINISH | job=2281/100000 | task=2280 | pid=10348 | status=COMPLETED | exit=0 | runtime=00:01:46 | time=2026-07-30 09:37:02
START | job=2283/100000 | task=2282 | pid=11114 | time=2026-07-30 09:37:02
FINISH | job=2283/100000 | task=2282 | pid=11114 | status=COMPLETED | exit=0 | runtime=00:00:01 | time=2026-07-30 09:37:03
START | job=2284/100000 | task=2283 | pid=11139 | time=2026-07-30 09:37:04
FINISH | job=2284/100000 | task=2283 | pid=11139 | status=COMPLETED | exit=0 | runtime=00:00:44 | time=2026-07-30 09:37:48
START | job=2285/100000 | task=2284 | pid=11462 | time=2026-07-30 09:37:48
FINISH | job=2285/100000 | task=2284 | pid=11462 | status=COMPLETED | exit=0 | runtime=00:00:16 | time=2026-07-30 09:38:04
START | job=2286/100000 | task=2285 | pid=11581 | time=2026-07-30 09:38:04
FINISH | job=2286/100000 | task=2285 | pid=11581 | status=COMPLETED | exit=0 | runtime=00:00:01 | time=2026-07-30 09:38:05
START | job=2287/100000 | task=2286 | pid=11587 | time=2026-07-30 09:38:05
FINISH | job=2282/100000 | task=2281 | pid=10936 | status=COMPLETED | exit=0 | runtime=00:01:46 | time=2026-07-30 09:38:25
START | job=2288/100000 | task=2287 | pid=11757 | time=2026-07-30 09:38:25
FINISH | job=2269/100000 | task=2268 | pid=6171 | status=COMPLETED | exit=0 | runtime=00:12:55 | time=2026-07-30 09:38:47
START | job=2289/100000 | task=2288 | pid=11917 | time=2026-07-30 09:38:47
FINISH | job=2289/100000 | task=2288 | pid=11917 | status=COMPLETED | exit=0 | runtime=00:00:31 | time=2026-07-30 09:39:18
START | job=2290/100000 | task=2289 | pid=12140 | time=2026-07-30 09:39:18
FINISH | job=2290/100000 | task=2289 | pid=12140 | status=COMPLETED | exit=0 | runtime=00:00:16 | time=2026-07-30 09:39:34
START | job=2291/100000 | task=2290 | pid=12270 | time=2026-07-30 09:39:34
FINISH | job=2271/100000 | task=2270 | pid=6438 | status=COMPLETED | exit=0 | runtime=00:13:51 | time=2026-07-30 09:40:17
START | job=2292/100000 | task=2291 | pid=12585 | time=2026-07-30 09:40:17
FINISH | job=2292/100000 | task=2291 | pid=12585 | status=COMPLETED | exit=0 | runtime=00:00:04 | time=2026-07-30 09:40:21
START | job=2293/100000 | task=2292 | pid=12608 | time=2026-07-30 09:40:21
FINISH | job=2293/100000 | task=2292 | pid=12608 | status=COMPLETED | exit=0 | runtime=00:00:15 | time=2026-07-30 09:40:36
START | job=2294/100000 | task=2293 | pid=12745 | time=2026-07-30 09:40:36
FINISH | job=2278/100000 | task=2277 | pid=7164 | status=COMPLETED | exit=0 | runtime=00:12:46 | time=2026-07-30 09:40:44
START | job=2295/100000 | task=2294 | pid=12800 | time=2026-07-30 09:40:44
FINISH | job=2295/100000 | task=2294 | pid=12800 | status=COMPLETED | exit=0 | runtime=00:00:00 | time=2026-07-30 09:40:44
START | job=2296/100000 | task=2295 | pid=12821 | time=2026-07-30 09:40:44
FINISH | job=2291/100000 | task=2290 | pid=12270 | status=COMPLETED | exit=0 | runtime=00:01:38 | time=2026-07-30 09:41:12
START | job=2297/100000 | task=2296 | pid=13013 | time=2026-07-30 09:41:12
FINISH | job=2270/100000 | task=2269 | pid=6227 | status=COMPLETED | exit=0 | runtime=00:15:18 | time=2026-07-30 09:41:16
START | job=2298/100000 | task=2297 | pid=13051 | time=2026-07-30 09:41:16
FINISH | job=2294/100000 | task=2293 | pid=12745 | status=COMPLETED | exit=0 | runtime=00:00:45 | time=2026-07-30 09:41:21
START | job=2299/100000 | task=2298 | pid=13104 | time=2026-07-30 09:41:21
FINISH | job=2279/100000 | task=2278 | pid=7884 | status=COMPLETED | exit=0 | runtime=00:12:40 | time=2026-07-30 09:42:17
START | job=2300/100000 | task=2299 | pid=13517 | time=2026-07-30 09:42:17
START PROGRESS | 2300/100000 (2%)
FINISH | job=2300/100000 | task=2299 | pid=13517 | status=COMPLETED | exit=0 | runtime=00:01:01 | time=2026-07-30 09:43:18
START | job=2301/100000 | task=2300 | pid=13967 | time=2026-07-30 09:43:18
FINISH | job=2298/100000 | task=2297 | pid=13051 | status=COMPLETED | exit=0 | runtime=00:02:20 | time=2026-07-30 09:43:36
START | job=2302/100000 | task=2301 | pid=14112 | time=2026-07-30 09:43:36
FINISH | job=2302/100000 | task=2301 | pid=14112 | status=COMPLETED | exit=0 | runtime=00:00:02 | time=2026-07-30 09:43:38
START | job=2303/100000 | task=2302 | pid=14135 | time=2026-07-30 09:43:38
FINISH | job=2303/100000 | task=2302 | pid=14135 | status=COMPLETED | exit=0 | runtime=00:00:01 | time=2026-07-30 09:43:39
START | job=2304/100000 | task=2303 | pid=14141 | time=2026-07-30 09:43:39
FINISH | job=2304/100000 | task=2303 | pid=14141 | status=COMPLETED | exit=0 | runtime=00:00:15 | time=2026-07-30 09:43:54
START | job=2305/100000 | task=2304 | pid=14261 | time=2026-07-30 09:43:54
FINISH | job=2301/100000 | task=2300 | pid=13967 | status=COMPLETED | exit=0 | runtime=00:01:05 | time=2026-07-30 09:44:23
START | job=2306/100000 | task=2305 | pid=14467 | time=2026-07-30 09:44:23
FINISH | job=2299/100000 | task=2298 | pid=13104 | status=COMPLETED | exit=0 | runtime=00:07:01 | time=2026-07-30 09:48:22
START | job=2307/100000 | task=2306 | pid=16222 | time=2026-07-30 09:48:22
FINISH | job=2288/100000 | task=2287 | pid=11757 | status=COMPLETED | exit=0 | runtime=00:10:35 | time=2026-07-30 09:49:00
START | job=2308/100000 | task=2307 | pid=16506 | time=2026-07-30 09:49:00
FINISH | job=2287/100000 | task=2286 | pid=11587 | status=COMPLETED | exit=0 | runtime=00:12:50 | time=2026-07-30 09:50:55
START | job=2309/100000 | task=2308 | pid=17335 | time=2026-07-30 09:50:55
FINISH | job=2309/100000 | task=2308 | pid=17335 | status=COMPLETED | exit=0 | runtime=00:00:04 | time=2026-07-30 09:50:59
START | job=2310/100000 | task=2309 | pid=17374 | time=2026-07-30 09:50:59
FINISH | job=2310/100000 | task=2309 | pid=17374 | status=COMPLETED | exit=0 | runtime=00:00:01 | time=2026-07-30 09:51:00
START | job=2311/100000 | task=2310 | pid=17395 | time=2026-07-30 09:51:00
FINISH | job=2311/100000 | task=2310 | pid=17395 | status=COMPLETED | exit=0 | runtime=00:00:15 | time=2026-07-30 09:51:15
START | job=2312/100000 | task=2311 | pid=17510 | time=2026-07-30 09:51:15
FINISH | job=2308/100000 | task=2307 | pid=16506 | status=COMPLETED | exit=0 | runtime=00:02:32 | time=2026-07-30 09:51:32
START | job=2313/100000 | task=2312 | pid=17649 | time=2026-07-30 09:51:32
FINISH | job=2313/100000 | task=2312 | pid=17649 | status=COMPLETED | exit=0 | runtime=00:00:02 | time=2026-07-30 09:51:34
START | job=2314/100000 | task=2313 | pid=17672 | time=2026-07-30 09:51:34
FINISH | job=2312/100000 | task=2311 | pid=17510 | status=COMPLETED | exit=0 | runtime=00:01:37 | time=2026-07-30 09:52:52
START | job=2315/100000 | task=2314 | pid=18231 | time=2026-07-30 09:52:52
FINISH | job=2297/100000 | task=2296 | pid=13013 | status=COMPLETED | exit=0 | runtime=00:12:37 | time=2026-07-30 09:53:49
START | job=2316/100000 | task=2315 | pid=18651 | time=2026-07-30 09:53:49
FINISH | job=2296/100000 | task=2295 | pid=12821 | status=COMPLETED | exit=0 | runtime=00:13:22 | time=2026-07-30 09:54:06
START | job=2317/100000 | task=2316 | pid=18782 | time=2026-07-30 09:54:06
FINISH | job=2316/100000 | task=2315 | pid=18651 | status=COMPLETED | exit=0 | runtime=00:00:23 | time=2026-07-30 09:54:12
START | job=2318/100000 | task=2317 | pid=18820 | time=2026-07-30 09:54:12
FINISH | job=2318/100000 | task=2317 | pid=18820 | status=COMPLETED | exit=0 | runtime=00:01:55 | time=2026-07-30 09:56:07
START | job=2319/100000 | task=2318 | pid=19679 | time=2026-07-30 09:56:07
FINISH | job=2319/100000 | task=2318 | pid=19679 | status=COMPLETED | exit=0 | runtime=00:00:03 | time=2026-07-30 09:56:10
START | job=2320/100000 | task=2319 | pid=19702 | time=2026-07-30 09:56:10
FINISH | job=2320/100000 | task=2319 | pid=19702 | status=COMPLETED | exit=0 | runtime=00:00:01 | time=2026-07-30 09:56:11
START | job=2321/100000 | task=2320 | pid=19723 | time=2026-07-30 09:56:11
FINISH | job=2305/100000 | task=2304 | pid=14261 | status=COMPLETED | exit=0 | runtime=00:12:37 | time=2026-07-30 09:56:31
START | job=2322/100000 | task=2321 | pid=19869 | time=2026-07-30 09:56:31
FINISH | job=2322/100000 | task=2321 | pid=19869 | status=COMPLETED | exit=0 | runtime=00:00:01 | time=2026-07-30 09:56:32
START | job=2323/100000 | task=2322 | pid=19890 | time=2026-07-30 09:56:32
FINISH | job=2321/100000 | task=2320 | pid=19723 | status=COMPLETED | exit=0 | runtime=00:00:59 | time=2026-07-30 09:57:10
START | job=2324/100000 | task=2323 | pid=20176 | time=2026-07-30 09:57:10
FINISH | job=2317/100000 | task=2316 | pid=18782 | status=COMPLETED | exit=0 | runtime=00:04:04 | time=2026-07-30 09:58:10
START | job=2325/100000 | task=2324 | pid=20661 | time=2026-07-30 09:58:10
FINISH | job=2307/100000 | task=2306 | pid=16222 | status=COMPLETED | exit=0 | runtime=00:10:14 | time=2026-07-30 09:58:36
START | job=2326/100000 | task=2325 | pid=20856 | time=2026-07-30 09:58:36
FINISH | job=2326/100000 | task=2325 | pid=20856 | status=COMPLETED | exit=0 | runtime=00:00:12 | time=2026-07-30 09:58:48
START | job=2327/100000 | task=2326 | pid=20957 | time=2026-07-30 09:58:48
FINISH | job=2325/100000 | task=2324 | pid=20661 | status=COMPLETED | exit=0 | runtime=00:01:03 | time=2026-07-30 09:59:13
START | job=2328/100000 | task=2327 | pid=21157 | time=2026-07-30 09:59:13
FINISH | job=2328/100000 | task=2327 | pid=21157 | status=COMPLETED | exit=0 | runtime=00:00:02 | time=2026-07-30 09:59:15
START | job=2329/100000 | task=2328 | pid=21165 | time=2026-07-30 09:59:15
FINISH | job=2329/100000 | task=2328 | pid=21165 | status=COMPLETED | exit=0 | runtime=00:00:00 | time=2026-07-30 09:59:15
START | job=2330/100000 | task=2329 | pid=21186 | time=2026-07-30 09:59:15
FINISH | job=2330/100000 | task=2329 | pid=21186 | status=COMPLETED | exit=0 | runtime=00:00:01 | time=2026-07-30 09:59:16
START | job=2331/100000 | task=2330 | pid=21192 | time=2026-07-30 09:59:16
FINISH | job=2331/100000 | task=2330 | pid=21192 | status=COMPLETED | exit=0 | runtime=00:00:02 | time=2026-07-30 09:59:18
START | job=2332/100000 | task=2331 | pid=21213 | time=2026-07-30 09:59:18
FINISH | job=2306/100000 | task=2305 | pid=14467 | status=COMPLETED | exit=0 | runtime=00:15:18 | time=2026-07-30 09:59:41
START | job=2333/100000 | task=2332 | pid=21388 | time=2026-07-30 09:59:41
FINISH | job=2327/100000 | task=2326 | pid=20957 | status=COMPLETED | exit=0 | runtime=00:01:01 | time=2026-07-30 09:59:49
START | job=2334/100000 | task=2333 | pid=21443 | time=2026-07-30 09:59:49
FINISH | job=2324/100000 | task=2323 | pid=20176 | status=COMPLETED | exit=0 | runtime=00:05:05 | time=2026-07-30 10:02:15
START | job=2335/100000 | task=2334 | pid=22513 | time=2026-07-30 10:02:15
FINISH | job=2335/100000 | task=2334 | pid=22513 | status=COMPLETED | exit=0 | runtime=00:00:11 | time=2026-07-30 10:02:26
START | job=2336/100000 | task=2335 | pid=22608 | time=2026-07-30 10:02:26
FINISH | job=2336/100000 | task=2335 | pid=22608 | status=COMPLETED | exit=0 | runtime=00:00:04 | time=2026-07-30 10:02:30
START | job=2337/100000 | task=2336 | pid=22646 | time=2026-07-30 10:02:30
FINISH | job=2337/100000 | task=2336 | pid=22646 | status=COMPLETED | exit=0 | runtime=00:00:03 | time=2026-07-30 10:02:33
START | job=2338/100000 | task=2337 | pid=22669 | time=2026-07-30 10:02:33
FINISH | job=2338/100000 | task=2337 | pid=22669 | status=COMPLETED | exit=0 | runtime=00:01:00 | time=2026-07-30 10:03:33
START | job=2339/100000 | task=2338 | pid=23099 | time=2026-07-30 10:03:33
FINISH | job=2339/100000 | task=2338 | pid=23099 | status=COMPLETED | exit=0 | runtime=00:00:02 | time=2026-07-30 10:03:35
START | job=2340/100000 | task=2339 | pid=23122 | time=2026-07-30 10:03:35
FINISH | job=2340/100000 | task=2339 | pid=23122 | status=COMPLETED | exit=0 | runtime=00:00:16 | time=2026-07-30 10:03:51
START | job=2341/100000 | task=2340 | pid=23235 | time=2026-07-30 10:03:51
FINISH | job=2314/100000 | task=2313 | pid=17672 | status=COMPLETED | exit=0 | runtime=00:12:44 | time=2026-07-30 10:04:18
START | job=2342/100000 | task=2341 | pid=23440 | time=2026-07-30 10:04:18
FINISH | job=2315/100000 | task=2314 | pid=18231 | status=COMPLETED | exit=0 | runtime=00:12:43 | time=2026-07-30 10:05:35
START | job=2343/100000 | task=2342 | pid=23998 | time=2026-07-30 10:05:35
FINISH | job=2323/100000 | task=2322 | pid=19890 | status=COMPLETED | exit=0 | runtime=00:13:18 | time=2026-07-30 10:09:50
START | job=2344/100000 | task=2343 | pid=25844 | time=2026-07-30 10:09:50
FINISH | job=2344/100000 | task=2343 | pid=25844 | status=COMPLETED | exit=0 | runtime=00:00:26 | time=2026-07-30 10:10:16
START | job=2345/100000 | task=2344 | pid=26043 | time=2026-07-30 10:10:16
FINISH | job=2345/100000 | task=2344 | pid=26043 | status=COMPLETED | exit=0 | runtime=00:00:21 | time=2026-07-30 10:10:37
START | job=2346/100000 | task=2345 | pid=26204 | time=2026-07-30 10:10:37
FINISH | job=2342/100000 | task=2341 | pid=23440 | status=COMPLETED | exit=0 | runtime=00:06:57 | time=2026-07-30 10:11:15
START | job=2347/100000 | task=2346 | pid=26492 | time=2026-07-30 10:11:15
FINISH | job=2347/100000 | task=2346 | pid=26492 | status=COMPLETED | exit=0 | runtime=00:00:38 | time=2026-07-30 10:11:53
START | job=2348/100000 | task=2347 | pid=26757 | time=2026-07-30 10:11:53
FINISH | job=2348/100000 | task=2347 | pid=26757 | status=COMPLETED | exit=0 | runtime=00:00:00 | time=2026-07-30 10:11:53
START | job=2349/100000 | task=2348 | pid=26764 | time=2026-07-30 10:11:53
FINISH | job=2333/100000 | task=2332 | pid=21388 | status=COMPLETED | exit=0 | runtime=00:12:20 | time=2026-07-30 10:12:01
START | job=2350/100000 | task=2349 | pid=26835 | time=2026-07-30 10:12:01
FINISH | job=2346/100000 | task=2345 | pid=26204 | status=COMPLETED | exit=0 | runtime=00:01:27 | time=2026-07-30 10:12:04
START | job=2351/100000 | task=2350 | pid=26858 | time=2026-07-30 10:12:04
FINISH | job=2349/100000 | task=2348 | pid=26764 | status=COMPLETED | exit=0 | runtime=00:00:16 | time=2026-07-30 10:12:09
START | job=2352/100000 | task=2351 | pid=26909 | time=2026-07-30 10:12:09
FINISH | job=2332/100000 | task=2331 | pid=21213 | status=COMPLETED | exit=0 | runtime=00:13:37 | time=2026-07-30 10:12:55
START | job=2353/100000 | task=2352 | pid=27241 | time=2026-07-30 10:12:55
FINISH | job=2353/100000 | task=2352 | pid=27241 | status=COMPLETED | exit=0 | runtime=00:00:06 | time=2026-07-30 10:13:01
START | job=2354/100000 | task=2353 | pid=27294 | time=2026-07-30 10:13:01
FINISH | job=2350/100000 | task=2349 | pid=26835 | status=COMPLETED | exit=0 | runtime=00:01:44 | time=2026-07-30 10:13:45
START | job=2355/100000 | task=2354 | pid=27633 | time=2026-07-30 10:13:45
FINISH | job=2355/100000 | task=2354 | pid=27633 | status=COMPLETED | exit=0 | runtime=00:00:02 | time=2026-07-30 10:13:47
START | job=2356/100000 | task=2355 | pid=27657 | time=2026-07-30 10:13:47
FINISH | job=2356/100000 | task=2355 | pid=27657 | status=COMPLETED | exit=0 | runtime=00:00:01 | time=2026-07-30 10:13:48
START | job=2357/100000 | task=2356 | pid=27663 | time=2026-07-30 10:13:48
FINISH | job=2357/100000 | task=2356 | pid=27663 | status=COMPLETED | exit=0 | runtime=00:00:01 | time=2026-07-30 10:13:49
START | job=2358/100000 | task=2357 | pid=27669 | time=2026-07-30 10:13:49
FINISH | job=2358/100000 | task=2357 | pid=27669 | status=COMPLETED | exit=0 | runtime=00:00:00 | time=2026-07-30 10:13:49
START | job=2359/100000 | task=2358 | pid=27690 | time=2026-07-30 10:13:49
FINISH | job=2334/100000 | task=2333 | pid=21443 | status=COMPLETED | exit=0 | runtime=00:14:19 | time=2026-07-30 10:14:08
START | job=2360/100000 | task=2359 | pid=27819 | time=2026-07-30 10:14:08
FINISH | job=2354/100000 | task=2353 | pid=27294 | status=COMPLETED | exit=0 | runtime=00:01:45 | time=2026-07-30 10:14:46
START | job=2361/100000 | task=2360 | pid=28099 | time=2026-07-30 10:14:46
FINISH | job=2343/100000 | task=2342 | pid=23998 | status=COMPLETED | exit=0 | runtime=00:10:08 | time=2026-07-30 10:15:43
START | job=2362/100000 | task=2361 | pid=28517 | time=2026-07-30 10:15:43
FINISH | job=2360/100000 | task=2359 | pid=27819 | status=COMPLETED | exit=0 | runtime=00:03:59 | time=2026-07-30 10:18:07
START | job=2363/100000 | task=2362 | pid=29552 | time=2026-07-30 10:18:07
FINISH | job=2341/100000 | task=2340 | pid=23235 | status=COMPLETED | exit=0 | runtime=00:14:34 | time=2026-07-30 10:18:25
START | job=2364/100000 | task=2363 | pid=29682 | time=2026-07-30 10:18:25
FINISH | job=2364/100000 | task=2363 | pid=29682 | status=COMPLETED | exit=0 | runtime=00:00:28 | time=2026-07-30 10:18:53
START | job=2365/100000 | task=2364 | pid=29898 | time=2026-07-30 10:18:53
FINISH | job=2365/100000 | task=2364 | pid=29898 | status=COMPLETED | exit=0 | runtime=00:00:15 | time=2026-07-30 10:19:08
START | job=2366/100000 | task=2365 | pid=30013 | time=2026-07-30 10:19:08
FINISH | job=2363/100000 | task=2362 | pid=29552 | status=COMPLETED | exit=0 | runtime=00:01:01 | time=2026-07-30 10:19:08
START | job=2367/100000 | task=2366 | pid=30019 | time=2026-07-30 10:19:08
FINISH | job=2367/100000 | task=2366 | pid=30019 | status=COMPLETED | exit=0 | runtime=00:00:01 | time=2026-07-30 10:19:09
START | job=2368/100000 | task=2367 | pid=30040 | time=2026-07-30 10:19:09
FINISH | job=2366/100000 | task=2365 | pid=30013 | status=COMPLETED | exit=0 | runtime=00:00:01 | time=2026-07-30 10:19:09
START | job=2369/100000 | task=2368 | pid=30047 | time=2026-07-30 10:19:09
FINISH | job=2362/100000 | task=2361 | pid=28517 | status=COMPLETED | exit=0 | runtime=00:04:14 | time=2026-07-30 10:19:57
START | job=2370/100000 | task=2369 | pid=30388 | time=2026-07-30 10:19:57
FINISH | job=2351/100000 | task=2350 | pid=26858 | status=COMPLETED | exit=0 | runtime=00:09:50 | time=2026-07-30 10:21:54
START | job=2371/100000 | task=2370 | pid=31233 | time=2026-07-30 10:21:54
FINISH | job=2369/100000 | task=2368 | pid=30047 | status=COMPLETED | exit=0 | runtime=00:03:22 | time=2026-07-30 10:22:31
START | job=2372/100000 | task=2371 | pid=31501 | time=2026-07-30 10:22:31
FINISH | job=2372/100000 | task=2371 | pid=31501 | status=COMPLETED | exit=0 | runtime=00:00:09 | time=2026-07-30 10:22:40
START | job=2373/100000 | task=2372 | pid=31571 | time=2026-07-30 10:22:40
FINISH | job=2373/100000 | task=2372 | pid=31571 | status=COMPLETED | exit=0 | runtime=00:00:02 | time=2026-07-30 10:22:42
START | job=2374/100000 | task=2373 | pid=31594 | time=2026-07-30 10:22:42
FINISH | job=2374/100000 | task=2373 | pid=31594 | status=COMPLETED | exit=0 | runtime=00:00:02 | time=2026-07-30 10:22:44
START | job=2375/100000 | task=2374 | pid=31615 | time=2026-07-30 10:22:44
FINISH | job=2375/100000 | task=2374 | pid=31615 | status=COMPLETED | exit=0 | runtime=00:00:00 | time=2026-07-30 10:22:44
START | job=2376/100000 | task=2375 | pid=31621 | time=2026-07-30 10:22:45
FINISH | job=2376/100000 | task=2375 | pid=31621 | status=COMPLETED | exit=0 | runtime=00:00:00 | time=2026-07-30 10:22:45
START | job=2377/100000 | task=2376 | pid=31642 | time=2026-07-30 10:22:45
FINISH | job=2371/100000 | task=2370 | pid=31233 | status=COMPLETED | exit=0 | runtime=00:02:32 | time=2026-07-30 10:24:26
START | job=2378/100000 | task=2377 | pid=32371 | time=2026-07-30 10:24:26
FINISH | job=2361/100000 | task=2360 | pid=28099 | status=COMPLETED | exit=0 | runtime=00:10:06 | time=2026-07-30 10:24:52
START | job=2379/100000 | task=2378 | pid=32564 | time=2026-07-30 10:24:52
FINISH | job=2379/100000 | task=2378 | pid=32564 | status=COMPLETED | exit=0 | runtime=00:00:44 | time=2026-07-30 10:25:36
START | job=2380/100000 | task=2379 | pid=32894 | time=2026-07-30 10:25:36
FINISH | job=2380/100000 | task=2379 | pid=32894 | status=COMPLETED | exit=0 | runtime=00:00:07 | time=2026-07-30 10:25:43
START | job=2381/100000 | task=2380 | pid=32951 | time=2026-07-30 10:25:43
FINISH | job=2352/100000 | task=2351 | pid=26909 | status=COMPLETED | exit=0 | runtime=00:14:26 | time=2026-07-30 10:26:35
START | job=2382/100000 | task=2381 | pid=33341 | time=2026-07-30 10:26:35
FINISH | job=2378/100000 | task=2377 | pid=32371 | status=COMPLETED | exit=0 | runtime=00:02:26 | time=2026-07-30 10:26:52
START | job=2383/100000 | task=2382 | pid=33477 | time=2026-07-30 10:26:52
FINISH | job=2383/100000 | task=2382 | pid=33477 | status=COMPLETED | exit=0 | runtime=00:00:01 | time=2026-07-30 10:26:53
START | job=2384/100000 | task=2383 | pid=33483 | time=2026-07-30 10:26:53
FINISH | job=2384/100000 | task=2383 | pid=33483 | status=COMPLETED | exit=0 | runtime=00:00:01 | time=2026-07-30 10:26:54
START | job=2385/100000 | task=2384 | pid=33506 | time=2026-07-30 10:26:54
FINISH | job=2385/100000 | task=2384 | pid=33506 | status=COMPLETED | exit=0 | runtime=00:00:01 | time=2026-07-30 10:26:55
START | job=2386/100000 | task=2385 | pid=33512 | time=2026-07-30 10:26:55
FINISH | job=2359/100000 | task=2358 | pid=27690 | status=COMPLETED | exit=0 | runtime=00:13:07 | time=2026-07-30 10:26:56
START | job=2387/100000 | task=2386 | pid=33533 | time=2026-07-30 10:26:56
FINISH | job=2381/100000 | task=2380 | pid=32951 | status=COMPLETED | exit=0 | runtime=00:01:41 | time=2026-07-30 10:27:24
START | job=2388/100000 | task=2387 | pid=33772 | time=2026-07-30 10:27:24
FINISH | job=2382/100000 | task=2381 | pid=33341 | status=COMPLETED | exit=0 | runtime=00:01:01 | time=2026-07-30 10:27:36
START | job=2389/100000 | task=2388 | pid=33862 | time=2026-07-30 10:27:36
FINISH | job=2389/100000 | task=2388 | pid=33862 | status=COMPLETED | exit=0 | runtime=00:00:23 | time=2026-07-30 10:27:59
START | job=2390/100000 | task=2389 | pid=34058 | time=2026-07-30 10:28:00
FINISH | job=2390/100000 | task=2389 | pid=34058 | status=COMPLETED | exit=0 | runtime=00:01:37 | time=2026-07-30 10:29:37
START | job=2391/100000 | task=2390 | pid=34807 | time=2026-07-30 10:29:37
FINISH | job=2391/100000 | task=2390 | pid=34807 | status=COMPLETED | exit=0 | runtime=00:00:02 | time=2026-07-30 10:29:39
START | job=2392/100000 | task=2391 | pid=34815 | time=2026-07-30 10:29:39
FINISH | job=2392/100000 | task=2391 | pid=34815 | status=COMPLETED | exit=0 | runtime=00:00:01 | time=2026-07-30 10:29:40
START | job=2393/100000 | task=2392 | pid=34836 | time=2026-07-30 10:29:40
FINISH | job=2393/100000 | task=2392 | pid=34836 | status=COMPLETED | exit=0 | runtime=00:00:01 | time=2026-07-30 10:29:41
START | job=2394/100000 | task=2393 | pid=34842 | time=2026-07-30 10:29:41
FINISH | job=2394/100000 | task=2393 | pid=34842 | status=COMPLETED | exit=0 | runtime=00:00:00 | time=2026-07-30 10:29:41
START | job=2395/100000 | task=2394 | pid=34863 | time=2026-07-30 10:29:41
FINISH | job=2368/100000 | task=2367 | pid=30040 | status=COMPLETED | exit=0 | runtime=00:12:40 | time=2026-07-30 10:31:49
START | job=2396/100000 | task=2395 | pid=35770 | time=2026-07-30 10:31:49
FINISH | job=2370/100000 | task=2369 | pid=30388 | status=COMPLETED | exit=0 | runtime=00:14:51 | time=2026-07-30 10:34:48
START | job=2397/100000 | task=2396 | pid=37097 | time=2026-07-30 10:34:48
FINISH | job=2377/100000 | task=2376 | pid=31642 | status=COMPLETED | exit=0 | runtime=00:12:58 | time=2026-07-30 10:35:43
START | job=2398/100000 | task=2397 | pid=37489 | time=2026-07-30 10:35:43
FINISH | job=2398/100000 | task=2397 | pid=37489 | status=COMPLETED | exit=0 | runtime=00:00:09 | time=2026-07-30 10:35:52
START | job=2399/100000 | task=2398 | pid=37574 | time=2026-07-30 10:35:52
FINISH | job=2399/100000 | task=2398 | pid=37574 | status=COMPLETED | exit=0 | runtime=00:00:03 | time=2026-07-30 10:35:55
START | job=2400/100000 | task=2399 | pid=37598 | time=2026-07-30 10:35:55
START PROGRESS | 2400/100000 (2%)
FINISH | job=2400/100000 | task=2399 | pid=37598 | status=COMPLETED | exit=0 | runtime=00:43:20 | time=2026-07-30 11:19:15
START | job=2401/100000 | task=2400 | pid=38874 | time=2026-07-30 11:19:16
FINISH | job=2401/100000 | task=2400 | pid=38874 | status=COMPLETED | exit=0 | runtime=00:00:04 | time=2026-07-30 11:19:19
START | job=2402/100000 | task=2401 | pid=38913 | time=2026-07-30 11:19:19
FINISH | job=2402/100000 | task=2401 | pid=38913 | status=COMPLETED | exit=0 | runtime=00:00:02 | time=2026-07-30 11:19:21
START | job=2403/100000 | task=2402 | pid=38919 | time=2026-07-30 11:19:21
FINISH | job=2403/100000 | task=2402 | pid=38919 | status=COMPLETED | exit=0 | runtime=00:00:02 | time=2026-07-30 11:19:23
START | job=2404/100000 | task=2403 | pid=38942 | time=2026-07-30 11:19:24
FINISH | job=2386/100000 | task=2385 | pid=33512 | status=COMPLETED | exit=0 | runtime=01:51:44 | time=2026-07-30 12:18:39
START | job=2405/100000 | task=2404 | pid=40641 | time=2026-07-30 12:18:39
FINISH | job=2387/100000 | task=2386 | pid=33533 | status=COMPLETED | exit=0 | runtime=01:52:57 | time=2026-07-30 12:19:53
START | job=2406/100000 | task=2405 | pid=40921 | time=2026-07-30 12:19:53
FINISH | job=2405/100000 | task=2404 | pid=40641 | status=COMPLETED | exit=0 | runtime=00:30:37 | time=2026-07-30 12:49:17
START | job=2407/100000 | task=2406 | pid=42755 | time=2026-07-30 12:49:17
FINISH | job=2388/100000 | task=2387 | pid=33772 | status=COMPLETED | exit=0 | runtime=02:22:26 | time=2026-07-30 12:49:50
START | job=2408/100000 | task=2407 | pid=42988 | time=2026-07-30 12:49:50
FINISH | job=2408/100000 | task=2407 | pid=42988 | status=COMPLETED | exit=0 | runtime=00:01:18 | time=2026-07-30 12:51:08
START | job=2409/100000 | task=2408 | pid=43061 | time=2026-07-30 12:51:08
FINISH | job=2407/100000 | task=2406 | pid=42755 | status=COMPLETED | exit=0 | runtime=00:11:31 | time=2026-07-30 13:00:48
START | job=2410/100000 | task=2409 | pid=43496 | time=2026-07-30 13:00:48
FINISH | job=2409/100000 | task=2408 | pid=43061 | status=COMPLETED | exit=0 | runtime=00:16:24 | time=2026-07-30 13:07:32
START | job=2411/100000 | task=2410 | pid=43675 | time=2026-07-30 13:07:32
FINISH | job=2410/100000 | task=2409 | pid=43496 | status=COMPLETED | exit=0 | runtime=00:08:06 | time=2026-07-30 13:08:54
START | job=2412/100000 | task=2411 | pid=43797 | time=2026-07-30 13:08:54
FINISH | job=2412/100000 | task=2411 | pid=43797 | status=COMPLETED | exit=0 | runtime=00:16:46 | time=2026-07-30 13:25:40
START | job=2413/100000 | task=2412 | pid=44057 | time=2026-07-30 13:25:40
FINISH | job=2406/100000 | task=2405 | pid=40921 | status=COMPLETED | exit=0 | runtime=01:06:00 | time=2026-07-30 13:25:53
START | job=2414/100000 | task=2413 | pid=44160 | time=2026-07-30 13:25:53
FINISH | job=2395/100000 | task=2394 | pid=34863 | status=COMPLETED | exit=0 | runtime=02:56:30 | time=2026-07-30 13:26:11
START | job=2415/100000 | task=2414 | pid=44294 | time=2026-07-30 13:26:12
FINISH | job=2411/100000 | task=2410 | pid=43675 | status=COMPLETED | exit=0 | runtime=01:05:27 | time=2026-07-30 14:12:59
START | job=2416/100000 | task=2415 | pid=45105 | time=2026-07-30 14:12:59
FINISH | job=2415/100000 | task=2414 | pid=44294 | status=COMPLETED | exit=0 | runtime=01:03:07 | time=2026-07-30 14:29:19
START | job=2417/100000 | task=2416 | pid=45168 | time=2026-07-30 14:29:20
FINISH | job=2417/100000 | task=2416 | pid=45168 | status=COMPLETED | exit=0 | runtime=00:10:24 | time=2026-07-30 14:39:44
START | job=2418/100000 | task=2417 | pid=45209 | time=2026-07-30 14:39:44
FINISH | job=2418/100000 | task=2417 | pid=45209 | status=COMPLETED | exit=0 | runtime=00:26:18 | time=2026-07-30 15:06:02
START | job=2419/100000 | task=2418 | pid=45913 | time=2026-07-30 15:06:02
FINISH | job=2419/100000 | task=2418 | pid=45913 | status=COMPLETED | exit=0 | runtime=00:22:34 | time=2026-07-30 15:28:36
START | job=2420/100000 | task=2419 | pid=47019 | time=2026-07-30 15:28:36
FINISH | job=2420/100000 | task=2419 | pid=47019 | status=COMPLETED | exit=0 | runtime=00:00:59 | time=2026-07-30 15:29:35
START | job=2421/100000 | task=2420 | pid=47477 | time=2026-07-30 15:29:35
FINISH | job=2421/100000 | task=2420 | pid=47477 | status=COMPLETED | exit=0 | runtime=00:00:01 | time=2026-07-30 15:29:36
START | job=2422/100000 | task=2421 | pid=47485 | time=2026-07-30 15:29:36
FINISH | job=2404/100000 | task=2403 | pid=38942 | status=COMPLETED | exit=0 | runtime=04:12:36 | time=2026-07-30 15:32:00
START | job=2423/100000 | task=2422 | pid=48570 | time=2026-07-30 15:32:00
FINISH | job=2416/100000 | task=2415 | pid=45105 | status=COMPLETED | exit=0 | runtime=01:19:11 | time=2026-07-30 15:32:10
START | job=2424/100000 | task=2423 | pid=48645 | time=2026-07-30 15:32:10
FINISH | job=2396/100000 | task=2395 | pid=35770 | status=COMPLETED | exit=0 | runtime=05:00:59 | time=2026-07-30 15:32:48
START | job=2425/100000 | task=2424 | pid=48952 | time=2026-07-30 15:32:48
FINISH | job=2425/100000 | task=2424 | pid=48952 | status=COMPLETED | exit=0 | runtime=00:00:16 | time=2026-07-30 15:33:04
START | job=2426/100000 | task=2425 | pid=49087 | time=2026-07-30 15:33:04
FINISH | job=2426/100000 | task=2425 | pid=49087 | status=COMPLETED | exit=0 | runtime=00:00:02 | time=2026-07-30 15:33:06
START | job=2427/100000 | task=2426 | pid=49095 | time=2026-07-30 15:33:06
FINISH | job=2427/100000 | task=2426 | pid=49095 | status=COMPLETED | exit=0 | runtime=00:00:11 | time=2026-07-30 15:33:17
START | job=2428/100000 | task=2427 | pid=49195 | time=2026-07-30 15:33:17
FINISH | job=2428/100000 | task=2427 | pid=49195 | status=COMPLETED | exit=0 | runtime=00:00:01 | time=2026-07-30 15:33:18
START | job=2429/100000 | task=2428 | pid=49203 | time=2026-07-30 15:33:18
FINISH | job=2429/100000 | task=2428 | pid=49203 | status=COMPLETED | exit=0 | runtime=00:00:02 | time=2026-07-30 15:33:20
START | job=2430/100000 | task=2429 | pid=49224 | time=2026-07-30 15:33:20
FINISH | job=2430/100000 | task=2429 | pid=49224 | status=COMPLETED | exit=0 | runtime=00:00:00 | time=2026-07-30 15:33:20
START | job=2431/100000 | task=2430 | pid=49230 | time=2026-07-30 15:33:20
FINISH | job=2424/100000 | task=2423 | pid=48645 | status=COMPLETED | exit=0 | runtime=00:02:16 | time=2026-07-30 15:34:26
START | job=2432/100000 | task=2431 | pid=49721 | time=2026-07-30 15:34:26
FINISH | job=2423/100000 | task=2422 | pid=48570 | status=COMPLETED | exit=0 | runtime=00:07:55 | time=2026-07-30 15:39:55
START | job=2433/100000 | task=2432 | pid=52156 | time=2026-07-30 15:39:55
FINISH | job=2414/100000 | task=2413 | pid=44160 | status=COMPLETED | exit=0 | runtime=02:15:30 | time=2026-07-30 15:41:23
START | job=2434/100000 | task=2433 | pid=52809 | time=2026-07-30 15:41:23
FINISH | job=2434/100000 | task=2433 | pid=52809 | status=COMPLETED | exit=0 | runtime=00:00:16 | time=2026-07-30 15:41:39
START | job=2435/100000 | task=2434 | pid=52940 | time=2026-07-30 15:41:39
FINISH | job=2435/100000 | task=2434 | pid=52940 | status=COMPLETED | exit=0 | runtime=00:00:04 | time=2026-07-30 15:41:43
START | job=2436/100000 | task=2435 | pid=52966 | time=2026-07-30 15:41:43
FINISH | job=2436/100000 | task=2435 | pid=52966 | status=COMPLETED | exit=0 | runtime=00:00:01 | time=2026-07-30 15:41:44
START | job=2437/100000 | task=2436 | pid=52987 | time=2026-07-30 15:41:44
FINISH | job=2437/100000 | task=2436 | pid=52987 | status=COMPLETED | exit=0 | runtime=00:00:04 | time=2026-07-30 15:41:48
START | job=2438/100000 | task=2437 | pid=53025 | time=2026-07-30 15:41:48
FINISH | job=2438/100000 | task=2437 | pid=53025 | status=COMPLETED | exit=0 | runtime=00:00:44 | time=2026-07-30 15:42:32
START | job=2439/100000 | task=2438 | pid=53339 | time=2026-07-30 15:42:32
FINISH | job=2439/100000 | task=2438 | pid=53339 | status=COMPLETED | exit=0 | runtime=00:00:01 | time=2026-07-30 15:42:33
START | job=2440/100000 | task=2439 | pid=53360 | time=2026-07-30 15:42:33
FINISH | job=2413/100000 | task=2412 | pid=44057 | status=COMPLETED | exit=0 | runtime=02:17:11 | time=2026-07-30 15:42:51
START | job=2441/100000 | task=2440 | pid=53494 | time=2026-07-30 15:42:51
FINISH | job=2397/100000 | task=2396 | pid=37097 | status=COMPLETED | exit=0 | runtime=05:08:23 | time=2026-07-30 15:43:11
START | job=2442/100000 | task=2441 | pid=53655 | time=2026-07-30 15:43:11
FINISH | job=2422/100000 | task=2421 | pid=47485 | status=COMPLETED | exit=0 | runtime=00:14:01 | time=2026-07-30 15:43:37
START | job=2443/100000 | task=2442 | pid=53849 | time=2026-07-30 15:43:37
FINISH | job=2443/100000 | task=2442 | pid=53849 | status=COMPLETED | exit=0 | runtime=00:00:31 | time=2026-07-30 15:44:08
START | job=2444/100000 | task=2443 | pid=54073 | time=2026-07-30 15:44:08
FINISH | job=2442/100000 | task=2441 | pid=53655 | status=COMPLETED | exit=0 | runtime=00:00:58 | time=2026-07-30 15:44:09
START | job=2445/100000 | task=2444 | pid=54096 | time=2026-07-30 15:44:09
FINISH | job=2445/100000 | task=2444 | pid=54096 | status=COMPLETED | exit=0 | runtime=00:00:02 | time=2026-07-30 15:44:11
START | job=2446/100000 | task=2445 | pid=54118 | time=2026-07-30 15:44:11
FINISH | job=2446/100000 | task=2445 | pid=54118 | status=COMPLETED | exit=0 | runtime=00:00:48 | time=2026-07-30 15:44:59
START | job=2447/100000 | task=2446 | pid=54470 | time=2026-07-30 15:44:59
FINISH | job=2447/100000 | task=2446 | pid=54470 | status=COMPLETED | exit=0 | runtime=00:00:01 | time=2026-07-30 15:45:00
START | job=2448/100000 | task=2447 | pid=54491 | time=2026-07-30 15:45:00
FINISH | job=2448/100000 | task=2447 | pid=54491 | status=COMPLETED | exit=0 | runtime=00:00:00 | time=2026-07-30 15:45:00
START | job=2449/100000 | task=2448 | pid=54499 | time=2026-07-30 15:45:00
FINISH | job=2431/100000 | task=2430 | pid=49230 | status=COMPLETED | exit=0 | runtime=00:11:56 | time=2026-07-30 15:45:16
START | job=2450/100000 | task=2449 | pid=54612 | time=2026-07-30 15:45:16
FINISH | job=2444/100000 | task=2443 | pid=54073 | status=COMPLETED | exit=0 | runtime=00:02:18 | time=2026-07-30 15:46:26
START | job=2451/100000 | task=2450 | pid=55126 | time=2026-07-30 15:46:26
FINISH | job=2432/100000 | task=2431 | pid=49721 | status=COMPLETED | exit=0 | runtime=00:13:34 | time=2026-07-30 15:48:00
START | job=2452/100000 | task=2451 | pid=55814 | time=2026-07-30 15:48:00
FINISH | job=2452/100000 | task=2451 | pid=55814 | status=COMPLETED | exit=0 | runtime=00:00:05 | time=2026-07-30 15:48:05
START | job=2453/100000 | task=2452 | pid=55855 | time=2026-07-30 15:48:05
FINISH | job=2453/100000 | task=2452 | pid=55855 | status=COMPLETED | exit=0 | runtime=00:00:14 | time=2026-07-30 15:48:19
START | job=2454/100000 | task=2453 | pid=55977 | time=2026-07-30 15:48:19
FINISH | job=2454/100000 | task=2453 | pid=55977 | status=COMPLETED | exit=0 | runtime=00:00:30 | time=2026-07-30 15:48:49
START | job=2455/100000 | task=2454 | pid=56200 | time=2026-07-30 15:48:49
FINISH | job=2455/100000 | task=2454 | pid=56200 | status=COMPLETED | exit=0 | runtime=00:00:00 | time=2026-07-30 15:48:49
START | job=2456/100000 | task=2455 | pid=56206 | time=2026-07-30 15:48:50
FINISH | job=2456/100000 | task=2455 | pid=56206 | status=COMPLETED | exit=0 | runtime=00:00:00 | time=2026-07-30 15:48:50
START | job=2457/100000 | task=2456 | pid=56219 | time=2026-07-30 15:48:50
FINISH | job=2451/100000 | task=2450 | pid=55126 | status=COMPLETED | exit=0 | runtime=00:02:26 | time=2026-07-30 15:48:52
START | job=2458/100000 | task=2457 | pid=56235 | time=2026-07-30 15:48:52
FINISH | job=2457/100000 | task=2456 | pid=56219 | status=COMPLETED | exit=0 | runtime=00:00:17 | time=2026-07-30 15:49:07
START | job=2459/100000 | task=2458 | pid=56350 | time=2026-07-30 15:49:07
FINISH | job=2433/100000 | task=2432 | pid=52156 | status=COMPLETED | exit=0 | runtime=00:10:54 | time=2026-07-30 15:50:50
START | job=2460/100000 | task=2459 | pid=57111 | time=2026-07-30 15:50:50
FINISH | job=2460/100000 | task=2459 | pid=57111 | status=COMPLETED | exit=0 | runtime=00:02:15 | time=2026-07-30 15:53:05
START | job=2461/100000 | task=2460 | pid=58095 | time=2026-07-30 15:53:05
FINISH | job=2461/100000 | task=2460 | pid=58095 | status=COMPLETED | exit=0 | runtime=00:00:08 | time=2026-07-30 15:53:13
START | job=2462/100000 | task=2461 | pid=58151 | time=2026-07-30 15:53:13
FINISH | job=2459/100000 | task=2458 | pid=56350 | status=COMPLETED | exit=0 | runtime=00:05:44 | time=2026-07-30 15:54:51
START | job=2463/100000 | task=2462 | pid=58876 | time=2026-07-30 15:54:51
FINISH | job=2463/100000 | task=2462 | pid=58876 | status=COMPLETED | exit=0 | runtime=00:00:29 | time=2026-07-30 15:55:20
START | job=2464/100000 | task=2463 | pid=59083 | time=2026-07-30 15:55:20
FINISH | job=2462/100000 | task=2461 | pid=58151 | status=COMPLETED | exit=0 | runtime=00:02:18 | time=2026-07-30 15:55:31
START | job=2465/100000 | task=2464 | pid=59182 | time=2026-07-30 15:55:31
FINISH | job=2464/100000 | task=2463 | pid=59083 | status=COMPLETED | exit=0 | runtime=00:00:17 | time=2026-07-30 15:55:37
START | job=2466/100000 | task=2465 | pid=59240 | time=2026-07-30 15:55:37
FINISH | job=2465/100000 | task=2464 | pid=59182 | status=COMPLETED | exit=0 | runtime=00:00:16 | time=2026-07-30 15:55:47
START | job=2467/100000 | task=2466 | pid=59326 | time=2026-07-30 15:55:47
FINISH | job=2466/100000 | task=2465 | pid=59240 | status=COMPLETED | exit=0 | runtime=00:00:17 | time=2026-07-30 15:55:54
START | job=2468/100000 | task=2467 | pid=59381 | time=2026-07-30 15:55:54
FINISH | job=2440/100000 | task=2439 | pid=53360 | status=COMPLETED | exit=0 | runtime=00:13:57 | time=2026-07-30 15:56:30
START | job=2469/100000 | task=2468 | pid=59658 | time=2026-07-30 15:56:30
FINISH | job=2469/100000 | task=2468 | pid=59658 | status=COMPLETED | exit=0 | runtime=00:01:22 | time=2026-07-30 15:57:52
START | job=2470/100000 | task=2469 | pid=60263 | time=2026-07-30 15:57:52
FINISH | job=2470/100000 | task=2469 | pid=60263 | status=COMPLETED | exit=0 | runtime=00:00:06 | time=2026-07-30 15:57:58
START | job=2471/100000 | task=2470 | pid=60318 | time=2026-07-30 15:57:58
FINISH | job=2449/100000 | task=2448 | pid=54499 | status=COMPLETED | exit=0 | runtime=00:13:25 | time=2026-07-30 15:58:25
START | job=2472/100000 | task=2471 | pid=60511 | time=2026-07-30 15:58:25
FINISH | job=2450/100000 | task=2449 | pid=54612 | status=COMPLETED | exit=0 | runtime=00:13:35 | time=2026-07-30 15:58:51
START | job=2473/100000 | task=2472 | pid=60701 | time=2026-07-30 15:58:51
FINISH | job=2473/100000 | task=2472 | pid=60701 | status=COMPLETED | exit=0 | runtime=00:00:01 | time=2026-07-30 15:58:52
START | job=2474/100000 | task=2473 | pid=60724 | time=2026-07-30 15:58:52
FINISH | job=2474/100000 | task=2473 | pid=60724 | status=COMPLETED | exit=0 | runtime=00:00:01 | time=2026-07-30 15:58:53
START | job=2475/100000 | task=2474 | pid=60730 | time=2026-07-30 15:58:53
FINISH | job=2475/100000 | task=2474 | pid=60730 | status=COMPLETED | exit=0 | runtime=00:00:01 | time=2026-07-30 15:58:54
START | job=2476/100000 | task=2475 | pid=60751 | time=2026-07-30 15:58:54
FINISH | job=2471/100000 | task=2470 | pid=60318 | status=COMPLETED | exit=0 | runtime=00:01:08 | time=2026-07-30 15:59:06
START | job=2477/100000 | task=2476 | pid=60854 | time=2026-07-30 15:59:06
FINISH | job=2472/100000 | task=2471 | pid=60511 | status=COMPLETED | exit=0 | runtime=00:01:25 | time=2026-07-30 15:59:50
START | job=2478/100000 | task=2477 | pid=61172 | time=2026-07-30 15:59:50
FINISH | job=2441/100000 | task=2440 | pid=53494 | status=COMPLETED | exit=0 | runtime=00:17:00 | time=2026-07-30 15:59:51
START | job=2479/100000 | task=2478 | pid=61195 | time=2026-07-30 15:59:51
FINISH | job=2479/100000 | task=2478 | pid=61195 | status=COMPLETED | exit=0 | runtime=00:00:27 | time=2026-07-30 16:00:18
START | job=2480/100000 | task=2479 | pid=61383 | time=2026-07-30 16:00:18
FINISH | job=2480/100000 | task=2479 | pid=61383 | status=COMPLETED | exit=0 | runtime=00:01:03 | time=2026-07-30 16:01:21
START | job=2481/100000 | task=2480 | pid=61848 | time=2026-07-30 16:01:21
FINISH | job=2481/100000 | task=2480 | pid=61848 | status=COMPLETED | exit=0 | runtime=00:00:12 | time=2026-07-30 16:01:33
START | job=2482/100000 | task=2481 | pid=61935 | time=2026-07-30 16:01:33
FINISH | job=2482/100000 | task=2481 | pid=61935 | status=COMPLETED | exit=0 | runtime=00:00:56 | time=2026-07-30 16:02:29
START | job=2483/100000 | task=2482 | pid=62361 | time=2026-07-30 16:02:29
FINISH | job=2483/100000 | task=2482 | pid=62361 | status=COMPLETED | exit=0 | runtime=00:00:01 | time=2026-07-30 16:02:30
START | job=2484/100000 | task=2483 | pid=62369 | time=2026-07-30 16:02:30
FINISH | job=2484/100000 | task=2483 | pid=62369 | status=COMPLETED | exit=0 | runtime=00:00:17 | time=2026-07-30 16:02:47
START | job=2485/100000 | task=2484 | pid=62499 | time=2026-07-30 16:02:47
FINISH | job=2458/100000 | task=2457 | pid=56235 | status=COMPLETED | exit=0 | runtime=00:16:01 | time=2026-07-30 16:04:53
START | job=2486/100000 | task=2485 | pid=63413 | time=2026-07-30 16:04:53
FINISH | job=2468/100000 | task=2467 | pid=59381 | status=COMPLETED | exit=0 | runtime=00:10:40 | time=2026-07-30 16:06:34
START | job=2487/100000 | task=2486 | pid=64154 | time=2026-07-30 16:06:34
FINISH | job=2487/100000 | task=2486 | pid=64154 | status=COMPLETED | exit=0 | runtime=00:01:01 | time=2026-07-30 16:07:35
START | job=2488/100000 | task=2487 | pid=64599 | time=2026-07-30 16:07:35
FINISH | job=2488/100000 | task=2487 | pid=64599 | status=COMPLETED | exit=0 | runtime=00:02:07 | time=2026-07-30 16:09:42
START | job=2489/100000 | task=2488 | pid=65531 | time=2026-07-30 16:09:42
FINISH | job=2489/100000 | task=2488 | pid=65531 | status=COMPLETED | exit=0 | runtime=00:00:02 | time=2026-07-30 16:09:44
START | job=2490/100000 | task=2489 | pid=65546 | time=2026-07-30 16:09:44
FINISH | job=2490/100000 | task=2489 | pid=65546 | status=COMPLETED | exit=0 | runtime=00:00:29 | time=2026-07-30 16:10:13
START | job=2491/100000 | task=2490 | pid=65774 | time=2026-07-30 16:10:13
FINISH | job=2478/100000 | task=2477 | pid=61172 | status=COMPLETED | exit=0 | runtime=00:10:42 | time=2026-07-30 16:10:32
START | job=2492/100000 | task=2491 | pid=65926 | time=2026-07-30 16:10:32
FINISH | job=2492/100000 | task=2491 | pid=65926 | status=COMPLETED | exit=0 | runtime=00:00:01 | time=2026-07-30 16:10:33
START | job=2493/100000 | task=2492 | pid=65932 | time=2026-07-30 16:10:33
FINISH | job=2493/100000 | task=2492 | pid=65932 | status=COMPLETED | exit=0 | runtime=00:00:17 | time=2026-07-30 16:10:50
START | job=2494/100000 | task=2493 | pid=66063 | time=2026-07-30 16:10:50
FINISH | job=2491/100000 | task=2490 | pid=65774 | status=COMPLETED | exit=0 | runtime=00:00:39 | time=2026-07-30 16:10:52
START | job=2495/100000 | task=2494 | pid=66087 | time=2026-07-30 16:10:52
FINISH | job=2467/100000 | task=2466 | pid=59326 | status=COMPLETED | exit=0 | runtime=00:16:11 | time=2026-07-30 16:11:58
START | job=2496/100000 | task=2495 | pid=66593 | time=2026-07-30 16:11:58
FINISH | job=2476/100000 | task=2475 | pid=60751 | status=COMPLETED | exit=0 | runtime=00:13:13 | time=2026-07-30 16:12:07
START | job=2497/100000 | task=2496 | pid=66664 | time=2026-07-30 16:12:07
FINISH | job=2497/100000 | task=2496 | pid=66664 | status=COMPLETED | exit=0 | runtime=00:00:05 | time=2026-07-30 16:12:12
START | job=2498/100000 | task=2497 | pid=66713 | time=2026-07-30 16:12:12
FINISH | job=2477/100000 | task=2476 | pid=60854 | status=COMPLETED | exit=0 | runtime=00:13:19 | time=2026-07-30 16:12:25
START | job=2499/100000 | task=2498 | pid=66813 | time=2026-07-30 16:12:25
FINISH | job=2496/100000 | task=2495 | pid=66593 | status=COMPLETED | exit=0 | runtime=00:00:32 | time=2026-07-30 16:12:30
START | job=2500/100000 | task=2499 | pid=66856 | time=2026-07-30 16:12:30
START PROGRESS | 2500/100000 (2%)
FINISH | job=2499/100000 | task=2498 | pid=66813 | status=COMPLETED | exit=0 | runtime=00:00:23 | time=2026-07-30 16:12:48
START | job=2501/100000 | task=2500 | pid=67003 | time=2026-07-30 16:12:48
FINISH | job=2500/100000 | task=2499 | pid=66856 | status=COMPLETED | exit=0 | runtime=00:01:20 | time=2026-07-30 16:13:50
START | job=2502/100000 | task=2501 | pid=67480 | time=2026-07-30 16:13:50
FINISH | job=2502/100000 | task=2501 | pid=67480 | status=COMPLETED | exit=0 | runtime=00:00:17 | time=2026-07-30 16:14:07
START | job=2503/100000 | task=2502 | pid=67610 | time=2026-07-30 16:14:07
FINISH | job=2498/100000 | task=2497 | pid=66713 | status=COMPLETED | exit=0 | runtime=00:01:57 | time=2026-07-30 16:14:09
START | job=2504/100000 | task=2503 | pid=67633 | time=2026-07-30 16:14:10
FINISH | job=2486/100000 | task=2485 | pid=63413 | status=COMPLETED | exit=0 | runtime=00:13:20 | time=2026-07-30 16:18:13
START | job=2505/100000 | task=2504 | pid=69385 | time=2026-07-30 16:18:13
FINISH | job=2501/100000 | task=2500 | pid=67003 | status=COMPLETED | exit=0 | runtime=00:05:28 | time=2026-07-30 16:18:16
START | job=2506/100000 | task=2505 | pid=69424 | time=2026-07-30 16:18:16
FINISH | job=2506/100000 | task=2505 | pid=69424 | status=COMPLETED | exit=0 | runtime=00:00:25 | time=2026-07-30 16:18:41
START | job=2507/100000 | task=2506 | pid=69629 | time=2026-07-30 16:18:41
FINISH | job=2507/100000 | task=2506 | pid=69629 | status=COMPLETED | exit=0 | runtime=00:00:08 | time=2026-07-30 16:18:49
START | job=2508/100000 | task=2507 | pid=69704 | time=2026-07-30 16:18:49
FINISH | job=2508/100000 | task=2507 | pid=69704 | status=COMPLETED | exit=0 | runtime=00:00:02 | time=2026-07-30 16:18:51
START | job=2509/100000 | task=2508 | pid=69729 | time=2026-07-30 16:18:51
FINISH | job=2509/100000 | task=2508 | pid=69729 | status=COMPLETED | exit=0 | runtime=00:00:01 | time=2026-07-30 16:18:52
START | job=2510/100000 | task=2509 | pid=69735 | time=2026-07-30 16:18:52
FINISH | job=2505/100000 | task=2504 | pid=69385 | status=COMPLETED | exit=0 | runtime=00:01:09 | time=2026-07-30 16:19:22
START | job=2511/100000 | task=2510 | pid=69964 | time=2026-07-30 16:19:22
FINISH | job=2510/100000 | task=2509 | pid=69735 | status=COMPLETED | exit=0 | runtime=00:00:54 | time=2026-07-30 16:19:46
START | job=2512/100000 | task=2511 | pid=70159 | time=2026-07-30 16:19:46
FINISH | job=2495/100000 | task=2494 | pid=66087 | status=COMPLETED | exit=0 | runtime=00:10:04 | time=2026-07-30 16:20:56
START | job=2513/100000 | task=2512 | pid=70655 | time=2026-07-30 16:20:56
FINISH | job=2513/100000 | task=2512 | pid=70655 | status=COMPLETED | exit=0 | runtime=00:02:52 | time=2026-07-30 16:23:48
START | job=2514/100000 | task=2513 | pid=71900 | time=2026-07-30 16:23:49
FINISH | job=2511/100000 | task=2510 | pid=69964 | status=COMPLETED | exit=0 | runtime=00:06:19 | time=2026-07-30 16:25:41
START | job=2515/100000 | task=2514 | pid=72727 | time=2026-07-30 16:25:41
FINISH | job=2515/100000 | task=2514 | pid=72727 | status=COMPLETED | exit=0 | runtime=00:00:13 | time=2026-07-30 16:25:54
START | job=2516/100000 | task=2515 | pid=72828 | time=2026-07-30 16:25:54
FINISH | job=2516/100000 | task=2515 | pid=72828 | status=COMPLETED | exit=0 | runtime=00:00:09 | time=2026-07-30 16:26:03
START | job=2517/100000 | task=2516 | pid=72901 | time=2026-07-30 16:26:03
FINISH | job=2494/100000 | task=2493 | pid=66063 | status=COMPLETED | exit=0 | runtime=00:15:35 | time=2026-07-30 16:26:25
START | job=2518/100000 | task=2517 | pid=73075 | time=2026-07-30 16:26:25
FINISH | job=2518/100000 | task=2517 | pid=73075 | status=COMPLETED | exit=0 | runtime=00:00:00 | time=2026-07-30 16:26:25
START | job=2519/100000 | task=2518 | pid=73092 | time=2026-07-30 16:26:25
FINISH | job=2519/100000 | task=2518 | pid=73092 | status=COMPLETED | exit=0 | runtime=00:00:01 | time=2026-07-30 16:26:26
START | job=2520/100000 | task=2519 | pid=73105 | time=2026-07-30 16:26:26
FINISH | job=2520/100000 | task=2519 | pid=73105 | status=COMPLETED | exit=0 | runtime=00:00:01 | time=2026-07-30 16:26:27
START | job=2521/100000 | task=2520 | pid=73111 | time=2026-07-30 16:26:27
FINISH | job=2517/100000 | task=2516 | pid=72901 | status=COMPLETED | exit=0 | runtime=00:00:28 | time=2026-07-30 16:26:31
START | job=2522/100000 | task=2521 | pid=73149 | time=2026-07-30 16:26:31
FINISH | job=2503/100000 | task=2502 | pid=67610 | status=COMPLETED | exit=0 | runtime=00:13:33 | time=2026-07-30 16:27:40
START | job=2523/100000 | task=2522 | pid=73679 | time=2026-07-30 16:27:40
FINISH | job=2485/100000 | task=2484 | pid=62499 | status=COMPLETED | exit=0 | runtime=00:26:05 | time=2026-07-30 16:28:52
START | job=2524/100000 | task=2523 | pid=74193 | time=2026-07-30 16:28:53
FINISH | job=2524/100000 | task=2523 | pid=74193 | status=COMPLETED | exit=0 | runtime=00:00:06 | time=2026-07-30 16:28:59
START | job=2525/100000 | task=2524 | pid=74263 | time=2026-07-30 16:28:59
FINISH | job=2525/100000 | task=2524 | pid=74263 | status=COMPLETED | exit=0 | runtime=00:00:03 | time=2026-07-30 16:29:02
START | job=2526/100000 | task=2525 | pid=74284 | time=2026-07-30 16:29:02
FINISH | job=2526/100000 | task=2525 | pid=74284 | status=COMPLETED | exit=0 | runtime=00:00:29 | time=2026-07-30 16:29:31
START | job=2527/100000 | task=2526 | pid=74510 | time=2026-07-30 16:29:31
FINISH | job=2527/100000 | task=2526 | pid=74510 | status=COMPLETED | exit=0 | runtime=00:00:01 | time=2026-07-30 16:29:32
START | job=2528/100000 | task=2527 | pid=74516 | time=2026-07-30 16:29:32
FINISH | job=2528/100000 | task=2527 | pid=74516 | status=COMPLETED | exit=0 | runtime=00:00:01 | time=2026-07-30 16:29:33
START | job=2529/100000 | task=2528 | pid=74524 | time=2026-07-30 16:29:33
FINISH | job=2529/100000 | task=2528 | pid=74524 | status=COMPLETED | exit=0 | runtime=00:00:00 | time=2026-07-30 16:29:33
START | job=2530/100000 | task=2529 | pid=74545 | time=2026-07-30 16:29:33
FINISH | job=2504/100000 | task=2503 | pid=67633 | status=COMPLETED | exit=0 | runtime=00:52:09 | time=2026-07-30 17:06:19
START | job=2531/100000 | task=2530 | pid=76171 | time=2026-07-30 17:06:19
FINISH | job=2512/100000 | task=2511 | pid=70159 | status=COMPLETED | exit=0 | runtime=00:47:54 | time=2026-07-30 17:07:40
START | job=2532/100000 | task=2531 | pid=76760 | time=2026-07-30 17:07:40
FINISH | job=2523/100000 | task=2522 | pid=73679 | status=COMPLETED | exit=0 | runtime=00:45:09 | time=2026-07-30 17:12:49
START | job=2533/100000 | task=2532 | pid=78957 | time=2026-07-30 17:12:49
FINISH | job=2514/100000 | task=2513 | pid=71900 | status=COMPLETED | exit=0 | runtime=00:49:17 | time=2026-07-30 17:13:06
START | job=2534/100000 | task=2533 | pid=79075 | time=2026-07-30 17:13:06
FINISH | job=2533/100000 | task=2532 | pid=78957 | status=COMPLETED | exit=0 | runtime=00:00:17 | time=2026-07-30 17:13:06
START | job=2535/100000 | task=2534 | pid=79096 | time=2026-07-30 17:13:06
FINISH | job=2535/100000 | task=2534 | pid=79096 | status=COMPLETED | exit=0 | runtime=00:00:02 | time=2026-07-30 17:13:08
START | job=2536/100000 | task=2535 | pid=79115 | time=2026-07-30 17:13:08
FINISH | job=2536/100000 | task=2535 | pid=79115 | status=COMPLETED | exit=0 | runtime=00:00:01 | time=2026-07-30 17:13:09
START | job=2537/100000 | task=2536 | pid=79126 | time=2026-07-30 17:13:09
FINISH | job=2531/100000 | task=2530 | pid=76171 | status=COMPLETED | exit=0 | runtime=00:06:56 | time=2026-07-30 17:13:15
START | job=2538/100000 | task=2537 | pid=79179 | time=2026-07-30 17:13:15
FINISH | job=2534/100000 | task=2533 | pid=79075 | status=COMPLETED | exit=0 | runtime=00:00:14 | time=2026-07-30 17:13:20
START | job=2539/100000 | task=2538 | pid=79217 | time=2026-07-30 17:13:20
FINISH | job=2538/100000 | task=2537 | pid=79179 | status=COMPLETED | exit=0 | runtime=00:00:16 | time=2026-07-30 17:13:31
START | job=2540/100000 | task=2539 | pid=79300 | time=2026-07-30 17:13:31
FINISH | job=2537/100000 | task=2536 | pid=79126 | status=COMPLETED | exit=0 | runtime=00:01:48 | time=2026-07-30 17:14:57
START | job=2541/100000 | task=2540 | pid=79895 | time=2026-07-30 17:14:57
FINISH | job=2521/100000 | task=2520 | pid=73111 | status=COMPLETED | exit=0 | runtime=01:26:22 | time=2026-07-30 17:52:49
START | job=2542/100000 | task=2541 | pid=81913 | time=2026-07-30 17:52:49
FINISH | job=2542/100000 | task=2541 | pid=81913 | status=COMPLETED | exit=0 | runtime=00:00:26 | time=2026-07-30 17:53:15
START | job=2543/100000 | task=2542 | pid=82028 | time=2026-07-30 17:53:15
FINISH | job=2543/100000 | task=2542 | pid=82028 | status=COMPLETED | exit=0 | runtime=00:00:09 | time=2026-07-30 17:53:24
START | job=2544/100000 | task=2543 | pid=82104 | time=2026-07-30 17:53:24
FINISH | job=2544/100000 | task=2543 | pid=82104 | status=COMPLETED | exit=0 | runtime=00:10:59 | time=2026-07-30 18:04:23
START | job=2545/100000 | task=2544 | pid=82616 | time=2026-07-30 18:04:23
FINISH | job=2545/100000 | task=2544 | pid=82616 | status=COMPLETED | exit=0 | runtime=00:00:04 | time=2026-07-30 18:04:27
START | job=2546/100000 | task=2545 | pid=82654 | time=2026-07-30 18:04:27
FINISH | job=2546/100000 | task=2545 | pid=82654 | status=COMPLETED | exit=0 | runtime=00:05:47 | time=2026-07-30 18:10:14
START | job=2547/100000 | task=2546 | pid=82952 | time=2026-07-30 18:10:14
FINISH | job=2547/100000 | task=2546 | pid=82952 | status=COMPLETED | exit=0 | runtime=00:00:02 | time=2026-07-30 18:10:16
START | job=2548/100000 | task=2547 | pid=82970 | time=2026-07-30 18:10:16
FINISH | job=2530/100000 | task=2529 | pid=74545 | status=COMPLETED | exit=0 | runtime=01:40:46 | time=2026-07-30 18:10:19
START | job=2549/100000 | task=2548 | pid=83002 | time=2026-07-30 18:10:19
FINISH | job=2532/100000 | task=2531 | pid=76760 | status=COMPLETED | exit=0 | runtime=01:12:18 | time=2026-07-30 18:19:58
START | job=2550/100000 | task=2549 | pid=83741 | time=2026-07-30 18:19:58
FINISH | job=2550/100000 | task=2549 | pid=83741 | status=COMPLETED | exit=0 | runtime=00:05:08 | time=2026-07-30 18:25:06
START | job=2551/100000 | task=2550 | pid=83985 | time=2026-07-30 18:25:06
FINISH | job=2551/100000 | task=2550 | pid=83985 | status=COMPLETED | exit=0 | runtime=00:33:06 | time=2026-07-30 18:58:12
START | job=2552/100000 | task=2551 | pid=86745 | time=2026-07-30 18:58:12
FINISH | job=2552/100000 | task=2551 | pid=86745 | status=COMPLETED | exit=0 | runtime=00:01:07 | time=2026-07-30 18:59:19
START | job=2553/100000 | task=2552 | pid=87230 | time=2026-07-30 18:59:19
FINISH | job=2553/100000 | task=2552 | pid=87230 | status=COMPLETED | exit=0 | runtime=00:00:02 | time=2026-07-30 18:59:21
START | job=2554/100000 | task=2553 | pid=87253 | time=2026-07-30 18:59:21
FINISH | job=2554/100000 | task=2553 | pid=87253 | status=COMPLETED | exit=0 | runtime=00:00:01 | time=2026-07-30 18:59:22
START | job=2555/100000 | task=2554 | pid=87274 | time=2026-07-30 18:59:22
FINISH | job=2549/100000 | task=2548 | pid=83002 | status=COMPLETED | exit=0 | runtime=00:50:09 | time=2026-07-30 19:00:28
START | job=2556/100000 | task=2555 | pid=87771 | time=2026-07-30 19:00:28
FINISH | job=2556/100000 | task=2555 | pid=87771 | status=COMPLETED | exit=0 | runtime=00:00:16 | time=2026-07-30 19:00:44
START | job=2557/100000 | task=2556 | pid=87888 | time=2026-07-30 19:00:44
FINISH | job=2522/100000 | task=2521 | pid=73149 | status=COMPLETED | exit=0 | runtime=02:34:42 | time=2026-07-30 19:01:13
START | job=2558/100000 | task=2557 | pid=88124 | time=2026-07-30 19:01:13
FINISH | job=2541/100000 | task=2540 | pid=79895 | status=COMPLETED | exit=0 | runtime=01:47:17 | time=2026-07-30 19:02:14
START | job=2559/100000 | task=2558 | pid=88561 | time=2026-07-30 19:02:14
FINISH | job=2539/100000 | task=2538 | pid=79217 | status=COMPLETED | exit=0 | runtime=01:50:14 | time=2026-07-30 19:03:34
START | job=2560/100000 | task=2559 | pid=89154 | time=2026-07-30 19:03:34
FINISH | job=2555/100000 | task=2554 | pid=87274 | status=COMPLETED | exit=0 | runtime=00:04:28 | time=2026-07-30 19:03:50
START | job=2561/100000 | task=2560 | pid=89269 | time=2026-07-30 19:03:50
FINISH | job=2540/100000 | task=2539 | pid=79300 | status=COMPLETED | exit=0 | runtime=01:50:26 | time=2026-07-30 19:03:57
START | job=2562/100000 | task=2561 | pid=89324 | time=2026-07-30 19:03:57
FINISH | job=2562/100000 | task=2561 | pid=89324 | status=COMPLETED | exit=0 | runtime=00:00:49 | time=2026-07-30 19:04:46
START | job=2563/100000 | task=2562 | pid=89681 | time=2026-07-30 19:04:46
FINISH | job=2561/100000 | task=2560 | pid=89269 | status=COMPLETED | exit=0 | runtime=00:01:01 | time=2026-07-30 19:04:51
START | job=2564/100000 | task=2563 | pid=89719 | time=2026-07-30 19:04:51
FINISH | job=2563/100000 | task=2562 | pid=89681 | status=COMPLETED | exit=0 | runtime=00:00:15 | time=2026-07-30 19:05:01
START | job=2565/100000 | task=2564 | pid=89804 | time=2026-07-30 19:05:01
FINISH | job=2565/100000 | task=2564 | pid=89804 | status=COMPLETED | exit=0 | runtime=00:00:00 | time=2026-07-30 19:05:01
START | job=2566/100000 | task=2565 | pid=89810 | time=2026-07-30 19:05:01
FINISH | job=2564/100000 | task=2563 | pid=89719 | status=COMPLETED | exit=0 | runtime=00:00:15 | time=2026-07-30 19:05:06
START | job=2567/100000 | task=2566 | pid=89852 | time=2026-07-30 19:05:06
FINISH | job=2560/100000 | task=2559 | pid=89154 | status=COMPLETED | exit=0 | runtime=00:02:32 | time=2026-07-30 19:06:06
START | job=2568/100000 | task=2567 | pid=90314 | time=2026-07-30 19:06:06
FINISH | job=2558/100000 | task=2557 | pid=88124 | status=COMPLETED | exit=0 | runtime=00:04:58 | time=2026-07-30 19:06:11
START | job=2569/100000 | task=2568 | pid=90352 | time=2026-07-30 19:06:11
FINISH | job=2568/100000 | task=2567 | pid=90314 | status=COMPLETED | exit=0 | runtime=00:00:39 | time=2026-07-30 19:06:45
START | job=2570/100000 | task=2569 | pid=90606 | time=2026-07-30 19:06:45
FINISH | job=2570/100000 | task=2569 | pid=90606 | status=COMPLETED | exit=0 | runtime=00:00:03 | time=2026-07-30 19:06:48
START | job=2571/100000 | task=2570 | pid=90630 | time=2026-07-30 19:06:48
FINISH | job=2571/100000 | task=2570 | pid=90630 | status=COMPLETED | exit=0 | runtime=00:00:27 | time=2026-07-30 19:07:15
START | job=2572/100000 | task=2571 | pid=90836 | time=2026-07-30 19:07:15
FINISH | job=2572/100000 | task=2571 | pid=90836 | status=COMPLETED | exit=0 | runtime=00:00:01 | time=2026-07-30 19:07:16
START | job=2573/100000 | task=2572 | pid=90845 | time=2026-07-30 19:07:16
FINISH | job=2573/100000 | task=2572 | pid=90845 | status=COMPLETED | exit=0 | runtime=00:00:01 | time=2026-07-30 19:07:17
START | job=2574/100000 | task=2573 | pid=90853 | time=2026-07-30 19:07:17
FINISH | job=2574/100000 | task=2573 | pid=90853 | status=COMPLETED | exit=0 | runtime=00:00:00 | time=2026-07-30 19:07:17
START | job=2575/100000 | task=2574 | pid=90875 | time=2026-07-30 19:07:17
FINISH | job=2548/100000 | task=2547 | pid=82970 | status=COMPLETED | exit=0 | runtime=00:57:54 | time=2026-07-30 19:08:10
START | job=2576/100000 | task=2575 | pid=91257 | time=2026-07-30 19:08:10
FINISH | job=2569/100000 | task=2568 | pid=90352 | status=COMPLETED | exit=0 | runtime=00:02:34 | time=2026-07-30 19:08:45
START | job=2577/100000 | task=2576 | pid=91525 | time=2026-07-30 19:08:45
FINISH | job=2557/100000 | task=2556 | pid=87888 | status=COMPLETED | exit=0 | runtime=00:09:54 | time=2026-07-30 19:10:38
START | job=2578/100000 | task=2577 | pid=92484 | time=2026-07-30 19:10:38
FINISH | job=2578/100000 | task=2577 | pid=92484 | status=COMPLETED | exit=0 | runtime=00:00:07 | time=2026-07-30 19:10:45
START | job=2579/100000 | task=2578 | pid=92568 | time=2026-07-30 19:10:45
FINISH | job=2579/100000 | task=2578 | pid=92568 | status=COMPLETED | exit=0 | runtime=00:00:02 | time=2026-07-30 19:10:47
START | job=2580/100000 | task=2579 | pid=92574 | time=2026-07-30 19:10:47
FINISH | job=2580/100000 | task=2579 | pid=92574 | status=COMPLETED | exit=0 | runtime=00:00:03 | time=2026-07-30 19:10:50
START | job=2581/100000 | task=2580 | pid=92615 | time=2026-07-30 19:10:50
FINISH | job=2581/100000 | task=2580 | pid=92615 | status=COMPLETED | exit=0 | runtime=00:00:15 | time=2026-07-30 19:11:05
START | job=2582/100000 | task=2581 | pid=92735 | time=2026-07-30 19:11:05
FINISH | job=2582/100000 | task=2581 | pid=92735 | status=COMPLETED | exit=0 | runtime=00:00:16 | time=2026-07-30 19:11:21
START | job=2583/100000 | task=2582 | pid=92854 | time=2026-07-30 19:11:21
FINISH | job=2583/100000 | task=2582 | pid=92854 | status=COMPLETED | exit=0 | runtime=00:00:01 | time=2026-07-30 19:11:22
START | job=2584/100000 | task=2583 | pid=92875 | time=2026-07-30 19:11:22
FINISH | job=2567/100000 | task=2566 | pid=89852 | status=COMPLETED | exit=0 | runtime=00:11:30 | time=2026-07-30 19:16:36
START | job=2585/100000 | task=2584 | pid=95220 | time=2026-07-30 19:16:36
FINISH | job=2566/100000 | task=2565 | pid=89810 | status=COMPLETED | exit=0 | runtime=00:12:48 | time=2026-07-30 19:17:49
START | job=2586/100000 | task=2585 | pid=95756 | time=2026-07-30 19:17:49
FINISH | job=2577/100000 | task=2576 | pid=91525 | status=COMPLETED | exit=0 | runtime=00:10:18 | time=2026-07-30 19:19:03
START | job=2587/100000 | task=2586 | pid=96307 | time=2026-07-30 19:19:03
FINISH | job=2587/100000 | task=2586 | pid=96307 | status=COMPLETED | exit=0 | runtime=00:00:12 | time=2026-07-30 19:19:15
START | job=2588/100000 | task=2587 | pid=96393 | time=2026-07-30 19:19:15
FINISH | job=2588/100000 | task=2587 | pid=96393 | status=COMPLETED | exit=0 | runtime=00:00:05 | time=2026-07-30 19:19:20
START | job=2589/100000 | task=2588 | pid=96447 | time=2026-07-30 19:19:20
FINISH | job=2559/100000 | task=2558 | pid=88561 | status=COMPLETED | exit=0 | runtime=00:17:20 | time=2026-07-30 19:19:34
START | job=2590/100000 | task=2589 | pid=96547 | time=2026-07-30 19:19:34
FINISH | job=2589/100000 | task=2588 | pid=96447 | status=COMPLETED | exit=0 | runtime=00:00:26 | time=2026-07-30 19:19:46
START | job=2591/100000 | task=2590 | pid=96654 | time=2026-07-30 19:19:46
FINISH | job=2591/100000 | task=2590 | pid=96654 | status=COMPLETED | exit=0 | runtime=00:00:00 | time=2026-07-30 19:19:46
START | job=2592/100000 | task=2591 | pid=96660 | time=2026-07-30 19:19:46
FINISH | job=2592/100000 | task=2591 | pid=96660 | status=COMPLETED | exit=0 | runtime=00:00:01 | time=2026-07-30 19:19:47
START | job=2593/100000 | task=2592 | pid=96668 | time=2026-07-30 19:19:47
FINISH | job=2575/100000 | task=2574 | pid=90875 | status=COMPLETED | exit=0 | runtime=00:13:01 | time=2026-07-30 19:20:18
START | job=2594/100000 | task=2593 | pid=96906 | time=2026-07-30 19:20:18
FINISH | job=2590/100000 | task=2589 | pid=96547 | status=COMPLETED | exit=0 | runtime=00:00:51 | time=2026-07-30 19:20:25
START | job=2595/100000 | task=2594 | pid=96961 | time=2026-07-30 19:20:25
FINISH | job=2584/100000 | task=2583 | pid=92875 | status=COMPLETED | exit=0 | runtime=00:14:24 | time=2026-07-30 19:25:46
START | job=2596/100000 | task=2595 | pid=99273 | time=2026-07-30 19:25:46
FINISH | job=2596/100000 | task=2595 | pid=99273 | status=COMPLETED | exit=0 | runtime=00:00:24 | time=2026-07-30 19:26:10
START | job=2597/100000 | task=2596 | pid=99448 | time=2026-07-30 19:26:10
FINISH | job=2597/100000 | task=2596 | pid=99448 | status=COMPLETED | exit=0 | runtime=00:00:01 | time=2026-07-30 19:26:11
START | job=2598/100000 | task=2597 | pid=99471 | time=2026-07-30 19:26:11
FINISH | job=2598/100000 | task=2597 | pid=99471 | status=COMPLETED | exit=0 | runtime=00:00:01 | time=2026-07-30 19:26:12
START | job=2599/100000 | task=2598 | pid=99477 | time=2026-07-30 19:26:12
FINISH | job=2599/100000 | task=2598 | pid=99477 | status=COMPLETED | exit=0 | runtime=00:00:01 | time=2026-07-30 19:26:13
START | job=2600/100000 | task=2599 | pid=99483 | time=2026-07-30 19:26:13
START PROGRESS | 2600/100000 (2%)
FINISH | job=2115/100000 | task=2114 | pid=72381 | status=COMPLETED | exit=0 | runtime=11:17:11 | time=2026-07-30 19:28:28
START | job=2601/100000 | task=2600 | pid=782 | time=2026-07-30 19:28:28
FINISH | job=2585/100000 | task=2584 | pid=95220 | status=COMPLETED | exit=0 | runtime=00:12:46 | time=2026-07-30 19:29:22
START | job=2602/100000 | task=2601 | pid=1191 | time=2026-07-30 19:29:22
FINISH | job=2586/100000 | task=2585 | pid=95756 | status=COMPLETED | exit=0 | runtime=00:14:37 | time=2026-07-30 19:32:26
START | job=2603/100000 | task=2602 | pid=2550 | time=2026-07-30 19:32:26
FINISH | job=2593/100000 | task=2592 | pid=96668 | status=COMPLETED | exit=0 | runtime=00:12:58 | time=2026-07-30 19:32:45
START | job=2604/100000 | task=2603 | pid=2696 | time=2026-07-30 19:32:45
FINISH | job=2594/100000 | task=2593 | pid=96906 | status=COMPLETED | exit=0 | runtime=00:12:47 | time=2026-07-30 19:33:05
START | job=2605/100000 | task=2604 | pid=2856 | time=2026-07-30 19:33:05
FINISH | job=2605/100000 | task=2604 | pid=2856 | status=COMPLETED | exit=0 | runtime=00:00:08 | time=2026-07-30 19:33:13
START | job=2606/100000 | task=2605 | pid=2911 | time=2026-07-30 19:33:13
FINISH | job=2604/100000 | task=2603 | pid=2696 | status=COMPLETED | exit=0 | runtime=00:00:40 | time=2026-07-30 19:33:25
START | job=2607/100000 | task=2606 | pid=3012 | time=2026-07-30 19:33:25
FINISH | job=2607/100000 | task=2606 | pid=3012 | status=COMPLETED | exit=0 | runtime=00:00:02 | time=2026-07-30 19:33:27
START | job=2608/100000 | task=2607 | pid=3035 | time=2026-07-30 19:33:27
FINISH | job=2608/100000 | task=2607 | pid=3035 | status=COMPLETED | exit=0 | runtime=00:00:02 | time=2026-07-30 19:33:29
START | job=2609/100000 | task=2608 | pid=3057 | time=2026-07-30 19:33:29
FINISH | job=2609/100000 | task=2608 | pid=3057 | status=COMPLETED | exit=0 | runtime=00:00:01 | time=2026-07-30 19:33:30
START | job=2610/100000 | task=2609 | pid=3063 | time=2026-07-30 19:33:30
FINISH | job=2601/100000 | task=2600 | pid=782 | status=COMPLETED | exit=0 | runtime=00:05:23 | time=2026-07-30 19:33:51
START | job=2611/100000 | task=2610 | pid=3221 | time=2026-07-30 19:33:51
FINISH | job=2606/100000 | task=2605 | pid=2911 | status=COMPLETED | exit=0 | runtime=00:01:01 | time=2026-07-30 19:34:14
START | job=2612/100000 | task=2611 | pid=3396 | time=2026-07-30 19:34:14
FINISH | job=2595/100000 | task=2594 | pid=96961 | status=COMPLETED | exit=0 | runtime=00:13:59 | time=2026-07-30 19:34:24
START | job=2613/100000 | task=2612 | pid=3482 | time=2026-07-30 19:34:24
FINISH | job=2576/100000 | task=2575 | pid=91257 | status=COMPLETED | exit=0 | runtime=00:26:44 | time=2026-07-30 19:34:54
START | job=2614/100000 | task=2613 | pid=3690 | time=2026-07-30 19:34:54
FINISH | job=2603/100000 | task=2602 | pid=2550 | status=COMPLETED | exit=0 | runtime=00:04:50 | time=2026-07-30 19:37:16
START | job=2615/100000 | task=2614 | pid=4739 | time=2026-07-30 19:37:16
FINISH | job=2615/100000 | task=2614 | pid=4739 | status=COMPLETED | exit=0 | runtime=00:00:03 | time=2026-07-30 19:37:19
START | job=2616/100000 | task=2615 | pid=4762 | time=2026-07-30 19:37:19
FINISH | job=2600/100000 | task=2599 | pid=99483 | status=COMPLETED | exit=0 | runtime=00:11:34 | time=2026-07-30 19:37:47
START | job=2617/100000 | task=2616 | pid=4965 | time=2026-07-30 19:37:47
FINISH | job=2612/100000 | task=2611 | pid=3396 | status=COMPLETED | exit=0 | runtime=00:03:58 | time=2026-07-30 19:38:12
START | job=2618/100000 | task=2617 | pid=5157 | time=2026-07-30 19:38:12
FINISH | job=2616/100000 | task=2615 | pid=4762 | status=COMPLETED | exit=0 | runtime=00:00:56 | time=2026-07-30 19:38:15
START | job=2619/100000 | task=2618 | pid=5181 | time=2026-07-30 19:38:15
FINISH | job=2619/100000 | task=2618 | pid=5181 | status=COMPLETED | exit=0 | runtime=00:00:00 | time=2026-07-30 19:38:15
START | job=2620/100000 | task=2619 | pid=5187 | time=2026-07-30 19:38:15
FINISH | job=2617/100000 | task=2616 | pid=4965 | status=COMPLETED | exit=0 | runtime=00:00:43 | time=2026-07-30 19:38:30
START | job=2621/100000 | task=2620 | pid=5300 | time=2026-07-30 19:38:30
FINISH | job=2614/100000 | task=2613 | pid=3690 | status=COMPLETED | exit=0 | runtime=00:04:01 | time=2026-07-30 19:38:55
START | job=2622/100000 | task=2621 | pid=5492 | time=2026-07-30 19:38:55
FINISH | job=2622/100000 | task=2621 | pid=5492 | status=COMPLETED | exit=0 | runtime=00:00:47 | time=2026-07-30 19:39:42
START | job=2623/100000 | task=2622 | pid=5832 | time=2026-07-30 19:39:42
FINISH | job=2618/100000 | task=2617 | pid=5157 | status=COMPLETED | exit=0 | runtime=00:02:19 | time=2026-07-30 19:40:31
START | job=2624/100000 | task=2623 | pid=6204 | time=2026-07-30 19:40:31
FINISH | job=2624/100000 | task=2623 | pid=6204 | status=COMPLETED | exit=0 | runtime=00:00:04 | time=2026-07-30 19:40:36
START | job=2625/100000 | task=2624 | pid=6242 | time=2026-07-30 19:40:36
FINISH | job=2625/100000 | task=2624 | pid=6242 | status=COMPLETED | exit=0 | runtime=00:00:50 | time=2026-07-30 19:41:26
START | job=2626/100000 | task=2625 | pid=6607 | time=2026-07-30 19:41:26
FINISH | job=2626/100000 | task=2625 | pid=6607 | status=COMPLETED | exit=0 | runtime=00:00:15 | time=2026-07-30 19:41:41
START | job=2627/100000 | task=2626 | pid=6737 | time=2026-07-30 19:41:41
FINISH | job=2627/100000 | task=2626 | pid=6737 | status=COMPLETED | exit=0 | runtime=00:00:01 | time=2026-07-30 19:41:42
START | job=2628/100000 | task=2627 | pid=6743 | time=2026-07-30 19:41:42
FINISH | job=2628/100000 | task=2627 | pid=6743 | status=COMPLETED | exit=0 | runtime=00:00:01 | time=2026-07-30 19:41:43
START | job=2629/100000 | task=2628 | pid=6751 | time=2026-07-30 19:41:43
FINISH | job=2623/100000 | task=2622 | pid=5832 | status=COMPLETED | exit=0 | runtime=00:02:34 | time=2026-07-30 19:42:16
START | job=2630/100000 | task=2629 | pid=7008 | time=2026-07-30 19:42:16
FINISH | job=2602/100000 | task=2601 | pid=1191 | status=COMPLETED | exit=0 | runtime=00:13:45 | time=2026-07-30 19:43:07
START | job=2631/100000 | task=2630 | pid=7388 | time=2026-07-30 19:43:07
FINISH | job=2631/100000 | task=2630 | pid=7388 | status=COMPLETED | exit=0 | runtime=00:00:29 | time=2026-07-30 19:43:36
START | job=2632/100000 | task=2631 | pid=7593 | time=2026-07-30 19:43:36
FINISH | job=2632/100000 | task=2631 | pid=7593 | status=COMPLETED | exit=0 | runtime=00:00:18 | time=2026-07-30 19:43:54
START | job=2633/100000 | task=2632 | pid=7753 | time=2026-07-30 19:43:54
FINISH | job=2633/100000 | task=2632 | pid=7753 | status=COMPLETED | exit=0 | runtime=00:00:02 | time=2026-07-30 19:43:56
START | job=2634/100000 | task=2633 | pid=7776 | time=2026-07-30 19:43:56
FINISH | job=2634/100000 | task=2633 | pid=7776 | status=COMPLETED | exit=0 | runtime=00:00:28 | time=2026-07-30 19:44:24
START | job=2635/100000 | task=2634 | pid=7965 | time=2026-07-30 19:44:24
FINISH | job=2635/100000 | task=2634 | pid=7965 | status=COMPLETED | exit=0 | runtime=00:00:02 | time=2026-07-30 19:44:26
START | job=2636/100000 | task=2635 | pid=8003 | time=2026-07-30 19:44:26
FINISH | job=2636/100000 | task=2635 | pid=8003 | status=COMPLETED | exit=0 | runtime=00:00:16 | time=2026-07-30 19:44:42
START | job=2637/100000 | task=2636 | pid=8117 | time=2026-07-30 19:44:42
FINISH | job=2637/100000 | task=2636 | pid=8117 | status=COMPLETED | exit=0 | runtime=00:00:00 | time=2026-07-30 19:44:42
START | job=2638/100000 | task=2637 | pid=8123 | time=2026-07-30 19:44:42
FINISH | job=2613/100000 | task=2612 | pid=3482 | status=COMPLETED | exit=0 | runtime=00:13:16 | time=2026-07-30 19:47:40
START | job=2639/100000 | task=2638 | pid=9406 | time=2026-07-30 19:47:40
FINISH | job=2611/100000 | task=2610 | pid=3221 | status=COMPLETED | exit=0 | runtime=00:13:52 | time=2026-07-30 19:47:43
START | job=2640/100000 | task=2639 | pid=9429 | time=2026-07-30 19:47:43
FINISH | job=2640/100000 | task=2639 | pid=9429 | status=COMPLETED | exit=0 | runtime=00:00:27 | time=2026-07-30 19:48:10
START | job=2641/100000 | task=2640 | pid=9636 | time=2026-07-30 19:48:10
FINISH | job=2630/100000 | task=2629 | pid=7008 | status=COMPLETED | exit=0 | runtime=00:06:30 | time=2026-07-30 19:48:46
START | job=2642/100000 | task=2641 | pid=9896 | time=2026-07-30 19:48:46
FINISH | job=2641/100000 | task=2640 | pid=9636 | status=COMPLETED | exit=0 | runtime=00:02:33 | time=2026-07-30 19:50:43
START | job=2643/100000 | task=2642 | pid=10738 | time=2026-07-30 19:50:43
FINISH | job=2643/100000 | task=2642 | pid=10738 | status=COMPLETED | exit=0 | runtime=00:00:02 | time=2026-07-30 19:50:45
START | job=2644/100000 | task=2643 | pid=10761 | time=2026-07-30 19:50:45
FINISH | job=2644/100000 | task=2643 | pid=10761 | status=COMPLETED | exit=0 | runtime=00:00:01 | time=2026-07-30 19:50:46
START | job=2645/100000 | task=2644 | pid=10782 | time=2026-07-30 19:50:46
FINISH | job=2642/100000 | task=2641 | pid=9896 | status=COMPLETED | exit=0 | runtime=00:02:07 | time=2026-07-30 19:50:53
START | job=2646/100000 | task=2645 | pid=10835 | time=2026-07-30 19:50:53
FINISH | job=2621/100000 | task=2620 | pid=5300 | status=COMPLETED | exit=0 | runtime=00:12:38 | time=2026-07-30 19:51:08
START | job=2647/100000 | task=2646 | pid=10949 | time=2026-07-30 19:51:08
FINISH | job=2646/100000 | task=2645 | pid=10835 | status=COMPLETED | exit=0 | runtime=00:00:16 | time=2026-07-30 19:51:09
START | job=2648/100000 | task=2647 | pid=10955 | time=2026-07-30 19:51:09
FINISH | job=2620/100000 | task=2619 | pid=5187 | status=COMPLETED | exit=0 | runtime=00:14:31 | time=2026-07-30 19:52:46
START | job=2649/100000 | task=2648 | pid=11654 | time=2026-07-30 19:52:46
FINISH | job=2649/100000 | task=2648 | pid=11654 | status=COMPLETED | exit=0 | runtime=00:01:37 | time=2026-07-30 19:54:23
START | job=2650/100000 | task=2649 | pid=12369 | time=2026-07-30 19:54:23
FINISH | job=2645/100000 | task=2644 | pid=10782 | status=COMPLETED | exit=0 | runtime=00:04:45 | time=2026-07-30 19:55:31
START | job=2651/100000 | task=2650 | pid=12871 | time=2026-07-30 19:55:31
FINISH | job=2651/100000 | task=2650 | pid=12871 | status=COMPLETED | exit=0 | runtime=00:00:04 | time=2026-07-30 19:55:35
START | job=2652/100000 | task=2651 | pid=12909 | time=2026-07-30 19:55:35
FINISH | job=2652/100000 | task=2651 | pid=12909 | status=COMPLETED | exit=0 | runtime=00:01:13 | time=2026-07-30 19:56:48
START | job=2653/100000 | task=2652 | pid=13432 | time=2026-07-30 19:56:48
FINISH | job=2653/100000 | task=2652 | pid=13432 | status=COMPLETED | exit=0 | runtime=00:00:03 | time=2026-07-30 19:56:51
START | job=2654/100000 | task=2653 | pid=13455 | time=2026-07-30 19:56:51
FINISH | job=2654/100000 | task=2653 | pid=13455 | status=COMPLETED | exit=0 | runtime=00:00:00 | time=2026-07-30 19:56:51
START | job=2655/100000 | task=2654 | pid=13461 | time=2026-07-30 19:56:51
FINISH | job=2655/100000 | task=2654 | pid=13461 | status=COMPLETED | exit=0 | runtime=00:00:01 | time=2026-07-30 19:56:52
START | job=2656/100000 | task=2655 | pid=13482 | time=2026-07-30 19:56:52
FINISH | job=2638/100000 | task=2637 | pid=8123 | status=COMPLETED | exit=0 | runtime=00:13:22 | time=2026-07-30 19:58:04
FINISH | job=2650/100000 | task=2649 | pid=12369 | status=COMPLETED | exit=0 | runtime=00:03:41 | time=2026-07-30 19:58:04
START | job=2657/100000 | task=2656 | pid=14014 | time=2026-07-30 19:58:04
START | job=2658/100000 | task=2657 | pid=14020 | time=2026-07-30 19:58:04
FINISH | job=2658/100000 | task=2657 | pid=14020 | status=COMPLETED | exit=0 | runtime=00:01:04 | time=2026-07-30 19:59:08
START | job=2659/100000 | task=2658 | pid=14506 | time=2026-07-30 19:59:08
FINISH | job=2659/100000 | task=2658 | pid=14506 | status=COMPLETED | exit=0 | runtime=00:00:27 | time=2026-07-30 19:59:35
START | job=2660/100000 | task=2659 | pid=14713 | time=2026-07-30 19:59:35
FINISH | job=2660/100000 | task=2659 | pid=14713 | status=COMPLETED | exit=0 | runtime=00:00:17 | time=2026-07-30 19:59:52
START | job=2661/100000 | task=2660 | pid=14852 | time=2026-07-30 19:59:53
FINISH | job=2661/100000 | task=2660 | pid=14852 | status=COMPLETED | exit=0 | runtime=00:00:02 | time=2026-07-30 19:59:54
START | job=2662/100000 | task=2661 | pid=14860 | time=2026-07-30 19:59:54
FINISH | job=2639/100000 | task=2638 | pid=9406 | status=COMPLETED | exit=0 | runtime=00:12:43 | time=2026-07-30 20:00:23
START | job=2663/100000 | task=2662 | pid=15083 | time=2026-07-30 20:00:23
FINISH | job=2647/100000 | task=2646 | pid=10949 | status=COMPLETED | exit=0 | runtime=00:09:30 | time=2026-07-30 20:00:38
START | job=2664/100000 | task=2663 | pid=15203 | time=2026-07-30 20:00:38
FINISH | job=2663/100000 | task=2662 | pid=15083 | status=COMPLETED | exit=0 | runtime=00:00:16 | time=2026-07-30 20:00:39
START | job=2665/100000 | task=2664 | pid=15209 | time=2026-07-30 20:00:39
FINISH | job=2662/100000 | task=2661 | pid=14860 | status=COMPLETED | exit=0 | runtime=00:00:48 | time=2026-07-30 20:00:42
START | job=2666/100000 | task=2665 | pid=15248 | time=2026-07-30 20:00:42
FINISH | job=2629/100000 | task=2628 | pid=6751 | status=COMPLETED | exit=0 | runtime=00:19:42 | time=2026-07-30 20:01:25
START | job=2667/100000 | task=2666 | pid=15557 | time=2026-07-30 20:01:25
FINISH | job=2667/100000 | task=2666 | pid=15557 | status=COMPLETED | exit=0 | runtime=00:00:30 | time=2026-07-30 20:01:55
START | job=2668/100000 | task=2667 | pid=15779 | time=2026-07-30 20:01:55
FINISH | job=2668/100000 | task=2667 | pid=15779 | status=COMPLETED | exit=0 | runtime=00:00:11 | time=2026-07-30 20:02:06
START | job=2669/100000 | task=2668 | pid=15865 | time=2026-07-30 20:02:06
FINISH | job=2657/100000 | task=2656 | pid=14014 | status=COMPLETED | exit=0 | runtime=00:05:02 | time=2026-07-30 20:03:06
START | job=2670/100000 | task=2669 | pid=16302 | time=2026-07-30 20:03:06
FINISH | job=2670/100000 | task=2669 | pid=16302 | status=COMPLETED | exit=0 | runtime=00:00:01 | time=2026-07-30 20:03:07
START | job=2671/100000 | task=2670 | pid=16323 | time=2026-07-30 20:03:07
FINISH | job=2669/100000 | task=2668 | pid=15865 | status=COMPLETED | exit=0 | runtime=00:01:02 | time=2026-07-30 20:03:08
START | job=2672/100000 | task=2671 | pid=16331 | time=2026-07-30 20:03:08
FINISH | job=2671/100000 | task=2670 | pid=16323 | status=COMPLETED | exit=0 | runtime=00:00:02 | time=2026-07-30 20:03:09
START | job=2673/100000 | task=2672 | pid=16337 | time=2026-07-30 20:03:09
FINISH | job=2672/100000 | task=2671 | pid=16331 | status=COMPLETED | exit=0 | runtime=00:00:02 | time=2026-07-30 20:03:10
START | job=2674/100000 | task=2673 | pid=16358 | time=2026-07-30 20:03:10
FINISH | job=2673/100000 | task=2672 | pid=16337 | status=COMPLETED | exit=0 | runtime=00:00:16 | time=2026-07-30 20:03:25
START | job=2675/100000 | task=2674 | pid=16473 | time=2026-07-30 20:03:25
FINISH | job=2648/100000 | task=2647 | pid=10955 | status=COMPLETED | exit=0 | runtime=00:12:46 | time=2026-07-30 20:03:55
START | job=2676/100000 | task=2675 | pid=16709 | time=2026-07-30 20:03:55
FINISH | job=2676/100000 | task=2675 | pid=16709 | status=COMPLETED | exit=0 | runtime=00:00:14 | time=2026-07-30 20:04:09
START | job=2677/100000 | task=2676 | pid=16814 | time=2026-07-30 20:04:09
FINISH | job=2677/100000 | task=2676 | pid=16814 | status=COMPLETED | exit=0 | runtime=00:00:22 | time=2026-07-30 20:04:31
START | job=2678/100000 | task=2677 | pid=16978 | time=2026-07-30 20:04:31
FINISH | job=2678/100000 | task=2677 | pid=16978 | status=COMPLETED | exit=0 | runtime=00:00:06 | time=2026-07-30 20:04:37
START | job=2679/100000 | task=2678 | pid=17036 | time=2026-07-30 20:04:37
FINISH | job=2679/100000 | task=2678 | pid=17036 | status=COMPLETED | exit=0 | runtime=00:01:01 | time=2026-07-30 20:05:38
START | job=2680/100000 | task=2679 | pid=17483 | time=2026-07-30 20:05:38
FINISH | job=2680/100000 | task=2679 | pid=17483 | status=COMPLETED | exit=0 | runtime=00:00:16 | time=2026-07-30 20:05:54
START | job=2681/100000 | task=2680 | pid=17603 | time=2026-07-30 20:05:54
FINISH | job=2681/100000 | task=2680 | pid=17603 | status=COMPLETED | exit=0 | runtime=00:00:00 | time=2026-07-30 20:05:54
START | job=2682/100000 | task=2681 | pid=17609 | time=2026-07-30 20:05:54
FINISH | job=2682/100000 | task=2681 | pid=17609 | status=COMPLETED | exit=0 | runtime=00:00:00 | time=2026-07-30 20:05:54
START | job=2683/100000 | task=2682 | pid=17615 | time=2026-07-30 20:05:54
FINISH | job=2656/100000 | task=2655 | pid=13482 | status=COMPLETED | exit=0 | runtime=00:12:38 | time=2026-07-30 20:09:30
START | job=2684/100000 | task=2683 | pid=19160 | time=2026-07-30 20:09:30
FINISH | job=2666/100000 | task=2665 | pid=15248 | status=COMPLETED | exit=0 | runtime=00:09:23 | time=2026-07-30 20:10:05
START | job=2685/100000 | task=2684 | pid=19422 | time=2026-07-30 20:10:05
FINISH | job=2664/100000 | task=2663 | pid=15203 | status=COMPLETED | exit=0 | runtime=00:10:19 | time=2026-07-30 20:10:57
START | job=2686/100000 | task=2685 | pid=19799 | time=2026-07-30 20:10:57
FINISH | job=2686/100000 | task=2685 | pid=19799 | status=COMPLETED | exit=0 | runtime=00:00:11 | time=2026-07-30 20:11:08
START | job=2687/100000 | task=2686 | pid=19885 | time=2026-07-30 20:11:08
FINISH | job=2675/100000 | task=2674 | pid=16473 | status=COMPLETED | exit=0 | runtime=00:08:43 | time=2026-07-30 20:12:08
START | job=2688/100000 | task=2687 | pid=20333 | time=2026-07-30 20:12:08
FINISH | job=2688/100000 | task=2687 | pid=20333 | status=COMPLETED | exit=0 | runtime=00:00:28 | time=2026-07-30 20:12:36
START | job=2689/100000 | task=2688 | pid=20552 | time=2026-07-30 20:12:36
FINISH | job=2687/100000 | task=2686 | pid=19885 | status=COMPLETED | exit=0 | runtime=00:01:37 | time=2026-07-30 20:12:45
START | job=2690/100000 | task=2689 | pid=20622 | time=2026-07-30 20:12:45
FINISH | job=2689/100000 | task=2688 | pid=20552 | status=COMPLETED | exit=0 | runtime=00:00:44 | time=2026-07-30 20:13:20
START | job=2691/100000 | task=2690 | pid=20872 | time=2026-07-30 20:13:20
FINISH | job=2691/100000 | task=2690 | pid=20872 | status=COMPLETED | exit=0 | runtime=00:00:01 | time=2026-07-30 20:13:21
START | job=2692/100000 | task=2691 | pid=20893 | time=2026-07-30 20:13:21
FINISH | job=2665/100000 | task=2664 | pid=15209 | status=COMPLETED | exit=0 | runtime=00:13:56 | time=2026-07-30 20:14:35
START | job=2693/100000 | task=2692 | pid=21462 | time=2026-07-30 20:14:35
FINISH | job=2690/100000 | task=2689 | pid=20622 | status=COMPLETED | exit=0 | runtime=00:04:11 | time=2026-07-30 20:16:56
START | job=2694/100000 | task=2693 | pid=22467 | time=2026-07-30 20:16:56
FINISH | job=2674/100000 | task=2673 | pid=16358 | status=COMPLETED | exit=0 | runtime=00:15:23 | time=2026-07-30 20:18:33
START | job=2695/100000 | task=2694 | pid=23158 | time=2026-07-30 20:18:33
FINISH | job=2695/100000 | task=2694 | pid=23158 | status=COMPLETED | exit=0 | runtime=00:00:04 | time=2026-07-30 20:18:37
START | job=2696/100000 | task=2695 | pid=23196 | time=2026-07-30 20:18:37
FINISH | job=2683/100000 | task=2682 | pid=17615 | status=COMPLETED | exit=0 | runtime=00:13:52 | time=2026-07-30 20:19:46
START | job=2697/100000 | task=2696 | pid=23712 | time=2026-07-30 20:19:46
FINISH | job=2697/100000 | task=2696 | pid=23712 | status=COMPLETED | exit=0 | runtime=00:00:02 | time=2026-07-30 20:19:48
START | job=2698/100000 | task=2697 | pid=23745 | time=2026-07-30 20:19:48
FINISH | job=2698/100000 | task=2697 | pid=23745 | status=COMPLETED | exit=0 | runtime=00:00:03 | time=2026-07-30 20:19:51
START | job=2699/100000 | task=2698 | pid=23787 | time=2026-07-30 20:19:51
FINISH | job=2699/100000 | task=2698 | pid=23787 | status=COMPLETED | exit=0 | runtime=00:00:00 | time=2026-07-30 20:19:51
START | job=2700/100000 | task=2699 | pid=23793 | time=2026-07-30 20:19:51
START PROGRESS | 2700/100000 (2%)
FINISH | job=2700/100000 | task=2699 | pid=23793 | status=COMPLETED | exit=0 | runtime=00:00:01 | time=2026-07-30 20:19:52
START | job=2701/100000 | task=2700 | pid=23799 | time=2026-07-30 20:19:52
FINISH | job=2696/100000 | task=2695 | pid=23196 | status=COMPLETED | exit=0 | runtime=00:02:08 | time=2026-07-30 20:20:45
START | job=2702/100000 | task=2701 | pid=24186 | time=2026-07-30 20:20:45
FINISH | job=2684/100000 | task=2683 | pid=19160 | status=COMPLETED | exit=0 | runtime=00:12:40 | time=2026-07-30 20:22:10
START | job=2703/100000 | task=2702 | pid=24787 | time=2026-07-30 20:22:10
FINISH | job=2685/100000 | task=2684 | pid=19422 | status=COMPLETED | exit=0 | runtime=00:15:10 | time=2026-07-30 20:25:15
START | job=2704/100000 | task=2703 | pid=26133 | time=2026-07-30 20:25:15
FINISH | job=2704/100000 | task=2703 | pid=26133 | status=COMPLETED | exit=0 | runtime=00:00:17 | time=2026-07-30 20:25:32
START | job=2705/100000 | task=2704 | pid=26250 | time=2026-07-30 20:25:32
FINISH | job=2705/100000 | task=2704 | pid=26250 | status=COMPLETED | exit=0 | runtime=00:00:09 | time=2026-07-30 20:25:41
START | job=2706/100000 | task=2705 | pid=26337 | time=2026-07-30 20:25:41
FINISH | job=2706/100000 | task=2705 | pid=26337 | status=COMPLETED | exit=0 | runtime=00:00:02 | time=2026-07-30 20:25:43
START | job=2707/100000 | task=2706 | pid=26360 | time=2026-07-30 20:25:43
FINISH | job=2692/100000 | task=2691 | pid=20893 | status=COMPLETED | exit=0 | runtime=00:12:51 | time=2026-07-30 20:26:12
START | job=2708/100000 | task=2707 | pid=26565 | time=2026-07-30 20:26:12
FINISH | job=2708/100000 | task=2707 | pid=26565 | status=COMPLETED | exit=0 | runtime=00:00:01 | time=2026-07-30 20:26:13
START | job=2709/100000 | task=2708 | pid=26586 | time=2026-07-30 20:26:13
FINISH | job=2709/100000 | task=2708 | pid=26586 | status=COMPLETED | exit=0 | runtime=00:00:16 | time=2026-07-30 20:26:29
START | job=2710/100000 | task=2709 | pid=26704 | time=2026-07-30 20:26:29
FINISH | job=2707/100000 | task=2706 | pid=26360 | status=COMPLETED | exit=0 | runtime=00:00:53 | time=2026-07-30 20:26:36
START | job=2711/100000 | task=2710 | pid=26777 | time=2026-07-30 20:26:36
FINISH | job=2694/100000 | task=2693 | pid=22467 | status=COMPLETED | exit=0 | runtime=00:10:08 | time=2026-07-30 20:27:04
START | job=2712/100000 | task=2711 | pid=26977 | time=2026-07-30 20:27:04
FINISH | job=2693/100000 | task=2692 | pid=21462 | status=COMPLETED | exit=0 | runtime=00:12:43 | time=2026-07-30 20:27:18
START | job=2713/100000 | task=2712 | pid=27098 | time=2026-07-30 20:27:18
FINISH | job=2713/100000 | task=2712 | pid=27098 | status=COMPLETED | exit=0 | runtime=00:00:16 | time=2026-07-30 20:27:34
START | job=2714/100000 | task=2713 | pid=27250 | time=2026-07-30 20:27:34
FINISH | job=2702/100000 | task=2701 | pid=24186 | status=COMPLETED | exit=0 | runtime=00:07:09 | time=2026-07-30 20:27:54
START | job=2715/100000 | task=2714 | pid=27400 | time=2026-07-30 20:27:54
FINISH | job=2715/100000 | task=2714 | pid=27400 | status=COMPLETED | exit=0 | runtime=00:00:01 | time=2026-07-30 20:27:55
START | job=2716/100000 | task=2715 | pid=27408 | time=2026-07-30 20:27:55
FINISH | job=2716/100000 | task=2715 | pid=27408 | status=COMPLETED | exit=0 | runtime=00:00:01 | time=2026-07-30 20:27:56
START | job=2717/100000 | task=2716 | pid=27429 | time=2026-07-30 20:27:56
FINISH | job=2717/100000 | task=2716 | pid=27429 | status=COMPLETED | exit=0 | runtime=00:00:01 | time=2026-07-30 20:27:57
START | job=2718/100000 | task=2717 | pid=27435 | time=2026-07-30 20:27:57
FINISH | job=2718/100000 | task=2717 | pid=27435 | status=COMPLETED | exit=0 | runtime=00:00:01 | time=2026-07-30 20:27:58
START | job=2719/100000 | task=2718 | pid=27456 | time=2026-07-30 20:27:58
FINISH | job=2712/100000 | task=2711 | pid=26977 | status=COMPLETED | exit=0 | runtime=00:01:27 | time=2026-07-30 20:28:31
START | job=2720/100000 | task=2719 | pid=27700 | time=2026-07-30 20:28:31
FINISH | job=2714/100000 | task=2713 | pid=27250 | status=COMPLETED | exit=0 | runtime=00:01:01 | time=2026-07-30 20:28:35
START | job=2721/100000 | task=2720 | pid=27739 | time=2026-07-30 20:28:35
FINISH | job=2721/100000 | task=2720 | pid=27739 | status=COMPLETED | exit=0 | runtime=00:00:17 | time=2026-07-30 20:28:52
START | job=2722/100000 | task=2721 | pid=27868 | time=2026-07-30 20:28:52
FINISH | job=2722/100000 | task=2721 | pid=27868 | status=COMPLETED | exit=0 | runtime=00:04:06 | time=2026-07-30 20:32:58
START | job=2723/100000 | task=2722 | pid=29647 | time=2026-07-30 20:32:58
FINISH | job=2711/100000 | task=2710 | pid=26777 | status=COMPLETED | exit=0 | runtime=00:07:09 | time=2026-07-30 20:33:45
START | job=2724/100000 | task=2723 | pid=29976 | time=2026-07-30 20:33:45
FINISH | job=2724/100000 | task=2723 | pid=29976 | status=COMPLETED | exit=0 | runtime=00:00:53 | time=2026-07-30 20:34:38
START | job=2725/100000 | task=2724 | pid=30393 | time=2026-07-30 20:34:38
FINISH | job=2725/100000 | task=2724 | pid=30393 | status=COMPLETED | exit=0 | runtime=00:00:02 | time=2026-07-30 20:34:40
START | job=2726/100000 | task=2725 | pid=30416 | time=2026-07-30 20:34:40
FINISH | job=2726/100000 | task=2725 | pid=30416 | status=COMPLETED | exit=0 | runtime=00:00:01 | time=2026-07-30 20:34:41
START | job=2727/100000 | task=2726 | pid=30437 | time=2026-07-30 20:34:41
FINISH | job=2727/100000 | task=2726 | pid=30437 | status=COMPLETED | exit=0 | runtime=00:00:00 | time=2026-07-30 20:34:41
START | job=2728/100000 | task=2727 | pid=30443 | time=2026-07-30 20:34:41
FINISH | job=2723/100000 | task=2722 | pid=29647 | status=COMPLETED | exit=0 | runtime=00:01:49 | time=2026-07-30 20:34:47
START | job=2729/100000 | task=2728 | pid=30484 | time=2026-07-30 20:34:47
FINISH | job=2701/100000 | task=2700 | pid=23799 | status=COMPLETED | exit=0 | runtime=00:15:02 | time=2026-07-30 20:34:54
START | job=2730/100000 | task=2729 | pid=30561 | time=2026-07-30 20:34:54
FINISH | job=2730/100000 | task=2729 | pid=30561 | status=COMPLETED | exit=0 | runtime=00:01:03 | time=2026-07-30 20:35:57
START | job=2731/100000 | task=2730 | pid=31023 | time=2026-07-30 20:35:57
FINISH | job=2703/100000 | task=2702 | pid=24787 | status=COMPLETED | exit=0 | runtime=00:13:49 | time=2026-07-30 20:35:59
START | job=2732/100000 | task=2731 | pid=31047 | time=2026-07-30 20:35:59
FINISH | job=2731/100000 | task=2730 | pid=31023 | status=COMPLETED | exit=0 | runtime=00:00:06 | time=2026-07-30 20:36:03
START | job=2733/100000 | task=2732 | pid=31085 | time=2026-07-30 20:36:03
FINISH | job=2733/100000 | task=2732 | pid=31085 | status=COMPLETED | exit=0 | runtime=00:01:05 | time=2026-07-30 20:37:08
START | job=2734/100000 | task=2733 | pid=31552 | time=2026-07-30 20:37:08
FINISH | job=2734/100000 | task=2733 | pid=31552 | status=COMPLETED | exit=0 | runtime=00:00:01 | time=2026-07-30 20:37:09
START | job=2735/100000 | task=2734 | pid=31575 | time=2026-07-30 20:37:09
FINISH | job=2732/100000 | task=2731 | pid=31047 | status=COMPLETED | exit=0 | runtime=00:02:10 | time=2026-07-30 20:38:09
START | job=2736/100000 | task=2735 | pid=32008 | time=2026-07-30 20:38:09
FINISH | job=2736/100000 | task=2735 | pid=32008 | status=COMPLETED | exit=0 | runtime=00:00:01 | time=2026-07-30 20:38:10
START | job=2737/100000 | task=2736 | pid=32014 | time=2026-07-30 20:38:10
FINISH | job=2710/100000 | task=2709 | pid=26704 | status=COMPLETED | exit=0 | runtime=00:12:47 | time=2026-07-30 20:39:16
START | job=2738/100000 | task=2737 | pid=32492 | time=2026-07-30 20:39:16
FINISH | job=2719/100000 | task=2718 | pid=27456 | status=COMPLETED | exit=0 | runtime=00:12:40 | time=2026-07-30 20:40:38
START | job=2739/100000 | task=2738 | pid=33083 | time=2026-07-30 20:40:38
FINISH | job=2735/100000 | task=2734 | pid=31575 | status=COMPLETED | exit=0 | runtime=00:05:31 | time=2026-07-30 20:42:40
START | job=2740/100000 | task=2739 | pid=33974 | time=2026-07-30 20:42:40
FINISH | job=2740/100000 | task=2739 | pid=33974 | status=COMPLETED | exit=0 | runtime=00:00:10 | time=2026-07-30 20:42:50
START | job=2741/100000 | task=2740 | pid=34059 | time=2026-07-30 20:42:50
FINISH | job=2741/100000 | task=2740 | pid=34059 | status=COMPLETED | exit=0 | runtime=00:00:04 | time=2026-07-30 20:42:54
START | job=2742/100000 | task=2741 | pid=34088 | time=2026-07-30 20:42:54
FINISH | job=2742/100000 | task=2741 | pid=34088 | status=COMPLETED | exit=0 | runtime=00:00:01 | time=2026-07-30 20:42:55
START | job=2743/100000 | task=2742 | pid=34104 | time=2026-07-30 20:42:55
FINISH | job=2743/100000 | task=2742 | pid=34104 | status=COMPLETED | exit=0 | runtime=00:00:15 | time=2026-07-30 20:43:10
START | job=2744/100000 | task=2743 | pid=34220 | time=2026-07-30 20:43:10
FINISH | job=2738/100000 | task=2737 | pid=32492 | status=COMPLETED | exit=0 | runtime=00:04:12 | time=2026-07-30 20:43:28
START | job=2745/100000 | task=2744 | pid=34367 | time=2026-07-30 20:43:28
FINISH | job=2745/100000 | task=2744 | pid=34367 | status=COMPLETED | exit=0 | runtime=00:00:16 | time=2026-07-30 20:43:44
START | job=2746/100000 | task=2745 | pid=34485 | time=2026-07-30 20:43:44
FINISH | job=2744/100000 | task=2743 | pid=34220 | status=COMPLETED | exit=0 | runtime=00:00:52 | time=2026-07-30 20:44:02
START | job=2747/100000 | task=2746 | pid=34623 | time=2026-07-30 20:44:02
FINISH | job=2720/100000 | task=2719 | pid=27700 | status=COMPLETED | exit=0 | runtime=00:16:10 | time=2026-07-30 20:44:41
START | job=2748/100000 | task=2747 | pid=34924 | time=2026-07-30 20:44:41
FINISH | job=2748/100000 | task=2747 | pid=34924 | status=COMPLETED | exit=0 | runtime=00:01:14 | time=2026-07-30 20:45:55
START | job=2749/100000 | task=2748 | pid=35451 | time=2026-07-30 20:45:55
FINISH | job=2728/100000 | task=2727 | pid=30443 | status=COMPLETED | exit=0 | runtime=00:12:37 | time=2026-07-30 20:47:18
START | job=2750/100000 | task=2749 | pid=36067 | time=2026-07-30 20:47:18
FINISH | job=2729/100000 | task=2728 | pid=30484 | status=COMPLETED | exit=0 | runtime=00:12:37 | time=2026-07-30 20:47:24
START | job=2751/100000 | task=2750 | pid=36124 | time=2026-07-30 20:47:24
FINISH | job=2751/100000 | task=2750 | pid=36124 | status=COMPLETED | exit=0 | runtime=00:00:01 | time=2026-07-30 20:47:25
START | job=2752/100000 | task=2751 | pid=36130 | time=2026-07-30 20:47:25
FINISH | job=2750/100000 | task=2749 | pid=36067 | status=COMPLETED | exit=0 | runtime=00:00:08 | time=2026-07-30 20:47:26
START | job=2753/100000 | task=2752 | pid=36136 | time=2026-07-30 20:47:26
FINISH | job=2752/100000 | task=2751 | pid=36130 | status=COMPLETED | exit=0 | runtime=00:00:01 | time=2026-07-30 20:47:26
START | job=2754/100000 | task=2753 | pid=36157 | time=2026-07-30 20:47:26
FINISH | job=2754/100000 | task=2753 | pid=36157 | status=COMPLETED | exit=0 | runtime=00:00:16 | time=2026-07-30 20:47:42
START | job=2755/100000 | task=2754 | pid=36279 | time=2026-07-30 20:47:42
FINISH | job=2753/100000 | task=2752 | pid=36136 | status=COMPLETED | exit=0 | runtime=00:00:43 | time=2026-07-30 20:48:09
START | job=2756/100000 | task=2755 | pid=36473 | time=2026-07-30 20:48:09
FINISH | job=2749/100000 | task=2748 | pid=35451 | status=COMPLETED | exit=0 | runtime=00:04:19 | time=2026-07-30 20:50:14
START | job=2757/100000 | task=2756 | pid=37380 | time=2026-07-30 20:50:14
FINISH | job=2739/100000 | task=2738 | pid=33083 | status=COMPLETED | exit=0 | runtime=00:10:09 | time=2026-07-30 20:50:47
START | job=2758/100000 | task=2757 | pid=37618 | time=2026-07-30 20:50:47
FINISH | job=2737/100000 | task=2736 | pid=32014 | status=COMPLETED | exit=0 | runtime=00:13:07 | time=2026-07-30 20:51:17
START | job=2759/100000 | task=2758 | pid=37843 | time=2026-07-30 20:51:17
FINISH | job=2757/100000 | task=2756 | pid=37380 | status=COMPLETED | exit=0 | runtime=00:01:08 | time=2026-07-30 20:51:22
START | job=2760/100000 | task=2759 | pid=37897 | time=2026-07-30 20:51:22
FINISH | job=2760/100000 | task=2759 | pid=37897 | status=COMPLETED | exit=0 | runtime=00:00:04 | time=2026-07-30 20:51:26
START | job=2761/100000 | task=2760 | pid=37920 | time=2026-07-30 20:51:26
FINISH | job=2761/100000 | task=2760 | pid=37920 | status=COMPLETED | exit=0 | runtime=00:00:01 | time=2026-07-30 20:51:27
START | job=2762/100000 | task=2761 | pid=37941 | time=2026-07-30 20:51:27
FINISH | job=2762/100000 | task=2761 | pid=37941 | status=COMPLETED | exit=0 | runtime=00:00:01 | time=2026-07-30 20:51:28
START | job=2763/100000 | task=2762 | pid=37947 | time=2026-07-30 20:51:28
FINISH | job=2763/100000 | task=2762 | pid=37947 | status=COMPLETED | exit=0 | runtime=00:00:10 | time=2026-07-30 20:51:38
START | job=2764/100000 | task=2763 | pid=38032 | time=2026-07-30 20:51:38
FINISH | job=2759/100000 | task=2758 | pid=37843 | status=COMPLETED | exit=0 | runtime=00:01:01 | time=2026-07-30 20:52:18
START | job=2765/100000 | task=2764 | pid=38347 | time=2026-07-30 20:52:18
FINISH | job=2758/100000 | task=2757 | pid=37618 | status=COMPLETED | exit=0 | runtime=00:04:07 | time=2026-07-30 20:54:54
START | job=2766/100000 | task=2765 | pid=39447 | time=2026-07-30 20:54:54
FINISH | job=2765/100000 | task=2764 | pid=38347 | status=COMPLETED | exit=0 | runtime=00:03:15 | time=2026-07-30 20:55:33
START | job=2767/100000 | task=2766 | pid=39742 | time=2026-07-30 20:55:33
FINISH | job=2766/100000 | task=2765 | pid=39447 | status=COMPLETED | exit=0 | runtime=00:01:19 | time=2026-07-30 20:56:13
START | job=2768/100000 | task=2767 | pid=40026 | time=2026-07-30 20:56:13
FINISH | job=2746/100000 | task=2745 | pid=34485 | status=COMPLETED | exit=0 | runtime=00:12:53 | time=2026-07-30 20:56:37
START | job=2769/100000 | task=2768 | pid=40203 | time=2026-07-30 20:56:37
FINISH | job=2747/100000 | task=2746 | pid=34623 | status=COMPLETED | exit=0 | runtime=00:12:40 | time=2026-07-30 20:56:42
START | job=2770/100000 | task=2769 | pid=40258 | time=2026-07-30 20:56:42
FINISH | job=2770/100000 | task=2769 | pid=40258 | status=COMPLETED | exit=0 | runtime=00:00:01 | time=2026-07-30 20:56:43
START | job=2771/100000 | task=2770 | pid=40265 | time=2026-07-30 20:56:43
FINISH | job=2769/100000 | task=2768 | pid=40203 | status=COMPLETED | exit=0 | runtime=00:00:28 | time=2026-07-30 20:57:05
START | job=2772/100000 | task=2771 | pid=40464 | time=2026-07-30 20:57:05
FINISH | job=2772/100000 | task=2771 | pid=40464 | status=COMPLETED | exit=0 | runtime=00:00:00 | time=2026-07-30 20:57:05
START | job=2773/100000 | task=2772 | pid=40485 | time=2026-07-30 20:57:05
FINISH | job=2767/100000 | task=2766 | pid=39742 | status=COMPLETED | exit=0 | runtime=00:02:33 | time=2026-07-30 20:58:06
START | job=2774/100000 | task=2773 | pid=40952 | time=2026-07-30 20:58:07
FINISH | job=2768/100000 | task=2767 | pid=40026 | status=COMPLETED | exit=0 | runtime=00:02:11 | time=2026-07-30 20:58:24
START | job=2775/100000 | task=2774 | pid=41085 | time=2026-07-30 20:58:24
FINISH | job=2771/100000 | task=2770 | pid=40265 | status=COMPLETED | exit=0 | runtime=00:02:11 | time=2026-07-30 20:58:54
START | job=2776/100000 | task=2775 | pid=41311 | time=2026-07-30 20:58:54
FINISH | job=2756/100000 | task=2755 | pid=36473 | status=COMPLETED | exit=0 | runtime=00:12:36 | time=2026-07-30 21:00:45
START | job=2777/100000 | task=2776 | pid=42155 | time=2026-07-30 21:00:45
FINISH | job=2777/100000 | task=2776 | pid=42155 | status=COMPLETED | exit=0 | runtime=00:00:03 | time=2026-07-30 21:00:48
START | job=2778/100000 | task=2777 | pid=42181 | time=2026-07-30 21:00:48
FINISH | job=2778/100000 | task=2777 | pid=42181 | status=COMPLETED | exit=0 | runtime=00:00:01 | time=2026-07-30 21:00:49
START | job=2779/100000 | task=2778 | pid=42203 | time=2026-07-30 21:00:49
FINISH | job=2779/100000 | task=2778 | pid=42203 | status=COMPLETED | exit=0 | runtime=00:00:15 | time=2026-07-30 21:01:04
START | job=2780/100000 | task=2779 | pid=42321 | time=2026-07-30 21:01:04
FINISH | job=2780/100000 | task=2779 | pid=42321 | status=COMPLETED | exit=0 | runtime=00:00:12 | time=2026-07-30 21:01:16
START | job=2781/100000 | task=2780 | pid=42408 | time=2026-07-30 21:01:16
FINISH | job=2781/100000 | task=2780 | pid=42408 | status=COMPLETED | exit=0 | runtime=00:00:00 | time=2026-07-30 21:01:16
START | job=2782/100000 | task=2781 | pid=42429 | time=2026-07-30 21:01:17
FINISH | job=2774/100000 | task=2773 | pid=40952 | status=COMPLETED | exit=0 | runtime=00:03:15 | time=2026-07-30 21:01:22
START | job=2783/100000 | task=2782 | pid=42474 | time=2026-07-30 21:01:22
FINISH | job=2755/100000 | task=2754 | pid=36279 | status=COMPLETED | exit=0 | runtime=00:13:41 | time=2026-07-30 21:01:23
START | job=2784/100000 | task=2783 | pid=42495 | time=2026-07-30 21:01:23
FINISH | job=2776/100000 | task=2775 | pid=41311 | status=COMPLETED | exit=0 | runtime=00:02:32 | time=2026-07-30 21:01:26
START | job=2785/100000 | task=2784 | pid=42516 | time=2026-07-30 21:01:26
FINISH | job=2764/100000 | task=2763 | pid=38032 | status=COMPLETED | exit=0 | runtime=00:12:42 | time=2026-07-30 21:04:20
START | job=2786/100000 | task=2785 | pid=43782 | time=2026-07-30 21:04:20
FINISH | job=2786/100000 | task=2785 | pid=43782 | status=COMPLETED | exit=0 | runtime=00:00:06 | time=2026-07-30 21:04:26
START | job=2787/100000 | task=2786 | pid=43835 | time=2026-07-30 21:04:26
FINISH | job=2787/100000 | task=2786 | pid=43835 | status=COMPLETED | exit=0 | runtime=00:01:04 | time=2026-07-30 21:05:30
START | job=2788/100000 | task=2787 | pid=44309 | time=2026-07-30 21:05:30
FINISH | job=2785/100000 | task=2784 | pid=42516 | status=COMPLETED | exit=0 | runtime=00:04:13 | time=2026-07-30 21:05:39
START | job=2789/100000 | task=2788 | pid=44379 | time=2026-07-30 21:05:39
FINISH | job=2789/100000 | task=2788 | pid=44379 | status=COMPLETED | exit=0 | runtime=00:00:03 | time=2026-07-30 21:05:42
START | job=2790/100000 | task=2789 | pid=44403 | time=2026-07-30 21:05:42
FINISH | job=2790/100000 | task=2789 | pid=44403 | status=COMPLETED | exit=0 | runtime=00:00:00 | time=2026-07-30 21:05:42
START | job=2791/100000 | task=2790 | pid=44424 | time=2026-07-30 21:05:42
FINISH | job=2788/100000 | task=2787 | pid=44309 | status=COMPLETED | exit=0 | runtime=00:00:36 | time=2026-07-30 21:06:06
START | job=2792/100000 | task=2791 | pid=44608 | time=2026-07-30 21:06:06
FINISH | job=2782/100000 | task=2781 | pid=42429 | status=COMPLETED | exit=0 | runtime=00:07:57 | time=2026-07-30 21:09:14
START | job=2793/100000 | task=2792 | pid=45985 | time=2026-07-30 21:09:14
FINISH | job=2773/100000 | task=2772 | pid=40485 | status=COMPLETED | exit=0 | runtime=00:12:59 | time=2026-07-30 21:10:04
START | job=2794/100000 | task=2793 | pid=46348 | time=2026-07-30 21:10:04
FINISH | job=2784/100000 | task=2783 | pid=42495 | status=COMPLETED | exit=0 | runtime=00:10:08 | time=2026-07-30 21:11:31
START | job=2795/100000 | task=2794 | pid=46967 | time=2026-07-30 21:11:31
FINISH | job=2795/100000 | task=2794 | pid=46967 | status=COMPLETED | exit=0 | runtime=00:00:02 | time=2026-07-30 21:11:33
START | job=2796/100000 | task=2795 | pid=46990 | time=2026-07-30 21:11:33
FINISH | job=2796/100000 | task=2795 | pid=46990 | status=COMPLETED | exit=0 | runtime=00:01:02 | time=2026-07-30 21:12:35
START | job=2797/100000 | task=2796 | pid=47450 | time=2026-07-30 21:12:35
FINISH | job=2797/100000 | task=2796 | pid=47450 | status=COMPLETED | exit=0 | runtime=00:00:06 | time=2026-07-30 21:12:41
START | job=2798/100000 | task=2797 | pid=47507 | time=2026-07-30 21:12:41
FINISH | job=2775/100000 | task=2774 | pid=41085 | status=COMPLETED | exit=0 | runtime=00:14:23 | time=2026-07-30 21:12:47
START | job=2799/100000 | task=2798 | pid=47562 | time=2026-07-30 21:12:47
FINISH | job=2798/100000 | task=2797 | pid=47507 | status=COMPLETED | exit=0 | runtime=00:00:15 | time=2026-07-30 21:12:56
START | job=2800/100000 | task=2799 | pid=47635 | time=2026-07-30 21:12:56
START PROGRESS | 2800/100000 (2%)
FINISH | job=2799/100000 | task=2798 | pid=47562 | status=COMPLETED | exit=0 | runtime=00:00:15 | time=2026-07-30 21:13:02
START | job=2801/100000 | task=2800 | pid=47691 | time=2026-07-30 21:13:02
FINISH | job=2783/100000 | task=2782 | pid=42474 | status=COMPLETED | exit=0 | runtime=00:12:50 | time=2026-07-30 21:14:12
START | job=2802/100000 | task=2801 | pid=48212 | time=2026-07-30 21:14:12
FINISH | job=2794/100000 | task=2793 | pid=46348 | status=COMPLETED | exit=0 | runtime=00:06:49 | time=2026-07-30 21:16:53
START | job=2803/100000 | task=2802 | pid=49378 | time=2026-07-30 21:16:53
FINISH | job=2801/100000 | task=2800 | pid=47691 | status=COMPLETED | exit=0 | runtime=00:03:59 | time=2026-07-30 21:17:01
START | job=2804/100000 | task=2803 | pid=49433 | time=2026-07-30 21:17:01
FINISH | job=2793/100000 | task=2792 | pid=45985 | status=COMPLETED | exit=0 | runtime=00:08:20 | time=2026-07-30 21:17:34
START | job=2805/100000 | task=2804 | pid=49682 | time=2026-07-30 21:17:34
FINISH | job=2805/100000 | task=2804 | pid=49682 | status=COMPLETED | exit=0 | runtime=00:01:05 | time=2026-07-30 21:18:39
START | job=2806/100000 | task=2805 | pid=50154 | time=2026-07-30 21:18:39
FINISH | job=2806/100000 | task=2805 | pid=50154 | status=COMPLETED | exit=0 | runtime=00:00:16 | time=2026-07-30 21:18:55
START | job=2807/100000 | task=2806 | pid=50287 | time=2026-07-30 21:18:55
FINISH | job=2807/100000 | task=2806 | pid=50287 | status=COMPLETED | exit=0 | runtime=00:00:15 | time=2026-07-30 21:19:10
FINISH | job=2804/100000 | task=2803 | pid=49433 | status=COMPLETED | exit=0 | runtime=00:02:09 | time=2026-07-30 21:19:10
START | job=2808/100000 | task=2807 | pid=50427 | time=2026-07-30 21:19:10
START | job=2809/100000 | task=2808 | pid=50434 | time=2026-07-30 21:19:10
FINISH | job=2808/100000 | task=2807 | pid=50427 | status=COMPLETED | exit=0 | runtime=00:00:01 | time=2026-07-30 21:19:11
START | job=2810/100000 | task=2809 | pid=50440 | time=2026-07-30 21:19:11
FINISH | job=2791/100000 | task=2790 | pid=44424 | status=COMPLETED | exit=0 | runtime=00:13:31 | time=2026-07-30 21:19:13
START | job=2811/100000 | task=2810 | pid=50464 | time=2026-07-30 21:19:13
FINISH | job=2803/100000 | task=2802 | pid=49378 | status=COMPLETED | exit=0 | runtime=00:02:32 | time=2026-07-30 21:19:25
START | job=2812/100000 | task=2811 | pid=50565 | time=2026-07-30 21:19:25
FINISH | job=2812/100000 | task=2811 | pid=50565 | status=COMPLETED | exit=0 | runtime=00:00:06 | time=2026-07-30 21:19:31
START | job=2813/100000 | task=2812 | pid=50621 | time=2026-07-30 21:19:31
FINISH | job=2813/100000 | task=2812 | pid=50621 | status=COMPLETED | exit=0 | runtime=00:00:03 | time=2026-07-30 21:19:34
START | job=2814/100000 | task=2813 | pid=50644 | time=2026-07-30 21:19:34
FINISH | job=2814/100000 | task=2813 | pid=50644 | status=COMPLETED | exit=0 | runtime=00:01:05 | time=2026-07-30 21:20:39
START | job=2815/100000 | task=2814 | pid=51124 | time=2026-07-30 21:20:39
FINISH | job=2815/100000 | task=2814 | pid=51124 | status=COMPLETED | exit=0 | runtime=00:00:01 | time=2026-07-30 21:20:40
START | job=2816/100000 | task=2815 | pid=51145 | time=2026-07-30 21:20:40
FINISH | job=2816/100000 | task=2815 | pid=51145 | status=COMPLETED | exit=0 | runtime=00:00:15 | time=2026-07-30 21:20:55
START | job=2817/100000 | task=2816 | pid=51263 | time=2026-07-30 21:20:55
FINISH | job=2817/100000 | task=2816 | pid=51263 | status=COMPLETED | exit=0 | runtime=00:00:01 | time=2026-07-30 21:20:56
START | job=2818/100000 | task=2817 | pid=51269 | time=2026-07-30 21:20:56
FINISH | job=2802/100000 | task=2801 | pid=48212 | status=COMPLETED | exit=0 | runtime=00:10:16 | time=2026-07-30 21:24:28
START | job=2819/100000 | task=2818 | pid=52793 | time=2026-07-30 21:24:28
FINISH | job=2800/100000 | task=2799 | pid=47635 | status=COMPLETED | exit=0 | runtime=00:13:15 | time=2026-07-30 21:26:11
START | job=2820/100000 | task=2819 | pid=53540 | time=2026-07-30 21:26:11
FINISH | job=2792/100000 | task=2791 | pid=44608 | status=COMPLETED | exit=0 | runtime=00:22:21 | time=2026-07-30 21:28:27
START | job=2821/100000 | task=2820 | pid=54535 | time=2026-07-30 21:28:28
FINISH | job=2809/100000 | task=2808 | pid=50434 | status=COMPLETED | exit=0 | runtime=00:12:48 | time=2026-07-30 21:31:58
START | job=2822/100000 | task=2821 | pid=56053 | time=2026-07-30 21:31:58
FINISH | job=2810/100000 | task=2809 | pid=50440 | status=COMPLETED | exit=0 | runtime=00:12:59 | time=2026-07-30 21:32:10
START | job=2823/100000 | task=2822 | pid=56153 | time=2026-07-30 21:32:10
FINISH | job=2823/100000 | task=2822 | pid=56153 | status=COMPLETED | exit=0 | runtime=00:00:00 | time=2026-07-30 21:32:10
START | job=2824/100000 | task=2823 | pid=56159 | time=2026-07-30 21:32:10
FINISH | job=2824/100000 | task=2823 | pid=56159 | status=COMPLETED | exit=0 | runtime=00:00:00 | time=2026-07-30 21:32:10
START | job=2825/100000 | task=2824 | pid=56165 | time=2026-07-30 21:32:11
FINISH | job=2825/100000 | task=2824 | pid=56165 | status=COMPLETED | exit=0 | runtime=00:00:00 | time=2026-07-30 21:32:11
START | job=2826/100000 | task=2825 | pid=56173 | time=2026-07-30 21:32:11
FINISH | job=2826/100000 | task=2825 | pid=56173 | status=COMPLETED | exit=0 | runtime=00:00:16 | time=2026-07-30 21:32:27
START | job=2827/100000 | task=2826 | pid=56305 | time=2026-07-30 21:32:27
FINISH | job=2821/100000 | task=2820 | pid=54535 | status=COMPLETED | exit=0 | runtime=00:04:00 | time=2026-07-30 21:32:28
START | job=2828/100000 | task=2827 | pid=56313 | time=2026-07-30 21:32:29
FINISH | job=2811/100000 | task=2810 | pid=50464 | status=COMPLETED | exit=0 | runtime=00:13:24 | time=2026-07-30 21:32:37
START | job=2829/100000 | task=2828 | pid=56381 | time=2026-07-30 21:32:37
FINISH | job=2822/100000 | task=2821 | pid=56053 | status=COMPLETED | exit=0 | runtime=00:01:00 | time=2026-07-30 21:32:58
START | job=2830/100000 | task=2829 | pid=56542 | time=2026-07-30 21:32:58
FINISH | job=2818/100000 | task=2817 | pid=51269 | status=COMPLETED | exit=0 | runtime=00:13:01 | time=2026-07-30 21:33:57
START | job=2831/100000 | task=2830 | pid=56977 | time=2026-07-30 21:33:57
FINISH | job=2831/100000 | task=2830 | pid=56977 | status=COMPLETED | exit=0 | runtime=00:00:01 | time=2026-07-30 21:33:58
START | job=2832/100000 | task=2831 | pid=56985 | time=2026-07-30 21:33:58
FINISH | job=2832/100000 | task=2831 | pid=56985 | status=COMPLETED | exit=0 | runtime=00:00:52 | time=2026-07-30 21:34:50
START | job=2833/100000 | task=2832 | pid=57419 | time=2026-07-30 21:34:50
FINISH | job=2833/100000 | task=2832 | pid=57419 | status=COMPLETED | exit=0 | runtime=00:00:01 | time=2026-07-30 21:34:51
START | job=2834/100000 | task=2833 | pid=57425 | time=2026-07-30 21:34:51
FINISH | job=2834/100000 | task=2833 | pid=57425 | status=COMPLETED | exit=0 | runtime=00:00:01 | time=2026-07-30 21:34:52
START | job=2835/100000 | task=2834 | pid=57433 | time=2026-07-30 21:34:52
FINISH | job=2835/100000 | task=2834 | pid=57433 | status=COMPLETED | exit=0 | runtime=00:00:00 | time=2026-07-30 21:34:52
START | job=2836/100000 | task=2835 | pid=57455 | time=2026-07-30 21:34:52
FINISH | job=2830/100000 | task=2829 | pid=56542 | status=COMPLETED | exit=0 | runtime=00:03:32 | time=2026-07-30 21:36:30
START | job=2837/100000 | task=2836 | pid=58151 | time=2026-07-30 21:36:30
FINISH | job=2819/100000 | task=2818 | pid=52793 | status=COMPLETED | exit=0 | runtime=00:12:49 | time=2026-07-30 21:37:17
START | job=2838/100000 | task=2837 | pid=58496 | time=2026-07-30 21:37:17
FINISH | job=2838/100000 | task=2837 | pid=58496 | status=COMPLETED | exit=0 | runtime=00:00:45 | time=2026-07-30 21:38:02
START | job=2839/100000 | task=2838 | pid=58822 | time=2026-07-30 21:38:02
FINISH | job=2839/100000 | task=2838 | pid=58822 | status=COMPLETED | exit=0 | runtime=00:00:19 | time=2026-07-30 21:38:21
START | job=2840/100000 | task=2839 | pid=58970 | time=2026-07-30 21:38:21
FINISH | job=2840/100000 | task=2839 | pid=58970 | status=COMPLETED | exit=0 | runtime=00:01:02 | time=2026-07-30 21:39:23
START | job=2841/100000 | task=2840 | pid=59426 | time=2026-07-30 21:39:23
FINISH | job=2841/100000 | task=2840 | pid=59426 | status=COMPLETED | exit=0 | runtime=00:00:17 | time=2026-07-30 21:39:40
START | job=2842/100000 | task=2841 | pid=59556 | time=2026-07-30 21:39:40
FINISH | job=2842/100000 | task=2841 | pid=59556 | status=COMPLETED | exit=0 | runtime=00:00:15 | time=2026-07-30 21:39:55
START | job=2843/100000 | task=2842 | pid=59688 | time=2026-07-30 21:39:55
FINISH | job=2843/100000 | task=2842 | pid=59688 | status=COMPLETED | exit=0 | runtime=00:00:01 | time=2026-07-30 21:39:56
START | job=2844/100000 | task=2843 | pid=59697 | time=2026-07-30 21:39:56
FINISH | job=2844/100000 | task=2843 | pid=59697 | status=COMPLETED | exit=0 | runtime=00:00:00 | time=2026-07-30 21:39:56
START | job=2845/100000 | task=2844 | pid=59705 | time=2026-07-30 21:39:56
FINISH | job=2837/100000 | task=2836 | pid=58151 | status=COMPLETED | exit=0 | runtime=00:03:47 | time=2026-07-30 21:40:17
START | job=2846/100000 | task=2845 | pid=59890 | time=2026-07-30 21:40:17
FINISH | job=2820/100000 | task=2819 | pid=53540 | status=COMPLETED | exit=0 | runtime=00:14:36 | time=2026-07-30 21:40:47
START | job=2847/100000 | task=2846 | pid=60119 | time=2026-07-30 21:40:47
FINISH | job=2847/100000 | task=2846 | pid=60119 | status=COMPLETED | exit=0 | runtime=00:00:31 | time=2026-07-30 21:41:18
START | job=2848/100000 | task=2847 | pid=60345 | time=2026-07-30 21:41:18
FINISH | job=2848/100000 | task=2847 | pid=60345 | status=COMPLETED | exit=0 | runtime=00:00:18 | time=2026-07-30 21:41:36
START | job=2849/100000 | task=2848 | pid=60495 | time=2026-07-30 21:41:36
FINISH | job=2849/100000 | task=2848 | pid=60495 | status=COMPLETED | exit=0 | runtime=00:00:04 | time=2026-07-30 21:41:40
START | job=2850/100000 | task=2849 | pid=60533 | time=2026-07-30 21:41:40
FINISH | job=2850/100000 | task=2849 | pid=60533 | status=COMPLETED | exit=0 | runtime=00:00:02 | time=2026-07-30 21:41:42
START | job=2851/100000 | task=2850 | pid=60556 | time=2026-07-30 21:41:42
FINISH | job=2851/100000 | task=2850 | pid=60556 | status=COMPLETED | exit=0 | runtime=00:00:25 | time=2026-07-30 21:42:07
START | job=2852/100000 | task=2851 | pid=60754 | time=2026-07-30 21:42:07
FINISH | job=2852/100000 | task=2851 | pid=60754 | status=COMPLETED | exit=0 | runtime=00:00:01 | time=2026-07-30 21:42:08
START | job=2853/100000 | task=2852 | pid=60760 | time=2026-07-30 21:42:08
FINISH | job=2853/100000 | task=2852 | pid=60760 | status=COMPLETED | exit=0 | runtime=00:01:13 | time=2026-07-30 21:43:21
START | job=2854/100000 | task=2853 | pid=61286 | time=2026-07-30 21:43:21
FINISH | job=2828/100000 | task=2827 | pid=56313 | status=COMPLETED | exit=0 | runtime=00:12:42 | time=2026-07-30 21:45:11
START | job=2855/100000 | task=2854 | pid=62068 | time=2026-07-30 21:45:11
FINISH | job=2827/100000 | task=2826 | pid=56305 | status=COMPLETED | exit=0 | runtime=00:13:26 | time=2026-07-30 21:45:53
START | job=2856/100000 | task=2855 | pid=62379 | time=2026-07-30 21:45:53
FINISH | job=2836/100000 | task=2835 | pid=57455 | status=COMPLETED | exit=0 | runtime=00:13:14 | time=2026-07-30 21:48:06
START | job=2857/100000 | task=2856 | pid=63339 | time=2026-07-30 21:48:06
FINISH | job=2857/100000 | task=2856 | pid=63339 | status=COMPLETED | exit=0 | runtime=00:00:19 | time=2026-07-30 21:48:25
START | job=2858/100000 | task=2857 | pid=63486 | time=2026-07-30 21:48:25
FINISH | job=2829/100000 | task=2828 | pid=56381 | status=COMPLETED | exit=0 | runtime=00:15:52 | time=2026-07-30 21:48:29
FINISH | job=2858/100000 | task=2857 | pid=63486 | status=COMPLETED | exit=0 | runtime=00:00:04 | time=2026-07-30 21:48:29
START | job=2859/100000 | task=2858 | pid=63525 | time=2026-07-30 21:48:29
START | job=2860/100000 | task=2859 | pid=63531 | time=2026-07-30 21:48:29
FINISH | job=2859/100000 | task=2858 | pid=63525 | status=COMPLETED | exit=0 | runtime=00:00:01 | time=2026-07-30 21:48:30
START | job=2861/100000 | task=2860 | pid=63554 | time=2026-07-30 21:48:30
FINISH | job=2860/100000 | task=2859 | pid=63531 | status=COMPLETED | exit=0 | runtime=00:00:01 | time=2026-07-30 21:48:30
START | job=2862/100000 | task=2861 | pid=63560 | time=2026-07-30 21:48:30
FINISH | job=2861/100000 | task=2860 | pid=63554 | status=COMPLETED | exit=0 | runtime=00:00:01 | time=2026-07-30 21:48:31
START | job=2863/100000 | task=2862 | pid=63568 | time=2026-07-30 21:48:31
FINISH | job=2862/100000 | task=2861 | pid=63560 | status=COMPLETED | exit=0 | runtime=00:00:16 | time=2026-07-30 21:48:46
START | job=2864/100000 | task=2863 | pid=63681 | time=2026-07-30 21:48:46
FINISH | job=2846/100000 | task=2845 | pid=59890 | status=COMPLETED | exit=0 | runtime=00:12:41 | time=2026-07-30 21:52:58
START | job=2865/100000 | task=2864 | pid=65517 | time=2026-07-30 21:52:58
FINISH | job=2865/100000 | task=2864 | pid=65517 | status=COMPLETED | exit=0 | runtime=00:00:28 | time=2026-07-30 21:53:26
START | job=2866/100000 | task=2865 | pid=65725 | time=2026-07-30 21:53:26
FINISH | job=2866/100000 | task=2865 | pid=65725 | status=COMPLETED | exit=0 | runtime=00:00:26 | time=2026-07-30 21:53:52
START | job=2867/100000 | task=2866 | pid=65917 | time=2026-07-30 21:53:52
FINISH | job=2867/100000 | task=2866 | pid=65917 | status=COMPLETED | exit=0 | runtime=00:00:04 | time=2026-07-30 21:53:56
START | job=2868/100000 | task=2867 | pid=65955 | time=2026-07-30 21:53:56
FINISH | job=2868/100000 | task=2867 | pid=65955 | status=COMPLETED | exit=0 | runtime=00:00:02 | time=2026-07-30 21:53:58
START | job=2869/100000 | task=2868 | pid=65976 | time=2026-07-30 21:53:58
FINISH | job=2869/100000 | task=2868 | pid=65976 | status=COMPLETED | exit=0 | runtime=00:00:01 | time=2026-07-30 21:53:59
START | job=2870/100000 | task=2869 | pid=65984 | time=2026-07-30 21:53:59
FINISH | job=2845/100000 | task=2844 | pid=59705 | status=COMPLETED | exit=0 | runtime=00:14:03 | time=2026-07-30 21:53:59
START | job=2871/100000 | task=2870 | pid=65990 | time=2026-07-30 21:53:59
FINISH | job=2870/100000 | task=2869 | pid=65984 | status=COMPLETED | exit=0 | runtime=00:00:15 | time=2026-07-30 21:54:14
START | job=2872/100000 | task=2871 | pid=66104 | time=2026-07-30 21:54:14
FINISH | job=2855/100000 | task=2854 | pid=62068 | status=COMPLETED | exit=0 | runtime=00:09:22 | time=2026-07-30 21:54:33
START | job=2873/100000 | task=2872 | pid=66250 | time=2026-07-30 21:54:33
FINISH | job=2854/100000 | task=2853 | pid=61286 | status=COMPLETED | exit=0 | runtime=00:11:20 | time=2026-07-30 21:54:41
START | job=2874/100000 | task=2873 | pid=66320 | time=2026-07-30 21:54:41
FINISH | job=2874/100000 | task=2873 | pid=66320 | status=COMPLETED | exit=0 | runtime=00:00:18 | time=2026-07-30 21:54:59
START | job=2875/100000 | task=2874 | pid=66449 | time=2026-07-30 21:54:59
FINISH | job=2875/100000 | task=2874 | pid=66449 | status=COMPLETED | exit=0 | runtime=00:00:44 | time=2026-07-30 21:55:43
START | job=2876/100000 | task=2875 | pid=66780 | time=2026-07-30 21:55:43
FINISH | job=2876/100000 | task=2875 | pid=66780 | status=COMPLETED | exit=0 | runtime=00:00:04 | time=2026-07-30 21:55:47
START | job=2877/100000 | task=2876 | pid=66804 | time=2026-07-30 21:55:47
FINISH | job=2864/100000 | task=2863 | pid=63681 | status=COMPLETED | exit=0 | runtime=00:07:34 | time=2026-07-30 21:56:20
START | job=2878/100000 | task=2877 | pid=67061 | time=2026-07-30 21:56:20
FINISH | job=2877/100000 | task=2876 | pid=66804 | status=COMPLETED | exit=0 | runtime=00:01:19 | time=2026-07-30 21:57:06
START | job=2879/100000 | task=2878 | pid=67415 | time=2026-07-30 21:57:06
FINISH | job=2879/100000 | task=2878 | pid=67415 | status=COMPLETED | exit=0 | runtime=00:00:01 | time=2026-07-30 21:57:07
START | job=2880/100000 | task=2879 | pid=67421 | time=2026-07-30 21:57:07
FINISH | job=2878/100000 | task=2877 | pid=67061 | status=COMPLETED | exit=0 | runtime=00:00:53 | time=2026-07-30 21:57:13
START | job=2881/100000 | task=2880 | pid=67478 | time=2026-07-30 21:57:13
FINISH | job=2880/100000 | task=2879 | pid=67421 | status=COMPLETED | exit=0 | runtime=00:00:16 | time=2026-07-30 21:57:23
START | job=2882/100000 | task=2881 | pid=67546 | time=2026-07-30 21:57:23
FINISH | job=2873/100000 | task=2872 | pid=66250 | status=COMPLETED | exit=0 | runtime=00:04:34 | time=2026-07-30 21:59:07
START | job=2883/100000 | task=2882 | pid=68369 | time=2026-07-30 21:59:07
FINISH | job=2856/100000 | task=2855 | pid=62379 | status=COMPLETED | exit=0 | runtime=00:14:43 | time=2026-07-30 22:00:36
START | job=2884/100000 | task=2883 | pid=69001 | time=2026-07-30 22:00:36
FINISH | job=2884/100000 | task=2883 | pid=69001 | status=COMPLETED | exit=0 | runtime=00:00:15 | time=2026-07-30 22:00:51
START | job=2885/100000 | task=2884 | pid=69118 | time=2026-07-30 22:00:51
FINISH | job=2885/100000 | task=2884 | pid=69118 | status=COMPLETED | exit=0 | runtime=00:00:06 | time=2026-07-30 22:00:57
START | job=2886/100000 | task=2885 | pid=69172 | time=2026-07-30 22:00:57
FINISH | job=2886/100000 | task=2885 | pid=69172 | status=COMPLETED | exit=0 | runtime=00:00:01 | time=2026-07-30 22:00:58
START | job=2887/100000 | task=2886 | pid=69180 | time=2026-07-30 22:00:58
FINISH | job=2887/100000 | task=2886 | pid=69180 | status=COMPLETED | exit=0 | runtime=00:00:01 | time=2026-07-30 22:00:59
START | job=2888/100000 | task=2887 | pid=69201 | time=2026-07-30 22:00:59
FINISH | job=2888/100000 | task=2887 | pid=69201 | status=COMPLETED | exit=0 | runtime=00:00:00 | time=2026-07-30 22:00:59
START | job=2889/100000 | task=2888 | pid=69207 | time=2026-07-30 22:00:59
FINISH | job=2889/100000 | task=2888 | pid=69207 | status=COMPLETED | exit=0 | runtime=00:00:01 | time=2026-07-30 22:01:00
START | job=2890/100000 | task=2889 | pid=69213 | time=2026-07-30 22:01:00
FINISH | job=2863/100000 | task=2862 | pid=63568 | status=COMPLETED | exit=0 | runtime=00:12:39 | time=2026-07-30 22:01:10
START | job=2891/100000 | task=2890 | pid=69297 | time=2026-07-30 22:01:10
FINISH | job=2872/100000 | task=2871 | pid=66104 | status=COMPLETED | exit=0 | runtime=00:12:41 | time=2026-07-30 22:06:55
START | job=2892/100000 | task=2891 | pid=71767 | time=2026-07-30 22:06:55
FINISH | job=2892/100000 | task=2891 | pid=71767 | status=COMPLETED | exit=0 | runtime=00:00:13 | time=2026-07-30 22:07:08
START | job=2893/100000 | task=2892 | pid=71867 | time=2026-07-30 22:07:08
FINISH | job=2893/100000 | task=2892 | pid=71867 | status=COMPLETED | exit=0 | runtime=00:00:41 | time=2026-07-30 22:07:49
START | job=2894/100000 | task=2893 | pid=72175 | time=2026-07-30 22:07:49
FINISH | job=2894/100000 | task=2893 | pid=72175 | status=COMPLETED | exit=0 | runtime=00:01:02 | time=2026-07-30 22:08:51
START | job=2895/100000 | task=2894 | pid=72641 | time=2026-07-30 22:08:51
FINISH | job=2895/100000 | task=2894 | pid=72641 | status=COMPLETED | exit=0 | runtime=00:00:02 | time=2026-07-30 22:08:53
START | job=2896/100000 | task=2895 | pid=72664 | time=2026-07-30 22:08:53
FINISH | job=2896/100000 | task=2895 | pid=72664 | status=COMPLETED | exit=0 | runtime=00:00:15 | time=2026-07-30 22:09:08
START | job=2897/100000 | task=2896 | pid=72786 | time=2026-07-30 22:09:08
FINISH | job=2883/100000 | task=2882 | pid=68369 | status=COMPLETED | exit=0 | runtime=00:10:08 | time=2026-07-30 22:09:15
START | job=2898/100000 | task=2897 | pid=72842 | time=2026-07-30 22:09:15
FINISH | job=2882/100000 | task=2881 | pid=67546 | status=COMPLETED | exit=0 | runtime=00:12:40 | time=2026-07-30 22:10:03
START | job=2899/100000 | task=2898 | pid=73199 | time=2026-07-30 22:10:03
FINISH | job=2898/100000 | task=2897 | pid=72842 | status=COMPLETED | exit=0 | runtime=00:01:39 | time=2026-07-30 22:10:54
START | job=2900/100000 | task=2899 | pid=73575 | time=2026-07-30 22:10:54
START PROGRESS | 2900/100000 (2%)
FINISH | job=2881/100000 | task=2880 | pid=67478 | status=COMPLETED | exit=0 | runtime=00:15:18 | time=2026-07-30 22:12:31
START | job=2901/100000 | task=2900 | pid=74263 | time=2026-07-30 22:12:31
FINISH | job=2871/100000 | task=2870 | pid=65990 | status=COMPLETED | exit=0 | runtime=00:18:39 | time=2026-07-30 22:12:38
START | job=2902/100000 | task=2901 | pid=74318 | time=2026-07-30 22:12:38
FINISH | job=2901/100000 | task=2900 | pid=74263 | status=COMPLETED | exit=0 | runtime=00:01:08 | time=2026-07-30 22:13:39
START | job=2903/100000 | task=2902 | pid=74786 | time=2026-07-30 22:13:39
FINISH | job=2891/100000 | task=2890 | pid=69297 | status=COMPLETED | exit=0 | runtime=00:12:38 | time=2026-07-30 22:13:48
START | job=2904/100000 | task=2903 | pid=74871 | time=2026-07-30 22:13:48
FINISH | job=2904/100000 | task=2903 | pid=74871 | status=COMPLETED | exit=0 | runtime=00:01:03 | time=2026-07-30 22:14:51
START | job=2905/100000 | task=2904 | pid=75352 | time=2026-07-30 22:14:51
FINISH | job=2903/100000 | task=2902 | pid=74786 | status=COMPLETED | exit=0 | runtime=00:01:44 | time=2026-07-30 22:15:23
START | job=2906/100000 | task=2905 | pid=75587 | time=2026-07-30 22:15:23
FINISH | job=2905/100000 | task=2904 | pid=75352 | status=COMPLETED | exit=0 | runtime=00:00:37 | time=2026-07-30 22:15:28
START | job=2907/100000 | task=2906 | pid=75625 | time=2026-07-30 22:15:28
FINISH | job=2907/100000 | task=2906 | pid=75625 | status=COMPLETED | exit=0 | runtime=00:00:15 | time=2026-07-30 22:15:43
START | job=2908/100000 | task=2907 | pid=75755 | time=2026-07-30 22:15:43
FINISH | job=2906/100000 | task=2905 | pid=75587 | status=COMPLETED | exit=0 | runtime=00:00:45 | time=2026-07-30 22:16:08
START | job=2909/100000 | task=2908 | pid=75935 | time=2026-07-30 22:16:08
FINISH | job=2897/100000 | task=2896 | pid=72786 | status=COMPLETED | exit=0 | runtime=00:07:14 | time=2026-07-30 22:16:22
START | job=2910/100000 | task=2909 | pid=76051 | time=2026-07-30 22:16:22
FINISH | job=2910/100000 | task=2909 | pid=76051 | status=COMPLETED | exit=0 | runtime=00:00:34 | time=2026-07-30 22:16:56
START | job=2911/100000 | task=2910 | pid=76286 | time=2026-07-30 22:16:56
FINISH | job=2890/100000 | task=2889 | pid=69213 | status=COMPLETED | exit=0 | runtime=00:15:56 | time=2026-07-30 22:16:56
START | job=2912/100000 | task=2911 | pid=76307 | time=2026-07-30 22:16:56
FINISH | job=2912/100000 | task=2911 | pid=76307 | status=COMPLETED | exit=0 | runtime=00:00:05 | time=2026-07-30 22:17:01
START | job=2913/100000 | task=2912 | pid=76346 | time=2026-07-30 22:17:01
FINISH | job=2913/100000 | task=2912 | pid=76346 | status=COMPLETED | exit=0 | runtime=00:00:02 | time=2026-07-30 22:17:03
START | job=2914/100000 | task=2913 | pid=76369 | time=2026-07-30 22:17:03
FINISH | job=2914/100000 | task=2913 | pid=76369 | status=COMPLETED | exit=0 | runtime=00:00:48 | time=2026-07-30 22:17:51
START | job=2915/100000 | task=2914 | pid=76708 | time=2026-07-30 22:17:51
FINISH | job=2915/100000 | task=2914 | pid=76708 | status=COMPLETED | exit=0 | runtime=00:00:01 | time=2026-07-30 22:17:52
START | job=2916/100000 | task=2915 | pid=76729 | time=2026-07-30 22:17:52
FINISH | job=2916/100000 | task=2915 | pid=76729 | status=COMPLETED | exit=0 | runtime=00:00:01 | time=2026-07-30 22:17:53
START | job=2917/100000 | task=2916 | pid=76737 | time=2026-07-30 22:17:53
FINISH | job=2610/100000 | task=2609 | pid=3063 | status=COMPLETED | exit=0 | runtime=02:45:41 | time=2026-07-30 22:19:11
START | job=2918/100000 | task=2917 | pid=77317 | time=2026-07-30 22:19:11
FINISH | job=2911/100000 | task=2910 | pid=76286 | status=COMPLETED | exit=0 | runtime=00:03:45 | time=2026-07-30 22:20:41
START | job=2919/100000 | task=2918 | pid=77975 | time=2026-07-30 22:20:41
FINISH | job=2902/100000 | task=2901 | pid=74318 | status=COMPLETED | exit=0 | runtime=00:08:58 | time=2026-07-30 22:21:36
START | job=2920/100000 | task=2919 | pid=78376 | time=2026-07-30 22:21:36
FINISH | job=2919/100000 | task=2918 | pid=77975 | status=COMPLETED | exit=0 | runtime=00:00:57 | time=2026-07-30 22:21:38
START | job=2921/100000 | task=2920 | pid=78399 | time=2026-07-30 22:21:38
FINISH | job=2920/100000 | task=2919 | pid=78376 | status=COMPLETED | exit=0 | runtime=00:00:17 | time=2026-07-30 22:21:53
START | job=2922/100000 | task=2921 | pid=78514 | time=2026-07-30 22:21:53
FINISH | job=2922/100000 | task=2921 | pid=78514 | status=COMPLETED | exit=0 | runtime=00:00:05 | time=2026-07-30 22:21:58
START | job=2923/100000 | task=2922 | pid=78552 | time=2026-07-30 22:21:58
FINISH | job=2921/100000 | task=2920 | pid=78399 | status=COMPLETED | exit=0 | runtime=00:00:20 | time=2026-07-30 22:21:58
START | job=2924/100000 | task=2923 | pid=78558 | time=2026-07-30 22:21:58
FINISH | job=2923/100000 | task=2922 | pid=78552 | status=COMPLETED | exit=0 | runtime=00:00:01 | time=2026-07-30 22:21:59
START | job=2925/100000 | task=2924 | pid=78579 | time=2026-07-30 22:21:59
FINISH | job=2924/100000 | task=2923 | pid=78558 | status=COMPLETED | exit=0 | runtime=00:00:01 | time=2026-07-30 22:21:59
START | job=2926/100000 | task=2925 | pid=78587 | time=2026-07-30 22:21:59
FINISH | job=2925/100000 | task=2924 | pid=78579 | status=COMPLETED | exit=0 | runtime=00:00:00 | time=2026-07-30 22:21:59
START | job=2927/100000 | task=2926 | pid=78593 | time=2026-07-30 22:21:59
FINISH | job=2900/100000 | task=2899 | pid=73575 | status=COMPLETED | exit=0 | runtime=00:12:37 | time=2026-07-30 22:23:31
START | job=2928/100000 | task=2927 | pid=79238 | time=2026-07-30 22:23:31
FINISH | job=2899/100000 | task=2898 | pid=73199 | status=COMPLETED | exit=0 | runtime=00:14:59 | time=2026-07-30 22:25:02
START | job=2929/100000 | task=2928 | pid=79911 | time=2026-07-30 22:25:02
FINISH | job=2928/100000 | task=2927 | pid=79238 | status=COMPLETED | exit=0 | runtime=00:02:04 | time=2026-07-30 22:25:35
START | job=2930/100000 | task=2929 | pid=80171 | time=2026-07-30 22:25:35
FINISH | job=2930/100000 | task=2929 | pid=80171 | status=COMPLETED | exit=0 | runtime=00:00:03 | time=2026-07-30 22:25:38
START | job=2931/100000 | task=2930 | pid=80195 | time=2026-07-30 22:25:38
FINISH | job=2931/100000 | task=2930 | pid=80195 | status=COMPLETED | exit=0 | runtime=00:00:02 | time=2026-07-30 22:25:40
START | job=2932/100000 | task=2931 | pid=80216 | time=2026-07-30 22:25:40
FINISH | job=2932/100000 | task=2931 | pid=80216 | status=COMPLETED | exit=0 | runtime=00:00:01 | time=2026-07-30 22:25:41
START | job=2933/100000 | task=2932 | pid=80222 | time=2026-07-30 22:25:41
FINISH | job=2933/100000 | task=2932 | pid=80222 | status=COMPLETED | exit=0 | runtime=00:01:53 | time=2026-07-30 22:27:34
START | job=2934/100000 | task=2933 | pid=81069 | time=2026-07-30 22:27:34
FINISH | job=2934/100000 | task=2933 | pid=81069 | status=COMPLETED | exit=0 | runtime=00:00:01 | time=2026-07-30 22:27:35
START | job=2935/100000 | task=2934 | pid=81075 | time=2026-07-30 22:27:35
FINISH | job=2929/100000 | task=2928 | pid=79911 | status=COMPLETED | exit=0 | runtime=00:02:34 | time=2026-07-30 22:27:36
START | job=2936/100000 | task=2935 | pid=81101 | time=2026-07-30 22:27:36
FINISH | job=2908/100000 | task=2907 | pid=75755 | status=COMPLETED | exit=0 | runtime=00:12:39 | time=2026-07-30 22:28:22
START | job=2937/100000 | task=2936 | pid=81439 | time=2026-07-30 22:28:23
FINISH | job=2909/100000 | task=2908 | pid=75935 | status=COMPLETED | exit=0 | runtime=00:12:35 | time=2026-07-30 22:28:43
START | job=2938/100000 | task=2937 | pid=81597 | time=2026-07-30 22:28:43
FINISH | job=2938/100000 | task=2937 | pid=81597 | status=COMPLETED | exit=0 | runtime=00:02:33 | time=2026-07-30 22:31:16
START | job=2939/100000 | task=2938 | pid=82705 | time=2026-07-30 22:31:16
FINISH | job=2918/100000 | task=2917 | pid=77317 | status=COMPLETED | exit=0 | runtime=00:12:37 | time=2026-07-30 22:31:48
START | job=2940/100000 | task=2939 | pid=82952 | time=2026-07-30 22:31:48
FINISH | job=2940/100000 | task=2939 | pid=82952 | status=COMPLETED | exit=0 | runtime=00:00:01 | time=2026-07-30 22:31:49
START | job=2941/100000 | task=2940 | pid=82965 | time=2026-07-30 22:31:49
FINISH | job=2941/100000 | task=2940 | pid=82965 | status=COMPLETED | exit=0 | runtime=00:00:01 | time=2026-07-30 22:31:50
START | job=2942/100000 | task=2941 | pid=82981 | time=2026-07-30 22:31:50
FINISH | job=2942/100000 | task=2941 | pid=82981 | status=COMPLETED | exit=0 | runtime=00:00:01 | time=2026-07-30 22:31:51
START | job=2943/100000 | task=2942 | pid=82992 | time=2026-07-30 22:31:51
FINISH | job=2943/100000 | task=2942 | pid=82992 | status=COMPLETED | exit=0 | runtime=00:00:00 | time=2026-07-30 22:31:51
START | job=2944/100000 | task=2943 | pid=82998 | time=2026-07-30 22:31:51
FINISH | job=2936/100000 | task=2935 | pid=81101 | status=COMPLETED | exit=0 | runtime=00:04:17 | time=2026-07-30 22:31:53
START | job=2945/100000 | task=2944 | pid=83019 | time=2026-07-30 22:31:53
FINISH | job=2939/100000 | task=2938 | pid=82705 | status=COMPLETED | exit=0 | runtime=00:01:01 | time=2026-07-30 22:32:17
START | job=2946/100000 | task=2945 | pid=83195 | time=2026-07-30 22:32:17
FINISH | job=2926/100000 | task=2925 | pid=78587 | status=COMPLETED | exit=0 | runtime=00:12:48 | time=2026-07-30 22:34:47
START | job=2947/100000 | task=2946 | pid=84279 | time=2026-07-30 22:34:47
FINISH | job=2946/100000 | task=2945 | pid=83195 | status=COMPLETED | exit=0 | runtime=00:02:41 | time=2026-07-30 22:34:58
START | job=2948/100000 | task=2947 | pid=84364 | time=2026-07-30 22:34:58
FINISH | job=2948/100000 | task=2947 | pid=84364 | status=COMPLETED | exit=0 | runtime=00:00:04 | time=2026-07-30 22:35:02
START | job=2949/100000 | task=2948 | pid=84410 | time=2026-07-30 22:35:02
FINISH | job=2949/100000 | task=2948 | pid=84410 | status=COMPLETED | exit=0 | runtime=00:00:02 | time=2026-07-30 22:35:04
START | job=2950/100000 | task=2949 | pid=84433 | time=2026-07-30 22:35:04
FINISH | job=2947/100000 | task=2946 | pid=84279 | status=COMPLETED | exit=0 | runtime=00:00:29 | time=2026-07-30 22:35:16
START | job=2951/100000 | task=2950 | pid=84532 | time=2026-07-30 22:35:16
FINISH | job=2950/100000 | task=2949 | pid=84433 | status=COMPLETED | exit=0 | runtime=00:00:49 | time=2026-07-30 22:35:53
START | job=2952/100000 | task=2951 | pid=84799 | time=2026-07-30 22:35:53
FINISH | job=2935/100000 | task=2934 | pid=81075 | status=COMPLETED | exit=0 | runtime=00:08:54 | time=2026-07-30 22:36:29
START | job=2953/100000 | task=2952 | pid=85061 | time=2026-07-30 22:36:29
FINISH | job=2951/100000 | task=2950 | pid=84532 | status=COMPLETED | exit=0 | runtime=00:03:54 | time=2026-07-30 22:39:10
START | job=2954/100000 | task=2953 | pid=86239 | time=2026-07-30 22:39:10
FINISH | job=2917/100000 | task=2916 | pid=76737 | status=COMPLETED | exit=0 | runtime=00:22:23 | time=2026-07-30 22:40:16
START | job=2955/100000 | task=2954 | pid=86741 | time=2026-07-30 22:40:17
FINISH | job=2944/100000 | task=2943 | pid=82998 | status=COMPLETED | exit=0 | runtime=00:10:37 | time=2026-07-30 22:42:28
START | job=2956/100000 | task=2955 | pid=87678 | time=2026-07-30 22:42:28
FINISH | job=2952/100000 | task=2951 | pid=84799 | status=COMPLETED | exit=0 | runtime=00:06:41 | time=2026-07-30 22:42:34
START | job=2957/100000 | task=2956 | pid=87737 | time=2026-07-30 22:42:34
FINISH | job=2957/100000 | task=2956 | pid=87737 | status=COMPLETED | exit=0 | runtime=00:00:06 | time=2026-07-30 22:42:40
START | job=2958/100000 | task=2957 | pid=87791 | time=2026-07-30 22:42:40
FINISH | job=2958/100000 | task=2957 | pid=87791 | status=COMPLETED | exit=0 | runtime=00:00:01 | time=2026-07-30 22:42:41
START | job=2959/100000 | task=2958 | pid=87807 | time=2026-07-30 22:42:41
FINISH | job=2959/100000 | task=2958 | pid=87807 | status=COMPLETED | exit=0 | runtime=00:00:16 | time=2026-07-30 22:42:57
START | job=2960/100000 | task=2959 | pid=87929 | time=2026-07-30 22:42:57
FINISH | job=2960/100000 | task=2959 | pid=87929 | status=COMPLETED | exit=0 | runtime=00:00:00 | time=2026-07-30 22:42:57
START | job=2961/100000 | task=2960 | pid=87935 | time=2026-07-30 22:42:57
FINISH | job=2961/100000 | task=2960 | pid=87935 | status=COMPLETED | exit=0 | runtime=00:00:01 | time=2026-07-30 22:42:58
START | job=2962/100000 | task=2961 | pid=87941 | time=2026-07-30 22:42:58
FINISH | job=2937/100000 | task=2936 | pid=81439 | status=COMPLETED | exit=0 | runtime=00:14:58 | time=2026-07-30 22:43:21
START | job=2963/100000 | task=2962 | pid=88121 | time=2026-07-30 22:43:21
FINISH | job=2956/100000 | task=2955 | pid=87678 | status=COMPLETED | exit=0 | runtime=00:01:06 | time=2026-07-30 22:43:34
START | job=2964/100000 | task=2963 | pid=88221 | time=2026-07-30 22:43:34
FINISH | job=2964/100000 | task=2963 | pid=88221 | status=COMPLETED | exit=0 | runtime=00:00:20 | time=2026-07-30 22:43:54
START | job=2965/100000 | task=2964 | pid=88382 | time=2026-07-30 22:43:54
FINISH | job=2945/100000 | task=2944 | pid=83019 | status=COMPLETED | exit=0 | runtime=00:12:39 | time=2026-07-30 22:44:32
START | job=2966/100000 | task=2965 | pid=88655 | time=2026-07-30 22:44:32
FINISH | job=2966/100000 | task=2965 | pid=88655 | status=COMPLETED | exit=0 | runtime=00:00:02 | time=2026-07-30 22:44:34
START | job=2967/100000 | task=2966 | pid=88688 | time=2026-07-30 22:44:34
FINISH | job=2967/100000 | task=2966 | pid=88688 | status=COMPLETED | exit=0 | runtime=00:00:01 | time=2026-07-30 22:44:35
START | job=2968/100000 | task=2967 | pid=88701 | time=2026-07-30 22:44:35
FINISH | job=2968/100000 | task=2967 | pid=88701 | status=COMPLETED | exit=0 | runtime=00:00:01 | time=2026-07-30 22:44:36
START | job=2969/100000 | task=2968 | pid=88720 | time=2026-07-30 22:44:37
FINISH | job=2969/100000 | task=2968 | pid=88720 | status=COMPLETED | exit=0 | runtime=00:00:01 | time=2026-07-30 22:44:38
START | job=2970/100000 | task=2969 | pid=88734 | time=2026-07-30 22:44:38
FINISH | job=2965/100000 | task=2964 | pid=88382 | status=COMPLETED | exit=0 | runtime=00:02:33 | time=2026-07-30 22:46:27
START | job=2971/100000 | task=2970 | pid=89532 | time=2026-07-30 22:46:27
FINISH | job=2970/100000 | task=2969 | pid=88734 | status=COMPLETED | exit=0 | runtime=00:01:52 | time=2026-07-30 22:46:30
START | job=2972/100000 | task=2971 | pid=89565 | time=2026-07-30 22:46:30
FINISH | job=2927/100000 | task=2926 | pid=78593 | status=COMPLETED | exit=0 | runtime=00:25:57 | time=2026-07-30 22:47:56
START | job=2973/100000 | task=2972 | pid=90175 | time=2026-07-30 22:47:56
FINISH | job=2963/100000 | task=2962 | pid=88121 | status=COMPLETED | exit=0 | runtime=00:05:39 | time=2026-07-30 22:49:00
START | job=2974/100000 | task=2973 | pid=90648 | time=2026-07-30 22:49:00
FINISH | job=2974/100000 | task=2973 | pid=90648 | status=COMPLETED | exit=0 | runtime=00:00:26 | time=2026-07-30 22:49:26
START | job=2975/100000 | task=2974 | pid=90842 | time=2026-07-30 22:49:26
FINISH | job=2955/100000 | task=2954 | pid=86741 | status=COMPLETED | exit=0 | runtime=00:10:03 | time=2026-07-30 22:50:20
START | job=2976/100000 | task=2975 | pid=91236 | time=2026-07-30 22:50:20
FINISH | job=2973/100000 | task=2972 | pid=90175 | status=COMPLETED | exit=0 | runtime=00:02:26 | time=2026-07-30 22:50:22
START | job=2977/100000 | task=2976 | pid=91260 | time=2026-07-30 22:50:22
FINISH | job=2953/100000 | task=2952 | pid=85061 | status=COMPLETED | exit=0 | runtime=00:13:53 | time=2026-07-30 22:50:22
START | job=2978/100000 | task=2977 | pid=91266 | time=2026-07-30 22:50:22
FINISH | job=2977/100000 | task=2976 | pid=91260 | status=COMPLETED | exit=0 | runtime=00:00:03 | time=2026-07-30 22:50:25
START | job=2979/100000 | task=2978 | pid=91288 | time=2026-07-30 22:50:25
FINISH | job=2976/100000 | task=2975 | pid=91236 | status=COMPLETED | exit=0 | runtime=00:00:28 | time=2026-07-30 22:50:48
START | job=2980/100000 | task=2979 | pid=91477 | time=2026-07-30 22:50:48
FINISH | job=2979/100000 | task=2978 | pid=91288 | status=COMPLETED | exit=0 | runtime=00:00:37 | time=2026-07-30 22:51:02
START | job=2981/100000 | task=2980 | pid=91588 | time=2026-07-30 22:51:02
FINISH | job=2975/100000 | task=2974 | pid=90842 | status=COMPLETED | exit=0 | runtime=00:01:39 | time=2026-07-30 22:51:05
START | job=2982/100000 | task=2981 | pid=91616 | time=2026-07-30 22:51:05
FINISH | job=2978/100000 | task=2977 | pid=91266 | status=COMPLETED | exit=0 | runtime=00:01:24 | time=2026-07-30 22:51:46
START | job=2983/100000 | task=2982 | pid=91912 | time=2026-07-30 22:51:46
FINISH | job=2983/100000 | task=2982 | pid=91912 | status=COMPLETED | exit=0 | runtime=00:02:32 | time=2026-07-30 22:54:18
START | job=2984/100000 | task=2983 | pid=92993 | time=2026-07-30 22:54:18
FINISH | job=2954/100000 | task=2953 | pid=86239 | status=COMPLETED | exit=0 | runtime=00:15:38 | time=2026-07-30 22:54:48
START | job=2985/100000 | task=2984 | pid=93213 | time=2026-07-30 22:54:48
FINISH | job=2985/100000 | task=2984 | pid=93213 | status=COMPLETED | exit=0 | runtime=00:00:50 | time=2026-07-30 22:55:38
START | job=2986/100000 | task=2985 | pid=93581 | time=2026-07-30 22:55:38
FINISH | job=2986/100000 | task=2985 | pid=93581 | status=COMPLETED | exit=0 | runtime=00:00:02 | time=2026-07-30 22:55:40
START | job=2987/100000 | task=2986 | pid=93594 | time=2026-07-30 22:55:40
FINISH | job=2987/100000 | task=2986 | pid=93594 | status=COMPLETED | exit=0 | runtime=00:00:00 | time=2026-07-30 22:55:40
START | job=2988/100000 | task=2987 | pid=93600 | time=2026-07-30 22:55:40
FINISH | job=2984/100000 | task=2983 | pid=92993 | status=COMPLETED | exit=0 | runtime=00:01:44 | time=2026-07-30 22:56:02
START | job=2989/100000 | task=2988 | pid=93770 | time=2026-07-30 22:56:02
FINISH | job=2962/100000 | task=2961 | pid=87941 | status=COMPLETED | exit=0 | runtime=00:13:19 | time=2026-07-30 22:56:17
START | job=2990/100000 | task=2989 | pid=93902 | time=2026-07-30 22:56:17
FINISH | job=2981/100000 | task=2980 | pid=91588 | status=COMPLETED | exit=0 | runtime=00:07:42 | time=2026-07-30 22:58:44
START | job=2991/100000 | task=2990 | pid=95005 | time=2026-07-30 22:58:44
FINISH | job=2971/100000 | task=2970 | pid=89532 | status=COMPLETED | exit=0 | runtime=00:12:36 | time=2026-07-30 22:59:03
START | job=2992/100000 | task=2991 | pid=95156 | time=2026-07-30 22:59:03
FINISH | job=2992/100000 | task=2991 | pid=95156 | status=COMPLETED | exit=0 | runtime=00:00:16 | time=2026-07-30 22:59:19
START | job=2993/100000 | task=2992 | pid=95291 | time=2026-07-30 22:59:19
FINISH | job=2993/100000 | task=2992 | pid=95291 | status=COMPLETED | exit=0 | runtime=00:01:02 | time=2026-07-30 23:00:21
START | job=2994/100000 | task=2993 | pid=95750 | time=2026-07-30 23:00:21
FINISH | job=2994/100000 | task=2993 | pid=95750 | status=COMPLETED | exit=0 | runtime=00:00:01 | time=2026-07-30 23:00:22
START | job=2995/100000 | task=2994 | pid=95773 | time=2026-07-30 23:00:22
FINISH | job=2995/100000 | task=2994 | pid=95773 | status=COMPLETED | exit=0 | runtime=00:00:01 | time=2026-07-30 23:00:23
START | job=2996/100000 | task=2995 | pid=95794 | time=2026-07-30 23:00:23
FINISH | job=2996/100000 | task=2995 | pid=95794 | status=COMPLETED | exit=0 | runtime=00:00:01 | time=2026-07-30 23:00:24
START | job=2997/100000 | task=2996 | pid=95801 | time=2026-07-30 23:00:24
FINISH | job=2997/100000 | task=2996 | pid=95801 | status=COMPLETED | exit=0 | runtime=00:00:01 | time=2026-07-30 23:00:25
START | job=2998/100000 | task=2997 | pid=95807 | time=2026-07-30 23:00:25
FINISH | job=2982/100000 | task=2981 | pid=91616 | status=COMPLETED | exit=0 | runtime=00:10:09 | time=2026-07-30 23:01:14
START | job=2999/100000 | task=2998 | pid=96163 | time=2026-07-30 23:01:14
FINISH | job=2972/100000 | task=2971 | pid=89565 | status=COMPLETED | exit=0 | runtime=00:15:59 | time=2026-07-30 23:02:29
START | job=3000/100000 | task=2999 | pid=96735 | time=2026-07-30 23:02:29
START PROGRESS | 3000/100000 (3%)
FINISH | job=2988/100000 | task=2987 | pid=93600 | status=COMPLETED | exit=0 | runtime=00:07:05 | time=2026-07-30 23:02:45
START | job=3001/100000 | task=3000 | pid=96866 | time=2026-07-30 23:02:45
FINISH | job=3001/100000 | task=3000 | pid=96866 | status=COMPLETED | exit=0 | runtime=00:00:09 | time=2026-07-30 23:02:54
START | job=3002/100000 | task=3001 | pid=96936 | time=2026-07-30 23:02:54
FINISH | job=3002/100000 | task=3001 | pid=96936 | status=COMPLETED | exit=0 | runtime=00:00:01 | time=2026-07-30 23:02:55
START | job=3003/100000 | task=3002 | pid=96942 | time=2026-07-30 23:02:55
FINISH | job=3003/100000 | task=3002 | pid=96942 | status=COMPLETED | exit=0 | runtime=00:00:01 | time=2026-07-30 23:02:56
START | job=3004/100000 | task=3003 | pid=96965 | time=2026-07-30 23:02:56
FINISH | job=3004/100000 | task=3003 | pid=96965 | status=COMPLETED | exit=0 | runtime=00:00:01 | time=2026-07-30 23:02:57
START | job=3005/100000 | task=3004 | pid=96971 | time=2026-07-30 23:02:57
FINISH | job=3000/100000 | task=2999 | pid=96735 | status=COMPLETED | exit=0 | runtime=00:00:38 | time=2026-07-30 23:03:07
START | job=3006/100000 | task=3005 | pid=97057 | time=2026-07-30 23:03:07
FINISH | job=3005/100000 | task=3004 | pid=96971 | status=COMPLETED | exit=0 | runtime=00:00:15 | time=2026-07-30 23:03:12
START | job=3007/100000 | task=3006 | pid=97097 | time=2026-07-30 23:03:12
FINISH | job=3006/100000 | task=3005 | pid=97057 | status=COMPLETED | exit=0 | runtime=00:00:16 | time=2026-07-30 23:03:23
START | job=3008/100000 | task=3007 | pid=97182 | time=2026-07-30 23:03:23
FINISH | job=2980/100000 | task=2979 | pid=91477 | status=COMPLETED | exit=0 | runtime=00:12:38 | time=2026-07-30 23:03:26
START | job=3009/100000 | task=3008 | pid=97205 | time=2026-07-30 23:03:26
FINISH | job=3009/100000 | task=3008 | pid=97205 | status=COMPLETED | exit=0 | runtime=00:00:14 | time=2026-07-30 23:03:40
START | job=3010/100000 | task=3009 | pid=97318 | time=2026-07-30 23:03:40
FINISH | job=3010/100000 | task=3009 | pid=97318 | status=COMPLETED | exit=0 | runtime=00:00:11 | time=2026-07-30 23:03:51
START | job=3011/100000 | task=3010 | pid=97418 | time=2026-07-30 23:03:51
FINISH | job=2990/100000 | task=2989 | pid=93902 | status=COMPLETED | exit=0 | runtime=00:08:46 | time=2026-07-30 23:05:03
START | job=3012/100000 | task=3011 | pid=97935 | time=2026-07-30 23:05:03
FINISH | job=3012/100000 | task=3011 | pid=97935 | status=COMPLETED | exit=0 | runtime=00:00:28 | time=2026-07-30 23:05:31
START | job=3013/100000 | task=3012 | pid=98141 | time=2026-07-30 23:05:31
FINISH | job=3013/100000 | task=3012 | pid=98141 | status=COMPLETED | exit=0 | runtime=00:00:01 | time=2026-07-30 23:05:32
START | job=3014/100000 | task=3013 | pid=98164 | time=2026-07-30 23:05:33
FINISH | job=3011/100000 | task=3010 | pid=97418 | status=COMPLETED | exit=0 | runtime=00:01:49 | time=2026-07-30 23:05:40
START | job=3015/100000 | task=3014 | pid=98217 | time=2026-07-30 23:05:40
FINISH | job=3014/100000 | task=3013 | pid=98164 | status=COMPLETED | exit=0 | runtime=00:00:15 | time=2026-07-30 23:05:48
START | job=3016/100000 | task=3015 | pid=98285 | time=2026-07-30 23:05:48
FINISH | job=2989/100000 | task=2988 | pid=93770 | status=COMPLETED | exit=0 | runtime=00:13:11 | time=2026-07-30 23:09:13
START | job=3017/100000 | task=3016 | pid=99747 | time=2026-07-30 23:09:13
FINISH | job=3008/100000 | task=3007 | pid=97182 | status=COMPLETED | exit=0 | runtime=00:07:37 | time=2026-07-30 23:11:00
START | job=3018/100000 | task=3017 | pid=815 | time=2026-07-30 23:11:00
FINISH | job=2991/100000 | task=2990 | pid=95005 | status=COMPLETED | exit=0 | runtime=00:12:55 | time=2026-07-30 23:11:39
START | job=3019/100000 | task=3018 | pid=1142 | time=2026-07-30 23:11:39
FINISH | job=3019/100000 | task=3018 | pid=1142 | status=COMPLETED | exit=0 | runtime=00:00:14 | time=2026-07-30 23:11:53
START | job=3020/100000 | task=3019 | pid=1245 | time=2026-07-30 23:11:53
FINISH | job=3018/100000 | task=3017 | pid=815 | status=COMPLETED | exit=0 | runtime=00:00:54 | time=2026-07-30 23:11:54
START | job=3021/100000 | task=3020 | pid=1271 | time=2026-07-30 23:11:54
FINISH | job=3020/100000 | task=3019 | pid=1245 | status=COMPLETED | exit=0 | runtime=00:00:03 | time=2026-07-30 23:11:56
START | job=3022/100000 | task=3021 | pid=1295 | time=2026-07-30 23:11:56
FINISH | job=3022/100000 | task=3021 | pid=1295 | status=COMPLETED | exit=0 | runtime=00:00:42 | time=2026-07-30 23:12:38
START | job=3023/100000 | task=3022 | pid=1614 | time=2026-07-30 23:12:38
FINISH | job=3021/100000 | task=3020 | pid=1271 | status=COMPLETED | exit=0 | runtime=00:01:01 | time=2026-07-30 23:12:55
START | job=3024/100000 | task=3023 | pid=1744 | time=2026-07-30 23:12:55
FINISH | job=3024/100000 | task=3023 | pid=1744 | status=COMPLETED | exit=0 | runtime=00:00:01 | time=2026-07-30 23:12:56
START | job=3025/100000 | task=3024 | pid=1750 | time=2026-07-30 23:12:56
FINISH | job=2998/100000 | task=2997 | pid=95807 | status=COMPLETED | exit=0 | runtime=00:12:47 | time=2026-07-30 23:13:12
START | job=3026/100000 | task=3025 | pid=1884 | time=2026-07-30 23:13:12
FINISH | job=3023/100000 | task=3022 | pid=1614 | status=COMPLETED | exit=0 | runtime=00:00:39 | time=2026-07-30 23:13:17
START | job=3027/100000 | task=3026 | pid=1923 | time=2026-07-30 23:13:17
FINISH | job=3007/100000 | task=3006 | pid=97097 | status=COMPLETED | exit=0 | runtime=00:12:34 | time=2026-07-30 23:15:46
START | job=3028/100000 | task=3027 | pid=3008 | time=2026-07-30 23:15:46
FINISH | job=3028/100000 | task=3027 | pid=3008 | status=COMPLETED | exit=0 | runtime=00:00:15 | time=2026-07-30 23:16:01
START | job=3029/100000 | task=3028 | pid=3123 | time=2026-07-30 23:16:01
FINISH | job=3017/100000 | task=3016 | pid=99747 | status=COMPLETED | exit=0 | runtime=00:07:01 | time=2026-07-30 23:16:14
START | job=3030/100000 | task=3029 | pid=3224 | time=2026-07-30 23:16:14
FINISH | job=3030/100000 | task=3029 | pid=3224 | status=COMPLETED | exit=0 | runtime=00:00:02 | time=2026-07-30 23:16:16
START | job=3031/100000 | task=3030 | pid=3247 | time=2026-07-30 23:16:16
FINISH | job=3031/100000 | task=3030 | pid=3247 | status=COMPLETED | exit=0 | runtime=00:00:01 | time=2026-07-30 23:16:17
START | job=3032/100000 | task=3031 | pid=3253 | time=2026-07-30 23:16:17
FINISH | job=3032/100000 | task=3031 | pid=3253 | status=COMPLETED | exit=0 | runtime=00:00:00 | time=2026-07-30 23:16:17
START | job=3033/100000 | task=3032 | pid=3259 | time=2026-07-30 23:16:17
FINISH | job=3033/100000 | task=3032 | pid=3259 | status=COMPLETED | exit=0 | runtime=00:00:01 | time=2026-07-30 23:16:18
START | job=3034/100000 | task=3033 | pid=3280 | time=2026-07-30 23:16:18
FINISH | job=2999/100000 | task=2998 | pid=96163 | status=COMPLETED | exit=0 | runtime=00:15:20 | time=2026-07-30 23:16:34
START | job=3035/100000 | task=3034 | pid=3396 | time=2026-07-30 23:16:34
FINISH | job=3029/100000 | task=3028 | pid=3123 | status=COMPLETED | exit=0 | runtime=00:02:12 | time=2026-07-30 23:18:13
START | job=3036/100000 | task=3035 | pid=4117 | time=2026-07-30 23:18:13
FINISH | job=3036/100000 | task=3035 | pid=4117 | status=COMPLETED | exit=0 | runtime=00:00:23 | time=2026-07-30 23:18:36
START | job=3037/100000 | task=3036 | pid=4299 | time=2026-07-30 23:18:36
FINISH | job=3016/100000 | task=3015 | pid=98285 | status=COMPLETED | exit=0 | runtime=00:13:12 | time=2026-07-30 23:19:00
START | job=3038/100000 | task=3037 | pid=4475 | time=2026-07-30 23:19:00
FINISH | job=3038/100000 | task=3037 | pid=4475 | status=COMPLETED | exit=0 | runtime=00:00:08 | time=2026-07-30 23:19:08
START | job=3039/100000 | task=3038 | pid=4545 | time=2026-07-30 23:19:08
FINISH | job=3039/100000 | task=3038 | pid=4545 | status=COMPLETED | exit=0 | runtime=00:00:48 | time=2026-07-30 23:19:56
START | job=3040/100000 | task=3039 | pid=4909 | time=2026-07-30 23:19:56
FINISH | job=3040/100000 | task=3039 | pid=4909 | status=COMPLETED | exit=0 | runtime=00:00:52 | time=2026-07-30 23:20:48
START | job=3041/100000 | task=3040 | pid=5288 | time=2026-07-30 23:20:48
FINISH | job=3041/100000 | task=3040 | pid=5288 | status=COMPLETED | exit=0 | runtime=00:00:01 | time=2026-07-30 23:20:49
START | job=3042/100000 | task=3041 | pid=5294 | time=2026-07-30 23:20:49
FINISH | job=3042/100000 | task=3041 | pid=5294 | status=COMPLETED | exit=0 | runtime=00:00:01 | time=2026-07-30 23:20:50
START | job=3043/100000 | task=3042 | pid=5302 | time=2026-07-30 23:20:50
FINISH | job=3037/100000 | task=3036 | pid=4299 | status=COMPLETED | exit=0 | runtime=00:02:33 | time=2026-07-30 23:21:09
START | job=3044/100000 | task=3043 | pid=5447 | time=2026-07-30 23:21:09
FINISH | job=3035/100000 | task=3034 | pid=3396 | status=COMPLETED | exit=0 | runtime=00:06:23 | time=2026-07-30 23:22:57
START | job=3045/100000 | task=3044 | pid=6238 | time=2026-07-30 23:22:57
FINISH | job=3026/100000 | task=3025 | pid=1884 | status=COMPLETED | exit=0 | runtime=00:10:03 | time=2026-07-30 23:23:15
START | job=3046/100000 | task=3045 | pid=6377 | time=2026-07-30 23:23:15
FINISH | job=3046/100000 | task=3045 | pid=6377 | status=COMPLETED | exit=0 | runtime=00:00:18 | time=2026-07-30 23:23:33
START | job=3047/100000 | task=3046 | pid=6523 | time=2026-07-30 23:23:33
FINISH | job=3047/100000 | task=3046 | pid=6523 | status=COMPLETED | exit=0 | runtime=00:01:01 | time=2026-07-30 23:24:34
START | job=3048/100000 | task=3047 | pid=6955 | time=2026-07-30 23:24:34
FINISH | job=3048/100000 | task=3047 | pid=6955 | status=COMPLETED | exit=0 | runtime=00:00:01 | time=2026-07-30 23:24:35
START | job=3049/100000 | task=3048 | pid=6978 | time=2026-07-30 23:24:35
FINISH | job=3049/100000 | task=3048 | pid=6978 | status=COMPLETED | exit=0 | runtime=00:00:03 | time=2026-07-30 23:24:38
START | job=3050/100000 | task=3049 | pid=6999 | time=2026-07-30 23:24:38
FINISH | job=3050/100000 | task=3049 | pid=6999 | status=COMPLETED | exit=0 | runtime=00:00:00 | time=2026-07-30 23:24:38
START | job=3051/100000 | task=3050 | pid=7005 | time=2026-07-30 23:24:38
FINISH | job=3051/100000 | task=3050 | pid=7005 | status=COMPLETED | exit=0 | runtime=00:22:37 | time=2026-07-30 23:47:15
START | job=3052/100000 | task=3051 | pid=8709 | time=2026-07-30 23:47:15
FINISH | job=3027/100000 | task=3026 | pid=1923 | status=COMPLETED | exit=0 | runtime=00:40:23 | time=2026-07-30 23:53:40
START | job=3053/100000 | task=3052 | pid=9645 | time=2026-07-30 23:53:40
FINISH | job=3034/100000 | task=3033 | pid=3280 | status=COMPLETED | exit=0 | runtime=00:38:57 | time=2026-07-30 23:55:15
START | job=3054/100000 | task=3053 | pid=10347 | time=2026-07-30 23:55:15
FINISH | job=3053/100000 | task=3052 | pid=9645 | status=COMPLETED | exit=0 | runtime=06:14:52 | time=2026-07-31 06:08:32
START | job=3055/100000 | task=3054 | pid=14888 | time=2026-07-31 06:08:32
FINISH | job=3025/100000 | task=3024 | pid=1750 | status=COMPLETED | exit=0 | runtime=07:36:42 | time=2026-07-31 06:49:38
START | job=3056/100000 | task=3055 | pid=15005 | time=2026-07-31 06:49:38
FINISH | job=3055/100000 | task=3054 | pid=14888 | status=COMPLETED | exit=0 | runtime=00:41:15 | time=2026-07-31 06:49:47
START | job=3057/100000 | task=3056 | pid=15081 | time=2026-07-31 06:49:47
FINISH | job=3057/100000 | task=3056 | pid=15081 | status=COMPLETED | exit=0 | runtime=00:00:04 | time=2026-07-31 06:49:51
START | job=3058/100000 | task=3057 | pid=15114 | time=2026-07-31 06:49:51
FINISH | job=3058/100000 | task=3057 | pid=15114 | status=COMPLETED | exit=0 | runtime=00:00:04 | time=2026-07-31 06:49:55
START | job=3059/100000 | task=3058 | pid=15142 | time=2026-07-31 06:49:55
FINISH | job=3044/100000 | task=3043 | pid=5447 | status=COMPLETED | exit=0 | runtime=07:29:44 | time=2026-07-31 06:50:53
START | job=3060/100000 | task=3059 | pid=15421 | time=2026-07-31 06:50:53
FINISH | job=3060/100000 | task=3059 | pid=15421 | status=COMPLETED | exit=0 | runtime=00:00:04 | time=2026-07-31 06:50:57
START | job=3061/100000 | task=3060 | pid=15449 | time=2026-07-31 06:50:57
FINISH | job=3043/100000 | task=3042 | pid=5302 | status=COMPLETED | exit=0 | runtime=07:31:13 | time=2026-07-31 06:52:03
START | job=3062/100000 | task=3061 | pid=15533 | time=2026-07-31 06:52:03
FINISH | job=3059/100000 | task=3058 | pid=15142 | status=COMPLETED | exit=0 | runtime=00:02:48 | time=2026-07-31 06:52:43
START | job=3063/100000 | task=3062 | pid=15825 | time=2026-07-31 06:52:43
FINISH | job=3056/100000 | task=3055 | pid=15005 | status=COMPLETED | exit=0 | runtime=00:05:48 | time=2026-07-31 06:55:26
START | job=3064/100000 | task=3063 | pid=16610 | time=2026-07-31 06:55:26
FINISH | job=3063/100000 | task=3062 | pid=15825 | status=COMPLETED | exit=0 | runtime=00:07:04 | time=2026-07-31 06:59:47
START | job=3065/100000 | task=3064 | pid=16789 | time=2026-07-31 06:59:47
FINISH | job=3065/100000 | task=3064 | pid=16789 | status=COMPLETED | exit=0 | runtime=00:00:15 | time=2026-07-31 07:00:02
START | job=3066/100000 | task=3065 | pid=16890 | time=2026-07-31 07:00:02
FINISH | job=3066/100000 | task=3065 | pid=16890 | status=COMPLETED | exit=0 | runtime=00:31:45 | time=2026-07-31 07:31:47
START | job=3067/100000 | task=3066 | pid=17877 | time=2026-07-31 07:31:47
FINISH | job=3067/100000 | task=3066 | pid=17877 | status=COMPLETED | exit=0 | runtime=00:00:01 | time=2026-07-31 07:31:48
START | job=3068/100000 | task=3067 | pid=17893 | time=2026-07-31 07:31:48
FINISH | job=3068/100000 | task=3067 | pid=17893 | status=COMPLETED | exit=0 | runtime=00:00:00 | time=2026-07-31 07:31:48
START | job=3069/100000 | task=3068 | pid=17906 | time=2026-07-31 07:31:48
FINISH | job=3045/100000 | task=3044 | pid=6238 | status=COMPLETED | exit=0 | runtime=09:00:20 | time=2026-07-31 08:23:17
START | job=3070/100000 | task=3069 | pid=18783 | time=2026-07-31 08:23:17
FINISH | job=3054/100000 | task=3053 | pid=10347 | status=COMPLETED | exit=0 | runtime=10:55:47 | time=2026-07-31 10:51:02
START | job=3071/100000 | task=3070 | pid=20176 | time=2026-07-31 10:51:02
FINISH | job=3069/100000 | task=3068 | pid=17906 | status=COMPLETED | exit=0 | runtime=03:37:56 | time=2026-07-31 11:09:44
START | job=3072/100000 | task=3071 | pid=20683 | time=2026-07-31 11:09:44
FINISH | job=3064/100000 | task=3063 | pid=16610 | status=COMPLETED | exit=0 | runtime=04:59:16 | time=2026-07-31 11:54:42
START | job=3073/100000 | task=3072 | pid=21169 | time=2026-07-31 11:54:42
FINISH | job=3073/100000 | task=3072 | pid=21169 | status=COMPLETED | exit=0 | runtime=00:52:13 | time=2026-07-31 12:46:55
START | job=3074/100000 | task=3073 | pid=21552 | time=2026-07-31 12:46:55
FINISH | job=3074/100000 | task=3073 | pid=21552 | status=COMPLETED | exit=0 | runtime=00:08:43 | time=2026-07-31 12:55:38
START | job=3075/100000 | task=3074 | pid=21609 | time=2026-07-31 12:55:38
FINISH | job=3075/100000 | task=3074 | pid=21609 | status=COMPLETED | exit=0 | runtime=00:53:07 | time=2026-07-31 13:48:45
START | job=3076/100000 | task=3075 | pid=22032 | time=2026-07-31 13:48:45
FINISH | job=3076/100000 | task=3075 | pid=22032 | status=COMPLETED | exit=0 | runtime=00:07:53 | time=2026-07-31 13:56:38
START | job=3077/100000 | task=3076 | pid=22055 | time=2026-07-31 13:56:38
FINISH | job=3052/100000 | task=3051 | pid=8709 | status=COMPLETED | exit=0 | runtime=14:09:31 | time=2026-07-31 13:56:46
START | job=3078/100000 | task=3077 | pid=22126 | time=2026-07-31 13:56:46
FINISH | job=3078/100000 | task=3077 | pid=22126 | status=COMPLETED | exit=0 | runtime=00:34:40 | time=2026-07-31 14:31:26
START | job=3079/100000 | task=3078 | pid=22357 | time=2026-07-31 14:31:26
FINISH | job=3077/100000 | task=3076 | pid=22055 | status=COMPLETED | exit=0 | runtime=00:56:22 | time=2026-07-31 14:53:00
START | job=3080/100000 | task=3079 | pid=22978 | time=2026-07-31 14:53:01
FINISH | job=3071/100000 | task=3070 | pid=20176 | status=COMPLETED | exit=0 | runtime=04:02:19 | time=2026-07-31 14:53:21
START | job=3081/100000 | task=3080 | pid=23124 | time=2026-07-31 14:53:21
FINISH | job=3081/100000 | task=3080 | pid=23124 | status=COMPLETED | exit=0 | runtime=00:04:26 | time=2026-07-31 14:57:47
START | job=3082/100000 | task=3081 | pid=23436 | time=2026-07-31 14:57:47
FINISH | job=3082/100000 | task=3081 | pid=23436 | status=COMPLETED | exit=0 | runtime=00:01:09 | time=2026-07-31 14:58:56
START | job=3083/100000 | task=3082 | pid=23583 | time=2026-07-31 14:58:57
FINISH | job=3083/100000 | task=3082 | pid=23583 | status=COMPLETED | exit=0 | runtime=00:01:11 | time=2026-07-31 15:00:09
START | job=3084/100000 | task=3083 | pid=23758 | time=2026-07-31 15:00:09
FINISH | job=3084/100000 | task=3083 | pid=23758 | status=COMPLETED | exit=0 | runtime=00:00:01 | time=2026-07-31 15:00:10
START | job=3085/100000 | task=3084 | pid=23766 | time=2026-07-31 15:00:10
FINISH | job=3085/100000 | task=3084 | pid=23766 | status=COMPLETED | exit=0 | runtime=00:00:04 | time=2026-07-31 15:00:15
START | job=3086/100000 | task=3085 | pid=23804 | time=2026-07-31 15:00:15
FINISH | job=3086/100000 | task=3085 | pid=23804 | status=COMPLETED | exit=0 | runtime=00:03:34 | time=2026-07-31 15:03:49
START | job=3087/100000 | task=3086 | pid=24022 | time=2026-07-31 15:03:49
FINISH | job=3087/100000 | task=3086 | pid=24022 | status=COMPLETED | exit=0 | runtime=00:00:02 | time=2026-07-31 15:03:51
START | job=3088/100000 | task=3087 | pid=24035 | time=2026-07-31 15:03:51
FINISH | job=3061/100000 | task=3060 | pid=15449 | status=COMPLETED | exit=0 | runtime=16:43:57 | time=2026-07-31 23:34:54
START | job=3089/100000 | task=3088 | pid=28040 | time=2026-07-31 23:34:54
FINISH | job=3062/100000 | task=3061 | pid=15533 | status=COMPLETED | exit=0 | runtime=24:08:09 | time=2026-08-01 07:00:12
START | job=3090/100000 | task=3089 | pid=29735 | time=2026-08-01 07:00:12
FINISH | job=3070/100000 | task=3069 | pid=18783 | status=COMPLETED | exit=0 | runtime=23:28:35 | time=2026-08-01 07:51:52
START | job=3091/100000 | task=3090 | pid=30128 | time=2026-08-01 07:51:52
FINISH | job=3090/100000 | task=3089 | pid=29735 | status=COMPLETED | exit=0 | runtime=03:10:19 | time=2026-08-01 10:10:31
START | job=3092/100000 | task=3091 | pid=30858 | time=2026-08-01 10:10:31
FINISH | job=3080/100000 | task=3079 | pid=22978 | status=COMPLETED | exit=0 | runtime=20:01:16 | time=2026-08-01 10:54:17
START | job=3093/100000 | task=3092 | pid=31189 | time=2026-08-01 10:54:17
FINISH | job=3093/100000 | task=3092 | pid=31189 | status=COMPLETED | exit=0 | runtime=00:00:10 | time=2026-08-01 10:54:27
START | job=3094/100000 | task=3093 | pid=31269 | time=2026-08-01 10:54:27
FINISH | job=3092/100000 | task=3091 | pid=30858 | status=COMPLETED | exit=0 | runtime=01:44:43 | time=2026-08-01 11:55:14
START | job=3095/100000 | task=3094 | pid=31842 | time=2026-08-01 11:55:14
FINISH | job=3095/100000 | task=3094 | pid=31842 | status=COMPLETED | exit=0 | runtime=00:17:01 | time=2026-08-01 12:12:15
START | job=3096/100000 | task=3095 | pid=31862 | time=2026-08-01 12:12:15
FINISH | job=3096/100000 | task=3095 | pid=31862 | status=COMPLETED | exit=0 | runtime=00:00:00 | time=2026-08-01 12:12:15
START | job=3097/100000 | task=3096 | pid=31873 | time=2026-08-01 12:12:15
FINISH | job=3072/100000 | task=3071 | pid=20683 | status=COMPLETED | exit=0 | runtime=25:20:03 | time=2026-08-01 12:29:47
START | job=3098/100000 | task=3097 | pid=31941 | time=2026-08-01 12:29:47
FINISH | job=3094/100000 | task=3093 | pid=31269 | status=COMPLETED | exit=0 | runtime=02:01:39 | time=2026-08-01 12:56:06
START | job=3099/100000 | task=3098 | pid=32145 | time=2026-08-01 12:56:06
FINISH | job=3099/100000 | task=3098 | pid=32145 | status=COMPLETED | exit=0 | runtime=01:00:42 | time=2026-08-01 13:56:48
START | job=3100/100000 | task=3099 | pid=32381 | time=2026-08-01 13:56:48
START PROGRESS | 3100/100000 (3%)
FINISH | job=3091/100000 | task=3090 | pid=30128 | status=COMPLETED | exit=0 | runtime=08:56:33 | time=2026-08-01 16:48:25
START | job=3101/100000 | task=3100 | pid=33892 | time=2026-08-01 16:48:25
FINISH | job=3079/100000 | task=3078 | pid=22357 | status=COMPLETED | exit=0 | runtime=26:28:33 | time=2026-08-01 16:59:59
START | job=3102/100000 | task=3101 | pid=33997 | time=2026-08-01 16:59:59
FINISH | job=3102/100000 | task=3101 | pid=33997 | status=COMPLETED | exit=0 | runtime=00:00:04 | time=2026-08-01 17:00:03
START | job=3103/100000 | task=3102 | pid=34035 | time=2026-08-01 17:00:04
FINISH | job=3103/100000 | task=3102 | pid=34035 | status=COMPLETED | exit=0 | runtime=00:00:06 | time=2026-08-01 17:00:09
START | job=3104/100000 | task=3103 | pid=34085 | time=2026-08-01 17:00:09
FINISH | job=3098/100000 | task=3097 | pid=31941 | status=COMPLETED | exit=0 | runtime=04:31:07 | time=2026-08-01 17:00:54
START | job=3105/100000 | task=3104 | pid=34365 | time=2026-08-01 17:00:54
FINISH | job=3104/100000 | task=3103 | pid=34085 | status=COMPLETED | exit=0 | runtime=00:00:55 | time=2026-08-01 17:01:04
START | job=3106/100000 | task=3105 | pid=34450 | time=2026-08-01 17:01:05
FINISH | job=3100/100000 | task=3099 | pid=32381 | status=COMPLETED | exit=0 | runtime=04:36:25 | time=2026-08-01 18:33:13
START | job=3107/100000 | task=3106 | pid=34902 | time=2026-08-01 18:33:13
FINISH | job=3088/100000 | task=3087 | pid=24035 | status=COMPLETED | exit=0 | runtime=28:31:53 | time=2026-08-01 19:35:44
START | job=3108/100000 | task=3107 | pid=35371 | time=2026-08-01 19:35:44
FINISH | job=3101/100000 | task=3100 | pid=33892 | status=COMPLETED | exit=0 | runtime=03:14:25 | time=2026-08-01 20:02:50
START | job=3109/100000 | task=3108 | pid=35490 | time=2026-08-01 20:02:50
FINISH | job=3108/100000 | task=3107 | pid=35371 | status=COMPLETED | exit=0 | runtime=02:45:01 | time=2026-08-01 22:20:45
START | job=3110/100000 | task=3109 | pid=36523 | time=2026-08-01 22:20:45
FINISH | job=3110/100000 | task=3109 | pid=36523 | status=COMPLETED | exit=0 | runtime=02:01:47 | time=2026-08-02 00:22:32
START | job=3111/100000 | task=3110 | pid=37550 | time=2026-08-02 00:22:32
FINISH | job=3105/100000 | task=3104 | pid=34365 | status=COMPLETED | exit=0 | runtime=07:37:20 | time=2026-08-02 00:38:14
START | job=3112/100000 | task=3111 | pid=37594 | time=2026-08-02 00:38:14
FINISH | job=3111/100000 | task=3110 | pid=37550 | status=COMPLETED | exit=0 | runtime=00:15:42 | time=2026-08-02 00:38:14
START | job=3113/100000 | task=3112 | pid=37600 | time=2026-08-02 00:38:14
FINISH | job=3112/100000 | task=3111 | pid=37594 | status=COMPLETED | exit=0 | runtime=02:09:50 | time=2026-08-02 02:48:04
START | job=3114/100000 | task=3113 | pid=37957 | time=2026-08-02 02:48:04
FINISH | job=3109/100000 | task=3108 | pid=35490 | status=COMPLETED | exit=0 | runtime=10:11:12 | time=2026-08-02 06:14:02
START | job=3115/100000 | task=3114 | pid=38573 | time=2026-08-02 06:14:02
FINISH | job=3089/100000 | task=3088 | pid=28040 | status=COMPLETED | exit=0 | runtime=31:45:21 | time=2026-08-02 07:20:15
START | job=3116/100000 | task=3115 | pid=38748 | time=2026-08-02 07:20:15
FINISH | job=3114/100000 | task=3113 | pid=37957 | status=COMPLETED | exit=0 | runtime=07:43:27 | time=2026-08-02 10:31:31
START | job=3117/100000 | task=3116 | pid=40133 | time=2026-08-02 10:31:31
FINISH | job=3117/100000 | task=3116 | pid=40133 | status=COMPLETED | exit=0 | runtime=01:29:07 | time=2026-08-02 12:00:38
START | job=3118/100000 | task=3117 | pid=40844 | time=2026-08-02 12:00:39
FINISH | job=3107/100000 | task=3106 | pid=34902 | status=COMPLETED | exit=0 | runtime=19:29:40 | time=2026-08-02 14:02:54
START | job=3119/100000 | task=3118 | pid=41826 | time=2026-08-02 14:02:54
FINISH | job=3119/100000 | task=3118 | pid=41826 | status=COMPLETED | exit=0 | runtime=00:17:49 | time=2026-08-02 14:20:43
START | job=3120/100000 | task=3119 | pid=41925 | time=2026-08-02 14:20:43
FINISH | job=3015/100000 | task=3014 | pid=98217 | status=COMPLETED | exit=0 | runtime=64:32:42 | time=2026-08-02 15:38:22
START | job=3121/100000 | task=3120 | pid=42448 | time=2026-08-02 15:38:22
FINISH | job=3121/100000 | task=3120 | pid=42448 | status=COMPLETED | exit=0 | runtime=00:15:57 | time=2026-08-02 15:54:19
START | job=3122/100000 | task=3121 | pid=42466 | time=2026-08-02 15:54:19
FINISH | job=3122/100000 | task=3121 | pid=42466 | status=COMPLETED | exit=0 | runtime=00:00:01 | time=2026-08-02 15:54:20
START | job=3123/100000 | task=3122 | pid=42479 | time=2026-08-02 15:54:20
FINISH | job=3123/100000 | task=3122 | pid=42479 | status=COMPLETED | exit=0 | runtime=00:00:00 | time=2026-08-02 15:54:20
START | job=3124/100000 | task=3123 | pid=42495 | time=2026-08-02 15:54:20
FINISH | job=3120/100000 | task=3119 | pid=41925 | status=COMPLETED | exit=0 | runtime=01:44:09 | time=2026-08-02 16:04:52
START | job=3125/100000 | task=3124 | pid=42650 | time=2026-08-02 16:04:52
FINISH | job=3118/100000 | task=3117 | pid=40844 | status=COMPLETED | exit=0 | runtime=07:53:08 | time=2026-08-02 19:53:46
START | job=3126/100000 | task=3125 | pid=44555 | time=2026-08-02 19:53:46
FINISH | job=3097/100000 | task=3096 | pid=31873 | status=COMPLETED | exit=0 | runtime=31:56:25 | time=2026-08-02 20:08:40
START | job=3127/100000 | task=3126 | pid=44626 | time=2026-08-02 20:08:41
FINISH | job=3126/100000 | task=3125 | pid=44555 | status=COMPLETED | exit=0 | runtime=01:15:55 | time=2026-08-02 21:09:41
START | job=3128/100000 | task=3127 | pid=44999 | time=2026-08-02 21:09:41
FINISH | job=3127/100000 | task=3126 | pid=44626 | status=COMPLETED | exit=0 | runtime=01:01:28 | time=2026-08-02 21:10:09
START | job=3129/100000 | task=3128 | pid=45195 | time=2026-08-02 21:10:09
FINISH | job=3129/100000 | task=3128 | pid=45195 | status=COMPLETED | exit=0 | runtime=00:15:46 | time=2026-08-02 21:25:55
START | job=3130/100000 | task=3129 | pid=45303 | time=2026-08-02 21:25:55
FINISH | job=3130/100000 | task=3129 | pid=45303 | status=COMPLETED | exit=0 | runtime=00:00:02 | time=2026-08-02 21:25:57
START | job=3131/100000 | task=3130 | pid=45326 | time=2026-08-02 21:25:57
FINISH | job=3131/100000 | task=3130 | pid=45326 | status=COMPLETED | exit=0 | runtime=00:00:00 | time=2026-08-02 21:25:57
START | job=3132/100000 | task=3131 | pid=45333 | time=2026-08-02 21:25:58
FINISH | job=3132/100000 | task=3131 | pid=45333 | status=COMPLETED | exit=0 | runtime=00:00:00 | time=2026-08-02 21:25:58
START | job=3133/100000 | task=3132 | pid=45354 | time=2026-08-02 21:25:58
FINISH | job=3113/100000 | task=3112 | pid=37600 | status=COMPLETED | exit=0 | runtime=21:32:20 | time=2026-08-02 22:10:34
START | job=3134/100000 | task=3133 | pid=45712 | time=2026-08-02 22:10:34
FINISH | job=3106/100000 | task=3105 | pid=34450 | status=COMPLETED | exit=0 | runtime=29:09:39 | time=2026-08-02 22:10:44
START | job=3135/100000 | task=3134 | pid=45783 | time=2026-08-02 22:10:44
FINISH | job=3128/100000 | task=3127 | pid=44999 | status=COMPLETED | exit=0 | runtime=02:52:54 | time=2026-08-03 00:02:35
START | job=3136/100000 | task=3135 | pid=46462 | time=2026-08-03 00:02:35
FINISH | job=3136/100000 | task=3135 | pid=46462 | status=COMPLETED | exit=0 | runtime=00:10:03 | time=2026-08-03 00:12:38
START | job=3137/100000 | task=3136 | pid=46518 | time=2026-08-03 00:12:38
FINISH | job=3137/100000 | task=3136 | pid=46518 | status=COMPLETED | exit=0 | runtime=00:00:11 | time=2026-08-03 00:12:49
START | job=3138/100000 | task=3137 | pid=46606 | time=2026-08-03 00:12:50
FINISH | job=3138/100000 | task=3137 | pid=46606 | status=COMPLETED | exit=0 | runtime=00:00:12 | time=2026-08-03 00:13:02
START | job=3139/100000 | task=3138 | pid=46706 | time=2026-08-03 00:13:02
FINISH | job=3139/100000 | task=3138 | pid=46706 | status=COMPLETED | exit=0 | runtime=03:02:17 | time=2026-08-03 03:15:19
START | job=3140/100000 | task=3139 | pid=47408 | time=2026-08-03 03:15:19
FINISH | job=3135/100000 | task=3134 | pid=45783 | status=COMPLETED | exit=0 | runtime=05:21:36 | time=2026-08-03 03:32:20
START | job=3141/100000 | task=3140 | pid=47439 | time=2026-08-03 03:32:20
FINISH | job=3141/100000 | task=3140 | pid=47439 | status=COMPLETED | exit=0 | runtime=00:50:08 | time=2026-08-03 04:22:28
START | job=3142/100000 | task=3141 | pid=47647 | time=2026-08-03 04:22:28
FINISH | job=3140/100000 | task=3139 | pid=47408 | status=COMPLETED | exit=0 | runtime=05:32:30 | time=2026-08-03 08:47:49
START | job=3143/100000 | task=3142 | pid=48652 | time=2026-08-03 08:47:49
FINISH | job=3115/100000 | task=3114 | pid=38573 | status=COMPLETED | exit=0 | runtime=27:51:10 | time=2026-08-03 10:05:12
START | job=3144/100000 | task=3143 | pid=49416 | time=2026-08-03 10:05:12
FINISH | job=3116/100000 | task=3115 | pid=38748 | status=COMPLETED | exit=0 | runtime=27:02:28 | time=2026-08-03 10:22:43
START | job=3145/100000 | task=3144 | pid=49689 | time=2026-08-03 10:22:43
FINISH | job=3125/100000 | task=3124 | pid=42650 | status=COMPLETED | exit=0 | runtime=19:53:12 | time=2026-08-03 11:58:04
START | job=3146/100000 | task=3145 | pid=50128 | time=2026-08-03 11:58:04
FINISH | job=3145/100000 | task=3144 | pid=49689 | status=COMPLETED | exit=0 | runtime=01:44:27 | time=2026-08-03 12:07:10
START | job=3147/100000 | task=3146 | pid=50192 | time=2026-08-03 12:07:10
FINISH | job=3147/100000 | task=3146 | pid=50192 | status=COMPLETED | exit=0 | runtime=00:00:07 | time=2026-08-03 12:07:17
START | job=3148/100000 | task=3147 | pid=50252 | time=2026-08-03 12:07:17
FINISH | job=3148/100000 | task=3147 | pid=50252 | status=COMPLETED | exit=0 | runtime=00:00:03 | time=2026-08-03 12:07:20
START | job=3149/100000 | task=3148 | pid=50278 | time=2026-08-03 12:07:20
FINISH | job=3149/100000 | task=3148 | pid=50278 | status=COMPLETED | exit=0 | runtime=00:00:03 | time=2026-08-03 12:07:23
START | job=3150/100000 | task=3149 | pid=50306 | time=2026-08-03 12:07:23
FINISH | job=3150/100000 | task=3149 | pid=50306 | status=COMPLETED | exit=0 | runtime=00:21:12 | time=2026-08-03 12:28:35
START | job=3151/100000 | task=3150 | pid=50571 | time=2026-08-03 12:28:35
FINISH | job=3146/100000 | task=3145 | pid=50128 | status=COMPLETED | exit=0 | runtime=01:04:08 | time=2026-08-03 13:02:12
START | job=3152/100000 | task=3151 | pid=51175 | time=2026-08-03 13:02:13
FINISH | job=3124/100000 | task=3123 | pid=42495 | status=COMPLETED | exit=0 | runtime=26:10:38 | time=2026-08-03 18:04:58
START | job=3153/100000 | task=3152 | pid=53622 | time=2026-08-03 18:04:58
FINISH | job=3153/100000 | task=3152 | pid=53622 | status=COMPLETED | exit=0 | runtime=00:10:19 | time=2026-08-03 18:15:17
START | job=3154/100000 | task=3153 | pid=54265 | time=2026-08-03 18:15:17
FINISH | job=3154/100000 | task=3153 | pid=54265 | status=COMPLETED | exit=0 | runtime=00:16:19 | time=2026-08-03 18:31:36
START | job=3155/100000 | task=3154 | pid=54394 | time=2026-08-03 18:31:37
FINISH | job=3155/100000 | task=3154 | pid=54394 | status=COMPLETED | exit=0 | runtime=00:00:22 | time=2026-08-03 18:31:59
START | job=3156/100000 | task=3155 | pid=54553 | time=2026-08-03 18:31:59
FINISH | job=3156/100000 | task=3155 | pid=54553 | status=COMPLETED | exit=0 | runtime=00:00:02 | time=2026-08-03 18:32:01
START | job=3157/100000 | task=3156 | pid=54581 | time=2026-08-03 18:32:01
FINISH | job=3157/100000 | task=3156 | pid=54581 | status=COMPLETED | exit=0 | runtime=00:00:01 | time=2026-08-03 18:32:02
START | job=3158/100000 | task=3157 | pid=54594 | time=2026-08-03 18:32:02
FINISH | job=3158/100000 | task=3157 | pid=54594 | status=COMPLETED | exit=0 | runtime=00:17:01 | time=2026-08-03 18:49:03
START | job=3159/100000 | task=3158 | pid=55390 | time=2026-08-03 18:49:03
FINISH | job=3159/100000 | task=3158 | pid=55390 | status=COMPLETED | exit=0 | runtime=00:18:05 | time=2026-08-03 19:07:08
START | job=3160/100000 | task=3159 | pid=55715 | time=2026-08-03 19:07:08
FINISH | job=3133/100000 | task=3132 | pid=45354 | status=COMPLETED | exit=0 | runtime=24:07:10 | time=2026-08-03 21:33:08
START | job=3161/100000 | task=3160 | pid=57874 | time=2026-08-03 21:33:08
FINISH | job=3144/100000 | task=3143 | pid=49416 | status=COMPLETED | exit=0 | runtime=15:02:36 | time=2026-08-04 01:07:48
START | job=3162/100000 | task=3161 | pid=59645 | time=2026-08-04 01:07:48
FINISH | job=3142/100000 | task=3141 | pid=47647 | status=COMPLETED | exit=0 | runtime=21:08:28 | time=2026-08-04 01:30:56
START | job=3163/100000 | task=3162 | pid=59815 | time=2026-08-04 01:30:56
FINISH | job=3134/100000 | task=3133 | pid=45712 | status=COMPLETED | exit=0 | runtime=30:59:20 | time=2026-08-04 05:09:54
START | job=3164/100000 | task=3163 | pid=60238 | time=2026-08-04 05:09:54
FINISH | job=3164/100000 | task=3163 | pid=60238 | status=COMPLETED | exit=0 | runtime=00:00:04 | time=2026-08-04 05:09:58
START | job=3165/100000 | task=3164 | pid=60276 | time=2026-08-04 05:09:58
FINISH | job=3165/100000 | task=3164 | pid=60276 | status=COMPLETED | exit=0 | runtime=00:17:06 | time=2026-08-04 05:27:04
START | job=3166/100000 | task=3165 | pid=60324 | time=2026-08-04 05:27:04
FINISH | job=3166/100000 | task=3165 | pid=60324 | status=COMPLETED | exit=0 | runtime=00:16:19 | time=2026-08-04 05:43:23
START | job=3167/100000 | task=3166 | pid=60347 | time=2026-08-04 05:43:23
FINISH | job=3143/100000 | task=3142 | pid=48652 | status=COMPLETED | exit=0 | runtime=22:51:50 | time=2026-08-04 07:39:39
START | job=3168/100000 | task=3167 | pid=60694 | time=2026-08-04 07:39:39
FINISH | job=3168/100000 | task=3167 | pid=60694 | status=COMPLETED | exit=0 | runtime=00:00:00 | time=2026-08-04 07:39:39
START | job=3169/100000 | task=3168 | pid=60710 | time=2026-08-04 07:39:39
FINISH | job=3167/100000 | task=3166 | pid=60347 | status=COMPLETED | exit=0 | runtime=02:27:46 | time=2026-08-04 08:11:09
START | job=3170/100000 | task=3169 | pid=60813 | time=2026-08-04 08:11:09
FINISH | job=3162/100000 | task=3161 | pid=59645 | status=COMPLETED | exit=0 | runtime=08:19:27 | time=2026-08-04 09:27:15
START | job=3171/100000 | task=3170 | pid=61182 | time=2026-08-04 09:27:15
FINISH | job=3163/100000 | task=3162 | pid=59815 | status=COMPLETED | exit=0 | runtime=08:56:45 | time=2026-08-04 10:27:41
START | job=3172/100000 | task=3171 | pid=61622 | time=2026-08-04 10:27:41
FINISH | job=3172/100000 | task=3171 | pid=61622 | status=COMPLETED | exit=0 | runtime=02:47:27 | time=2026-08-04 13:15:08
START | job=3173/100000 | task=3172 | pid=64617 | time=2026-08-04 13:15:08
FINISH | job=3173/100000 | task=3172 | pid=64617 | status=COMPLETED | exit=0 | runtime=00:00:10 | time=2026-08-04 13:15:18
START | job=3174/100000 | task=3173 | pid=64689 | time=2026-08-04 13:15:18
FINISH | job=3174/100000 | task=3173 | pid=64689 | status=COMPLETED | exit=0 | runtime=00:00:22 | time=2026-08-04 13:15:40
START | job=3175/100000 | task=3174 | pid=64835 | time=2026-08-04 13:15:40
FINISH | job=3175/100000 | task=3174 | pid=64835 | status=COMPLETED | exit=0 | runtime=00:00:05 | time=2026-08-04 13:15:45
START | job=3176/100000 | task=3175 | pid=64886 | time=2026-08-04 13:15:45
FINISH | job=3176/100000 | task=3175 | pid=64886 | status=COMPLETED | exit=0 | runtime=00:00:02 | time=2026-08-04 13:15:47
START | job=3177/100000 | task=3176 | pid=64911 | time=2026-08-04 13:15:47
FINISH | job=3177/100000 | task=3176 | pid=64911 | status=COMPLETED | exit=0 | runtime=00:34:35 | time=2026-08-04 13:50:22
START | job=3178/100000 | task=3177 | pid=65166 | time=2026-08-04 13:50:22
FINISH | job=3151/100000 | task=3150 | pid=50571 | status=COMPLETED | exit=0 | runtime=25:47:31 | time=2026-08-04 14:16:06
START | job=3179/100000 | task=3178 | pid=65486 | time=2026-08-04 14:16:06
FINISH | job=3160/100000 | task=3159 | pid=55715 | status=COMPLETED | exit=0 | runtime=20:26:20 | time=2026-08-04 15:33:28
START | job=3180/100000 | task=3179 | pid=66536 | time=2026-08-04 15:33:28
FINISH | job=3152/100000 | task=3151 | pid=51175 | status=COMPLETED | exit=0 | runtime=28:05:19 | time=2026-08-04 17:07:32
START | job=3181/100000 | task=3180 | pid=67328 | time=2026-08-04 17:07:32
FINISH | job=3181/100000 | task=3180 | pid=67328 | status=COMPLETED | exit=0 | runtime=00:14:16 | time=2026-08-04 17:21:48
START | job=3182/100000 | task=3181 | pid=67976 | time=2026-08-04 17:21:48
FINISH | job=3182/100000 | task=3181 | pid=67976 | status=COMPLETED | exit=0 | runtime=00:02:49 | time=2026-08-04 17:24:37
START | job=3183/100000 | task=3182 | pid=68757 | time=2026-08-04 17:24:37
FINISH | job=3183/100000 | task=3182 | pid=68757 | status=COMPLETED | exit=0 | runtime=00:00:03 | time=2026-08-04 17:24:40
START | job=3184/100000 | task=3183 | pid=68780 | time=2026-08-04 17:24:40
FINISH | job=3184/100000 | task=3183 | pid=68780 | status=COMPLETED | exit=0 | runtime=00:00:02 | time=2026-08-04 17:24:42
START | job=3185/100000 | task=3184 | pid=68808 | time=2026-08-04 17:24:42
FINISH | job=3185/100000 | task=3184 | pid=68808 | status=COMPLETED | exit=0 | runtime=00:00:12 | time=2026-08-04 17:24:54
START | job=3186/100000 | task=3185 | pid=68908 | time=2026-08-04 17:24:54
FINISH | job=3186/100000 | task=3185 | pid=68908 | status=COMPLETED | exit=0 | runtime=00:00:17 | time=2026-08-04 17:25:11
START | job=3187/100000 | task=3186 | pid=69041 | time=2026-08-04 17:25:11
FINISH | job=3161/100000 | task=3160 | pid=57874 | status=COMPLETED | exit=0 | runtime=19:53:05 | time=2026-08-04 17:26:13
START | job=3188/100000 | task=3187 | pid=69495 | time=2026-08-04 17:26:13
FINISH | job=3171/100000 | task=3170 | pid=61182 | status=COMPLETED | exit=0 | runtime=08:00:42 | time=2026-08-04 17:27:57
START | job=3189/100000 | task=3188 | pid=70305 | time=2026-08-04 17:27:57
PARALLEL FINISH | local_job_id=local_20260729_150601 | exit=130 | runtime=146:22:08 | time=2026-08-04 17:28:09
