5e-05,23000.0,1401604,Ejected
5e-05,75000.0,3144845,Captured
5e-05,141000.0,1358187,Ejected
5e-05,138000.0,1358188,Ejected
5e-05,192000.0,3400312,Ejected
5e-05,360000.0,2524483,Captured
5e-05,780000.0,1468628,Ejected
5e-05,1885000.0,6537,Ejected
5e-05,4333000.0,2916193,Ejected
5e-05,2461000.0,3144834,Ejected
5e-05,4260000.0,1358210,Ejected
5e-05,3782000.0,2524486,Ejected
5e-05,415000.0,87398,Ejected
5e-05,3141000.0,2916196,Ejected
5e-05,585000.0,1358215,Captured
5e-05,4228000.0,87393,Ejected
5e-05,3177000.0,3144847,Ejected
5e-05,4815000.0,3803197,Ejected
5e-05,4416000.0,1401591,Ejected
5e-05,4513000.0,1468633,Ejected
5e-05,3114000.0,3783353,Ejected
5e-05,1559000.0,3144854,Ejected
5e-05,4631000.0,87411,Ejected
5e-05,1174000.0,3144861,Ejected
5e-05,4323000.0,2524449,Ejected
5e-05,3773000.0,1468626,Ejected
5e-05,916000.0,2524427,Ejected
5e-05,3743000.0,3144865,Ejected
5e-05,934000.0,6530,Captured
5e-05,2626000.0,87372,Ejected
5e-05,1463000.0,1401577,Ejected
5e-05,2879000.0,2916183,Ejected
5e-05,3644000.0,1468629,Ejected
5e-05,2051000.0,87416,Captured
5e-05,2374000.0,3803199,Captured
5e-05,2433000.0,2916213,Ejected
5e-05,1891000.0,1468619,Ejected
5e-05,2957000.0,1358207,Ejected
5e-05,2271000.0,2617679,Ejected
5e-05,2284000.0,87396,Ejected
5e-05,4982000.0,87418,Ejected
5e-05,2565000.0,3803212,Ejected
5e-05,2800000.0,1358208,Ejected
5e-05,3885000.0,3400308,Ejected
5e-05,4887000.0,6515,Ejected
5e-05,2408000.0,1358190,Ejected
5e-05,4060000.0,6521,Ejected
5e-05,4808000.0,3783374,Ejected
5e-05,3683000.0,2916191,Ejected
5e-05,4519000.0,3144844,Ejected
5e-05,3039000.0,3144856,Ejected
5e-05,3111000.0,2524465,Ejected
5e-05,4149000.0,2615576,Ejected
5e-05,4222000.0,1358206,Ejected
5e-05,3224000.0,2916198,Ejected
5e-05,2635000.0,1358209,Ejected
5e-05,2450000.0,87386,Ejected
5e-05,3011000.0,1358186,Ejected
5e-05,4638000.0,6504,Ejected
5e-05,3145000.0,302374,Ejected
5e-05,3248000.0,6514,Ejected
5e-05,1799000.0,2916180,Ejected
5e-05,3447000.0,87369,Ejected
0.0001,0.0,3382865,Captured
0.0001,6000.0,238993,Captured
0.0001,62000.0,4070455,Captured
0.0001,833000.0,4070486,Ejected
0.0001,1128000.0,3978018,Ejected
0.0001,789000.0,4070502,Ejected
0.0001,975000.0,4070446,Ejected
0.0001,1216000.0,3011963,Ejected
0.0001,692000.0,3978011,Ejected
0.0001,1496000.0,4070447,Ejected
0.0001,930000.0,725624,Ejected
0.0001,957000.0,2950153,Ejected
0.0001,473000.0,3032789,Ejected
0.0001,79000.0,3973709,Captured
0.0001,553000.0,27228,Ejected
0.0001,1199000.0,1678363,Ejected
0.0001,831000.0,2950146,Ejected
0.0001,642000.0,3011972,Ejected
0.0001,1760000.0,725621,Ejected
0.0001,1378000.0,725573,Ejected
0.0001,1312000.0,2950139,Ejected
0.0001,1238000.0,725602,Ejected
0.0001,2364000.0,239019,Ejected
0.0001,579000.0,27202,Ejected
0.0001,939000.0,3011965,Ejected
0.0001,699000.0,3848423,Ejected
0.0001,171000.0,27211,Ejected
0.0001,723000.0,725575,Ejected
0.0001,771000.0,1438875,Ejected
0.0001,1134000.0,239022,Ejected
0.0001,1391000.0,1678387,Ejected
0.0001,2970000.0,2950144,Ejected
0.0001,2520000.0,1678366,Ejected
0.0001,211000.0,2950125,Ejected
0.0001,1024000.0,4070497,Ejected
0.0001,1133000.0,239005,Ejected
0.0001,854000.0,550644,Ejected
0.0001,2174000.0,239020,Ejected
0.0001,1271000.0,27207,Ejected
0.0001,1481000.0,4070496,Ejected
0.0001,1143000.0,3011984,Ejected
0.0001,1411000.0,4070480,Ejected
0.0001,785000.0,3032798,Ejected
0.0001,1067000.0,2843348,Ejected
0.0001,1045000.0,725558,Ejected
0.0001,1348000.0,3978024,Ejected
0.0001,1574000.0,3978033,Ejected
0.0001,1702000.0,2950132,Ejected
0.0001,2415000.0,239002,Ejected
0.0001,1231000.0,1438880,Ejected
0.0001,1012000.0,239015,Ejected
0.0001,1266000.0,2950124,Ejected
0.0001,1532000.0,3011987,Ejected
0.0001,1337000.0,2950122,Ejected
0.0001,1779000.0,3032799,Ejected
0.0001,858000.0,1678357,Ejected
0.0001,1432000.0,550651,Ejected
0.0001,1324000.0,3973721,Ejected
0.0001,1268000.0,725591,Ejected
0.0001,1299000.0,4070452,Ejected
0.0001,2203000.0,4070503,Ejected
0.0001,1155000.0,725599,Ejected
0.0001,399000.0,4070448,Captured
0.0001,2426000.0,1438854,Ejected
0.0001,1022000.0,725619,Ejected
0.0001,901000.0,3011971,Ejected
0.0001,2125000.0,3978010,Ejected
0.0001,1667000.0,4070482,Ejected
0.0001,2395000.0,3011955,Ejected
0.0001,2081000.0,239014,Ejected
0.0001,861000.0,3011952,Ejected
0.0001,1347000.0,3973728,Ejected
0.0001,2253000.0,2950137,Ejected
0.0001,2247000.0,239013,Ejected
0.0001,1069000.0,1438877,Ejected
0.0001,2493000.0,4070453,Ejected
0.0001,1206000.0,3973710,Ejected
0.0001,2512000.0,725608,Ejected
0.0001,2340000.0,2950148,Ejected
0.0001,1011000.0,3011980,Ejected
0.0001,1383000.0,2950119,Ejected
0.0001,2094000.0,3011994,Ejected
0.0001,1864000.0,725610,Ejected
0.0001,3117000.0,1438876,Ejected
0.0001,1012000.0,3848433,Ejected
0.0001,1864000.0,3848437,Ejected
0.0001,1370000.0,3978022,Ejected
0.0001,1931000.0,725615,Ejected
0.0001,2636000.0,239010,Ejected
0.0001,697000.0,3848434,Ejected
0.0001,1739000.0,4070459,Ejected
0.0001,2563000.0,725595,Ejected
0.0001,1135000.0,1438870,Ejected
0.0001,3575000.0,27232,Ejected
0.0001,1358000.0,725567,Ejected
0.0001,2182000.0,2950149,Ejected
0.0001,2198000.0,4070469,Ejected
0.0001,2650000.0,4070500,Ejected
0.0001,2634000.0,2843347,Ejected
0.0001,1768000.0,725579,Ejected
0.0001,3104000.0,3973729,Ejected
0.0001,2092000.0,3011970,Ejected
0.0001,1984000.0,3011992,Ejected
0.0001,2598000.0,1438867,Ejected
0.0001,1713000.0,2950151,Ejected
0.0001,2664000.0,4070439,Ejected
0.0001,1401000.0,3032793,Ejected
0.0001,1574000.0,27206,Ejected
0.0001,2531000.0,725600,Ejected
0.0001,2095000.0,3973722,Ejected
0.0001,1040000.0,4070493,Ejected
0.0001,1224000.0,550646,Ejected
0.0001,3337000.0,27241,Ejected
0.0001,2032000.0,3032784,Ejected
0.0001,1594000.0,3011990,Ejected
0.0001,2384000.0,725607,Ejected
0.0001,1562000.0,3032781,Ejected
0.0001,1916000.0,1678371,Ejected
0.0001,1948000.0,725571,Ejected
0.0001,1494000.0,27200,Ejected
0.0001,2376000.0,4070492,Ejected
0.0001,2338000.0,3848440,Ejected
0.0001,1848000.0,3978031,Ejected
0.0001,1947000.0,3011979,Ejected
0.0001,1517000.0,725557,Ejected
0.0001,1763000.0,725592,Ejected
0.0001,1538000.0,4070473,Ejected
0.0001,2448000.0,27219,Ejected
0.0001,765000.0,27225,Ejected
0.0001,3886000.0,2159528,Ejected
0.0001,621000.0,1678360,Ejected
0.0001,2604000.0,27198,Ejected
0.0001,2281000.0,3978020,Ejected
0.0001,1754000.0,4070462,Ejected
0.0001,1773000.0,725620,Ejected
0.0001,1712000.0,2950118,Ejected
0.0001,3086000.0,3973723,Ejected
0.0001,2241000.0,3382864,Ejected
0.0001,2471000.0,4070444,Ejected
0.0001,2140000.0,1678376,Ejected
0.0001,2694000.0,27230,Ejected
0.0001,1220000.0,239021,Ejected
0.0001,3041000.0,4070484,Ejected
0.0001,3460000.0,3382867,Ejected
0.0001,1070000.0,3848432,Ejected
0.0001,2248000.0,4070501,Ejected
0.0001,1362000.0,3973717,Ejected
0.0001,1943000.0,3011996,Ejected
0.0001,2514000.0,1678364,Ejected
0.0001,2365000.0,1438868,Ejected
0.0001,1788000.0,27220,Ejected
0.0001,968000.0,2950140,Ejected
0.0001,2346000.0,3978028,Ejected
0.0001,1511000.0,3978021,Ejected
0.0001,2147000.0,3032791,Ejected
0.0001,1550000.0,3848428,Ejected
0.0001,2153000.0,3848420,Ejected
0.0001,2102000.0,3032787,Ejected
0.0001,3370000.0,3011983,Ejected
0.0001,2267000.0,1678385,Ejected
0.0001,2476000.0,2950126,Ejected
0.0001,3940000.0,1438855,Ejected
0.0001,1797000.0,1678372,Ejected
0.0001,3075000.0,4070474,Ejected
0.0001,1507000.0,239012,Ejected
0.0001,3339000.0,3032792,Ejected
0.0001,3284000.0,3848426,Ejected
0.0001,2309000.0,1678373,Ejected
0.0001,3192000.0,2950141,Ejected
0.0001,2412000.0,2950162,Ejected
0.0001,3042000.0,239016,Ejected
0.0001,3202000.0,27218,Ejected
0.0001,3367000.0,4070491,Ejected
0.0001,2647000.0,3439809,Ejected
0.0001,2440000.0,3011982,Ejected
0.0001,3255000.0,3848424,Ejected
0.0001,2240000.0,3382863,Ejected
0.0001,2330000.0,725593,Ejected
0.0001,3484000.0,3973720,Ejected
0.0001,2520000.0,2950138,Ejected
0.0001,2912000.0,3848417,Ejected
0.0001,1036000.0,1678365,Ejected
0.0001,3790000.0,3848444,Ejected
0.0001,1854000.0,3973725,Ejected
0.0001,3012000.0,3011960,Ejected
0.0001,4553000.0,27237,Ejected
0.0001,1160000.0,27238,Ejected
0.0001,2265000.0,4070458,Ejected
0.0001,4113000.0,238996,Ejected
0.0001,3443000.0,3848445,Ejected
0.0001,3120000.0,239001,Ejected
0.0001,3394000.0,2950147,Ejected
0.0001,1654000.0,3011981,Ejected
0.0001,1643000.0,1438852,Ejected
0.0001,3283000.0,3011967,Ejected
0.0001,1756000.0,27233,Ejected
0.0001,4228000.0,3973715,Ejected
0.0001,2397000.0,1678358,Ejected
0.0001,4797000.0,3848439,Ejected
0.0001,3456000.0,3973714,Ejected
0.0001,1891000.0,238987,Ejected
0.0001,2199000.0,3848442,Ejected
0.0001,3189000.0,1678374,Ejected
0.0001,3397000.0,4070464,Ejected
0.0001,4798000.0,27199,Ejected
0.0001,3755000.0,4070475,Ejected
0.0001,1773000.0,1438860,Ejected
0.0001,2491000.0,2950158,Ejected
0.0001,3620000.0,239017,Ejected
0.0001,3001000.0,3032779,Ejected
0.0001,3717000.0,3848435,Ejected
0.0001,4506000.0,725623,Ejected
0.0001,2840000.0,4070445,Ejected
0.0001,3879000.0,4070450,Ejected
0.0001,3575000.0,27231,Ejected
0.0001,4317000.0,1678379,Ejected
0.0001,2303000.0,2843345,Ejected
0.0001,4704000.0,3032786,Ejected
0.0001,2581000.0,4070456,Ejected
0.0001,4567000.0,1678370,Ejected
0.0001,2829000.0,2843346,Ejected
0.0001,2619000.0,1678381,Ejected
0.0001,4310000.0,725564,Ejected
0.0001,2536000.0,27226,Ejected
0.0001,2629000.0,3848414,Ejected
0.0001,2689000.0,2950155,Ejected
0.0001,4023000.0,3011959,Ejected
0.0001,3799000.0,1438871,Ejected
0.0001,4427000.0,3032790,Ejected
0.0001,3795000.0,27236,Ejected
0.0001,3618000.0,3973712,Ejected
0.0001,4924000.0,3848443,Ejected
0.0001,2905000.0,4070463,Ejected
0.0001,4267000.0,238990,Ejected
0.0001,4790000.0,238992,Ejected
0.0001,2486000.0,725622,Ejected
0.0001,1773000.0,1678386,Ejected
0.0001,2945000.0,1678369,Ejected
0.0001,1670000.0,4070483,Ejected
0.0001,4793000.0,3973716,Ejected
0.0001,2451000.0,1678359,Ejected
0.0001,4560000.0,4070499,Ejected
0.0001,3735000.0,550649,Ejected
0.0001,4949000.0,2950154,Ejected
0.0001,4467000.0,550650,Ejected
0.0001,2435000.0,27234,Ejected
0.0001,3505000.0,4070443,Ejected
0.0001,4982000.0,2950135,Ejected
0.0001,1478000.0,2950116,Captured
0.0001,3021000.0,725570,Ejected
0.0001,2604000.0,27221,Ejected
0.0001,3728000.0,310386,Ejected
0.0001,4494000.0,3848415,Ejected
0.0001,4354000.0,3848419,Ejected
0.0001,3747000.0,725587,Ejected
0.0001,4053000.0,3973730,Ejected
0.0001,2995000.0,3032783,Ejected
0.0001,3913000.0,3011978,Ejected
0.0001,3530000.0,4070442,Ejected
0.0001,4436000.0,1678383,Ejected
0.00030027,125000.0,923586,Ejected
0.00030027,195000.0,1108503,Ejected
0.00030027,200000.0,923552,Ejected
0.00030027,253000.0,2951377,Ejected
0.00030027,325000.0,2253696,Ejected
0.00030027,91000.0,923550,Ejected
0.00030027,195000.0,690365,Ejected
0.00030027,106000.0,2951365,Ejected
0.00030027,250000.0,923544,Ejected
0.00030027,236000.0,923596,Ejected
0.00030027,225000.0,3974614,Ejected
0.00030027,110000.0,1718055,Ejected
0.00030027,278000.0,3974615,Ejected
0.00030027,87000.0,3994045,Ejected
0.00030027,110000.0,3994009,Ejected
0.00030027,209000.0,690367,Ejected
0.00030027,356000.0,1440108,Ejected
0.00030027,129000.0,1440090,Ejected
0.00030027,140000.0,3974616,Ejected
0.00030027,146000.0,39645,Ejected
0.00030027,139000.0,3994035,Ejected
0.00030027,114000.0,3849528,Ejected
0.00030027,357000.0,2951405,Ejected
0.00030027,144000.0,3994038,Ejected
0.00030027,138000.0,923580,Ejected
0.00030027,300000.0,3072325,Ejected
0.00030027,84000.0,1108540,Ejected
0.00030027,141000.0,1718069,Ejected
0.00030027,264000.0,3994039,Ejected
0.00030027,305000.0,3994027,Ejected
0.00030027,134000.0,3994013,Ejected
0.00030027,131000.0,2951370,Ejected
0.00030027,111000.0,1440076,Ejected
0.00030027,226000.0,2951378,Ejected
0.00030027,1209000.0,2253717,Ejected
0.00030027,118000.0,923583,Ejected
0.00030027,159000.0,1108537,Ejected
0.00030027,168000.0,923582,Ejected
0.00030027,531000.0,3849516,Ejected
0.00030027,151000.0,3849523,Ejected
0.00030027,218000.0,690368,Ejected
0.00030027,210000.0,923581,Ejected
0.00030027,312000.0,552583,Ejected
0.00030027,231000.0,2951406,Ejected
0.00030027,145000.0,923560,Ejected
0.00030027,98000.0,2951400,Ejected
0.00030027,148000.0,3994044,Ejected
0.00030027,318000.0,1108532,Ejected
0.00030027,156000.0,2951384,Ejected
0.00030027,171000.0,1718049,Ejected
0.00030027,197000.0,1718056,Ejected
0.00030027,174000.0,3849500,Ejected
0.00030027,190000.0,3974632,Ejected
0.00030027,128000.0,3974639,Ejected
0.00030027,114000.0,3849503,Ejected
0.00030027,131000.0,1718030,Ejected
0.00030027,179000.0,923571,Ejected
0.00030027,310000.0,923548,Ejected
0.00030027,195000.0,2951361,Ejected
0.00030027,142000.0,3849501,Ejected
0.00030027,266000.0,923570,Ejected
0.00030027,414000.0,3974643,Ejected
0.00030027,299000.0,923587,Ejected
0.00030027,399000.0,2951376,Ejected
0.00030027,195000.0,3072331,Ejected
0.00030027,336000.0,923599,Ejected
0.00030027,183000.0,2253721,Ejected
0.00030027,177000.0,552572,Ejected
0.00030027,43000.0,1718045,Ejected
0.00030027,140000.0,2253712,Ejected
0.00030027,120000.0,39662,Ejected
0.00030027,118000.0,923556,Ejected
0.00030027,148000.0,1440107,Ejected
0.00030027,115000.0,2253694,Ejected
0.00030027,286000.0,923589,Ejected
0.00030027,187000.0,1718042,Ejected
0.00030027,217000.0,39654,Ejected
0.00030027,305000.0,39628,Ejected
0.00030027,340000.0,3974625,Ejected
0.00030027,224000.0,690356,Ejected
0.00030027,141000.0,923545,Ejected
0.00030027,175000.0,3072324,Ejected
0.00030027,209000.0,923561,Ejected
0.00030027,432000.0,552582,Ejected
0.00030027,207000.0,1108528,Ejected
0.00030027,306000.0,3994010,Ejected
0.00030027,385000.0,1440113,Ejected
0.00030027,396000.0,690364,Ejected
0.00030027,160000.0,3994023,Ejected
0.00030027,161000.0,1108518,Ejected
0.00030027,243000.0,1440100,Ejected
0.00030027,261000.0,326517,Ejected
0.00030027,156000.0,1440095,Ejected
0.00030027,164000.0,923595,Ejected
0.00030027,396000.0,923541,Ejected
0.00030027,254000.0,39663,Ejected
0.00030027,252000.0,3072326,Ejected
0.00030027,281000.0,3974608,Ejected
0.00030027,332000.0,1718036,Ejected
0.00030027,254000.0,923585,Ejected
0.00030027,281000.0,3072317,Ejected
0.00030027,541000.0,2951392,Ejected
0.00030027,276000.0,2253705,Ejected
0.00030027,253000.0,3072335,Ejected
0.00030027,251000.0,3994040,Ejected
0.00030027,252000.0,1108496,Ejected
0.00030027,471000.0,923540,Ejected
0.00030027,407000.0,1108507,Ejected
0.00030027,785000.0,39641,Ejected
0.00030027,273000.0,2253714,Ejected
0.00030027,414000.0,3994049,Ejected
0.00030027,531000.0,3974634,Ejected
0.00030027,498000.0,690355,Ejected
0.00030027,367000.0,39627,Ejected
0.00030027,225000.0,2951408,Ejected
0.00030027,181000.0,2253709,Ejected
0.00030027,573000.0,1108515,Ejected
0.00030027,162000.0,3974620,Ejected
0.00030027,775000.0,2253699,Ejected
0.00030027,268000.0,3994047,Ejected
0.00030027,347000.0,1718068,Ejected
0.00030027,339000.0,3974621,Ejected
0.00030027,149000.0,39636,Ejected
0.00030027,252000.0,923559,Ejected
0.00030027,301000.0,1440098,Ejected
0.00030027,230000.0,690363,Ejected
0.00030027,685000.0,1718048,Ejected
0.00030027,228000.0,3974611,Ejected
0.00030027,163000.0,39651,Ejected
0.00030027,366000.0,2951387,Ejected
0.00030027,556000.0,39659,Ejected
0.00030027,572000.0,39669,Ejected
0.00030027,162000.0,1718064,Ejected
0.00030027,411000.0,923539,Ejected
0.00030027,157000.0,2253692,Ejected
0.00030027,345000.0,1718040,Ejected
0.00030027,426000.0,3994029,Ejected
0.00030027,290000.0,552579,Ejected
0.00030027,399000.0,3994017,Ejected
0.00030027,361000.0,3974610,Ejected
0.00030027,371000.0,3474001,Ejected
0.00030027,462000.0,3072327,Ejected
0.00030027,85000.0,1718060,Ejected
0.00030027,216000.0,1718043,Ejected
0.00030027,566000.0,1718050,Ejected
0.00030027,277000.0,1440099,Ejected
0.00030027,461000.0,1440074,Ejected
0.00030027,808000.0,923568,Ejected
0.00030027,96000.0,2253710,Ejected
0.00030027,459000.0,1108508,Ejected
0.00030027,202000.0,1718038,Ejected
0.00030027,496000.0,2253698,Ejected
0.00030027,390000.0,1108504,Ejected
0.00030027,515000.0,552569,Ejected
0.00030027,322000.0,923576,Ejected
0.00030027,298000.0,923538,Ejected
0.00030027,140000.0,923542,Ejected
0.00030027,399000.0,2253704,Ejected
0.00030027,613000.0,3849507,Ejected
0.00030027,398000.0,3849504,Ejected
0.00030027,378000.0,3849514,Ejected
0.00030027,367000.0,3994030,Ejected
0.00030027,273000.0,39652,Ejected
0.00030027,511000.0,923563,Ejected
0.00030027,219000.0,1108513,Captured
0.00030027,280000.0,3974617,Ejected
0.00030027,191000.0,1718035,Ejected
0.00030027,669000.0,3974629,Ejected
0.00030027,286000.0,1108531,Ejected
0.00030027,229000.0,1440089,Ejected
0.00030027,443000.0,2951364,Ejected
0.00030027,433000.0,2253716,Ejected
0.00030027,779000.0,1440083,Ejected
0.00030027,517000.0,3994012,Ejected
0.00030027,292000.0,39658,Ejected
0.00030027,254000.0,2951372,Ejected
0.00030027,629000.0,1108505,Ejected
0.00030027,1035000.0,1718067,Ejected
0.00030027,492000.0,326518,Ejected
0.00030027,376000.0,2951396,Ejected
0.00030027,333000.0,39640,Ejected
0.00030027,445000.0,2253706,Ejected
0.00030027,749000.0,1108510,Ejected
0.00030027,636000.0,39639,Ejected
0.00030027,214000.0,923594,Ejected
0.00030027,295000.0,3072334,Ejected
0.00030027,277000.0,1440092,Ejected
0.00030027,442000.0,3849520,Ejected
0.00030027,421000.0,39631,Ejected
0.00030027,580000.0,2951380,Ejected
0.00030027,340000.0,3994032,Ejected
0.00030027,376000.0,2951386,Ejected
0.00030027,565000.0,3849518,Ejected
0.00030027,369000.0,39670,Ejected
0.00030027,229000.0,3849511,Ejected
0.00030027,381000.0,2951402,Ejected
0.00030027,291000.0,39655,Ejected
0.00030027,669000.0,923564,Ejected
0.00030027,313000.0,923551,Ejected
0.00030027,330000.0,690362,Ejected
0.00030027,714000.0,1108519,Ejected
0.00030027,347000.0,2951401,Ejected
0.00030027,424000.0,1718066,Ejected
0.00030027,494000.0,923543,Ejected
0.00030027,161000.0,3974627,Ejected
0.00030027,378000.0,3974622,Ejected
0.00030027,554000.0,39649,Ejected
0.00030027,359000.0,1440112,Ejected
0.00030027,185000.0,39650,Ejected
0.00030027,607000.0,1108502,Ejected
0.00030027,450000.0,3974630,Ejected
0.00030027,639000.0,3974644,Ejected
0.00030027,122000.0,2951395,Captured
0.00030027,285000.0,3994036,Ejected
0.00030027,440000.0,3974637,Ejected
0.00030027,1168000.0,3849510,Ejected
0.00030027,769000.0,923536,Ejected
0.00030027,397000.0,3994007,Ejected
0.00030027,350000.0,1108539,Ejected
0.00030027,757000.0,690359,Ejected
0.00030027,541000.0,3072328,Ejected
0.00030027,994000.0,1718037,Ejected
0.00030027,496000.0,3072322,Ejected
0.00030027,806000.0,3994034,Ejected
0.00030027,1442000.0,3072318,Ejected
0.00030027,1257000.0,3849505,Ejected
0.00030027,927000.0,3994014,Ejected
0.00030027,382000.0,1440087,Ejected
0.00030027,842000.0,2951409,Ejected
0.00030027,453000.0,3849515,Ejected
0.00030027,544000.0,3994016,Ejected
0.00030027,557000.0,3974619,Ejected
0.00030027,544000.0,3072339,Ejected
0.00030027,608000.0,2951398,Ejected
0.00030027,581000.0,3974609,Ejected
0.00030027,410000.0,923593,Ejected
0.00030027,779000.0,923598,Ejected
0.00030027,494000.0,1108541,Ejected
0.00030027,298000.0,39637,Ejected
0.00030027,682000.0,2951379,Ejected
0.00030027,346000.0,690372,Ejected
0.00030027,429000.0,3974607,Ejected
0.00030027,311000.0,3849521,Ejected
0.00030027,600000.0,3974628,Ejected
0.00030027,337000.0,2951366,Ejected
0.00030027,658000.0,3994046,Ejected
0.00030027,603000.0,2253703,Ejected
0.00030027,287000.0,3974641,Ejected
0.00030027,169000.0,1440097,Ejected
0.00030027,475000.0,3994050,Ejected
0.00030027,912000.0,1108506,Ejected
0.00030027,714000.0,690354,Ejected
0.00030027,1012000.0,1718057,Ejected
0.00030027,464000.0,1440088,Ejected
0.00030027,620000.0,39643,Ejected
0.00030027,750000.0,1440075,Ejected
0.00030027,616000.0,1718033,Ejected
0.00030027,730000.0,923597,Ejected
0.00030027,801000.0,3994005,Ejected
0.00030027,815000.0,552574,Ejected
0.00030027,785000.0,39657,Ejected
0.00030027,746000.0,2951404,Ejected
0.00030027,744000.0,3849525,Ejected
0.00030027,416000.0,3974633,Ejected
0.00030027,772000.0,1440085,Ejected
0.00030027,272000.0,1108516,Ejected
0.00030027,1016000.0,3974606,Ejected
0.00030027,793000.0,2253720,Ejected
0.00030027,450000.0,923579,Ejected
0.00030027,713000.0,923562,Ejected
0.00030027,936000.0,2951394,Ejected
0.00030027,413000.0,2253711,Ejected
0.00030027,913000.0,1718062,Ejected
0.00030027,679000.0,690360,Ejected
0.00030027,335000.0,3849508,Ejected
0.00030027,1188000.0,1440077,Ejected
0.00030027,924000.0,1440109,Ejected
0.00030027,767000.0,1440105,Ejected
0.00030027,2661000.0,923600,Ejected
0.00030027,556000.0,39665,Ejected
0.00030027,590000.0,39667,Ejected
0.00030027,1298000.0,690371,Ejected
0.00030027,1335000.0,923578,Ejected
0.00030027,1165000.0,3849509,Ejected
0.00030027,3602000.0,923569,Ejected
0.00030027,1112000.0,1440104,Ejected
0.00030027,1926000.0,2951362,Ejected
0.00030027,3440000.0,2253702,Ejected
0.00071206,0.0,554188,Captured
0.00071206,0.0,2952654,Captured
0.00071206,32000.0,1356084,Ejected
0.00071206,85000.0,1660363,Ejected
0.00071206,37000.0,1660154,Ejected
0.00071206,21000.0,1746247,Ejected
0.00071206,43000.0,1448012,Ejected
0.00071206,83000.0,3975684,Ejected
0.00071206,2000.0,1660322,Captured
0.00071206,32000.0,1769854,Ejected
0.00071206,97000.0,1660233,Ejected
0.00071206,36000.0,1769853,Ejected
0.00071206,47000.0,2952641,Ejected
0.00071206,166000.0,1746212,Ejected
0.00071206,78000.0,1660224,Ejected
0.00071206,60000.0,1660218,Ejected
0.00071206,39000.0,2952652,Ejected
0.00071206,30000.0,1660210,Ejected
0.00071206,40000.0,1746237,Ejected
0.00071206,74000.0,46795,Ejected
0.00071206,295000.0,3086702,Ejected
0.00071206,39000.0,3975650,Ejected
0.00071206,38000.0,3975664,Ejected
0.00071206,42000.0,1448025,Ejected
0.00071206,32000.0,46819,Ejected
0.00071206,30000.0,2952687,Ejected
0.00071206,24000.0,3086714,Ejected
0.00071206,44000.0,46820,Ejected
0.00071206,39000.0,1660387,Ejected
0.00071206,62000.0,2952661,Ejected
0.00071206,44000.0,1769851,Ejected
0.00071206,60000.0,3975651,Ejected
0.00071206,41000.0,3086713,Ejected
0.00071206,31000.0,1746234,Ejected
0.00071206,64000.0,554193,Ejected
0.00071206,32000.0,1746227,Ejected
0.00071206,82000.0,1660227,Ejected
0.00071206,31000.0,2952685,Ejected
0.00071206,55000.0,1660355,Ejected
0.00071206,110000.0,1660257,Ejected
0.00071206,28000.0,1448030,Ejected
0.00071206,34000.0,1660287,Ejected
0.00071206,75000.0,512058,Ejected
0.00071206,59000.0,3086705,Ejected
0.00071206,61000.0,1769841,Ejected
0.00071206,58000.0,1769826,Ejected
0.00071206,42000.0,512066,Ejected
0.00071206,61000.0,512063,Ejected
0.00071206,86000.0,1746211,Ejected
0.00071206,88000.0,3975687,Ejected
0.00071206,54000.0,46783,Ejected
0.00071206,26000.0,1660276,Ejected
0.00071206,20000.0,2952688,Ejected
0.00071206,36000.0,46782,Ejected
0.00071206,194000.0,2952689,Ejected
0.00071206,36000.0,512032,Ejected
0.00071206,61000.0,46816,Ejected
0.00071206,34000.0,1660351,Ejected
0.00071206,50000.0,46810,Ejected
0.00071206,68000.0,554192,Ejected
0.00071206,64000.0,3975671,Ejected
0.00071206,134000.0,512057,Ejected
0.00071206,27000.0,1746223,Ejected
0.00071206,38000.0,1746208,Ejected
0.00071206,45000.0,2952674,Ejected
0.00071206,40000.0,1660372,Ejected
0.00071206,34000.0,46814,Ejected
0.00071206,86000.0,3975663,Ejected
0.00071206,31000.0,3975658,Ejected
0.00071206,153000.0,3850438,Ejected
0.00071206,31000.0,3086712,Ejected
0.00071206,48000.0,46793,Ejected
0.00071206,55000.0,46796,Ejected
0.00071206,222000.0,46785,Ejected
0.00071206,35000.0,1356097,Ejected
0.00071206,89000.0,1769831,Ejected
0.00071206,41000.0,327170,Ejected
0.00071206,36000.0,1769816,Ejected
0.00071206,178000.0,3086710,Ejected
0.00071206,49000.0,1448024,Ejected
0.00071206,51000.0,1660346,Ejected
0.00071206,93000.0,1448041,Ejected
0.00071206,59000.0,1769824,Ejected
0.00071206,34000.0,512045,Ejected
0.00071206,98000.0,1746214,Ejected
0.00071206,119000.0,512071,Ejected
0.00071206,44000.0,3975666,Ejected
0.00071206,231000.0,1660292,Ejected
0.00071206,141000.0,1660265,Ejected
0.00071206,58000.0,512068,Ejected
0.00071206,85000.0,3975680,Ejected
0.00071206,96000.0,46805,Ejected
0.00071206,78000.0,3975659,Ejected
0.00071206,60000.0,3850459,Ejected
0.00071206,33000.0,3850456,Ejected
0.00071206,80000.0,1356100,Ejected
0.00071206,74000.0,2952677,Ejected
0.00071206,66000.0,2952669,Ejected
0.00071206,148000.0,1769815,Ejected
0.00071206,45000.0,2658756,Ejected
0.00071206,33000.0,3975677,Ejected
0.00071206,69000.0,3850449,Ejected
0.00071206,89000.0,46789,Ejected
0.00071206,190000.0,1660204,Ejected
0.00071206,49000.0,1769818,Ejected
0.00071206,119000.0,3850432,Ejected
0.00071206,50000.0,1660252,Ejected
0.00071206,32000.0,1448045,Ejected
0.00071206,99000.0,2658769,Ejected
0.00071206,230000.0,1448034,Ejected
0.00071206,341000.0,1746225,Ejected
0.00071206,31000.0,2658773,Ejected
0.00071206,68000.0,2658776,Ejected
0.00071206,41000.0,1448026,Ejected
0.00071206,58000.0,512043,Ejected
0.00071206,78000.0,2952675,Ejected
0.00071206,146000.0,512034,Ejected
0.00071206,45000.0,3975685,Ejected
0.00071206,42000.0,1746238,Ejected
0.00071206,85000.0,1746216,Ejected
0.00071206,80000.0,3975656,Ejected
0.00071206,79000.0,1356090,Ejected
0.00071206,169000.0,2658762,Ejected
0.00071206,61000.0,512052,Ejected
0.00071206,55000.0,512050,Ejected
0.00071206,177000.0,46808,Ejected
0.00071206,67000.0,2952665,Ejected
0.00071206,76000.0,2658763,Ejected
0.00071206,83000.0,512048,Ejected
0.00071206,83000.0,3850457,Ejected
0.00071206,35000.0,2658761,Ejected
0.00071206,43000.0,1660182,Ejected
0.00071206,77000.0,1448046,Ejected
0.00071206,53000.0,1660311,Ejected
0.00071206,59000.0,1660316,Ejected
0.00071206,88000.0,1448016,Ejected
0.00071206,42000.0,46813,Ejected
0.00071206,50000.0,1448017,Ejected
0.00071206,254000.0,3086709,Ejected
0.00071206,118000.0,46781,Ejected
0.00071206,48000.0,3850445,Ejected
0.00071206,50000.0,1356082,Ejected
0.00071206,40000.0,554202,Ejected
0.00071206,55000.0,1660162,Ejected
0.00071206,60000.0,1769845,Ejected
0.00071206,85000.0,512047,Ejected
0.00071206,45000.0,3975676,Ejected
0.00071206,72000.0,1660317,Ejected
0.00071206,77000.0,1660295,Ejected
0.00071206,133000.0,2658782,Ejected
0.00071206,28000.0,3850441,Ejected
0.00071206,200000.0,1448042,Ejected
0.00071206,70000.0,3975682,Ejected
0.00071206,149000.0,1660165,Ejected
0.00071206,121000.0,3850447,Ejected
0.00071206,82000.0,1769843,Ejected
0.00071206,74000.0,3975653,Ejected
0.00071206,135000.0,1769820,Ejected
0.00071206,59000.0,2658759,Ejected
0.00071206,51000.0,1448032,Ejected
0.00071206,46000.0,1660369,Ejected
0.00071206,71000.0,1660377,Ejected
0.00071206,230000.0,1660168,Ejected
0.00071206,79000.0,3975675,Ejected
0.00071206,84000.0,512049,Ejected
0.00071206,129000.0,3086720,Ejected
0.00071206,124000.0,3850444,Ejected
0.00071206,99000.0,46811,Ejected
0.00071206,95000.0,1448038,Ejected
0.00071206,92000.0,46821,Ejected
0.00071206,127000.0,512046,Ejected
0.00071206,56000.0,1746226,Ejected
0.00071206,72000.0,554200,Ejected
0.00071206,109000.0,2658770,Ejected
0.00071206,50000.0,1660268,Ejected
0.00071206,110000.0,554195,Ejected
0.00071206,82000.0,46792,Ejected
0.00071206,92000.0,554189,Ejected
0.00071206,90000.0,1746206,Ejected
0.00071206,62000.0,2952648,Ejected
0.00071206,69000.0,1746204,Ejected
0.00071206,206000.0,3086704,Ejected
0.00071206,154000.0,46815,Ejected
0.00071206,129000.0,3975662,Ejected
0.00071206,73000.0,3975657,Ejected
0.00071206,94000.0,1769833,Ejected
0.00071206,84000.0,46798,Ejected
0.00071206,119000.0,512059,Ejected
0.00071206,94000.0,1448018,Ejected
0.00071206,209000.0,3850453,Ejected
0.00071206,118000.0,512042,Ejected
0.00071206,99000.0,3975669,Ejected
0.00071206,109000.0,2952657,Ejected
0.00071206,97000.0,3975683,Ejected
0.00071206,55000.0,2952643,Ejected
0.00071206,119000.0,3850437,Ejected
0.00071206,65000.0,2658781,Ejected
0.00071206,122000.0,1769842,Ejected
0.00071206,152000.0,1356079,Ejected
0.00071206,86000.0,46809,Ejected
0.00071206,91000.0,3975665,Ejected
0.00071206,104000.0,1660380,Ejected
0.00071206,86000.0,1660199,Ejected
0.00071206,111000.0,3975679,Ejected
0.00071206,153000.0,3975668,Ejected
0.00071206,80000.0,1769822,Ejected
0.00071206,120000.0,3850452,Ejected
0.00071206,92000.0,3975672,Ejected
0.00071206,195000.0,2658772,Ejected
0.00071206,180000.0,554197,Ejected
0.00071206,46000.0,1660358,Ejected
0.00071206,101000.0,1746242,Ejected
0.00071206,103000.0,512035,Ejected
0.00071206,175000.0,1746246,Ejected
0.00071206,81000.0,1769852,Ejected
0.00071206,159000.0,1356095,Ejected
0.00071206,63000.0,3850454,Ejected
0.00071206,374000.0,2952671,Ejected
0.00071206,121000.0,2952663,Ejected
0.00071206,60000.0,3850458,Ejected
0.00071206,133000.0,46807,Ejected
0.00071206,126000.0,1448015,Ejected
0.00071206,140000.0,1356089,Ejected
0.00071206,168000.0,46818,Ejected
0.00071206,88000.0,1660306,Ejected
0.00071206,176000.0,3975681,Ejected
0.00071206,76000.0,46802,Ejected
0.00071206,138000.0,1660213,Ejected
0.00071206,131000.0,2658775,Ejected
0.00071206,131000.0,2658777,Ejected
0.00071206,75000.0,2658764,Ejected
0.00071206,105000.0,1769823,Ejected
0.00071206,148000.0,1660330,Ejected
0.00071206,145000.0,1660283,Ejected
0.00071206,157000.0,3086723,Ejected
0.00071206,131000.0,2952659,Ejected
0.00071206,116000.0,2952651,Ejected
0.00071206,96000.0,1448028,Ejected
0.00071206,74000.0,3086722,Ejected
0.00071206,120000.0,1746245,Ejected
0.00071206,132000.0,2952678,Ejected
0.00071206,237000.0,1356087,Ejected
0.00071206,103000.0,3516176,Ejected
0.00071206,100000.0,1448010,Ejected
0.00071206,191000.0,1769828,Ejected
0.00071206,155000.0,1356086,Ejected
0.00071206,120000.0,512074,Ejected
0.00071206,258000.0,1448019,Ejected
0.00071206,152000.0,3850446,Ejected
0.00071206,129000.0,1660271,Ejected
0.00071206,141000.0,512070,Ejected
0.00071206,121000.0,1769821,Ejected
0.00071206,156000.0,512055,Ejected
0.00071206,81000.0,1448049,Ejected
0.00071206,105000.0,1448043,Ejected
0.00071206,128000.0,1660341,Ejected
0.00071206,183000.0,554191,Ejected
0.00071206,148000.0,3975661,Ejected
0.00071206,131000.0,554199,Ejected
0.00071206,186000.0,3850433,Ejected
0.00071206,94000.0,1769819,Ejected
0.00071206,132000.0,1660221,Ejected
0.00071206,116000.0,1448044,Ejected
0.00071206,197000.0,1769825,Ejected
0.00071206,306000.0,3850436,Ejected
0.00071206,370000.0,512056,Ejected
0.00071206,95000.0,2658771,Ejected
0.00071206,86000.0,512039,Ejected
0.00071206,201000.0,1769840,Ejected
0.00071206,263000.0,1746219,Ejected
0.00071206,225000.0,1448035,Ejected
0.00071206,189000.0,1746215,Ejected
0.00071206,287000.0,3086703,Ejected
0.00071206,312000.0,3086706,Ejected
0.00071206,129000.0,2658766,Ejected
0.00071206,382000.0,3850455,Ejected
0.00071206,115000.0,1746232,Ejected
0.00071206,290000.0,1660333,Ejected
0.00071206,468000.0,1660207,Ejected
0.00071206,510000.0,554196,Ejected
0.00168856,0.0,1771459,Captured
0.00168856,16000.0,1449153,Ejected
0.00168856,8000.0,1889253,Ejected
0.00168856,12000.0,1449125,Ejected
0.00168856,6000.0,3976683,Ejected
0.00168856,21000.0,2953804,Ejected
0.00168856,39000.0,1889265,Ejected
0.00168856,11000.0,3089804,Ejected
0.00168856,17000.0,1449124,Ejected
0.00168856,10000.0,1921957,Ejected
0.00168856,24000.0,1921976,Ejected
0.00168856,38000.0,3089818,Ejected
0.00168856,16000.0,49768,Ejected
0.00168856,25000.0,2953769,Ejected
0.00168856,33000.0,3089826,Ejected
0.00168856,15000.0,1771479,Ejected
0.00168856,14000.0,710780,Ejected
0.00168856,17000.0,49797,Ejected
0.00168856,55000.0,1921987,Ejected
0.00168856,16000.0,1921978,Ejected
0.00168856,23000.0,1449142,Ejected
0.00168856,16000.0,49771,Ejected
0.00168856,9000.0,49780,Ejected
0.00168856,170000.0,1771465,Ejected
0.00168856,21000.0,1771456,Ejected
0.00168856,15000.0,3976665,Ejected
0.00168856,9000.0,3976680,Ejected
0.00168856,26000.0,1889316,Ejected
0.00168856,15000.0,3089811,Ejected
0.00168856,25000.0,49783,Ejected
0.00168856,17000.0,1921995,Ejected
0.00168856,20000.0,1771481,Ejected
0.00168856,17000.0,2953784,Ejected
0.00168856,11000.0,1771478,Ejected
0.00168856,43000.0,1771462,Ejected
0.00168856,11000.0,49757,Ejected
0.00168856,27000.0,1771484,Ejected
0.00168856,21000.0,1889308,Ejected
0.00168856,25000.0,1449127,Ejected
0.00168856,7000.0,1889305,Ejected
0.00168856,11000.0,49788,Ejected
0.00168856,13000.0,3976690,Ejected
0.00168856,58000.0,1449151,Ejected
0.00168856,21000.0,1889259,Ejected
0.00168856,94000.0,1449147,Ejected
0.00168856,15000.0,1921983,Ejected
0.00168856,11000.0,710754,Ejected
0.00168856,12000.0,3976691,Ejected
0.00168856,14000.0,2953798,Ejected
0.00168856,11000.0,1889293,Ejected
0.00168856,24000.0,1889266,Ejected
0.00168856,11000.0,2953775,Ejected
0.00168856,11000.0,710781,Ejected
0.00168856,15000.0,49792,Ejected
0.00168856,16000.0,1449146,Ejected
0.00168856,22000.0,1889313,Ejected
0.00168856,13000.0,1921988,Ejected
0.00168856,24000.0,1771493,Ejected
0.00168856,11000.0,2953792,Ejected
0.00168856,54000.0,1771495,Ejected
0.00168856,31000.0,3976669,Ejected
0.00168856,10000.0,3089827,Ejected
0.00168856,20000.0,1771480,Ejected
0.00168856,12000.0,1921954,Ejected
0.00168856,28000.0,1889314,Ejected
0.00168856,13000.0,49775,Ejected
0.00168856,15000.0,3976671,Ejected
0.00168856,13000.0,1889263,Ejected
0.00168856,11000.0,710767,Ejected
0.00168856,47000.0,710747,Ejected
0.00168856,33000.0,2953767,Ejected
0.00168856,12000.0,1889290,Ejected
0.00168856,18000.0,1449119,Ejected
0.00168856,20000.0,555158,Ejected
0.00168856,16000.0,555153,Ejected
0.00168856,13000.0,1771466,Ejected
0.00168856,15000.0,2953800,Ejected
0.00168856,22000.0,1921984,Ejected
0.00168856,30000.0,3976670,Ejected
0.00168856,53000.0,1449152,Ejected
0.00168856,25000.0,49755,Ejected
0.00168856,52000.0,1921993,Ejected
0.00168856,11000.0,49764,Ejected
0.00168856,60000.0,3976693,Ejected
0.00168856,39000.0,1889318,Ejected
0.00168856,114000.0,1771485,Ejected
0.00168856,15000.0,710778,Ejected
0.00168856,42000.0,1889300,Ejected
0.00168856,13000.0,49795,Ejected
0.00168856,36000.0,2953779,Ejected
0.00168856,40000.0,710760,Ejected
0.00168856,59000.0,710783,Ejected
0.00168856,13000.0,1889267,Ejected
0.00168856,14000.0,555151,Ejected
0.00168856,29000.0,3976684,Ejected
0.00168856,30000.0,49773,Ejected
0.00168856,24000.0,2953812,Ejected
0.00168856,76000.0,327636,Ejected
0.00168856,12000.0,2953788,Ejected
0.00168856,17000.0,1889287,Ejected
0.00168856,16000.0,1921967,Ejected
0.00168856,39000.0,1889283,Ejected
0.00168856,10000.0,1449121,Ejected
0.00168856,34000.0,2953787,Ejected
0.00168856,15000.0,49763,Ejected
0.00168856,42000.0,3976685,Ejected
0.00168856,108000.0,1889317,Ejected
0.00168856,13000.0,710782,Ejected
0.00168856,70000.0,1771464,Ejected
0.00168856,22000.0,1889260,Ejected
0.00168856,9000.0,1543922,Ejected
0.00168856,25000.0,1889252,Ejected
0.00168856,86000.0,710772,Ejected
0.00168856,13000.0,2953810,Ejected
0.00168856,14000.0,49779,Ejected
0.00168856,107000.0,3089816,Ejected
0.00168856,112000.0,49776,Ejected
0.00168856,64000.0,3976658,Ejected
0.00168856,11000.0,2953806,Ejected
0.00168856,17000.0,1921970,Ejected
0.00168856,15000.0,1449131,Ejected
0.00168856,23000.0,3089813,Ejected
0.00168856,24000.0,1889310,Ejected
0.00168856,41000.0,710759,Ejected
0.00168856,46000.0,1771461,Ejected
0.00168856,22000.0,1921956,Ejected
0.00168856,38000.0,1771467,Ejected
0.00168856,49000.0,2953776,Ejected
0.00168856,20000.0,1543918,Ejected
0.00168856,19000.0,1889302,Ejected
0.00168856,25000.0,555155,Ejected
0.00168856,45000.0,1921994,Ejected
0.00168856,23000.0,49786,Ejected
0.00168856,21000.0,3089822,Ejected
0.00168856,27000.0,3976664,Ejected
0.00168856,20000.0,1889277,Ejected
0.00168856,15000.0,3089817,Ejected
0.00168856,8000.0,3851341,Ejected
0.00168856,29000.0,3976689,Ejected
0.00168856,20000.0,1921985,Ejected
0.00168856,21000.0,1921963,Ejected
0.00168856,19000.0,1543925,Ejected
0.00168856,31000.0,3976655,Ejected
0.00168856,42000.0,1771488,Ejected
0.00168856,16000.0,1889270,Ejected
0.00168856,41000.0,49794,Ejected
0.00168856,24000.0,3851339,Ejected
0.00168856,39000.0,1889295,Ejected
0.00168856,26000.0,3976673,Ejected
0.00168856,23000.0,1889294,Ejected
0.00168856,13000.0,1543913,Ejected
0.00168856,23000.0,2953811,Ejected
0.00168856,12000.0,3851332,Ejected
0.00168856,21000.0,1889298,Ejected
0.00168856,18000.0,710755,Ejected
0.00168856,79000.0,1543917,Ejected
0.00168856,142000.0,1771494,Ejected
0.00168856,23000.0,710788,Ejected
0.00168856,54000.0,2953795,Ejected
0.00168856,60000.0,710764,Ejected
0.00168856,36000.0,710748,Ejected
0.00168856,14000.0,1889304,Ejected
0.00168856,11000.0,3851325,Ejected
0.00168856,28000.0,710749,Ejected
0.00168856,22000.0,3976667,Ejected
0.00168856,61000.0,555152,Ejected
0.00168856,21000.0,3851328,Ejected
0.00168856,34000.0,1921982,Ejected
0.00168856,37000.0,327637,Ejected
0.00168856,21000.0,1921950,Ejected
0.00168856,34000.0,2953768,Ejected
0.00168856,44000.0,3976674,Ejected
0.00168856,25000.0,3851340,Ejected
0.00168856,41000.0,1449149,Ejected
0.00168856,28000.0,710777,Ejected
0.00168856,18000.0,1771472,Ejected
0.00168856,30000.0,49787,Ejected
0.00168856,21000.0,3089807,Ejected
0.00168856,42000.0,710745,Ejected
0.00168856,20000.0,1921975,Ejected
0.00168856,241000.0,710769,Ejected
0.00168856,154000.0,710753,Ejected
0.00168856,17000.0,3089824,Ejected
0.00168856,32000.0,710766,Ejected
0.00168856,21000.0,3089825,Ejected
0.00168856,48000.0,1449126,Ejected
0.00168856,34000.0,1889269,Ejected
0.00168856,67000.0,1449137,Ejected
0.00168856,44000.0,1543935,Ejected
0.00168856,36000.0,3851351,Ejected
0.00168856,20000.0,3976660,Ejected
0.00168856,170000.0,3851323,Ejected
0.00168856,24000.0,1771477,Ejected
0.00168856,46000.0,3851336,Ejected
0.00168856,23000.0,3851327,Ejected
0.00168856,47000.0,710744,Ejected
0.00168856,33000.0,1921991,Ejected
0.00168856,30000.0,1889297,Ejected
0.00168856,31000.0,1889280,Ejected
0.00168856,30000.0,49782,Ejected
0.00168856,29000.0,49774,Ejected
0.00168856,54000.0,1921992,Ejected
0.00168856,69000.0,555161,Ejected
0.00168856,26000.0,3089809,Ejected
0.00168856,51000.0,3976659,Ejected
0.00168856,21000.0,3976686,Ejected
0.00168856,41000.0,710774,Ejected
0.00168856,33000.0,2953771,Ejected
0.00168856,18000.0,2659584,Ejected
0.00168856,14000.0,2659596,Ejected
0.00168856,89000.0,49766,Ejected
0.00168856,81000.0,1449135,Ejected
0.00168856,33000.0,1449118,Ejected
0.00168856,9000.0,2659600,Ejected
0.00168856,11000.0,2659591,Ejected
0.00168856,40000.0,1889284,Ejected
0.00168856,19000.0,1889303,Ejected
0.00168856,22000.0,3851345,Ejected
0.00168856,21000.0,3851347,Ejected
0.00168856,36000.0,710761,Ejected
0.00168856,62000.0,2659579,Ejected
0.00168856,25000.0,710787,Ejected
0.00168856,22000.0,2659597,Ejected
0.00168856,30000.0,49781,Ejected
0.00168856,62000.0,3851335,Ejected
0.00168856,22000.0,1921979,Ejected
0.00168856,32000.0,1889279,Ejected
0.00168856,38000.0,1889299,Ejected
0.00168856,43000.0,49754,Ejected
0.00168856,63000.0,3851338,Ejected
0.00168856,30000.0,3851331,Ejected
0.00168856,20000.0,2659589,Ejected
0.00168856,22000.0,2659601,Ejected
0.00168856,51000.0,710773,Ejected
0.00168856,27000.0,2659594,Ejected
0.00168856,16000.0,2659585,Ejected
0.00168856,50000.0,710768,Ejected
0.00168856,111000.0,1543926,Ejected
0.00168856,51000.0,1889291,Ejected
0.00168856,39000.0,2659577,Ejected
0.00168856,78000.0,1543920,Ejected
0.00168856,41000.0,1921952,Ejected
0.00168856,47000.0,710762,Ejected
0.00168856,74000.0,1543910,Ejected
0.00168856,31000.0,710786,Ejected
0.00168856,30000.0,2953783,Ejected
0.00168856,28000.0,2953793,Ejected
0.00168856,32000.0,3851343,Ejected
0.00168856,40000.0,1543911,Ejected
0.00168856,126000.0,2659587,Ejected
0.00168856,47000.0,1771454,Ejected
0.00168856,53000.0,1889292,Ejected
0.00168856,40000.0,2659599,Ejected
0.00168856,49000.0,3851324,Ejected
0.00168856,39000.0,1921961,Ejected
0.00168856,66000.0,1889268,Ejected
0.00168856,33000.0,2659580,Ejected
0.00168856,30000.0,49789,Ejected
0.00168856,28000.0,3851350,Ejected
0.00168856,51000.0,2659592,Ejected
0.00168856,30000.0,1771491,Ejected
0.00168856,34000.0,2659581,Ejected
0.00168856,51000.0,1543908,Ejected
0.00168856,31000.0,1449144,Ejected
0.00168856,36000.0,2659582,Ejected
0.00168856,34000.0,2953782,Ejected
0.00168856,72000.0,3851348,Ejected
0.00168856,37000.0,2953796,Ejected
0.00168856,24000.0,2659583,Ejected
0.00168856,38000.0,2659588,Ejected
0.00168856,27000.0,1449134,Ejected
0.00168856,73000.0,1889289,Ejected
0.00168856,52000.0,3976692,Ejected
0.00168856,71000.0,49790,Ejected
0.00168856,63000.0,1921989,Ejected
0.00168856,75000.0,555150,Ejected
0.00168856,25000.0,3851321,Ejected
0.00168856,36000.0,1771486,Ejected
0.00168856,44000.0,710758,Ejected
0.00168856,58000.0,2953777,Ejected
0.00168856,32000.0,2659602,Ejected
0.00168856,40000.0,3976679,Ejected
0.00168856,135000.0,1771458,Ejected
0.00168856,52000.0,3851346,Ejected
0.00168856,48000.0,1889273,Ejected
0.00168856,216000.0,710765,Ejected
0.00168856,282000.0,2953801,Ejected
0.00168856,100000.0,1889285,Ejected
0.00168856,155000.0,1921981,Ejected
0.00168856,117000.0,2953786,Ejected
0.00168856,104000.0,1771468,Ejected
0.00168856,180000.0,1889272,Ejected
0.00400422,0.0,1772686,Captured
0.00400422,0.0,1772662,Captured
0.00400422,0.0,1974168,Captured
0.00400422,5000.0,51595,Ejected
0.00400422,8000.0,51563,Ejected
0.00400422,13000.0,1974171,Ejected
0.00400422,32000.0,1974146,Ejected
0.00400422,7000.0,51582,Ejected
0.00400422,29000.0,2954881,Ejected
0.00400422,4000.0,1974193,Ejected
0.00400422,82000.0,2954901,Ejected
0.00400422,8000.0,1974152,Ejected
0.00400422,6000.0,3977663,Ejected
0.00400422,5000.0,2954895,Ejected
0.00400422,17000.0,51574,Ejected
0.00400422,28000.0,560685,Ejected
0.00400422,18000.0,3977649,Ejected
0.00400422,15000.0,2954899,Ejected
0.00400422,14000.0,800258,Ejected
0.00400422,4000.0,3977638,Ejected
0.00400422,5000.0,1974148,Ejected
0.00400422,7000.0,51572,Ejected
0.00400422,5000.0,560678,Ejected
0.00400422,6000.0,1772680,Ejected
0.00400422,7000.0,800283,Ejected
0.00400422,8000.0,3977652,Ejected
0.00400422,22000.0,51575,Ejected
0.00400422,8000.0,1974180,Ejected
0.00400422,13000.0,800250,Ejected
0.00400422,5000.0,1974157,Ejected
0.00400422,7000.0,1772667,Ejected
0.00400422,8000.0,3977676,Ejected
0.00400422,53000.0,1772675,Ejected
0.00400422,7000.0,560681,Ejected
0.00400422,6000.0,2954911,Ejected
0.00400422,6000.0,1997173,Ejected
0.00400422,4000.0,1997211,Ejected
0.00400422,39000.0,1772677,Ejected
0.00400422,44000.0,2954890,Ejected
0.00400422,5000.0,1450143,Ejected
0.00400422,9000.0,3977662,Ejected
0.00400422,6000.0,2954919,Ejected
0.00400422,5000.0,1997206,Ejected
0.00400422,8000.0,3977654,Ejected
0.00400422,4000.0,1450149,Ejected
0.00400422,4000.0,1997188,Ejected
0.00400422,7000.0,1974149,Ejected
0.00400422,7000.0,1974133,Ejected
0.00400422,8000.0,1772685,Ejected
0.00400422,30000.0,800268,Ejected
0.00400422,31000.0,800288,Ejected
0.00400422,7000.0,1772665,Ejected
0.00400422,9000.0,1450132,Ejected
0.00400422,5000.0,1450117,Ejected
0.00400422,6000.0,800255,Ejected
0.00400422,7000.0,1450116,Ejected
0.00400422,6000.0,1997182,Ejected
0.00400422,4000.0,800286,Ejected
0.00400422,8000.0,2954877,Ejected
0.00400422,103000.0,2954885,Ejected
0.00400422,11000.0,3977656,Ejected
0.00400422,14000.0,3977661,Ejected
0.00400422,9000.0,1974170,Ejected
0.00400422,6000.0,1772659,Ejected
0.00400422,6000.0,1997189,Ejected
0.00400422,6000.0,800281,Ejected
0.00400422,8000.0,51594,Ejected
0.00400422,11000.0,1772687,Ejected
0.00400422,6000.0,1974159,Ejected
0.00400422,16000.0,1450137,Ejected
0.00400422,6000.0,3977648,Ejected
0.00400422,7000.0,2954897,Ejected
0.00400422,34000.0,800259,Ejected
0.00400422,23000.0,800262,Ejected
0.00400422,8000.0,2954878,Ejected
0.00400422,6000.0,1772700,Ejected
0.00400422,32000.0,3977667,Ejected
0.00400422,10000.0,2954902,Ejected
0.00400422,8000.0,1974184,Ejected
0.00400422,7000.0,1997194,Ejected
0.00400422,44000.0,1974158,Ejected
0.00400422,6000.0,1997172,Ejected
0.00400422,9000.0,3977642,Ejected
0.00400422,7000.0,2954914,Ejected
0.00400422,12000.0,2954900,Ejected
0.00400422,10000.0,1450120,Ejected
0.00400422,17000.0,1997186,Ejected
0.00400422,77000.0,3977658,Ejected
0.00400422,21000.0,51598,Ejected
0.00400422,6000.0,2954882,Ejected
0.00400422,9000.0,1997181,Ejected
0.00400422,13000.0,1772666,Ejected
0.00400422,8000.0,51592,Ejected
0.00400422,5000.0,1974128,Ejected
0.00400422,7000.0,1450134,Ejected
0.00400422,11000.0,1974172,Ejected
0.00400422,7000.0,2954889,Ejected
0.00400422,43000.0,1974162,Ejected
0.00400422,21000.0,1997193,Ejected
0.00400422,30000.0,1997171,Ejected
0.00400422,36000.0,1974155,Ejected
0.00400422,6000.0,1450130,Ejected
0.00400422,6000.0,2954875,Ejected
0.00400422,5000.0,560686,Ejected
0.00400422,8000.0,800265,Ejected
0.00400422,5000.0,1997212,Ejected
0.00400422,6000.0,1772688,Ejected
0.00400422,18000.0,800269,Ejected
0.00400422,8000.0,1772671,Ejected
0.00400422,5000.0,1772699,Ejected
0.00400422,9000.0,1772679,Ejected
0.00400422,5000.0,1997208,Ejected
0.00400422,10000.0,800277,Ejected
0.00400422,11000.0,1974147,Ejected
0.00400422,20000.0,560683,Ejected
0.00400422,16000.0,1450125,Ejected
0.00400422,10000.0,51566,Ejected
0.00400422,25000.0,1450122,Ejected
0.00400422,10000.0,51573,Ejected
0.00400422,9000.0,1997200,Ejected
0.00400422,7000.0,1450123,Ejected
0.00400422,26000.0,2954880,Ejected
0.00400422,5000.0,1974130,Ejected
0.00400422,7000.0,2954892,Ejected
0.00400422,6000.0,800273,Ejected
0.00400422,9000.0,1997184,Ejected
0.00400422,20000.0,2954898,Ejected
0.00400422,9000.0,2954894,Ejected
0.00400422,12000.0,51568,Ejected
0.00400422,12000.0,2954884,Ejected
0.00400422,6000.0,1997207,Ejected
0.00400422,8000.0,1450119,Ejected
0.00400422,13000.0,1997187,Ejected
0.00400422,21000.0,1772664,Ejected
0.00400422,15000.0,1974169,Ejected
0.00400422,10000.0,1772689,Ejected
0.00400422,23000.0,800270,Ejected
0.00400422,120000.0,1450131,Ejected
0.00400422,19000.0,800266,Ejected
0.00400422,12000.0,1974139,Ejected
0.00400422,15000.0,2954896,Ejected
0.00400422,11000.0,1772676,Ejected
0.00400422,8000.0,1974144,Ejected
0.00400422,8000.0,3977659,Ejected
0.00400422,8000.0,2954891,Ejected
0.00400422,13000.0,1974182,Ejected
0.00400422,15000.0,3977646,Ejected
0.00400422,10000.0,51584,Ejected
0.00400422,7000.0,1772673,Ejected
0.00400422,12000.0,1450126,Ejected
0.00400422,6000.0,1974151,Ejected
0.00400422,25000.0,2954915,Ejected
0.00400422,10000.0,1974167,Ejected
0.00400422,17000.0,3977651,Ejected
0.00400422,9000.0,1772672,Ejected
0.00400422,8000.0,1997169,Ejected
0.00400422,7000.0,51590,Ejected
0.00400422,8000.0,1997170,Ejected
0.00400422,24000.0,51593,Ejected
0.00400422,11000.0,1772670,Ejected
0.00400422,8000.0,3977645,Ejected
0.00400422,12000.0,800278,Ejected
0.00400422,20000.0,1974187,Ejected
0.00400422,10000.0,1450128,Ejected
0.00400422,26000.0,1974174,Ejected
0.00400422,8000.0,560682,Ejected
0.00400422,18000.0,1997179,Ejected
0.00400422,18000.0,1450146,Ejected
0.00400422,15000.0,1997192,Ejected
0.00400422,26000.0,3977664,Ejected
0.00400422,8000.0,51588,Ejected
0.00400422,10000.0,1772695,Ejected
0.00400422,61000.0,1974136,Ejected
0.00400422,19000.0,1450138,Ejected
0.00400422,9000.0,1974194,Ejected
0.00400422,13000.0,1974129,Ejected
0.00400422,17000.0,51591,Ejected
0.00400422,9000.0,51579,Ejected
0.00400422,13000.0,560688,Ejected
0.00400422,15000.0,800279,Ejected
0.00400422,9000.0,560680,Ejected
0.00400422,8000.0,1450136,Ejected
0.00400422,36000.0,1997167,Ejected
0.00400422,14000.0,51585,Ejected
0.00400422,13000.0,3977643,Ejected
0.00400422,12000.0,1772696,Ejected
0.00400422,16000.0,800285,Ejected
0.00400422,18000.0,800260,Ejected
0.00400422,36000.0,51580,Ejected
0.00400422,10000.0,800252,Ejected
0.00400422,16000.0,3977672,Ejected
0.00400422,27000.0,800282,Ejected
0.00400422,14000.0,1997183,Ejected
0.00400422,32000.0,51587,Ejected
0.00400422,39000.0,800248,Ejected
0.00400422,15000.0,800254,Ejected
0.00400422,15000.0,328088,Ejected
0.00400422,38000.0,1997209,Ejected
0.00400422,24000.0,3977647,Ejected
0.00400422,16000.0,51565,Ejected
0.00400422,10000.0,2954913,Ejected
0.00400422,23000.0,1772690,Ejected
0.00400422,117000.0,1772660,Ejected
0.00400422,26000.0,800256,Ejected
0.00400422,29000.0,560687,Ejected
0.00400422,5000.0,3091334,Ejected
0.00400422,25000.0,3091336,Ejected
0.00400422,11000.0,3091323,Ejected
0.00400422,4000.0,3091318,Ejected
0.00400422,21000.0,3091325,Ejected
0.00400422,20000.0,3091326,Ejected
0.00400422,8000.0,3091340,Ejected
0.00400422,109000.0,3091329,Ejected
0.00400422,7000.0,3091337,Ejected
0.00400422,9000.0,1612697,Ejected
0.00400422,36000.0,1612706,Ejected
0.00400422,21000.0,3977655,Ejected
0.00400422,5000.0,1612710,Ejected
0.00400422,19000.0,1612709,Ejected
0.00400422,14000.0,3091342,Ejected
0.00400422,11000.0,3091327,Ejected
0.00400422,6000.0,3091335,Ejected
0.00400422,59000.0,1612711,Ejected
0.00400422,11000.0,1612703,Ejected
0.00400422,8000.0,3091319,Ejected
0.00400422,7000.0,1612714,Ejected
0.00400422,26000.0,1612698,Ejected
0.00400422,14000.0,3091338,Ejected
0.00400422,13000.0,3517659,Ejected
0.00400422,53000.0,51578,Ejected
0.00400422,38000.0,51596,Ejected
0.00400422,47000.0,1772697,Ejected
0.00400422,11000.0,1612705,Ejected
0.00400422,89000.0,3091320,Ejected
0.00400422,25000.0,51601,Ejected
0.00400422,5000.0,2954888,Captured
0.00400422,9000.0,1695103,Ejected
0.00400422,21000.0,1695102,Ejected
0.00400422,9000.0,1695105,Ejected
0.00400422,6000.0,1695097,Ejected
0.00400422,20000.0,1695104,Ejected
0.00400422,12000.0,1695094,Ejected
0.00400422,0.0,2660387,Captured
0.00400422,8000.0,2660379,Ejected
0.00400422,0.0,2660388,Captured
0.00400422,56000.0,2660383,Ejected
0.00400422,11000.0,2660396,Ejected
0.00400422,22000.0,2660376,Ejected
0.00400422,22000.0,2660381,Ejected
0.00400422,12000.0,2660400,Ejected
0.00400422,13000.0,3852267,Ejected
0.00400422,4000.0,3852264,Ejected
0.00400422,5000.0,3852272,Ejected
0.00400422,9000.0,3852247,Ejected
0.00400422,5000.0,3852268,Ejected
0.00400422,17000.0,1695098,Ejected
0.00400422,19000.0,2660399,Ejected
0.00400422,23000.0,2660401,Ejected
0.00400422,5000.0,2660390,Ejected
0.00400422,23000.0,3852251,Ejected
0.00400422,5000.0,3852258,Ejected
0.00400422,18000.0,2660377,Ejected
0.00400422,5000.0,3852276,Ejected
0.00400422,28000.0,3852253,Ejected
0.00400422,15000.0,3852266,Ejected
0.00400422,7000.0,2660393,Ejected
0.00400422,21000.0,2660392,Ejected
0.00400422,8000.0,2660380,Ejected
0.00400422,9000.0,3852249,Ejected
0.00400422,10000.0,3852250,Ejected
0.00400422,19000.0,3852265,Ejected
0.00400422,22000.0,3852261,Ejected
0.00400422,9000.0,3852260,Ejected
0.00400422,9000.0,3852259,Ejected
0.00400422,10000.0,3852255,Ejected
0.00400422,20000.0,3852269,Ejected
0.00400422,10000.0,3852271,Ejected
0.00400422,25000.0,3977674,Ejected
0.00400422,40000.0,1974188,Ejected
0.00400422,27000.0,2660382,Ejected
0.00400422,8000.0,1974191,Captured
0.00400422,30000.0,3852256,Ejected
0.00400422,32000.0,3852263,Ejected
0.00400422,71000.0,51560,Ejected
0.00400422,57000.0,3852270,Ejected
0.00400422,40000.0,1612707,Ejected
0.00400422,24000.0,3091331,Captured
0.00400422,48000.0,2954893,Ejected
0.0094955,21000.0,2024144,Ejected
0.0094955,3000.0,2024150,Ejected
0.0094955,5000.0,2024186,Ejected
0.0094955,4000.0,2024148,Ejected
0.0094955,3000.0,2024151,Ejected
0.0094955,3000.0,2024171,Ejected
0.0094955,0.0,2024202,Captured
0.0094955,7000.0,2024149,Ejected
0.0094955,3000.0,2024153,Ejected
0.0094955,3000.0,1773819,Ejected
0.0094955,5000.0,1773810,Ejected
0.0094955,6000.0,1773800,Ejected
0.0094955,6000.0,2024161,Ejected
0.0094955,5000.0,2046249,Ejected
0.0094955,4000.0,584197,Ejected
0.0094955,5000.0,2046265,Ejected
0.0094955,8000.0,2046264,Ejected
0.0094955,3000.0,2046243,Ejected
0.0094955,4000.0,1773817,Ejected
0.0094955,5000.0,1773837,Ejected
0.0094955,6000.0,1773834,Ejected
0.0094955,3000.0,2024194,Ejected
0.0094955,2000.0,1773801,Ejected
0.0094955,11000.0,2046235,Ejected
0.0094955,3000.0,2046269,Ejected
0.0094955,3000.0,2024158,Ejected
0.0094955,9000.0,2046261,Ejected
0.0094955,5000.0,2046240,Ejected
0.0094955,3000.0,2046253,Ejected
0.0094955,25000.0,2024198,Ejected
0.0094955,6000.0,2046267,Ejected
0.0094955,5000.0,1773812,Ejected
0.0094955,4000.0,1773831,Ejected
0.0094955,6000.0,2046245,Ejected
0.0094955,5000.0,2024168,Ejected
0.0094955,16000.0,1773807,Ejected
0.0094955,3000.0,2046238,Ejected
0.0094955,5000.0,2024142,Ejected
0.0094955,5000.0,2046256,Ejected
0.0094955,16000.0,1773830,Ejected
0.0094955,5000.0,1773833,Ejected
0.0094955,6000.0,1773815,Ejected
0.0094955,4000.0,1773820,Ejected
0.0094955,6000.0,1773828,Ejected
0.0094955,14000.0,1773818,Ejected
0.0094955,4000.0,2024165,Ejected
0.0094955,4000.0,2046250,Ejected
0.0094955,13000.0,1773840,Ejected
0.0094955,15000.0,2024147,Ejected
0.0094955,7000.0,1773811,Ejected
0.0094955,8000.0,2024176,Ejected
0.0094955,47000.0,1773825,Ejected
0.0094955,5000.0,2046263,Ejected
0.0094955,3000.0,2024205,Ejected
0.0094955,6000.0,2046231,Ejected
0.0094955,4000.0,2024201,Ejected
0.0094955,8000.0,2024179,Ejected
0.0094955,4000.0,2046236,Ejected
0.0094955,4000.0,2046226,Ejected
0.0094955,4000.0,2046271,Ejected
0.0094955,4000.0,2024196,Ejected
0.0094955,15000.0,2046227,Ejected
0.0094955,9000.0,2046254,Ejected
0.0094955,13000.0,1773841,Ejected
0.0094955,3000.0,2956019,Ejected
0.0094955,6000.0,2956013,Ejected
0.0094955,5000.0,2955973,Ejected
0.0094955,5000.0,2955976,Ejected
0.0094955,5000.0,2956006,Ejected
0.0094955,13000.0,2024155,Ejected
0.0094955,4000.0,2024182,Ejected
0.0094955,4000.0,2956007,Ejected
0.0094955,3000.0,2955986,Ejected
0.0094955,5000.0,2956001,Ejected
0.0094955,9000.0,2024203,Ejected
0.0094955,3000.0,2956020,Ejected
0.0094955,6000.0,2956000,Ejected
0.0094955,3000.0,3099240,Ejected
0.0094955,4000.0,2956005,Ejected
0.0094955,14000.0,2955985,Ejected
0.0094955,4000.0,2955994,Ejected
0.0094955,5000.0,2955979,Ejected
0.0094955,3000.0,858259,Ejected
0.0094955,10000.0,2955998,Ejected
0.0094955,4000.0,1773814,Ejected
0.0094955,5000.0,53102,Ejected
0.0094955,30000.0,3978638,Ejected
0.0094955,2000.0,3978616,Ejected
0.0094955,4000.0,3099236,Ejected
0.0094955,6000.0,2024166,Ejected
0.0094955,4000.0,3978641,Ejected
0.0094955,3000.0,3978625,Ejected
0.0094955,4000.0,3099247,Ejected
0.0094955,6000.0,53082,Ejected
0.0094955,3000.0,3099244,Ejected
0.0094955,4000.0,1451132,Ejected
0.0094955,9000.0,1451116,Ejected
0.0094955,3000.0,3978648,Ejected
0.0094955,3000.0,3978650,Ejected
0.0094955,3000.0,3978655,Ejected
0.0094955,4000.0,858245,Ejected
0.0094955,8000.0,53083,Ejected
0.0094955,10000.0,53088,Ejected
0.0094955,8000.0,53097,Ejected
0.0094955,3000.0,858242,Ejected
0.0094955,4000.0,858276,Ejected
0.0094955,4000.0,858268,Ejected
0.0094955,12000.0,53112,Ejected
0.0094955,14000.0,53104,Ejected
0.0094955,7000.0,858271,Ejected
0.0094955,6000.0,858251,Ejected
0.0094955,4000.0,1451128,Ejected
0.0094955,12000.0,858252,Ejected
0.0094955,2000.0,53089,Ejected
0.0094955,4000.0,3099242,Ejected
0.0094955,10000.0,858237,Ejected
0.0094955,3000.0,53099,Ejected
0.0094955,18000.0,1451126,Ejected
0.0094955,3000.0,1451106,Ejected
0.0094955,5000.0,53109,Ejected
0.0094955,3000.0,3099255,Ejected
0.0094955,4000.0,2046242,Ejected
0.0094955,3000.0,1451141,Ejected
0.0094955,3000.0,1451124,Ejected
0.0094955,4000.0,2956010,Ejected
0.0094955,6000.0,3099231,Ejected
0.0094955,20000.0,3978640,Ejected
0.0094955,4000.0,53084,Ejected
0.0094955,5000.0,1451108,Ejected
0.0094955,9000.0,53087,Ejected
0.0094955,10000.0,2956016,Ejected
0.0094955,0.0,1451137,Captured
0.0094955,3000.0,53075,Ejected
0.0094955,3000.0,3978649,Ejected
0.0094955,17000.0,53113,Ejected
0.0094955,12000.0,2955988,Ejected
0.0094955,5000.0,53101,Ejected
0.0094955,6000.0,3099250,Ejected
0.0094955,6000.0,3978642,Ejected
0.0094955,9000.0,3099252,Ejected
0.0094955,6000.0,2956015,Ejected
0.0094955,3000.0,53092,Ejected
0.0094955,6000.0,858264,Ejected
0.0094955,12000.0,3978628,Ejected
0.0094955,3000.0,3978654,Ejected
0.0094955,4000.0,3978621,Ejected
0.0094955,4000.0,3099241,Ejected
0.0094955,4000.0,1451111,Ejected
0.0094955,3000.0,1451140,Ejected
0.0094955,22000.0,1451145,Ejected
0.0094955,3000.0,3978622,Ejected
0.0094955,4000.0,2046244,Ejected
0.0094955,5000.0,1451136,Ejected
0.0094955,29000.0,1451138,Ejected
0.0094955,4000.0,2955991,Ejected
0.0094955,13000.0,1451118,Ejected
0.0094955,3000.0,1451125,Ejected
0.0094955,4000.0,858261,Ejected
0.0094955,7000.0,3978619,Ejected
0.0094955,11000.0,858260,Ejected
0.0094955,11000.0,328533,Ejected
0.0094955,6000.0,1451112,Ejected
0.0094955,8000.0,1451133,Ejected
0.0094955,4000.0,3978627,Ejected
0.0094955,7000.0,1451120,Ejected
0.0094955,5000.0,858263,Ejected
0.0094955,7000.0,584191,Ejected
0.0094955,9000.0,3978634,Ejected
0.0094955,6000.0,3099249,Ejected
0.0094955,14000.0,1773813,Ejected
0.0094955,5000.0,3099243,Ejected
0.0094955,4000.0,53077,Ejected
0.0094955,4000.0,53074,Ejected
0.0094955,3000.0,2955999,Ejected
0.0094955,6000.0,3978623,Ejected
0.0094955,17000.0,53103,Ejected
0.0094955,4000.0,3978630,Ejected
0.0094955,18000.0,2024160,Ejected
0.0094955,7000.0,858246,Ejected
0.0094955,17000.0,858250,Ejected
0.0094955,46000.0,1451139,Ejected
0.0094955,4000.0,2024140,Ejected
0.0094955,5000.0,53117,Ejected
0.0094955,40000.0,1773802,Ejected
0.0094955,7000.0,53093,Ejected
0.0094955,9000.0,53106,Ejected
0.0094955,12000.0,53076,Ejected
0.0094955,7000.0,1451121,Ejected
0.0094955,6000.0,53081,Ejected
0.0094955,17000.0,53108,Ejected
0.0094955,6000.0,328532,Ejected
0.0094955,6000.0,3978651,Ejected
0.0094955,14000.0,3099246,Ejected
0.0094955,6000.0,2955975,Ejected
0.0094955,8000.0,1451130,Ejected
0.0094955,48000.0,858267,Ejected
0.0094955,16000.0,3978633,Ejected
0.0094955,5000.0,3099234,Ejected
0.0094955,13000.0,2024141,Ejected
0.0094955,6000.0,858240,Ejected
0.0094955,3000.0,858265,Ejected
0.0094955,21000.0,858266,Ejected
0.0094955,5000.0,1451143,Ejected
0.0094955,5000.0,2955977,Ejected
0.0094955,6000.0,3978647,Ejected
0.0094955,5000.0,3978626,Ejected
0.0094955,14000.0,1451119,Ejected
0.0094955,17000.0,2955989,Ejected
0.0094955,8000.0,1451129,Ejected
0.0094955,10000.0,53114,Ejected
0.0094955,6000.0,858241,Ejected
0.0094955,18000.0,2956008,Ejected
0.0094955,12000.0,1773809,Ejected
0.0094955,12000.0,3978629,Ejected
0.0094955,2000.0,2024190,Captured
0.0094955,19000.0,1773827,Ejected
0.0094955,14000.0,3978636,Ejected
0.0094955,16000.0,3978646,Ejected
0.0094955,5000.0,1669625,Ejected
0.0094955,4000.0,1669621,Ejected
0.0094955,5000.0,1669623,Ejected
0.0094955,2000.0,1669628,Ejected
0.0094955,7000.0,1669630,Ejected
0.0094955,11000.0,1669632,Ejected
0.0094955,6000.0,1669604,Ejected
0.0094955,7000.0,1669603,Ejected
0.0094955,7000.0,1669633,Ejected
0.0094955,17000.0,1728239,Ejected
0.0094955,11000.0,1728238,Ejected
0.0094955,5000.0,1728235,Ejected
0.0094955,3000.0,1728237,Ejected
0.0094955,14000.0,1728236,Ejected
0.0094955,12000.0,1728241,Ejected
0.0094955,18000.0,1728234,Ejected
0.0094955,5000.0,3853122,Ejected
0.0094955,5000.0,3853123,Ejected
0.0094955,5000.0,3853120,Ejected
0.0094955,6000.0,3853138,Ejected
0.0094955,6000.0,3853128,Ejected
0.0094955,9000.0,3853125,Ejected
0.0094955,3000.0,3853118,Ejected
0.0094955,6000.0,3853130,Ejected
0.0094955,11000.0,3853137,Ejected
0.0094955,3000.0,3853113,Ejected
0.0094955,9000.0,3853133,Ejected
0.0094955,7000.0,3853134,Ejected
0.0094955,5000.0,3853126,Ejected
0.0094955,5000.0,3853127,Ejected
0.0094955,21000.0,1669629,Ejected
0.0094955,6000.0,3853117,Ejected
0.0094955,35000.0,3853141,Ejected
0.0094955,6000.0,2661198,Ejected
0.0094955,8000.0,2661184,Ejected
0.0094955,11000.0,2661197,Ejected
0.0094955,4000.0,2661186,Ejected
0.0094955,4000.0,2661200,Ejected
0.0094955,3000.0,2661189,Ejected
0.0094955,3000.0,2661181,Ejected
0.0094955,11000.0,2661176,Ejected
0.0094955,8000.0,2661178,Ejected
0.0094955,9000.0,2661188,Ejected
0.0094955,4000.0,2661192,Ejected
0.0094955,4000.0,2661201,Ejected
0.0094955,6000.0,2661185,Ejected
0.0094955,56000.0,2661183,Ejected
0.0094955,6000.0,2661202,Ejected
0.0094955,4000.0,2661194,Ejected
0.0094955,7000.0,3853124,Ejected
0.0094955,78000.0,2024187,Ejected
0.0094955,81000.0,3978639,Captured
0.0094955,83000.0,1451114,Captured
0.0094955,83000.0,2024206,Captured
0.030027,0.0,604147,Captured
0.030027,3000.0,604140,Ejected
0.030027,3000.0,934490,Ejected
0.030027,1000.0,934502,Ejected
0.030027,11000.0,934486,Ejected
0.030027,2000.0,934498,Ejected
0.030027,2000.0,934491,Ejected
0.030027,2000.0,934520,Ejected
0.030027,3000.0,934488,Ejected
0.030027,7000.0,934482,Ejected
0.030027,11000.0,2108406,Ejected
0.030027,2000.0,2108401,Ejected
0.030027,3000.0,2108420,Ejected
0.030027,2000.0,934499,Ejected
0.030027,2000.0,2108393,Ejected
0.030027,2000.0,2108411,Ejected
0.030027,2000.0,604139,Ejected
0.030027,4000.0,604142,Ejected
0.030027,2000.0,2108392,Ejected
0.030027,2000.0,604150,Ejected
0.030027,22000.0,604148,Ejected
0.030027,2000.0,934497,Ejected
0.030027,2000.0,2108385,Ejected
0.030027,4000.0,934506,Ejected
0.030027,3000.0,934510,Ejected
0.030027,4000.0,934500,Ejected
0.030027,8000.0,934511,Ejected
0.030027,2000.0,934521,Ejected
0.030027,5000.0,934494,Ejected
0.030027,25000.0,2108388,Ejected
0.030027,2000.0,2108387,Ejected
0.030027,6000.0,934485,Ejected
0.030027,2000.0,2108404,Ejected
0.030027,7000.0,2108419,Ejected
0.030027,2000.0,2108407,Ejected
0.030027,10000.0,934522,Ejected
0.030027,2000.0,934495,Ejected
0.030027,9000.0,2108382,Ejected
0.030027,2000.0,934493,Ejected
0.030027,0.0,604143,Captured
0.030027,4000.0,2108416,Ejected
0.030027,3000.0,934481,Ejected
0.030027,4000.0,2108422,Ejected
0.030027,3000.0,3100543,Ejected
0.030027,2000.0,3100539,Ejected
0.030027,7000.0,3979638,Ejected
0.030027,4000.0,3979631,Ejected
0.030027,3000.0,3979627,Ejected
0.030027,9000.0,3979637,Ejected
0.030027,2000.0,3100523,Ejected
0.030027,3000.0,3979632,Ejected
0.030027,2000.0,3100537,Ejected
0.030027,2000.0,3979620,Ejected
0.030027,2000.0,3979619,Ejected
0.030027,2000.0,3979610,Ejected
0.030027,2000.0,3979622,Ejected
0.030027,2000.0,3100529,Ejected
0.030027,24000.0,3100526,Ejected
0.030027,3000.0,3100532,Ejected
0.030027,3000.0,3100519,Ejected
0.030027,2000.0,3100521,Ejected
0.030027,2000.0,3979641,Ejected
0.030027,5000.0,3979612,Ejected
0.030027,7000.0,2957112,Ejected
0.030027,2000.0,2957101,Ejected
0.030027,3000.0,2957078,Ejected
0.030027,3000.0,2113454,Ejected
0.030027,3000.0,2957081,Ejected
0.030027,8000.0,2957092,Ejected
0.030027,1000.0,54825,Ejected
0.030027,4000.0,2957088,Ejected
0.030027,4000.0,3100530,Ejected
0.030027,22000.0,2108379,Ejected
0.030027,2000.0,2957113,Ejected
0.030027,9000.0,54820,Ejected
0.030027,2000.0,54824,Ejected
0.030027,2000.0,54827,Ejected
0.030027,7000.0,2957114,Ejected
0.030027,2000.0,54809,Ejected
0.030027,3000.0,54826,Ejected
0.030027,4000.0,54823,Ejected
0.030027,5000.0,2957089,Ejected
0.030027,2000.0,3979613,Ejected
0.030027,2000.0,54791,Ejected
0.030027,3000.0,54806,Ejected
0.030027,2000.0,54794,Ejected
0.030027,4000.0,54810,Ejected
0.030027,2000.0,54818,Ejected
0.030027,14000.0,1775029,Ejected
0.030027,2000.0,1775005,Ejected
0.030027,2000.0,1775015,Ejected
0.030027,2000.0,1775022,Ejected
0.030027,2000.0,1775030,Ejected
0.030027,7000.0,2957110,Ejected
0.030027,3000.0,2957100,Ejected
0.030027,4000.0,2957093,Ejected
0.030027,2000.0,2113451,Ejected
0.030027,2000.0,2957104,Ejected
0.030027,1000.0,1775009,Ejected
0.030027,12000.0,1775019,Ejected
0.030027,15000.0,1774996,Ejected
0.030027,5000.0,2957082,Ejected
0.030027,3000.0,1775011,Ejected
0.030027,8000.0,1774999,Ejected
0.030027,2000.0,1775023,Ejected
0.030027,2000.0,1775002,Ejected
0.030027,2000.0,1775000,Ejected
0.030027,2000.0,1775008,Ejected
0.030027,2000.0,1775007,Ejected
0.030027,3000.0,2113439,Ejected
0.030027,4000.0,1775027,Ejected
0.030027,2000.0,2113387,Ejected
0.030027,2000.0,2113391,Ejected
0.030027,2000.0,54811,Ejected
0.030027,1000.0,2113419,Ejected
0.030027,4000.0,2113389,Ejected
0.030027,5000.0,54789,Ejected
0.030027,28000.0,54812,Ejected
0.030027,2000.0,2113407,Ejected
0.030027,3000.0,2957115,Ejected
0.030027,2000.0,54790,Ejected
0.030027,2000.0,2113452,Ejected
0.030027,3000.0,2113397,Ejected
0.030027,9000.0,3979605,Ejected
0.030027,3000.0,2113425,Ejected
0.030027,4000.0,2113420,Ejected
0.030027,2000.0,2113448,Ejected
0.030027,6000.0,54799,Ejected
0.030027,3000.0,54787,Ejected
0.030027,4000.0,2957111,Ejected
0.030027,6000.0,2957091,Ejected
0.030027,3000.0,54817,Ejected
0.030027,11000.0,2957094,Ejected
0.030027,4000.0,54828,Ejected
0.030027,2000.0,2113403,Ejected
0.030027,2000.0,2113388,Ejected
0.030027,3000.0,2113390,Ejected
0.030027,16000.0,934505,Ejected
0.030027,2000.0,2113429,Ejected
0.030027,15000.0,2113392,Ejected
0.030027,3000.0,2957122,Ejected
0.030027,2000.0,2957097,Ejected
0.030027,6000.0,3979607,Ejected
0.030027,3000.0,2957106,Ejected
0.030027,3000.0,1452148,Ejected
0.030027,2000.0,1452115,Ejected
0.030027,2000.0,1452149,Ejected
0.030027,2000.0,1452109,Ejected
0.030027,4000.0,1452119,Ejected
0.030027,2000.0,1452136,Ejected
0.030027,2000.0,1452130,Ejected
0.030027,8000.0,1452116,Ejected
0.030027,4000.0,3100531,Ejected
0.030027,3000.0,3100525,Ejected
0.030027,26000.0,2113408,Ejected
0.030027,3000.0,2113444,Ejected
0.030027,2000.0,1452140,Ejected
0.030027,2000.0,1452110,Ejected
0.030027,6000.0,2113433,Ejected
0.030027,9000.0,2108400,Ejected
0.030027,5000.0,2957121,Ejected
0.030027,10000.0,1452135,Ejected
0.030027,3000.0,1452138,Ejected
0.030027,4000.0,1452118,Ejected
0.030027,2000.0,2113412,Ejected
0.030027,3000.0,1452125,Ejected
0.030027,4000.0,1452144,Ejected
0.030027,5000.0,1452123,Ejected
0.030027,2000.0,1452112,Ejected
0.030027,2000.0,2113435,Ejected
0.030027,7000.0,2113417,Ejected
0.030027,9000.0,2113437,Ejected
0.030027,3000.0,3979628,Ejected
0.030027,2000.0,2113410,Ejected
0.030027,0.0,3979639,Captured
0.030027,2000.0,2113404,Ejected
0.030027,2000.0,3979625,Ejected
0.030027,3000.0,2957116,Ejected
0.030027,3000.0,54813,Ejected
0.030027,5000.0,2113430,Ejected
0.030027,7000.0,2113449,Ejected
0.030027,3000.0,2113442,Ejected
0.030027,4000.0,1452117,Ejected
0.030027,2000.0,1775014,Ejected
0.030027,5000.0,1452134,Ejected
0.030027,8000.0,1452141,Ejected
0.030027,3000.0,1452128,Ejected
0.030027,3000.0,54796,Ejected
0.030027,5000.0,2108380,Ejected
0.030027,5000.0,2113398,Ejected
0.030027,2000.0,1452132,Ejected
0.030027,5000.0,2957084,Ejected
0.030027,3000.0,1775006,Ejected
0.030027,3000.0,2113422,Ejected
0.030027,3000.0,2108405,Ejected
0.030027,9000.0,2957119,Ejected
0.030027,4000.0,1775017,Ejected
0.030027,12000.0,2957108,Ejected
0.030027,3000.0,2113421,Ejected
0.030027,4000.0,1452137,Ejected
0.030027,7000.0,2957117,Ejected
0.030027,5000.0,54814,Ejected
0.030027,7000.0,328993,Ejected
0.030027,7000.0,1452145,Ejected
0.030027,3000.0,3100527,Ejected
0.030027,9000.0,3979621,Ejected
0.030027,3000.0,1732986,Ejected
0.030027,3000.0,1733004,Ejected
0.030027,2000.0,1732998,Ejected
0.030027,2000.0,1732990,Ejected
0.030027,2000.0,1733010,Ejected
0.030027,4000.0,1733008,Ejected
0.030027,4000.0,1733000,Ejected
0.030027,3000.0,1733011,Ejected
0.030027,2000.0,1264195,Ejected
0.030027,3000.0,1264199,Ejected
0.030027,2000.0,1264198,Ejected
0.030027,5000.0,1264196,Ejected
0.030027,4000.0,1264194,Ejected
0.030027,3000.0,3901134,Ejected
0.030027,2000.0,3901149,Ejected
0.030027,3000.0,3901139,Ejected
0.030027,4000.0,3901152,Ejected
0.030027,13000.0,3901129,Ejected
0.030027,3000.0,3901140,Ejected
0.030027,3000.0,3901137,Ejected
0.030027,2000.0,3901135,Ejected
0.030027,6000.0,3901148,Ejected
0.030027,6000.0,3901147,Ejected
0.030027,8000.0,3901145,Ejected
0.030027,15000.0,3901131,Ejected
0.030027,10000.0,3901130,Ejected
0.030027,3000.0,3343585,Ejected
0.030027,28000.0,3979633,Ejected
0.030027,2000.0,3854010,Ejected
0.030027,3000.0,3854004,Ejected
0.030027,2000.0,3853997,Ejected
0.030027,2000.0,3854008,Ejected
0.030027,9000.0,3854020,Ejected
0.030027,5000.0,3854012,Ejected
0.030027,2000.0,3854022,Ejected
0.030027,10000.0,3854016,Ejected
0.030027,4000.0,3854000,Ejected
0.030027,4000.0,3854003,Ejected
0.030027,3000.0,3854011,Ejected
0.030027,3000.0,3854021,Ejected
0.030027,3000.0,3854017,Ejected
0.030027,3000.0,3854015,Ejected
0.030027,11000.0,3853995,Ejected
0.030027,4000.0,3854013,Ejected
0.030027,11000.0,3853991,Ejected
0.030027,7000.0,3853992,Ejected
0.030027,2000.0,3853996,Ejected
0.030027,4000.0,3854001,Ejected
0.030027,39000.0,2113406,Ejected
0.030027,99000.0,3100538,Ejected
0.030027,17000.0,54802,Captured
0.030027,49000.0,2108421,Captured
0.030027,47000.0,3853999,Captured
0.030027,54000.0,1774994,Captured
0.030027,67000.0,1774993,Captured
0.030027,63000.0,3979630,Ejected
0.1,1000.0,3980834,Ejected
0.1,2000.0,3980837,Ejected
0.1,4000.0,3980832,Ejected
0.1,7000.0,3980831,Ejected
0.1,63000.0,3980835,Ejected
0.1,1000.0,748038,Ejected
0.1,2000.0,91332,Ejected
0.1,11000.0,91329,Ejected
0.1,2000.0,91328,Ejected
0.1,2000.0,2403215,Ejected
0.1,2000.0,2403232,Ejected
0.1,1000.0,2403230,Ejected
0.1,2000.0,2403221,Ejected
0.1,1000.0,2403188,Ejected
0.1,1000.0,2403222,Ejected
0.1,5000.0,2403194,Ejected
0.1,2000.0,2403216,Ejected
0.1,2000.0,2403213,Ejected
0.1,2000.0,3609757,Ejected
0.1,1000.0,3609706,Ejected
0.1,5000.0,2403196,Ejected
0.1,2000.0,2403199,Ejected
0.1,1000.0,2403207,Ejected
0.1,4000.0,2403237,Ejected
0.1,3000.0,2403205,Ejected
0.1,2000.0,2403198,Ejected
0.1,4000.0,2403192,Ejected
0.1,2000.0,2403236,Ejected
0.1,4000.0,3609756,Ejected
0.1,3000.0,3609715,Ejected
0.1,1000.0,3609740,Ejected
0.1,1000.0,3609716,Ejected
0.1,2000.0,2403195,Ejected
0.1,2000.0,2403202,Ejected
0.1,3000.0,2403212,Ejected
0.1,2000.0,2403185,Ejected
0.1,2000.0,2403233,Ejected
0.1,3000.0,2403229,Ejected
0.1,2000.0,2403191,Ejected
0.1,2000.0,2403186,Ejected
0.1,2000.0,2403227,Ejected
0.1,2000.0,2403211,Ejected
0.1,3000.0,2403208,Ejected
0.1,3000.0,1162808,Ejected
0.1,4000.0,91333,Ejected
0.1,1000.0,1162813,Ejected
0.1,2000.0,1162820,Ejected
0.1,1000.0,1162805,Ejected
0.1,2000.0,1162812,Ejected
0.1,3000.0,91330,Ejected
0.1,2000.0,1162818,Ejected
0.1,1000.0,1162816,Ejected
0.1,5000.0,1162819,Ejected
0.1,3000.0,1162810,Ejected
0.1,2000.0,527387,Ejected
0.1,2000.0,527381,Ejected
0.1,2000.0,1164226,Ejected
0.1,3000.0,1164209,Ejected
0.1,1000.0,1164211,Ejected
0.1,2000.0,1164220,Ejected
0.1,3000.0,1164216,Ejected
0.1,2000.0,1164205,Ejected
0.1,2000.0,527407,Ejected
0.1,1000.0,527396,Ejected
0.1,2000.0,527375,Ejected
0.1,4000.0,2403201,Ejected
0.1,1000.0,527395,Ejected
0.1,2000.0,527402,Ejected
0.1,3000.0,1162809,Ejected
0.1,4000.0,527378,Ejected
0.1,4000.0,2403231,Ejected
0.1,2000.0,527372,Ejected
0.1,3000.0,527380,Ejected
0.1,2000.0,748040,Ejected
0.1,2000.0,1164224,Ejected
0.1,2000.0,1164217,Ejected
0.1,5000.0,527394,Ejected
0.1,2000.0,1164210,Ejected
0.1,2000.0,1164223,Ejected
0.1,4000.0,1164228,Ejected
0.1,8000.0,1164215,Ejected
0.1,5000.0,1164213,Ejected
0.1,3000.0,527371,Ejected
0.1,3000.0,527390,Ejected
0.1,2000.0,527374,Ejected
0.1,11000.0,1162807,Ejected
0.1,1000.0,527379,Ejected
0.1,2000.0,527389,Ejected
0.1,2000.0,527403,Ejected
0.1,3000.0,3609748,Ejected
0.1,3000.0,527369,Ejected
0.1,3000.0,527373,Ejected
0.1,5000.0,527377,Ejected
0.1,3000.0,2403220,Ejected
0.1,2000.0,3609718,Ejected
0.1,2000.0,2403228,Ejected
0.1,11000.0,2403210,Ejected
0.1,4000.0,2403224,Ejected
0.1,2000.0,527376,Ejected
0.1,2000.0,3881168,Ejected
0.1,2000.0,314515,Ejected
0.1,2000.0,3881169,Ejected
0.1,2000.0,2403214,Ejected
0.1,3000.0,2403223,Ejected
0.1,2000.0,3881174,Ejected
0.1,5000.0,3881172,Ejected
0.1,3000.0,527384,Ejected
0.1,3000.0,1164208,Ejected
0.1,3000.0,1164229,Ejected
0.1,2000.0,2204827,Ejected
0.1,3000.0,2204833,Ejected
0.1,2000.0,2204835,Ejected
0.1,17000.0,2204829,Ejected
0.1,3000.0,2204824,Ejected
0.1,3000.0,2204820,Ejected
0.1,2000.0,2204822,Ejected
0.1,2000.0,2204823,Ejected
0.1,2000.0,2204834,Ejected
0.1,0.0,2204838,Captured
0.1,2000.0,2204836,Ejected
0.1,4000.0,2204821,Ejected
0.1,2000.0,2204825,Ejected
0.1,2000.0,2204831,Ejected
0.1,3000.0,3609729,Ejected
0.1,2000.0,3609713,Ejected
0.1,3000.0,3609732,Ejected
0.1,2000.0,3609736,Ejected
0.1,2000.0,3609727,Ejected
0.1,2000.0,3609747,Ejected
0.1,3000.0,3609724,Ejected
0.1,2000.0,3609707,Ejected
0.1,2000.0,3609735,Ejected
0.1,9000.0,3609719,Ejected
0.1,3000.0,3609739,Ejected
0.1,4000.0,3609722,Ejected
0.1,3000.0,3609751,Ejected
0.1,2000.0,3609750,Ejected
0.1,2000.0,3609730,Ejected
0.1,1000.0,3609711,Ejected
0.1,2000.0,3609744,Ejected
0.1,2000.0,3609726,Ejected
0.1,6000.0,3609745,Ejected
0.1,1000.0,3609738,Ejected
0.1,0.0,3609728,Captured
0.1,2000.0,3609746,Ejected
0.1,2000.0,3609752,Ejected
0.1,2000.0,3609708,Ejected
0.1,4000.0,3609741,Ejected
0.1,3000.0,3609758,Ejected
0.1,7000.0,3609720,Ejected
0.1,1000.0,433268,Ejected
0.1,2000.0,433279,Ejected
0.1,3000.0,433256,Ejected
0.1,2000.0,433257,Ejected
0.1,1000.0,433276,Ejected
0.1,3000.0,433278,Ejected
0.1,1000.0,433272,Ejected
0.1,2000.0,433267,Ejected
0.1,5000.0,433260,Ejected
0.1,8000.0,433275,Ejected
0.1,4000.0,433262,Ejected
0.1,2000.0,433281,Ejected
0.1,2000.0,433265,Ejected
0.1,2000.0,433261,Ejected
0.1,3000.0,433263,Ejected
0.1,6000.0,433273,Ejected
0.1,4000.0,433266,Ejected
0.1,3000.0,433253,Ejected
0.1,5000.0,433282,Ejected
0.1,9000.0,2403190,Ejected
0.1,2000.0,3663979,Ejected
0.1,2000.0,3663978,Ejected
0.1,2000.0,3663986,Ejected
0.1,5000.0,3663985,Ejected
0.1,3000.0,3663977,Ejected
0.1,5000.0,3663971,Ejected
0.1,0.0,3663980,Captured
0.1,1000.0,3663982,Ejected
0.1,2000.0,3663972,Ejected
0.1,9000.0,3663976,Ejected
0.1,2000.0,3663975,Ejected
0.1,13000.0,1164221,Ejected
0.1,5000.0,1482429,Ejected
0.1,2000.0,1482431,Ejected
0.1,2000.0,1482430,Ejected
0.1,14000.0,1482425,Ejected
0.1,2000.0,1482426,Ejected
0.1,1000.0,1482432,Ejected
0.1,1000.0,2887706,Ejected
0.1,2000.0,2887705,Ejected
0.1,1000.0,2887727,Ejected
0.1,7000.0,2887711,Ejected
0.1,2000.0,2887752,Ejected
0.1,2000.0,2887736,Ejected
0.1,2000.0,2887717,Ejected
0.1,3000.0,2887722,Ejected
0.1,2000.0,2887735,Ejected
0.1,1000.0,2887708,Ejected
0.1,2000.0,2887747,Ejected
0.1,2000.0,2887750,Ejected
0.1,0.0,2887707,Captured
0.1,2000.0,2887745,Ejected
0.1,2000.0,2887751,Ejected
0.1,7000.0,2887720,Ejected
0.1,0.0,2887748,Captured
0.1,2000.0,2887721,Ejected
0.1,3000.0,2887704,Ejected
0.1,4000.0,2887733,Ejected
0.1,3000.0,2887725,Ejected
0.1,2000.0,2887739,Ejected
0.1,2000.0,2887746,Ejected
0.1,3000.0,2887744,Ejected
0.1,6000.0,2887729,Ejected
0.1,2000.0,2887742,Ejected
0.1,2000.0,2887715,Ejected
0.1,2000.0,2887726,Ejected
0.1,2000.0,2887718,Ejected
0.1,6000.0,2887740,Ejected
0.1,2000.0,2887714,Ejected
0.1,0.0,2887731,Captured
0.1,4000.0,2887753,Ejected
0.1,2000.0,2887741,Ejected
0.1,1000.0,3111731,Ejected
0.1,1000.0,3111751,Ejected
0.1,1000.0,3111735,Ejected
0.1,2000.0,3111722,Ejected
0.1,1000.0,3111762,Ejected
0.1,4000.0,3111717,Ejected
0.1,1000.0,3111763,Ejected
0.1,4000.0,3111745,Ejected
0.1,5000.0,3111739,Ejected
0.1,2000.0,3111743,Ejected
0.1,2000.0,3111754,Ejected
0.1,3000.0,3111749,Ejected
0.1,2000.0,3111725,Ejected
0.1,4000.0,3111719,Ejected
0.1,2000.0,3111746,Ejected
0.1,2000.0,3111753,Ejected
0.1,1000.0,3111724,Ejected
0.1,2000.0,3111747,Ejected
0.1,2000.0,3111723,Ejected
0.1,4000.0,3111759,Ejected
0.1,2000.0,3111736,Ejected
0.1,2000.0,3111716,Ejected
0.1,9000.0,3111756,Ejected
0.1,2000.0,3111761,Ejected
0.1,2000.0,3111760,Ejected
0.1,2000.0,3111715,Ejected
0.1,3000.0,3111730,Ejected
0.1,15000.0,1162814,Ejected
0.1,2000.0,2887709,Ejected
0.1,8000.0,3111757,Ejected
0.1,4000.0,3111726,Ejected
0.1,6000.0,3111765,Ejected
0.1,2000.0,3111720,Ejected
0.1,23000.0,527386,Ejected
0.1,1000.0,3467589,Ejected
0.1,13000.0,3467560,Ejected
0.1,1000.0,3467586,Ejected
0.1,1000.0,3467576,Ejected
0.1,1000.0,3467573,Ejected
0.1,2000.0,3467595,Ejected
0.1,2000.0,3467564,Ejected
0.1,2000.0,3467556,Ejected
0.1,2000.0,3467582,Ejected
0.1,2000.0,3467558,Ejected
0.1,2000.0,3467565,Ejected
0.1,2000.0,3467590,Ejected
0.1,4000.0,3467578,Ejected
0.1,2000.0,3467585,Ejected
0.1,2000.0,3467587,Ejected
0.1,2000.0,3467567,Ejected
0.1,3000.0,3467575,Ejected
0.1,2000.0,3467563,Ejected
0.1,2000.0,3467574,Ejected
0.1,2000.0,3467584,Ejected
0.1,2000.0,3467579,Ejected
0.1,2000.0,3467591,Ejected
0.1,2000.0,3467581,Ejected
0.1,2000.0,3467577,Ejected
0.1,10000.0,3467592,Ejected
0.1,1000.0,3467597,Ejected
0.1,2000.0,3467559,Ejected
0.1,4000.0,3467568,Ejected
0.1,2000.0,3467562,Ejected
0.1,3000.0,3467572,Ejected
0.1,2000.0,3467571,Ejected
0.1,4000.0,3467596,Ejected
0.1,2000.0,3467570,Ejected
0.1,1000.0,1106590,Ejected
0.1,2000.0,1106583,Ejected
0.1,2000.0,1106592,Ejected
0.1,2000.0,1106587,Ejected
0.1,3000.0,1106593,Ejected
0.1,16000.0,1106591,Ejected
0.1,4000.0,3467593,Ejected
0.1,3000.0,3467583,Ejected
0.1,15000.0,2887732,Ejected
0.1,3000.0,527398,Captured
0.1,3000.0,2539821,Ejected
0.1,2000.0,2539823,Ejected
0.1,2000.0,2539809,Ejected
0.1,2000.0,2539820,Ejected
0.1,2000.0,2539812,Ejected
0.1,1000.0,2539816,Ejected
0.1,2000.0,2539822,Ejected
0.1,3000.0,2539819,Ejected
0.1,1000.0,2539824,Ejected
0.1,1000.0,2539818,Ejected
0.1,2000.0,2539811,Ejected
0.1,2000.0,2539817,Ejected
0.1,1000.0,2539813,Ejected
0.1,2000.0,2672127,Ejected
0.1,3000.0,2672116,Ejected
0.1,1000.0,2672135,Ejected
0.1,2000.0,2672136,Ejected
0.1,1000.0,2672121,Ejected
0.1,2000.0,2672119,Ejected
0.1,2000.0,2672130,Ejected
0.1,2000.0,2672129,Ejected
0.1,2000.0,2672125,Ejected
0.1,2000.0,2672120,Ejected
0.1,2000.0,2672122,Ejected
0.1,2000.0,2672132,Ejected
0.1,6000.0,2672117,Ejected
0.1,1000.0,2204830,Ejected
0.1,8000.0,3609733,Captured
0.1,14000.0,1164230,Captured
0.1,40000.0,1164227,Captured
0.1,18000.0,3609755,Captured
0.1,20000.0,3111737,Captured
0.1,98000.0,527401,Captured
0.1,77000.0,3881173,Captured
0.1,74000.0,3609717,Captured
0.1,62000.0,748037,Captured
5e-05,24000.0,337113,Captured
5e-05,118000.0,2623279,Captured
5e-05,1762000.0,1240666,Ejected
5e-05,289000.0,751898,Ejected
5e-05,225000.0,4001646,Captured
5e-05,2153000.0,1495606,Ejected
5e-05,229000.0,1240684,Captured
5e-05,619000.0,2962598,Ejected
5e-05,2043000.0,1829750,Ejected
5e-05,283000.0,2497363,Captured
5e-05,391000.0,4001628,Ejected
5e-05,3727000.0,751897,Ejected
5e-05,1000000.0,3939456,Ejected
5e-05,587000.0,2497337,Ejected
5e-05,4238000.0,2962618,Ejected
5e-05,3580000.0,3127657,Ejected
5e-05,2225000.0,1240669,Ejected
5e-05,4968000.0,4001645,Ejected
5e-05,2199000.0,3939500,Ejected
5e-05,1120000.0,1495600,Ejected
5e-05,3810000.0,1829772,Ejected
5e-05,3200000.0,1829761,Ejected
5e-05,4194000.0,337112,Ejected
5e-05,937000.0,3939463,Ejected
5e-05,4650000.0,2497340,Ejected
5e-05,753000.0,3127646,Captured
5e-05,4718000.0,1829753,Ejected
5e-05,4228000.0,2962624,Ejected
5e-05,3281000.0,2962569,Ejected
5e-05,4077000.0,2962602,Ejected
5e-05,4665000.0,2012541,Ejected
5e-05,4634000.0,1829748,Ejected
5e-05,3277000.0,3127668,Ejected
5e-05,4757000.0,2962582,Ejected
5e-05,4064000.0,3127674,Ejected
5e-05,1199000.0,2012546,Ejected
5e-05,2560000.0,2623289,Ejected
5e-05,2830000.0,1829719,Ejected
5e-05,4414000.0,2962595,Ejected
5e-05,4538000.0,2962610,Ejected
5e-05,3899000.0,1829727,Ejected
5e-05,1454000.0,1495591,Captured
5e-05,4444000.0,2962581,Ejected
5e-05,4931000.0,3939507,Ejected
5e-05,1703000.0,1240664,Captured
5e-05,4111000.0,3127665,Ejected
5e-05,1570000.0,2012531,Ejected
5e-05,3790000.0,2012542,Ejected
5e-05,1719000.0,2497372,Ejected
5e-05,1809000.0,3939462,Ejected
5e-05,4781000.0,4001649,Ejected
5e-05,1805000.0,2497352,Ejected
5e-05,1505000.0,1495589,Ejected
5e-05,4314000.0,3594668,Ejected
5e-05,3685000.0,1240672,Ejected
5e-05,2172000.0,4001666,Ejected
5e-05,3913000.0,3939489,Ejected
5e-05,4228000.0,1829738,Ejected
5e-05,2421000.0,2497332,Captured
5e-05,2370000.0,1240665,Ejected
5e-05,1722000.0,2497370,Ejected
5e-05,2327000.0,1495596,Ejected
5e-05,2249000.0,4001638,Ejected
5e-05,2757000.0,1240643,Ejected
5e-05,4833000.0,1829725,Ejected
5e-05,3691000.0,1240653,Ejected
5e-05,3040000.0,1495602,Captured
5e-05,2249000.0,3127656,Captured
5e-05,3619000.0,1495621,Ejected
5e-05,3970000.0,2012547,Ejected
5e-05,3593000.0,3127659,Ejected
5e-05,4837000.0,3127673,Ejected
5e-05,3419000.0,1829716,Ejected
5e-05,3578000.0,1495619,Ejected
5e-05,4559000.0,1240685,Ejected
0.0001,426000.0,2497005,Ejected
0.0001,1516000.0,1503320,Ejected
0.0001,58000.0,1503324,Captured
0.0001,82000.0,3374708,Ejected
0.0001,213000.0,3513550,Ejected
0.0001,1490000.0,3678688,Ejected
0.0001,748000.0,1503329,Ejected
0.0001,1088000.0,2496988,Ejected
0.0001,1034000.0,3637514,Ejected
0.0001,991000.0,445737,Ejected
0.0001,503000.0,3953045,Ejected
0.0001,815000.0,951036,Ejected
0.0001,1627000.0,1035578,Ejected
0.0001,74000.0,3374691,Ejected
0.0001,1092000.0,1398625,Ejected
0.0001,645000.0,1293260,Ejected
0.0001,1549000.0,126462,Ejected
0.0001,1126000.0,1498979,Ejected
0.0001,1719000.0,3637516,Ejected
0.0001,1305000.0,1503344,Ejected
0.0001,777000.0,951034,Ejected
0.0001,1129000.0,2913337,Ejected
0.0001,1113000.0,2496999,Ejected
0.0001,1151000.0,1503337,Ejected
0.0001,1016000.0,1293267,Ejected
0.0001,694000.0,1503345,Ejected
0.0001,750000.0,126455,Ejected
0.0001,2502000.0,1398616,Ejected
0.0001,988000.0,2913339,Ejected
0.0001,1744000.0,1035585,Ejected
0.0001,1388000.0,3953056,Ejected
0.0001,2973000.0,1498962,Ejected
0.0001,1943000.0,126431,Ejected
0.0001,1380000.0,445710,Ejected
0.0001,1351000.0,1116622,Ejected
0.0001,317000.0,3637508,Ejected
0.0001,1784000.0,126429,Ejected
0.0001,1083000.0,1498961,Ejected
0.0001,1477000.0,2496985,Ejected
0.0001,1542000.0,1116620,Ejected
0.0001,1833000.0,2497027,Ejected
0.0001,1853000.0,3678713,Ejected
0.0001,1171000.0,1498972,Ejected
0.0001,2892000.0,315912,Ejected
0.0001,1714000.0,2497006,Ejected
0.0001,999000.0,1398623,Ejected
0.0001,2144000.0,3513548,Ejected
0.0001,1099000.0,1667076,Ejected
0.0001,1503000.0,445735,Ejected
0.0001,582000.0,2497042,Ejected
0.0001,2074000.0,3513564,Ejected
0.0001,2738000.0,1667070,Ejected
0.0001,2224000.0,2497010,Ejected
0.0001,1859000.0,1503336,Ejected
0.0001,2456000.0,3513557,Ejected
0.0001,1237000.0,1116617,Ejected
0.0001,441000.0,3374688,Ejected
0.0001,1295000.0,126439,Ejected
0.0001,3116000.0,3678716,Ejected
0.0001,1014000.0,315914,Ejected
0.0001,2395000.0,1503343,Ejected
0.0001,1897000.0,3374678,Ejected
0.0001,1652000.0,2497023,Ejected
0.0001,3521000.0,3678708,Ejected
0.0001,1281000.0,3953052,Ejected
0.0001,1065000.0,445733,Ejected
0.0001,1402000.0,126425,Ejected
0.0001,1923000.0,1498966,Ejected
0.0001,3077000.0,3374698,Ejected
0.0001,1695000.0,126448,Ejected
0.0001,1537000.0,3678707,Ejected
0.0001,968000.0,126453,Ejected
0.0001,1534000.0,2913330,Ejected
0.0001,486000.0,3953051,Ejected
0.0001,1425000.0,2913329,Ejected
0.0001,973000.0,2496986,Ejected
0.0001,2124000.0,2913338,Ejected
0.0001,2257000.0,1498960,Ejected
0.0001,1293000.0,1398624,Ejected
0.0001,1523000.0,2913326,Ejected
0.0001,2710000.0,2720479,Ejected
0.0001,2509000.0,1398629,Ejected
0.0001,698000.0,2497040,Ejected
0.0001,1971000.0,1293263,Ejected
0.0001,656000.0,1116629,Ejected
0.0001,2005000.0,445720,Ejected
0.0001,2006000.0,2720468,Ejected
0.0001,2896000.0,3374680,Ejected
0.0001,1540000.0,2913328,Ejected
0.0001,1747000.0,2913334,Ejected
0.0001,2208000.0,2208308,Ejected
0.0001,2263000.0,1498969,Ejected
0.0001,1904000.0,3374679,Ejected
0.0001,1344000.0,445707,Ejected
0.0001,1573000.0,126467,Ejected
0.0001,2689000.0,2913340,Ejected
0.0001,2785000.0,951039,Ejected
0.0001,1783000.0,126468,Ejected
0.0001,1980000.0,315909,Ejected
0.0001,1665000.0,3678691,Ejected
0.0001,3173000.0,126433,Ejected
0.0001,2203000.0,445715,Ejected
0.0001,1986000.0,3678695,Ejected
0.0001,2535000.0,3953044,Ejected
0.0001,1699000.0,3513553,Ejected
0.0001,3499000.0,2720476,Ejected
0.0001,836000.0,1503342,Ejected
0.0001,1421000.0,126463,Ejected
0.0001,1378000.0,3374707,Ejected
0.0001,1507000.0,1498976,Ejected
0.0001,2631000.0,951040,Ejected
0.0001,2172000.0,2497037,Ejected
0.0001,3011000.0,315926,Ejected
0.0001,3126000.0,2497019,Ejected
0.0001,1119000.0,126446,Ejected
0.0001,1735000.0,126445,Ejected
0.0001,1672000.0,445728,Ejected
0.0001,2601000.0,315925,Ejected
0.0001,1231000.0,1503338,Ejected
0.0001,2071000.0,2913333,Ejected
0.0001,2039000.0,445712,Ejected
0.0001,2769000.0,3374703,Ejected
0.0001,3037000.0,445724,Ejected
0.0001,2517000.0,3678702,Ejected
0.0001,2274000.0,3374677,Ejected
0.0001,2646000.0,2496977,Ejected
0.0001,2254000.0,3678700,Ejected
0.0001,2354000.0,1035572,Ejected
0.0001,1387000.0,3637509,Ejected
0.0001,1810000.0,3513551,Ejected
0.0001,3405000.0,1667071,Ejected
0.0001,1452000.0,2720465,Ejected
0.0001,1783000.0,3374695,Ejected
0.0001,1877000.0,1503334,Ejected
0.0001,2429000.0,3637500,Ejected
0.0001,1788000.0,1035582,Ejected
0.0001,3339000.0,126436,Ejected
0.0001,1074000.0,445723,Ejected
0.0001,1351000.0,126460,Ejected
0.0001,1888000.0,2497007,Ejected
0.0001,3725000.0,126441,Ejected
0.0001,3452000.0,1116627,Ejected
0.0001,2108000.0,1035581,Ejected
0.0001,1605000.0,1035576,Ejected
0.0001,3216000.0,1398626,Ejected
0.0001,4380000.0,2497036,Ejected
0.0001,2714000.0,2208311,Ejected
0.0001,3488000.0,3374697,Ejected
0.0001,1246000.0,951032,Ejected
0.0001,3217000.0,2497025,Ejected
0.0001,1694000.0,3513555,Ejected
0.0001,2541000.0,2497016,Ejected
0.0001,3561000.0,2496990,Ejected
0.0001,1891000.0,315927,Ejected
0.0001,2510000.0,1498977,Ejected
0.0001,2178000.0,1667083,Ejected
0.0001,3610000.0,2208312,Ejected
0.0001,1751000.0,3513565,Ejected
0.0001,3255000.0,1116615,Ejected
0.0001,2318000.0,1667080,Ejected
0.0001,4078000.0,3374692,Ejected
0.0001,1110000.0,3678706,Ejected
0.0001,1810000.0,126440,Ejected
0.0001,2646000.0,2497041,Ejected
0.0001,1984000.0,3637505,Ejected
0.0001,3358000.0,2497015,Ejected
0.0001,2451000.0,1035586,Ejected
0.0001,1714000.0,315918,Ejected
0.0001,3977000.0,1498967,Ejected
0.0001,3612000.0,2496987,Ejected
0.0001,2013000.0,1035589,Ejected
0.0001,3688000.0,2720472,Ejected
0.0001,4952000.0,315924,Ejected
0.0001,825000.0,126459,Ejected
0.0001,1991000.0,1293266,Ejected
0.0001,2173000.0,951038,Ejected
0.0001,2538000.0,1035573,Ejected
0.0001,1276000.0,3953046,Ejected
0.0001,2156000.0,2720473,Ejected
0.0001,2571000.0,1667077,Ejected
0.0001,3224000.0,2497011,Ejected
0.0001,1785000.0,1293271,Ejected
0.0001,2459000.0,445736,Ejected
0.0001,3155000.0,3374683,Ejected
0.0001,2647000.0,3678703,Ejected
0.0001,1888000.0,2496991,Ejected
0.0001,3658000.0,3953049,Ejected
0.0001,1840000.0,1503328,Ejected
0.0001,1675000.0,3637519,Ejected
0.0001,3129000.0,3953055,Ejected
0.0001,1510000.0,3513556,Ejected
0.0001,4172000.0,2913327,Ejected
0.0001,913000.0,126434,Ejected
0.0001,2075000.0,126435,Ejected
0.0001,4344000.0,3374702,Ejected
0.0001,1857000.0,126444,Ejected
0.0001,2847000.0,445729,Ejected
0.0001,4161000.0,2496996,Ejected
0.0001,1408000.0,3513558,Ejected
0.0001,3425000.0,1498951,Ejected
0.0001,3500000.0,2913341,Ejected
0.0001,3102000.0,2720475,Ejected
0.0001,2263000.0,3374682,Ejected
0.0001,4065000.0,2496983,Ejected
0.0001,3881000.0,2208318,Ejected
0.0001,3429000.0,3953048,Ejected
0.0001,4399000.0,1498971,Ejected
0.0001,3842000.0,1503318,Ejected
0.0001,3382000.0,2497017,Ejected
0.0001,1464000.0,2496975,Ejected
0.0001,2427000.0,1293265,Ejected
0.0001,3915000.0,1398620,Ejected
0.0001,3269000.0,126454,Ejected
0.0001,3846000.0,315915,Ejected
0.0001,3337000.0,3637518,Ejected
0.0001,2495000.0,1035583,Ejected
0.0001,2333000.0,2496980,Ejected
0.0001,2509000.0,445734,Ejected
0.0001,3080000.0,1498949,Ejected
0.0001,4106000.0,1503317,Ejected
0.0001,1979000.0,1498954,Ejected
0.0001,3254000.0,1398618,Ejected
0.0001,3853000.0,3513577,Ejected
0.0001,2601000.0,1293268,Ejected
0.0001,1285000.0,1498959,Ejected
0.0001,1989000.0,1498947,Ejected
0.0001,4080000.0,1503348,Ejected
0.0001,3820000.0,3513574,Ejected
0.0001,2220000.0,3678687,Ejected
0.0001,2382000.0,1116624,Ejected
0.0001,2678000.0,3513563,Ejected
0.0001,2191000.0,2497003,Ejected
0.0001,2248000.0,315917,Ejected
0.0001,4304000.0,2497033,Ejected
0.0001,3936000.0,3953047,Ejected
0.0001,4747000.0,3513575,Ejected
0.0001,2927000.0,3374694,Ejected
0.0001,4707000.0,315920,Ejected
0.0001,4691000.0,126461,Ejected
0.0001,3654000.0,1667074,Ejected
0.0001,3839000.0,2208305,Ejected
0.0001,4057000.0,1503331,Ejected
0.0001,2192000.0,3637515,Ejected
0.0001,4480000.0,3374685,Ejected
0.0001,3069000.0,2496973,Ejected
0.0001,3795000.0,1398621,Ejected
0.0001,3016000.0,2720477,Ejected
0.0001,2763000.0,2496981,Ejected
0.0001,3369000.0,2497021,Ejected
0.0001,3130000.0,445727,Ejected
0.0001,4339000.0,1503321,Ejected
0.0001,4340000.0,445731,Ejected
0.00030027,91000.0,1167388,Ejected
0.00030027,117000.0,3129487,Ejected
0.00030027,153000.0,3129509,Ejected
0.00030027,109000.0,3129505,Ejected
0.00030027,230000.0,3485381,Ejected
0.00030027,108000.0,3485377,Ejected
0.00030027,141000.0,4002928,Ejected
0.00030027,161000.0,462643,Ejected
0.00030027,229000.0,462675,Ejected
0.00030027,81000.0,2914220,Ejected
0.00030027,120000.0,2463226,Ejected
0.00030027,83000.0,1404635,Ejected
0.00030027,121000.0,1504250,Ejected
0.00030027,78000.0,3485390,Ejected
0.00030027,308000.0,2463214,Ejected
0.00030027,103000.0,134247,Ejected
0.00030027,246000.0,1167352,Ejected
0.00030027,104000.0,134244,Ejected
0.00030027,132000.0,1167402,Ejected
0.00030027,104000.0,1864361,Ejected
0.00030027,129000.0,2914207,Ejected
0.00030027,403000.0,462639,Ejected
0.00030027,181000.0,2914190,Ejected
0.00030027,127000.0,1404637,Ejected
0.00030027,99000.0,1164364,Ejected
0.00030027,105000.0,2914214,Ejected
0.00030027,127000.0,3129492,Ejected
0.00030027,187000.0,2463188,Ejected
0.00030027,134000.0,1167395,Ejected
0.00030027,171000.0,2463209,Ejected
0.00030027,119000.0,1117851,Ejected
0.00030027,220000.0,1167367,Ejected
0.00030027,120000.0,2914212,Ejected
0.00030027,253000.0,3129468,Ejected
0.00030027,254000.0,2569219,Ejected
0.00030027,315000.0,2914200,Ejected
0.00030027,219000.0,2463229,Ejected
0.00030027,124000.0,1504247,Ejected
0.00030027,181000.0,1167349,Ejected
0.00030027,83000.0,2914218,Ejected
0.00030027,151000.0,3485362,Ejected
0.00030027,143000.0,462679,Ejected
0.00030027,211000.0,1167397,Ejected
0.00030027,189000.0,2914204,Ejected
0.00030027,458000.0,2569221,Ejected
0.00030027,133000.0,1167341,Ejected
0.00030027,428000.0,2914223,Ejected
0.00030027,153000.0,462651,Ejected
0.00030027,229000.0,3129490,Ejected
0.00030027,194000.0,2569222,Ejected
0.00030027,287000.0,1167347,Ejected
0.00030027,358000.0,2750123,Ejected
0.00030027,73000.0,2750147,Ejected
0.00030027,165000.0,2463222,Ejected
0.00030027,380000.0,1167365,Ejected
0.00030027,351000.0,3129471,Ejected
0.00030027,145000.0,2569205,Ejected
0.00030027,137000.0,1117857,Ejected
0.00030027,139000.0,1167368,Ejected
0.00030027,156000.0,462637,Ejected
0.00030027,199000.0,2914186,Ejected
0.00030027,413000.0,2463189,Ejected
0.00030027,247000.0,2914188,Ejected
0.00030027,328000.0,316868,Ejected
0.00030027,138000.0,1167338,Ejected
0.00030027,147000.0,1167376,Ejected
0.00030027,146000.0,3485383,Ejected
0.00030027,90000.0,4002925,Ejected
0.00030027,164000.0,2569223,Ejected
0.00030027,148000.0,2914209,Ejected
0.00030027,112000.0,754033,Ejected
0.00030027,223000.0,3940735,Ejected
0.00030027,387000.0,1167356,Ejected
0.00030027,396000.0,462666,Ejected
0.00030027,239000.0,3129463,Ejected
0.00030027,1076000.0,134238,Ejected
0.00030027,215000.0,2569224,Ejected
0.00030027,479000.0,3129475,Ejected
0.00030027,292000.0,2569199,Ejected
0.00030027,160000.0,1167332,Ejected
0.00030027,162000.0,1504251,Ejected
0.00030027,170000.0,3129502,Ejected
0.00030027,392000.0,2569217,Ejected
0.00030027,319000.0,3129506,Ejected
0.00030027,142000.0,1167335,Ejected
0.00030027,321000.0,316867,Ejected
0.00030027,177000.0,1167398,Ejected
0.00030027,247000.0,3485392,Ejected
0.00030027,226000.0,2914211,Ejected
0.00030027,152000.0,134246,Ejected
0.00030027,292000.0,3485365,Ejected
0.00030027,574000.0,2914206,Ejected
0.00030027,244000.0,3129464,Ejected
0.00030027,240000.0,462636,Ejected
0.00030027,164000.0,4002927,Ejected
0.00030027,240000.0,1164355,Ejected
0.00030027,213000.0,134240,Ejected
0.00030027,194000.0,2914199,Ejected
0.00030027,321000.0,1167399,Ejected
0.00030027,105000.0,2750141,Ejected
0.00030027,322000.0,2463204,Ejected
0.00030027,504000.0,462638,Ejected
0.00030027,295000.0,4002930,Ejected
0.00030027,384000.0,3940730,Ejected
0.00030027,393000.0,2463186,Ejected
0.00030027,206000.0,2914224,Ejected
0.00030027,148000.0,2463211,Ejected
0.00030027,365000.0,3485399,Ejected
0.00030027,162000.0,3129469,Ejected
0.00030027,524000.0,2914181,Ejected
0.00030027,299000.0,462653,Ejected
0.00030027,212000.0,3129474,Ejected
0.00030027,160000.0,2569210,Ejected
0.00030027,535000.0,754031,Ejected
0.00030027,203000.0,462640,Ejected
0.00030027,119000.0,3485356,Ejected
0.00030027,518000.0,2750143,Ejected
0.00030027,185000.0,2569212,Ejected
0.00030027,397000.0,3485351,Ejected
0.00030027,498000.0,3485388,Ejected
0.00030027,932000.0,3129494,Ejected
0.00030027,502000.0,3129477,Ejected
0.00030027,210000.0,2914183,Ejected
0.00030027,392000.0,3485398,Ejected
0.00030027,222000.0,3485364,Ejected
0.00030027,275000.0,1164359,Ejected
0.00030027,730000.0,134245,Ejected
0.00030027,576000.0,2569211,Ejected
0.00030027,778000.0,1167373,Ejected
0.00030027,365000.0,462649,Ejected
0.00030027,271000.0,1167401,Ejected
0.00030027,385000.0,2914208,Ejected
0.00030027,239000.0,1864363,Ejected
0.00030027,204000.0,3129504,Ejected
0.00030027,514000.0,2914184,Ejected
0.00030027,1127000.0,1404631,Ejected
0.00030027,416000.0,3485403,Ejected
0.00030027,307000.0,1117862,Ejected
0.00030027,220000.0,4002926,Ejected
0.00030027,396000.0,2914229,Ejected
0.00030027,693000.0,462657,Ejected
0.00030027,359000.0,462641,Ejected
0.00030027,257000.0,1404626,Ejected
0.00030027,273000.0,2914227,Ejected
0.00030027,445000.0,2750133,Ejected
0.00030027,242000.0,1504244,Ejected
0.00030027,205000.0,3129511,Ejected
0.00030027,444000.0,1167343,Ejected
0.00030027,290000.0,462644,Ejected
0.00030027,334000.0,3129495,Ejected
0.00030027,309000.0,1117852,Ejected
0.00030027,212000.0,462659,Ejected
0.00030027,319000.0,1404625,Ejected
0.00030027,442000.0,2914213,Ejected
0.00030027,431000.0,2463206,Ejected
0.00030027,570000.0,134239,Ejected
0.00030027,291000.0,1117854,Ejected
0.00030027,407000.0,1167384,Ejected
0.00030027,168000.0,462658,Ejected
0.00030027,335000.0,3129465,Ejected
0.00030027,650000.0,4002924,Ejected
0.00030027,424000.0,2463213,Ejected
0.00030027,283000.0,1167392,Ejected
0.00030027,787000.0,2750129,Ejected
0.00030027,454000.0,1164349,Ejected
0.00030027,278000.0,4002929,Ejected
0.00030027,287000.0,3485394,Ejected
0.00030027,426000.0,3129476,Ejected
0.00030027,222000.0,462668,Ejected
0.00030027,258000.0,2569213,Ejected
0.00030027,403000.0,3940728,Ejected
0.00030027,91000.0,2750134,Captured
0.00030027,376000.0,3129503,Ejected
0.00030027,791000.0,2914217,Ejected
0.00030027,485000.0,2750145,Ejected
0.00030027,287000.0,3485366,Ejected
0.00030027,517000.0,2914226,Ejected
0.00030027,65000.0,1164353,Captured
0.00030027,675000.0,3485397,Ejected
0.00030027,373000.0,3485347,Ejected
0.00030027,689000.0,3129497,Ejected
0.00030027,206000.0,2463181,Ejected
0.00030027,716000.0,2914187,Ejected
0.00030027,191000.0,3485387,Ejected
0.00030027,738000.0,462635,Ejected
0.00030027,580000.0,2914197,Ejected
0.00030027,204000.0,2750121,Ejected
0.00030027,267000.0,1167342,Ejected
0.00030027,274000.0,2750126,Ejected
0.00030027,440000.0,1167353,Ejected
0.00030027,252000.0,1167378,Ejected
0.00030027,149000.0,134243,Ejected
0.00030027,430000.0,1164354,Ejected
0.00030027,539000.0,3485346,Ejected
0.00030027,617000.0,1167383,Ejected
0.00030027,362000.0,1167351,Ejected
0.00030027,246000.0,3129485,Ejected
0.00030027,527000.0,2914198,Ejected
0.00030027,447000.0,2914185,Ejected
0.00030027,307000.0,3485376,Ejected
0.00030027,462000.0,2463192,Ejected
0.00030027,468000.0,2463195,Ejected
0.00030027,337000.0,2914225,Ejected
0.00030027,187000.0,2569218,Ejected
0.00030027,210000.0,2569202,Ejected
0.00030027,423000.0,1167334,Ejected
0.00030027,588000.0,462665,Ejected
0.00030027,685000.0,1167364,Ejected
0.00030027,611000.0,2914205,Ejected
0.00030027,376000.0,1167360,Ejected
0.00030027,536000.0,462670,Ejected
0.00030027,466000.0,462652,Ejected
0.00030027,433000.0,2569214,Ejected
0.00030027,971000.0,3485371,Ejected
0.00030027,201000.0,3485372,Ejected
0.00030027,423000.0,3485358,Ejected
0.00030027,521000.0,2569207,Ejected
0.00030027,358000.0,1167362,Ejected
0.00030027,818000.0,2569201,Ejected
0.00030027,520000.0,462674,Ejected
0.00030027,428000.0,1167394,Ejected
0.00030027,491000.0,3129488,Ejected
0.00030027,924000.0,1167386,Ejected
0.00030027,532000.0,2463182,Ejected
0.00030027,694000.0,1167374,Ejected
0.00030027,427000.0,2463238,Ejected
0.00030027,443000.0,3485395,Ejected
0.00030027,804000.0,3940732,Ejected
0.00030027,609000.0,462662,Ejected
0.00030027,543000.0,3485396,Ejected
0.00030027,490000.0,2463228,Ejected
0.00030027,371000.0,3129473,Ejected
0.00030027,481000.0,2914228,Ejected
0.00030027,678000.0,2463191,Ejected
0.00030027,465000.0,2463198,Ejected
0.00030027,524000.0,1167385,Ejected
0.00030027,741000.0,462647,Ejected
0.00030027,511000.0,1404636,Ejected
0.00030027,1067000.0,2914221,Ejected
0.00030027,593000.0,3129498,Ejected
0.00030027,262000.0,2463224,Ejected
0.00030027,745000.0,3485349,Ejected
0.00030027,593000.0,462642,Ejected
0.00030027,432000.0,3485375,Ejected
0.00030027,574000.0,3129481,Ejected
0.00030027,597000.0,3129501,Ejected
0.00030027,296000.0,1167375,Ejected
0.00030027,280000.0,1864358,Ejected
0.00030027,443000.0,2463208,Ejected
0.00030027,767000.0,462654,Ejected
0.00030027,880000.0,462660,Ejected
0.00030027,453000.0,2463223,Ejected
0.00030027,791000.0,2750131,Ejected
0.00030027,885000.0,2750136,Ejected
0.00030027,899000.0,1404627,Ejected
0.00030027,926000.0,2750138,Ejected
0.00030027,681000.0,2569197,Ejected
0.00030027,1406000.0,1167370,Ejected
0.00030027,527000.0,1117860,Ejected
0.00030027,678000.0,2914193,Ejected
0.00030027,528000.0,2463190,Ejected
0.00030027,812000.0,1504242,Ejected
0.00030027,1061000.0,2914201,Ejected
0.00030027,584000.0,1404639,Ejected
0.00030027,912000.0,1864362,Ejected
0.00030027,358000.0,2569216,Ejected
0.00030027,436000.0,1167400,Ejected
0.00030027,1232000.0,3485348,Ejected
0.00030027,637000.0,2750142,Ejected
0.00030027,1185000.0,1504246,Ejected
0.00030027,1566000.0,462646,Ejected
0.00030027,1111000.0,3485353,Ejected
0.00030027,1381000.0,2750140,Ejected
0.00030027,767000.0,2463233,Ejected
0.00030027,1144000.0,2463227,Ejected
0.00030027,571000.0,462650,Ejected
0.00030027,337000.0,2463218,Captured
0.00030027,807000.0,1117853,Ejected
0.00030027,1259000.0,462671,Ejected
0.00030027,777000.0,2569203,Ejected
0.00030027,880000.0,2914195,Ejected
0.00030027,1294000.0,1167363,Ejected
0.00030027,1749000.0,134241,Ejected
0.00030027,1229000.0,1117855,Ejected
0.00071206,43000.0,2505527,Ejected
0.00071206,17000.0,2629994,Ejected
0.00071206,15000.0,1247804,Ejected
0.00071206,104000.0,3941302,Ejected
0.00071206,36000.0,3130662,Ejected
0.00071206,54000.0,2505523,Ejected
0.00071206,25000.0,2629989,Ejected
0.00071206,48000.0,1864980,Ejected
0.00071206,105000.0,2505528,Ejected
0.00071206,66000.0,1247785,Ejected
0.00071206,38000.0,2505519,Ejected
0.00071206,34000.0,1247774,Ejected
0.00071206,243000.0,1865008,Ejected
0.00071206,38000.0,4003541,Ejected
0.00071206,20000.0,4003532,Ejected
0.00071206,58000.0,4003552,Ejected
0.00071206,42000.0,2964038,Ejected
0.00071206,44000.0,3130659,Ejected
0.00071206,34000.0,1247770,Ejected
0.00071206,28000.0,2014512,Ejected
0.00071206,27000.0,1247777,Ejected
0.00071206,196000.0,3130646,Ejected
0.00071206,32000.0,2014490,Ejected
0.00071206,44000.0,2014513,Ejected
0.00071206,80000.0,3130642,Ejected
0.00071206,22000.0,4003542,Ejected
0.00071206,80000.0,1247765,Ejected
0.00071206,70000.0,1865029,Ejected
0.00071206,35000.0,2964029,Ejected
0.00071206,28000.0,1504833,Ejected
0.00071206,39000.0,1247781,Ejected
0.00071206,36000.0,1864993,Ejected
0.00071206,110000.0,4003517,Ejected
0.00071206,41000.0,2629991,Ejected
0.00071206,67000.0,2964034,Ejected
0.00071206,35000.0,1865015,Ejected
0.00071206,27000.0,2505551,Ejected
0.00071206,35000.0,2964008,Ejected
0.00071206,28000.0,1504838,Ejected
0.00071206,30000.0,2964035,Ejected
0.00071206,258000.0,2964023,Ejected
0.00071206,36000.0,2629990,Ejected
0.00071206,48000.0,3941328,Ejected
0.00071206,32000.0,2014495,Ejected
0.00071206,39000.0,3941309,Ejected
0.00071206,77000.0,1504839,Ejected
0.00071206,54000.0,1504835,Ejected
0.00071206,121000.0,2629993,Ejected
0.00071206,227000.0,754670,Ejected
0.00071206,69000.0,4003510,Ejected
0.00071206,48000.0,1865020,Ejected
0.00071206,42000.0,1504811,Ejected
0.00071206,32000.0,2964067,Ejected
0.00071206,55000.0,337893,Ejected
0.00071206,164000.0,2964032,Ejected
0.00071206,56000.0,1864973,Ejected
0.00071206,33000.0,4003513,Ejected
0.00071206,81000.0,1865014,Ejected
0.00071206,54000.0,1247775,Ejected
0.00071206,85000.0,2505518,Ejected
0.00071206,132000.0,1504824,Ejected
0.00071206,48000.0,2964016,Ejected
0.00071206,61000.0,2014508,Ejected
0.00071206,7000.0,4003530,Captured
0.00071206,66000.0,1504850,Ejected
0.00071206,31000.0,1864971,Ejected
0.00071206,81000.0,2014501,Ejected
0.00071206,26000.0,3941319,Ejected
0.00071206,45000.0,4003508,Ejected
0.00071206,64000.0,2964041,Ejected
0.00071206,29000.0,3941316,Ejected
0.00071206,129000.0,1865000,Ejected
0.00071206,86000.0,2505537,Ejected
0.00071206,51000.0,337903,Ejected
0.00071206,121000.0,1247779,Ejected
0.00071206,97000.0,1864982,Ejected
0.00071206,84000.0,2964028,Ejected
0.00071206,74000.0,3130650,Ejected
0.00071206,45000.0,2014500,Ejected
0.00071206,90000.0,2505546,Ejected
0.00030027,1657000.0,1404628,Ejected
0.00071206,52000.0,2505555,Ejected
0.00071206,188000.0,3130643,Ejected
0.00071206,169000.0,1247766,Ejected
0.00071206,112000.0,2629982,Ejected
0.00071206,62000.0,3941315,Ejected
0.00071206,248000.0,1247784,Ejected
0.00071206,44000.0,1864983,Ejected
0.00071206,47000.0,2964051,Ejected
0.00071206,55000.0,754667,Ejected
0.00071206,40000.0,1504840,Ejected
0.00071206,36000.0,1247786,Ejected
0.00071206,68000.0,2964012,Ejected
0.00071206,107000.0,3130638,Ejected
0.00071206,65000.0,1504820,Ejected
0.00071206,48000.0,3130652,Ejected
0.00071206,42000.0,337905,Ejected
0.00071206,33000.0,4003533,Ejected
0.00071206,149000.0,1247807,Ejected
0.00071206,41000.0,3941292,Ejected
0.00071206,31000.0,1247808,Ejected
0.00071206,96000.0,2014499,Ejected
0.00071206,101000.0,2505563,Ejected
0.00071206,60000.0,1247762,Ejected
0.00071206,110000.0,1247803,Ejected
0.00071206,105000.0,4003538,Ejected
0.00071206,71000.0,2629992,Ejected
0.00071206,57000.0,1864996,Ejected
0.00071206,90000.0,1504825,Ejected
0.00071206,53000.0,4003518,Ejected
0.00071206,43000.0,2505525,Ejected
0.00071206,142000.0,3941337,Ejected
0.00071206,31000.0,2505557,Ejected
0.00071206,109000.0,2505553,Ejected
0.00071206,41000.0,2964062,Ejected
0.00071206,77000.0,3941298,Ejected
0.00071206,42000.0,2964037,Ejected
0.00071206,82000.0,1865022,Ejected
0.00071206,40000.0,2964036,Ejected
0.00071206,61000.0,4003548,Ejected
0.00071206,101000.0,3941312,Ejected
0.00071206,98000.0,1504823,Ejected
0.00071206,75000.0,1247768,Ejected
0.00071206,80000.0,337892,Ejected
0.00071206,35000.0,3130657,Ejected
0.00071206,68000.0,337904,Ejected
0.00071206,306000.0,2014504,Ejected
0.00071206,82000.0,3130649,Ejected
0.00071206,104000.0,1864995,Ejected
0.00071206,85000.0,337891,Ejected
0.00071206,76000.0,3130624,Ejected
0.00071206,125000.0,1865031,Ejected
0.00071206,57000.0,337888,Ejected
0.00071206,50000.0,2964018,Ejected
0.00071206,96000.0,1247763,Ejected
0.00071206,81000.0,1864985,Ejected
0.00071206,58000.0,754673,Ejected
0.00071206,93000.0,2505554,Ejected
0.00071206,77000.0,2964015,Ejected
0.00071206,60000.0,2964024,Ejected
0.00071206,53000.0,1247799,Ejected
0.00071206,105000.0,3941300,Ejected
0.00071206,53000.0,1504841,Ejected
0.00071206,42000.0,3130644,Ejected
0.00071206,44000.0,337897,Ejected
0.00071206,103000.0,1247802,Ejected
0.00071206,83000.0,3130647,Ejected
0.00071206,168000.0,2629987,Ejected
0.00071206,53000.0,337902,Ejected
0.00071206,127000.0,2629986,Ejected
0.00071206,144000.0,2964048,Ejected
0.00071206,47000.0,1247787,Ejected
0.00071206,153000.0,1504843,Ejected
0.00071206,87000.0,3941320,Ejected
0.00071206,113000.0,2964047,Ejected
0.00071206,77000.0,2014510,Ejected
0.00071206,45000.0,754672,Ejected
0.00071206,75000.0,4003535,Ejected
0.00071206,283000.0,4003528,Ejected
0.00071206,143000.0,3130627,Ejected
0.00071206,66000.0,3941317,Ejected
0.00071206,187000.0,2964066,Ejected
0.00071206,91000.0,2505540,Ejected
0.00071206,127000.0,2964039,Ejected
0.00071206,62000.0,3130632,Ejected
0.00071206,93000.0,1865005,Ejected
0.00071206,64000.0,4003537,Ejected
0.00071206,78000.0,2964055,Ejected
0.00071206,75000.0,1865023,Ejected
0.00071206,163000.0,1865003,Ejected
0.00071206,207000.0,2505550,Ejected
0.00071206,148000.0,3941323,Ejected
0.00071206,83000.0,2964063,Ejected
0.00071206,69000.0,754668,Ejected
0.00071206,58000.0,3941321,Ejected
0.00071206,153000.0,2964065,Ejected
0.00071206,74000.0,3130641,Ejected
0.00071206,117000.0,1504809,Ejected
0.00071206,265000.0,1865025,Ejected
0.00071206,127000.0,1247792,Ejected
0.00071206,69000.0,2505552,Ejected
0.00071206,65000.0,4003519,Ejected
0.00071206,54000.0,1864974,Ejected
0.00071206,83000.0,1247806,Ejected
0.00071206,66000.0,3941329,Ejected
0.00071206,64000.0,4003536,Ejected
0.00071206,146000.0,2014509,Ejected
0.00071206,99000.0,3130653,Ejected
0.00071206,127000.0,1504837,Ejected
0.00071206,115000.0,1865028,Ejected
0.00071206,110000.0,1504827,Ejected
0.00071206,124000.0,3941286,Ejected
0.00071206,68000.0,3130625,Ejected
0.00071206,138000.0,2014489,Ejected
0.00071206,269000.0,4003545,Ejected
0.00071206,99000.0,1504807,Ejected
0.00071206,60000.0,2964058,Ejected
0.00071206,53000.0,1504851,Ejected
0.00071206,60000.0,4003522,Ejected
0.00071206,75000.0,2505559,Ejected
0.00071206,50000.0,2964005,Ejected
0.00071206,143000.0,3941288,Ejected
0.00071206,75000.0,1504806,Ejected
0.00071206,60000.0,2629984,Ejected
0.00071206,49000.0,1247780,Ejected
0.00071206,81000.0,3941295,Ejected
0.00071206,67000.0,1864984,Ejected
0.00071206,99000.0,2505556,Ejected
0.00071206,177000.0,1865006,Ejected
0.00071206,140000.0,2014505,Ejected
0.00071206,83000.0,3130651,Ejected
0.00071206,95000.0,1865018,Ejected
0.00071206,191000.0,3941327,Ejected
0.00071206,125000.0,3130645,Ejected
0.00071206,74000.0,1504847,Ejected
0.00071206,78000.0,1865030,Ejected
0.00071206,99000.0,1247759,Ejected
0.00071206,66000.0,4003507,Ejected
0.00071206,74000.0,1504845,Ejected
0.00071206,54000.0,754675,Ejected
0.00071206,111000.0,1864997,Ejected
0.00071206,115000.0,2964061,Ejected
0.00071206,55000.0,3941303,Ejected
0.00071206,100000.0,2505533,Ejected
0.00071206,213000.0,4003550,Ejected
0.00071206,133000.0,2629981,Ejected
0.00071206,118000.0,4003554,Ejected
0.00071206,63000.0,1865009,Ejected
0.00071206,98000.0,2014494,Ejected
0.00071206,85000.0,2505520,Ejected
0.00071206,160000.0,2505532,Ejected
0.00071206,152000.0,2964059,Ejected
0.00071206,92000.0,4003558,Ejected
0.00071206,62000.0,1247776,Ejected
0.00071206,97000.0,3130661,Ejected
0.00071206,120000.0,2964046,Ejected
0.00071206,93000.0,2505560,Ejected
0.00071206,80000.0,3130636,Ejected
0.00071206,145000.0,3941310,Ejected
0.00071206,148000.0,1504816,Ejected
0.00071206,153000.0,2014498,Ejected
0.00071206,150000.0,2964033,Ejected
0.00071206,224000.0,1247767,Ejected
0.00071206,107000.0,3130628,Ejected
0.00071206,132000.0,3941314,Ejected
0.00071206,350000.0,3130648,Ejected
0.00071206,131000.0,3941306,Ejected
0.00071206,101000.0,1865019,Ejected
0.00071206,119000.0,3130654,Ejected
0.00071206,83000.0,337899,Ejected
0.00071206,102000.0,1247794,Ejected
0.00071206,138000.0,4003547,Ejected
0.00071206,136000.0,3941289,Ejected
0.00071206,251000.0,1247783,Ejected
0.00071206,138000.0,3598952,Ejected
0.00071206,126000.0,1864979,Ejected
0.00071206,186000.0,4003543,Ejected
0.00071206,174000.0,4003540,Ejected
0.00071206,226000.0,1864990,Ejected
0.00071206,164000.0,1864989,Ejected
0.00071206,197000.0,4003521,Ejected
0.00071206,71000.0,1864976,Ejected
0.00071206,186000.0,2505534,Ejected
0.00071206,239000.0,2964027,Ejected
0.00071206,186000.0,4003531,Ejected
0.00071206,213000.0,2505541,Ejected
0.00071206,178000.0,1865027,Ejected
0.00071206,61000.0,2014492,Ejected
0.00071206,153000.0,4003534,Ejected
0.00071206,114000.0,3130631,Ejected
0.00071206,86000.0,2964011,Ejected
0.00071206,181000.0,1247796,Ejected
0.00071206,195000.0,1504813,Ejected
0.00071206,121000.0,3130658,Ejected
0.00071206,262000.0,3941285,Ejected
0.00071206,204000.0,2505531,Ejected
0.00071206,78000.0,2964042,Ejected
0.00071206,239000.0,2964052,Ejected
0.00071206,141000.0,1864998,Ejected
0.00071206,134000.0,4003514,Ejected
0.00071206,189000.0,2505522,Ejected
0.00071206,219000.0,1504842,Ejected
0.00071206,363000.0,337890,Ejected
0.00071206,263000.0,2964057,Ejected
0.00071206,639000.0,2964019,Ejected
0.00168856,29000.0,1505884,Ejected
0.00168856,37000.0,1505883,Ejected
0.00168856,33000.0,1505903,Ejected
0.00168856,34000.0,1505910,Ejected
0.00168856,45000.0,1505900,Ejected
0.00168856,16000.0,1505902,Ejected
0.00168856,16000.0,3651556,Ejected
0.00168856,149000.0,3651561,Ejected
0.00168856,15000.0,1505898,Ejected
0.00168856,12000.0,1505905,Ejected
0.00168856,17000.0,1045785,Ejected
0.00168856,0.0,1807944,Captured
0.00168856,11000.0,2915305,Ejected
0.00168856,24000.0,3651565,Ejected
0.00168856,19000.0,3651552,Ejected
0.00168856,29000.0,3714641,Ejected
0.00168856,10000.0,1807912,Ejected
0.00168856,8000.0,1045810,Ejected
0.00168856,15000.0,1807942,Ejected
0.00168856,22000.0,1505882,Ejected
0.00168856,23000.0,3651548,Ejected
0.00168856,23000.0,3754864,Ejected
0.00168856,9000.0,1807933,Ejected
0.00168856,23000.0,1505901,Ejected
0.00168856,18000.0,3714640,Ejected
0.00168856,99000.0,3515273,Ejected
0.00168856,7000.0,136439,Ejected
0.00168856,23000.0,1505892,Ejected
0.00168856,17000.0,1807934,Ejected
0.00168856,28000.0,3679700,Ejected
0.00168856,49000.0,136440,Ejected
0.00168856,14000.0,3515264,Ejected
0.00168856,15000.0,1807918,Ejected
0.00168856,18000.0,136443,Ejected
0.00168856,9000.0,1807939,Ejected
0.00168856,9000.0,1045800,Ejected
0.00168856,18000.0,3515261,Ejected
0.00168856,12000.0,136476,Ejected
0.00168856,13000.0,3679692,Ejected
0.00168856,13000.0,3651550,Ejected
0.00168856,27000.0,2498528,Ejected
0.00168856,13000.0,3679661,Ejected
0.00168856,13000.0,2498586,Ejected
0.00168856,17000.0,136466,Ejected
0.00168856,58000.0,3714638,Ejected
0.00168856,8000.0,1511910,Ejected
0.00168856,35000.0,3651559,Ejected
0.00168856,20000.0,1511930,Ejected
0.00168856,17000.0,1045794,Ejected
0.00168856,8000.0,1511904,Ejected
0.00168856,20000.0,1511881,Ejected
0.00168856,14000.0,2498577,Ejected
0.00168856,16000.0,2498534,Ejected
0.00168856,14000.0,136467,Ejected
0.00168856,47000.0,2498566,Ejected
0.00168856,55000.0,2466034,Ejected
0.00168856,17000.0,1807926,Ejected
0.00168856,15000.0,2498585,Ejected
0.00168856,14000.0,1505889,Ejected
0.00168856,14000.0,1807919,Ejected
0.00168856,17000.0,2209169,Ejected
0.00168856,19000.0,136451,Ejected
0.00168856,18000.0,2209151,Ejected
0.00168856,51000.0,3515260,Ejected
0.00168856,13000.0,2498572,Ejected
0.00168856,11000.0,136444,Ejected
0.00168856,10000.0,1511921,Ejected
0.00168856,34000.0,2209165,Ejected
0.00168856,12000.0,1511900,Ejected
0.00168856,53000.0,136473,Ejected
0.00168856,15000.0,1511902,Ejected
0.00168856,30000.0,1505881,Ejected
0.00168856,31000.0,2209170,Ejected
0.00168856,14000.0,3515255,Ejected
0.00168856,14000.0,1511878,Ejected
0.00168856,14000.0,3515266,Ejected
0.00168856,26000.0,1807930,Ejected
0.00168856,16000.0,3679684,Ejected
0.00168856,61000.0,1505895,Ejected
0.00168856,18000.0,1511905,Ejected
0.00168856,15000.0,2209158,Ejected
0.00168856,9000.0,1511913,Ejected
0.00168856,25000.0,3651557,Ejected
0.00168856,28000.0,2209177,Ejected
0.00168856,14000.0,1807932,Ejected
0.00168856,31000.0,1807915,Ejected
0.00168856,27000.0,1511874,Ejected
0.00168856,15000.0,1511896,Ejected
0.00168856,32000.0,2498531,Ejected
0.00168856,28000.0,1511872,Ejected
0.00168856,38000.0,3714635,Ejected
0.00168856,72000.0,136453,Ejected
0.00168856,33000.0,136479,Ejected
0.00168856,22000.0,1511883,Ejected
0.00168856,14000.0,2209152,Ejected
0.00168856,69000.0,3679690,Ejected
0.00168856,19000.0,1511868,Ejected
0.00168856,34000.0,3679693,Ejected
0.00168856,64000.0,1505879,Ejected
0.00168856,19000.0,3714642,Ejected
0.00168856,12000.0,2498541,Ejected
0.00168856,16000.0,136454,Ejected
0.00168856,22000.0,1505887,Ejected
0.00168856,22000.0,2498527,Ejected
0.00168856,21000.0,3515265,Ejected
0.00168856,20000.0,2498554,Ejected
0.00168856,25000.0,3679658,Ejected
0.00168856,36000.0,1807945,Ejected
0.00168856,41000.0,1511899,Ejected
0.00168856,85000.0,2498563,Ejected
0.00168856,43000.0,2209166,Ejected
0.00168856,58000.0,3679673,Ejected
0.00168856,16000.0,2498524,Ejected
0.00168856,23000.0,1511870,Ejected
0.00168856,40000.0,1807938,Ejected
0.00168856,77000.0,1045812,Ejected
0.00168856,28000.0,2209150,Ejected
0.00168856,34000.0,2498567,Ejected
0.00168856,24000.0,1511882,Ejected
0.00168856,187000.0,136481,Ejected
0.00168856,23000.0,3714637,Ejected
0.00168856,13000.0,1045803,Ejected
0.00168856,12000.0,2498581,Ejected
0.00168856,26000.0,1505886,Ejected
0.00168856,35000.0,2209167,Ejected
0.00168856,11000.0,2498564,Ejected
0.00168856,16000.0,2498590,Ejected
0.00168856,44000.0,3515257,Ejected
0.00168856,11000.0,1045813,Ejected
0.00168856,25000.0,3679672,Ejected
0.00168856,22000.0,136458,Ejected
0.00168856,15000.0,1045804,Ejected
0.00168856,41000.0,2498553,Ejected
0.00168856,22000.0,2498547,Ejected
0.00168856,42000.0,2498584,Ejected
0.00168856,59000.0,1045811,Ejected
0.00168856,75000.0,1511925,Ejected
0.00168856,16000.0,3679679,Ejected
0.00168856,36000.0,2498533,Ejected
0.00168856,91000.0,1511885,Ejected
0.00168856,11000.0,2209162,Ejected
0.00168856,35000.0,1045782,Ejected
0.00168856,16000.0,3679662,Ejected
0.00168856,79000.0,2498562,Ejected
0.00168856,11000.0,3679666,Ejected
0.00168856,22000.0,3679655,Ejected
0.00168856,16000.0,2209144,Ejected
0.00168856,14000.0,136460,Ejected
0.00168856,52000.0,136449,Ejected
0.00168856,45000.0,2498523,Ejected
0.00168856,13000.0,1807929,Ejected
0.00168856,80000.0,3679683,Ejected
0.00168856,13000.0,1045798,Ejected
0.00168856,19000.0,2498538,Ejected
0.00168856,16000.0,2498537,Ejected
0.00168856,44000.0,3651547,Ejected
0.00168856,29000.0,1807913,Ejected
0.00168856,18000.0,3515276,Ejected
0.00168856,24000.0,2209143,Ejected
0.00168856,14000.0,1511928,Ejected
0.00168856,60000.0,3515275,Ejected
0.00168856,62000.0,1807924,Ejected
0.00168856,12000.0,2498526,Ejected
0.00168856,14000.0,3651564,Ejected
0.00168856,27000.0,3679695,Ejected
0.00168856,24000.0,1807935,Ejected
0.00168856,40000.0,1807922,Ejected
0.00168856,28000.0,3679669,Ejected
0.00168856,19000.0,1045790,Ejected
0.00168856,62000.0,2209168,Ejected
0.00168856,25000.0,3651546,Ejected
0.00168856,55000.0,3515274,Ejected
0.00168856,16000.0,1511903,Ejected
0.00168856,30000.0,1807923,Ejected
0.00168856,20000.0,136457,Ejected
0.00168856,25000.0,3515268,Ejected
0.00168856,32000.0,1505890,Ejected
0.00168856,43000.0,1505888,Ejected
0.00168856,72000.0,2498571,Ejected
0.00168856,21000.0,1511891,Ejected
0.00168856,169000.0,2209145,Ejected
0.00168856,18000.0,2498569,Ejected
0.00168856,26000.0,3679664,Ejected
0.00168856,28000.0,136472,Ejected
0.00168856,21000.0,2498574,Ejected
0.00168856,30000.0,136446,Ejected
0.00168856,31000.0,1045796,Ejected
0.00168856,152000.0,136455,Ejected
0.00168856,21000.0,1511888,Ejected
0.00168856,43000.0,2498561,Ejected
0.00168856,56000.0,1511920,Ejected
0.00168856,24000.0,1511916,Ejected
0.00168856,14000.0,1505896,Ejected
0.00168856,34000.0,1511871,Ejected
0.00168856,47000.0,1045788,Ejected
0.00168856,18000.0,1511879,Ejected
0.00168856,20000.0,1511889,Ejected
0.00168856,17000.0,1511876,Ejected
0.00168856,26000.0,2498535,Ejected
0.00168856,14000.0,1511873,Ejected
0.00168856,18000.0,2498529,Ejected
0.00168856,21000.0,136447,Ejected
0.00168856,16000.0,1511922,Ejected
0.00168856,123000.0,2209155,Ejected
0.00168856,21000.0,2209176,Ejected
0.00168856,36000.0,2498591,Ejected
0.00168856,15000.0,1511897,Ejected
0.00168856,38000.0,1505880,Ejected
0.00168856,52000.0,1511909,Ejected
0.00168856,38000.0,2498548,Ejected
0.00168856,43000.0,2209148,Ejected
0.00168856,21000.0,1511926,Ejected
0.00168856,16000.0,3679678,Ejected
0.00168856,26000.0,3651562,Ejected
0.00168856,62000.0,3679667,Ejected
0.00168856,25000.0,2498522,Ejected
0.00168856,63000.0,3515262,Ejected
0.00168856,28000.0,1045807,Ejected
0.00168856,29000.0,1807925,Ejected
0.00168856,27000.0,1511918,Ejected
0.00168856,25000.0,2498579,Ejected
0.00168856,25000.0,136478,Ejected
0.00168856,28000.0,3679698,Ejected
0.00168856,63000.0,136468,Ejected
0.00168856,24000.0,2498552,Ejected
0.00168856,44000.0,3679697,Ejected
0.00168856,45000.0,2498546,Ejected
0.00168856,19000.0,1045799,Ejected
0.00168856,29000.0,3679668,Ejected
0.00168856,15000.0,2498532,Ejected
0.00168856,22000.0,1511907,Ejected
0.00168856,76000.0,1807937,Ejected
0.00168856,37000.0,3679696,Ejected
0.00168856,44000.0,3679663,Ejected
0.00168856,119000.0,1807943,Ejected
0.00168856,13000.0,2721191,Ejected
0.00168856,53000.0,2209174,Ejected
0.00168856,42000.0,3679674,Ejected
0.00168856,16000.0,2721199,Ejected
0.00168856,10000.0,2721187,Ejected
0.00168856,29000.0,1511880,Ejected
0.00168856,31000.0,2209161,Ejected
0.00168856,28000.0,2721193,Ejected
0.00168856,18000.0,3714639,Ejected
0.00168856,88000.0,2721201,Ejected
0.00168856,50000.0,2498588,Ejected
0.00168856,57000.0,1807921,Ejected
0.00168856,78000.0,1045784,Ejected
0.00168856,25000.0,3376883,Ejected
0.00168856,13000.0,3376873,Ejected
0.00168856,29000.0,2721194,Ejected
0.00168856,13000.0,3376859,Ejected
0.00168856,15000.0,3376884,Ejected
0.00168856,8000.0,3376870,Ejected
0.00168856,21000.0,1045808,Ejected
0.00168856,8000.0,3376862,Ejected
0.00168856,35000.0,3376867,Ejected
0.00168856,91000.0,1045787,Ejected
0.00168856,22000.0,2721202,Ejected
0.00168856,27000.0,3376858,Ejected
0.00168856,73000.0,2721200,Ejected
0.00168856,10000.0,317332,Ejected
0.00168856,19000.0,3376871,Ejected
0.00168856,31000.0,3376861,Ejected
0.00168856,11000.0,3376855,Ejected
0.00168856,27000.0,317330,Ejected
0.00168856,31000.0,317343,Ejected
0.00168856,34000.0,317331,Ejected
0.00168856,34000.0,2721192,Ejected
0.00168856,28000.0,317335,Ejected
0.00168856,29000.0,3376860,Ejected
0.00168856,41000.0,317334,Ejected
0.00168856,59000.0,317337,Ejected
0.00168856,27000.0,3376874,Ejected
0.00168856,49000.0,3376872,Ejected
0.00168856,42000.0,3376856,Ejected
0.00168856,193000.0,317329,Ejected
0.00168856,72000.0,2209164,Ejected
0.00168856,29000.0,2209171,Ejected
0.00168856,18000.0,3376863,Ejected
0.00168856,24000.0,3376876,Ejected
0.00168856,36000.0,3376865,Ejected
0.00168856,20000.0,3376881,Ejected
0.00168856,193000.0,3515256,Ejected
0.00168856,76000.0,3515270,Ejected
0.00168856,60000.0,317327,Ejected
0.00168856,63000.0,2721198,Ejected
0.00168856,42000.0,317339,Ejected
0.00168856,92000.0,3515258,Ejected
0.00168856,37000.0,2721189,Ejected
0.00168856,28000.0,1807931,Ejected
0.00168856,57000.0,3376857,Ejected
0.00168856,47000.0,3679685,Ejected
0.00168856,27000.0,3515263,Ejected
0.00168856,160000.0,3515272,Ejected
0.00168856,43000.0,1045801,Ejected
0.00168856,51000.0,2498578,Ejected
0.00071206,247000.0,337895,Ejected
0.00168856,227000.0,2498583,Ejected
0.00168856,102000.0,136471,Ejected
0.00071206,841000.0,2964064,Ejected
0.00168856,181000.0,3679687,Ejected
0.00168856,189000.0,1511898,Ejected
0.00400422,14000.0,1809114,Ejected
0.00400422,7000.0,2915735,Ejected
0.00400422,0.0,3756039,Captured
0.00400422,11000.0,2915741,Ejected
0.00400422,13000.0,3756024,Ejected
0.00400422,6000.0,3756025,Ejected
0.00400422,4000.0,1809117,Ejected
0.00400422,8000.0,2915745,Ejected
0.00400422,17000.0,3756026,Ejected
0.00400422,8000.0,1809129,Ejected
0.00400422,6000.0,3756027,Ejected
0.00400422,54000.0,3756012,Ejected
0.00400422,8000.0,3715895,Ejected
0.00400422,7000.0,3715892,Ejected
0.00400422,4000.0,3715914,Ejected
0.00400422,5000.0,3715917,Ejected
0.00400422,15000.0,1809126,Ejected
0.00400422,5000.0,3756038,Ejected
0.00400422,5000.0,3715875,Ejected
0.00400422,11000.0,3715873,Ejected
0.00400422,6000.0,3756028,Ejected
0.00400422,9000.0,3756020,Ejected
0.00400422,21000.0,3715887,Ejected
0.00400422,10000.0,3715877,Ejected
0.00400422,115000.0,3715884,Ejected
0.00400422,8000.0,3756035,Ejected
0.00400422,10000.0,1809116,Ejected
0.00400422,16000.0,3756042,Ejected
0.00400422,9000.0,3715888,Ejected
0.00400422,11000.0,2915746,Ejected
0.00400422,15000.0,964659,Ejected
0.00400422,15000.0,1406697,Ejected
0.00400422,6000.0,964669,Ejected
0.00400422,7000.0,1667797,Ejected
0.00400422,8000.0,1809127,Ejected
0.00400422,8000.0,97678,Ejected
0.00400422,11000.0,3756019,Ejected
0.00400422,14000.0,2915736,Ejected
0.00400422,9000.0,3715871,Ejected
0.00400422,31000.0,1406696,Ejected
0.00400422,25000.0,3715925,Ejected
0.00400422,11000.0,1809124,Ejected
0.00400422,9000.0,3715881,Ejected
0.00400422,4000.0,97677,Ejected
0.00400422,8000.0,3715929,Ejected
0.00400422,27000.0,3715903,Ejected
0.00400422,7000.0,3715880,Ejected
0.00400422,6000.0,1667805,Ejected
0.00400422,6000.0,3953904,Ejected
0.00400422,8000.0,97676,Ejected
0.00400422,96000.0,97674,Ejected
0.00400422,18000.0,3715901,Ejected
0.00400422,6000.0,1406703,Ejected
0.00400422,10000.0,3715869,Ejected
0.00400422,13000.0,97667,Ejected
0.00400422,8000.0,3756021,Ejected
0.00400422,9000.0,3953912,Ejected
0.00400422,5000.0,1667790,Ejected
0.00400422,7000.0,3715878,Ejected
0.00400422,15000.0,1406699,Ejected
0.00400422,10000.0,3953903,Ejected
0.00400422,20000.0,2915738,Ejected
0.00400422,6000.0,97669,Ejected
0.00400422,8000.0,964656,Ejected
0.00400422,9000.0,964661,Ejected
0.00400422,30000.0,3715882,Ejected
0.00400422,7000.0,3715926,Ejected
0.00400422,7000.0,1406708,Ejected
0.00400422,6000.0,1406693,Ejected
0.00400422,10000.0,3715898,Ejected
0.00400422,14000.0,3715874,Ejected
0.00400422,7000.0,1667791,Ejected
0.00400422,9000.0,3756015,Ejected
0.00400422,8000.0,3715879,Ejected
0.00400422,10000.0,1406698,Ejected
0.00400422,36000.0,3953916,Ejected
0.00400422,6000.0,2318021,Ejected
0.00400422,4000.0,2317994,Ejected
0.00400422,5000.0,97666,Ejected
0.00400422,6000.0,2318009,Ejected
0.00400422,13000.0,964668,Ejected
0.00400422,7000.0,3715876,Ejected
0.00400422,10000.0,2318001,Ejected
0.00400422,5000.0,2318005,Ejected
0.00400422,38000.0,2318000,Ejected
0.00400422,8000.0,2318012,Ejected
0.00400422,11000.0,3715923,Ejected
0.00400422,4000.0,510225,Ejected
0.00400422,5000.0,510229,Ejected
0.00400422,7000.0,510226,Ejected
0.00400422,14000.0,3953905,Ejected
0.00400422,20000.0,3715930,Ejected
0.00400422,5000.0,510231,Ejected
0.00400422,5000.0,2318033,Ejected
0.00400422,38000.0,2318026,Ejected
0.00400422,38000.0,1667792,Ejected
0.00400422,20000.0,1667798,Ejected
0.00400422,10000.0,3756031,Ejected
0.00400422,33000.0,510236,Ejected
0.00400422,8000.0,2317990,Ejected
0.00400422,7000.0,510244,Ejected
0.00400422,9000.0,2318010,Ejected
0.00400422,7000.0,2318029,Ejected
0.00400422,5000.0,510238,Ejected
0.00400422,17000.0,510221,Ejected
0.00400422,16000.0,3715897,Ejected
0.00400422,14000.0,2318002,Ejected
0.00400422,22000.0,3715906,Ejected
0.00400422,10000.0,1644414,Ejected
0.00400422,7000.0,1644391,Ejected
0.00400422,8000.0,510240,Ejected
0.00400422,4000.0,1644371,Ejected
0.00400422,31000.0,3715915,Ejected
0.00400422,8000.0,1644360,Ejected
0.00400422,6000.0,1644376,Ejected
0.00400422,7000.0,1644373,Ejected
0.00400422,16000.0,1644423,Ejected
0.00400422,9000.0,1644417,Ejected
0.00400422,7000.0,1644418,Ejected
0.00400422,6000.0,510243,Ejected
0.00400422,13000.0,1406705,Ejected
0.00400422,9000.0,2318006,Ejected
0.00400422,11000.0,964654,Ejected
0.00400422,5000.0,1644350,Ejected
0.00400422,7000.0,1644420,Ejected
0.00400422,6000.0,1644413,Ejected
0.00400422,4000.0,1644358,Ejected
0.00400422,8000.0,510223,Ejected
0.00400422,28000.0,1644367,Ejected
0.00400422,13000.0,1644374,Ejected
0.00400422,10000.0,1644409,Ejected
0.00400422,11000.0,1644419,Ejected
0.00400422,10000.0,1644396,Ejected
0.00400422,24000.0,1644352,Ejected
0.00400422,18000.0,2318019,Ejected
0.00400422,15000.0,97668,Ejected
0.00400422,7000.0,1644401,Ejected
0.00400422,12000.0,1644388,Ejected
0.00400422,29000.0,3715909,Ejected
0.00400422,21000.0,964660,Ejected
0.00400422,8000.0,1644406,Ejected
0.00400422,22000.0,2915747,Ejected
0.00400422,17000.0,2317989,Ejected
0.00400422,16000.0,3715885,Ejected
0.00400422,20000.0,97681,Ejected
0.00400422,14000.0,1644395,Ejected
0.00400422,8000.0,1667801,Ejected
0.00400422,20000.0,3715912,Ejected
0.00400422,23000.0,97675,Ejected
0.00400422,37000.0,2318025,Ejected
0.00400422,5000.0,1644349,Ejected
0.00400422,10000.0,1644407,Ejected
0.00400422,5000.0,2318032,Ejected
0.00400422,13000.0,3715928,Ejected
0.00400422,29000.0,1644382,Ejected
0.00400422,14000.0,1644378,Ejected
0.00400422,5000.0,1644354,Ejected
0.00400422,7000.0,2318020,Ejected
0.00400422,10000.0,2318013,Ejected
0.00400422,18000.0,1644361,Ejected
0.00400422,9000.0,1644356,Ejected
0.00400422,7000.0,1667794,Ejected
0.00400422,8000.0,1644370,Ejected
0.00400422,30000.0,97673,Ejected
0.00400422,15000.0,1644427,Ejected
0.00400422,40000.0,1644355,Ejected
0.00400422,10000.0,2318030,Ejected
0.00400422,8000.0,3756018,Ejected
0.00400422,52000.0,510233,Ejected
0.00400422,9000.0,1644425,Ejected
0.00400422,9000.0,1644393,Ejected
0.00400422,17000.0,2318017,Ejected
0.00400422,18000.0,1644380,Ejected
0.00400422,5000.0,2572841,Ejected
0.00400422,6000.0,2572831,Ejected
0.00400422,13000.0,1644347,Ejected
0.00400422,8000.0,2572849,Ejected
0.00400422,5000.0,1644402,Ejected
0.00400422,15000.0,510224,Ejected
0.00400422,42000.0,3715904,Ejected
0.00400422,10000.0,2572851,Ejected
0.00400422,57000.0,2572840,Ejected
0.00400422,9000.0,2915744,Ejected
0.00400422,15000.0,97672,Ejected
0.00400422,10000.0,510232,Ejected
0.00400422,6000.0,2572827,Ejected
0.00400422,34000.0,2317993,Ejected
0.00400422,13000.0,2572834,Ejected
0.00400422,26000.0,2572850,Ejected
0.00400422,7000.0,510241,Ejected
0.00400422,8000.0,2572845,Ejected
0.00400422,6000.0,3369219,Ejected
0.00400422,8000.0,2572836,Ejected
0.00400422,7000.0,2572838,Ejected
0.00400422,12000.0,2572844,Ejected
0.00400422,15000.0,2318008,Ejected
0.00400422,10000.0,1644398,Ejected
0.00400422,11000.0,1644411,Ejected
0.00400422,18000.0,2572847,Ejected
0.00400422,11000.0,1644428,Ejected
0.00400422,9000.0,2572832,Ejected
0.00400422,5000.0,3020078,Ejected
0.00400422,15000.0,2572839,Ejected
0.00400422,24000.0,2572842,Ejected
0.00400422,23000.0,3715908,Ejected
0.00400422,13000.0,1644353,Ejected
0.00400422,15000.0,2317988,Ejected
0.00400422,7000.0,3020079,Ejected
0.00400422,15000.0,3953911,Ejected
0.00400422,12000.0,3756040,Ejected
0.00400422,10000.0,1297309,Ejected
0.00400422,6000.0,1297312,Ejected
0.00400422,23000.0,2915742,Ejected
0.00400422,30000.0,1297314,Ejected
0.00400422,8000.0,2292379,Ejected
0.00400422,12000.0,2292376,Ejected
0.00400422,5000.0,2292387,Ejected
0.00400422,6000.0,2292383,Ejected
0.00400422,3000.0,2292374,Ejected
0.00400422,8000.0,2292373,Ejected
0.00400422,5000.0,2292386,Ejected
0.00400422,40000.0,1297319,Ejected
0.00400422,18000.0,2292378,Ejected
0.00400422,26000.0,1297320,Ejected
0.00400422,7000.0,1297315,Ejected
0.00400422,16000.0,2292371,Ejected
0.00400422,7000.0,2292381,Ejected
0.00400422,86000.0,2292369,Ejected
0.00400422,10000.0,1297316,Ejected
0.00400422,19000.0,2292380,Ejected
0.00400422,13000.0,3756017,Ejected
0.00400422,25000.0,1118682,Ejected
0.00400422,20000.0,1644387,Ejected
0.00400422,16000.0,1118691,Ejected
0.00400422,96000.0,1118686,Ejected
0.00400422,24000.0,1118694,Ejected
0.00400422,14000.0,1118695,Ejected
0.00400422,15000.0,1118684,Ejected
0.00400422,8000.0,1118689,Ejected
0.00400422,8000.0,1118687,Ejected
0.00400422,14000.0,1118685,Ejected
0.00400422,48000.0,2572843,Ejected
0.00400422,8000.0,3971401,Ejected
0.00400422,6000.0,3971403,Ejected
0.00400422,6000.0,3971394,Ejected
0.00400422,10000.0,3971393,Ejected
0.00400422,12000.0,3971399,Ejected
0.00400422,7000.0,3971404,Ejected
0.00400422,86000.0,3971414,Ejected
0.00400422,9000.0,3971407,Ejected
0.00400422,7000.0,3971400,Ejected
0.00400422,66000.0,3971410,Ejected
0.00400422,13000.0,3971392,Ejected
0.00400422,87000.0,3971402,Ejected
0.00400422,28000.0,3971396,Ejected
0.00400422,8000.0,3971417,Ejected
0.00400422,16000.0,3971412,Ejected
0.00400422,9000.0,3971398,Ejected
0.00400422,12000.0,3971389,Ejected
0.00400422,12000.0,3971391,Ejected
0.00400422,97000.0,3971387,Ejected
0.00400422,30000.0,2292382,Ejected
0.00400422,19000.0,1667804,Ejected
0.00400422,20000.0,3971406,Ejected
0.00400422,27000.0,1297311,Ejected
0.00400422,34000.0,1644389,Ejected
0.00400422,10000.0,447077,Ejected
0.00400422,10000.0,447052,Ejected
0.00400422,10000.0,447073,Ejected
0.00400422,24000.0,3971409,Ejected
0.00400422,18000.0,447066,Ejected
0.00400422,8000.0,447072,Ejected
0.00400422,10000.0,447083,Ejected
0.00400422,7000.0,447071,Ejected
0.00400422,32000.0,447054,Ejected
0.00400422,10000.0,447070,Ejected
0.00400422,15000.0,447078,Ejected
0.00400422,23000.0,447067,Ejected
0.00400422,7000.0,447081,Ejected
0.00400422,19000.0,447082,Ejected
0.00400422,8000.0,447061,Ejected
0.00400422,18000.0,447064,Ejected
0.00400422,10000.0,447080,Ejected
0.00400422,8000.0,447075,Ejected
0.00400422,21000.0,447058,Ejected
0.00400422,9000.0,1644365,Captured
0.00400422,13000.0,447065,Ejected
0.00400422,17000.0,447056,Ejected
0.00400422,83000.0,447060,Ejected
0.00168856,206000.0,1505893,Ejected
0.00400422,178000.0,1118680,Ejected
0.00400422,44000.0,1644381,Captured
0.00400422,56000.0,2572835,Captured
0.00030027,1298000.0,3485373,Captured
0.00400422,68000.0,1644392,Ejected
0.00400422,153000.0,3953909,Captured
0.0094955,4000.0,3717246,Ejected
0.0094955,3000.0,3757559,Ejected
0.0094955,5000.0,3757556,Ejected
0.0094955,5000.0,3757558,Ejected
0.0094955,3000.0,3717247,Ejected
0.0094955,11000.0,1810540,Ejected
0.0094955,5000.0,1810552,Ejected
0.0094955,3000.0,1810564,Ejected
0.0094955,2000.0,2466676,Ejected
0.0094955,5000.0,1810546,Ejected
0.0094955,14000.0,1810551,Ejected
0.0094955,4000.0,1810535,Ejected
0.0094955,9000.0,1810566,Ejected
0.0094955,4000.0,1810559,Ejected
0.0094955,4000.0,1810565,Ejected
0.0094955,6000.0,3757557,Ejected
0.0094955,4000.0,1810543,Ejected
0.0094955,24000.0,1810536,Ejected
0.0094955,5000.0,1810538,Ejected
0.0094955,6000.0,1810547,Ejected
0.0094955,10000.0,1810557,Ejected
0.0094955,3000.0,1810549,Ejected
0.0094955,5000.0,2916379,Ejected
0.0094955,6000.0,1810548,Ejected
0.0094955,0.0,3652257,Captured
0.0094955,3000.0,3652267,Ejected
0.0094955,12000.0,3652265,Ejected
0.0094955,4000.0,3652266,Ejected
0.0094955,22000.0,1810534,Ejected
0.0094955,6000.0,3652262,Ejected
0.0094955,8000.0,3652252,Ejected
0.0094955,4000.0,1506758,Ejected
0.0094955,29000.0,1506778,Ejected
0.0094955,0.0,1506766,Captured
0.0094955,6000.0,1047080,Ejected
0.0094955,21000.0,1047089,Ejected
0.0094955,3000.0,1047086,Ejected
0.0094955,5000.0,3652261,Ejected
0.0094955,4000.0,1047088,Ejected
0.0094955,6000.0,1506775,Ejected
0.0094955,9000.0,3652251,Ejected
0.0094955,9000.0,1047094,Ejected
0.0094955,9000.0,3652260,Ejected
0.0094955,3000.0,3652263,Ejected
0.0094955,7000.0,3652254,Ejected
0.0094955,3000.0,3652253,Ejected
0.0094955,18000.0,1506760,Ejected
0.0094955,7000.0,3652268,Ejected
0.0094955,5000.0,3652269,Ejected
0.0094955,4000.0,1047068,Ejected
0.0094955,86000.0,1506761,Ejected
0.0094955,4000.0,1047082,Ejected
0.0094955,11000.0,1810556,Ejected
0.0094955,8000.0,1506777,Ejected
0.0094955,5000.0,3652250,Ejected
0.0094955,5000.0,1047095,Ejected
0.0094955,4000.0,1506751,Ejected
0.0094955,3000.0,1047096,Ejected
0.0094955,4000.0,1506768,Ejected
0.0094955,6000.0,1047069,Ejected
0.0094955,25000.0,1506780,Ejected
0.0094955,3000.0,1047066,Ejected
0.0094955,4000.0,1506759,Ejected
0.0094955,12000.0,3652255,Ejected
0.0094955,5000.0,1047064,Ejected
0.0094955,9000.0,2210080,Ejected
0.0094955,4000.0,2210104,Ejected
0.0094955,3000.0,2210079,Ejected
0.0094955,9000.0,2210102,Ejected
0.0094955,6000.0,2210071,Ejected
0.0094955,3000.0,2210083,Ejected
0.0094955,3000.0,2210077,Ejected
0.0094955,3000.0,2210097,Ejected
0.0094955,3000.0,2210087,Ejected
0.0094955,3000.0,2210093,Ejected
0.0094955,5000.0,1047067,Ejected
0.0094955,8000.0,1047074,Ejected
0.0094955,4000.0,3652258,Ejected
0.0094955,9000.0,1047084,Ejected
0.0094955,9000.0,2210095,Ejected
0.0094955,4000.0,2210089,Ejected
0.0094955,14000.0,2210091,Ejected
0.0094955,5000.0,1506753,Ejected
0.0094955,11000.0,1506756,Ejected
0.0094955,4000.0,2210099,Ejected
0.0094955,5000.0,1047078,Ejected
0.0094955,3000.0,138166,Ejected
0.0094955,4000.0,2210082,Ejected
0.0094955,7000.0,1810537,Ejected
0.0094955,4000.0,2210100,Ejected
0.0094955,3000.0,138179,Ejected
0.0094955,4000.0,2210098,Ejected
0.0094955,3000.0,2210105,Ejected
0.0094955,11000.0,1047071,Ejected
0.0094955,4000.0,1047085,Ejected
0.0094955,4000.0,138186,Ejected
0.0094955,4000.0,138150,Ejected
0.0094955,3000.0,138164,Ejected
0.0094955,17000.0,1047065,Ejected
0.0094955,4000.0,2210090,Ejected
0.0094955,11000.0,2210076,Ejected
0.0094955,0.0,3680775,Captured
0.0094955,4000.0,138184,Ejected
0.0094955,3000.0,2210103,Ejected
0.0094955,3000.0,3680769,Ejected
0.0094955,5000.0,1506776,Ejected
0.0094955,4000.0,3680798,Ejected
0.0094955,10000.0,138190,Ejected
0.0094955,3000.0,3680793,Ejected
0.0094955,19000.0,3680791,Ejected
0.0094955,3000.0,138182,Ejected
0.0094955,7000.0,3680760,Ejected
0.0094955,4000.0,3680758,Ejected
0.0094955,9000.0,1506771,Ejected
0.0094955,10000.0,3680792,Ejected
0.0094955,5000.0,138151,Ejected
0.0094955,10000.0,138188,Ejected
0.0094955,10000.0,138163,Ejected
0.0094955,5000.0,138147,Ejected
0.0094955,3000.0,138148,Ejected
0.0094955,7000.0,3680766,Ejected
0.0094955,53000.0,2499977,Ejected
0.0094955,5000.0,3680767,Ejected
0.0094955,4000.0,2499979,Ejected
0.0094955,2000.0,2499969,Ejected
0.0094955,29000.0,3680751,Ejected
0.0094955,6000.0,3680785,Ejected
0.0094955,3000.0,2499952,Ejected
0.0094955,4000.0,2499966,Ejected
0.0094955,2000.0,2499971,Ejected
0.0094955,3000.0,2500004,Ejected
0.0094955,7000.0,3680784,Ejected
0.0094955,4000.0,138165,Ejected
0.0094955,72000.0,3680796,Ejected
0.0094955,4000.0,2499944,Ejected
0.0094955,5000.0,138181,Ejected
0.0094955,6000.0,3680776,Ejected
0.0094955,3000.0,2499983,Ejected
0.0094955,4000.0,3680770,Ejected
0.0094955,5000.0,2500003,Ejected
0.0094955,4000.0,1047073,Ejected
0.0094955,4000.0,2499986,Ejected
0.0094955,10000.0,138159,Ejected
0.0094955,5000.0,2500008,Ejected
0.0094955,12000.0,2499962,Ejected
0.0094955,3000.0,2499990,Ejected
0.0094955,3000.0,2499984,Ejected
0.0094955,6000.0,2499991,Ejected
0.0094955,4000.0,2499946,Ejected
0.0094955,11000.0,2499976,Ejected
0.0094955,6000.0,2500012,Ejected
0.0094955,7000.0,1047093,Ejected
0.0094955,5000.0,138162,Ejected
0.0094955,11000.0,3680761,Ejected
0.0094955,4000.0,138185,Ejected
0.0094955,6000.0,2499943,Ejected
0.0094955,20000.0,2499955,Ejected
0.0094955,7000.0,2499961,Ejected
0.0094955,5000.0,3680771,Ejected
0.0094955,3000.0,3516214,Ejected
0.0094955,13000.0,3516228,Ejected
0.0094955,6000.0,3516213,Ejected
0.0094955,6000.0,138168,Ejected
0.0094955,12000.0,3516212,Ejected
0.0094955,6000.0,2499948,Ejected
0.0094955,4000.0,2500007,Ejected
0.0094955,10000.0,3680773,Ejected
0.0094955,6000.0,2499974,Ejected
0.0094955,5000.0,3516222,Ejected
0.0094955,4000.0,3516240,Ejected
0.0094955,4000.0,2500000,Ejected
0.0094955,4000.0,3516239,Ejected
0.0094955,6000.0,2499998,Ejected
0.0094955,4000.0,3680795,Ejected
0.0094955,4000.0,3680756,Ejected
0.0094955,4000.0,3516236,Ejected
0.0094955,8000.0,3680752,Ejected
0.0094955,5000.0,138152,Ejected
0.0094955,52000.0,2499997,Ejected
0.0094955,8000.0,3516220,Ejected
0.0094955,16000.0,3516238,Ejected
0.0094955,30000.0,2499994,Ejected
0.0094955,5000.0,3680764,Ejected
0.0094955,6000.0,138156,Ejected
0.0094955,27000.0,3680781,Ejected
0.0094955,5000.0,2210073,Ejected
0.0094955,4000.0,3680790,Ejected
0.0094955,6000.0,138154,Ejected
0.0094955,4000.0,2500006,Ejected
0.0094955,3000.0,3516219,Ejected
0.0094955,4000.0,138157,Ejected
0.0094955,5000.0,1513273,Ejected
0.0094955,3000.0,1513260,Ejected
0.0094955,4000.0,3680787,Ejected
0.0094955,6000.0,3516221,Ejected
0.0094955,4000.0,1513233,Ejected
0.0094955,21000.0,1513234,Ejected
0.0094955,5000.0,2499965,Ejected
0.0094955,7000.0,2499968,Ejected
0.0094955,9000.0,2499959,Ejected
0.0094955,6000.0,1513236,Ejected
0.0094955,6000.0,1513246,Ejected
0.0094955,19000.0,3516215,Ejected
0.0094955,4000.0,2210072,Ejected
0.0094955,13000.0,1513278,Ejected
0.0094955,5000.0,1513237,Ejected
0.0094955,25000.0,3516234,Ejected
0.0094955,4000.0,1513227,Ejected
0.0094955,9000.0,1513222,Ejected
0.0094955,4000.0,1513245,Ejected
0.0094955,6000.0,1513262,Ejected
0.0094955,4000.0,2499951,Ejected
0.0094955,3000.0,1513256,Ejected
0.0094955,3000.0,1513215,Ejected
0.0094955,4000.0,1513223,Ejected
0.0094955,22000.0,2499999,Ejected
0.0094955,4000.0,1513221,Ejected
0.0094955,6000.0,1513258,Ejected
0.0094955,5000.0,138158,Ejected
0.0094955,3000.0,3516226,Ejected
0.0094955,5000.0,1513226,Ejected
0.0094955,7000.0,2499954,Ejected
0.0094955,7000.0,3680794,Ejected
0.0094955,4000.0,2499949,Ejected
0.0094955,6000.0,1506754,Ejected
0.0094955,5000.0,3516230,Ejected
0.0094955,7000.0,1513239,Ejected
0.0094955,17000.0,2210094,Ejected
0.0094955,4000.0,1513263,Ejected
0.0094955,36000.0,3680772,Ejected
0.0094955,4000.0,1513266,Ejected
0.0094955,15000.0,1513268,Ejected
0.0094955,4000.0,1513250,Ejected
0.0094955,5000.0,3680788,Ejected
0.0094955,4000.0,3680783,Ejected
0.0094955,30000.0,2499982,Ejected
0.0094955,20000.0,1513228,Ejected
0.0094955,3000.0,1513220,Ejected
0.0094955,17000.0,1513276,Ejected
0.0094955,6000.0,1513230,Ejected
0.0094955,4000.0,1513219,Ejected
0.0094955,28000.0,1513272,Ejected
0.0094955,11000.0,1513257,Ejected
0.0094955,9000.0,2499993,Ejected
0.0094955,6000.0,3680779,Ejected
0.0094955,4000.0,1513261,Ejected
0.0094955,5000.0,2499995,Ejected
0.0094955,4000.0,1513253,Ejected
0.0094955,3000.0,1513218,Ejected
0.0094955,12000.0,2210088,Ejected
0.0094955,5000.0,1513232,Ejected
0.0094955,7000.0,1513264,Ejected
0.0094955,5000.0,1513229,Ejected
0.0094955,6000.0,3516237,Ejected
0.0094955,4000.0,1513243,Ejected
0.0094955,5000.0,1513277,Ejected
0.0094955,5000.0,1513270,Ejected
0.0094955,5000.0,3680763,Ejected
0.0094955,8000.0,3680797,Ejected
0.0094955,12000.0,2499947,Ejected
0.0094955,9000.0,1513241,Ejected
0.0094955,18000.0,3680768,Ejected
0.0094955,4000.0,138169,Ejected
0.0094955,29000.0,138180,Ejected
0.0094955,8000.0,138155,Ejected
0.0094955,6000.0,1513249,Ejected
0.0094955,18000.0,1506752,Ejected
0.0094955,23000.0,3516225,Ejected
0.0094955,6000.0,3516218,Ejected
0.0094955,8000.0,2499996,Ejected
0.0094955,6000.0,1513274,Ejected
0.0094955,67000.0,1513217,Ejected
0.0094955,4000.0,1513269,Ejected
0.0094955,6000.0,3516211,Ejected
0.0094955,5000.0,3680789,Ejected
0.0094955,4000.0,3516235,Ejected
0.0094955,30000.0,1810560,Ejected
0.0094955,17000.0,2499945,Ejected
0.0094955,4000.0,2499973,Ejected
0.0094955,9000.0,1810561,Ejected
0.0094955,7000.0,138178,Ejected
0.0094955,74000.0,1513240,Ejected
0.0094955,10000.0,1513275,Ejected
0.0094955,6000.0,2499980,Ejected
0.0094955,3000.0,3378496,Ejected
0.0094955,14000.0,3378475,Ejected
0.0094955,3000.0,3378488,Ejected
0.0094955,7000.0,3378474,Ejected
0.0094955,4000.0,3378472,Ejected
0.0094955,3000.0,3378466,Ejected
0.0094955,61000.0,3378495,Ejected
0.0094955,4000.0,3378483,Ejected
0.0094955,5000.0,3378494,Ejected
0.0094955,14000.0,3378481,Ejected
0.0094955,37000.0,3378482,Ejected
0.0094955,3000.0,3378487,Ejected
0.0094955,39000.0,3378493,Ejected
0.0094955,3000.0,3378492,Ejected
0.0094955,19000.0,3378476,Ejected
0.0094955,10000.0,3378485,Ejected
0.0094955,3000.0,3378470,Ejected
0.0094955,9000.0,3378469,Ejected
0.0094955,3000.0,3378486,Ejected
0.0094955,4000.0,3378490,Ejected
0.0094955,4000.0,2721879,Ejected
0.0094955,4000.0,2721877,Ejected
0.0094955,4000.0,2721878,Ejected
0.0094955,15000.0,2721873,Ejected
0.0094955,5000.0,2721883,Ejected
0.0094955,5000.0,2721884,Ejected
0.0094955,4000.0,2721871,Ejected
0.0094955,6000.0,2721876,Ejected
0.0094955,3000.0,2721881,Ejected
0.0094955,3000.0,2721872,Ejected
0.0094955,18000.0,138175,Ejected
0.0094955,32000.0,2499992,Ejected
0.0094955,27000.0,2499956,Ejected
0.0094955,39000.0,318038,Ejected
0.0094955,3000.0,318030,Ejected
0.0094955,5000.0,318025,Ejected
0.0094955,11000.0,318031,Ejected
0.0094955,15000.0,318041,Ejected
0.0094955,13000.0,318026,Ejected
0.0094955,3000.0,318024,Ejected
0.0094955,6000.0,318040,Ejected
0.0094955,5000.0,318035,Ejected
0.0094955,19000.0,318042,Ejected
0.0094955,6000.0,318032,Ejected
0.0094955,5000.0,318033,Ejected
0.0094955,8000.0,318043,Ejected
0.0094955,36000.0,2499970,Ejected
0.0094955,16000.0,3717243,Ejected
0.0094955,26000.0,1506764,Ejected
0.0094955,48000.0,3680782,Captured
0.030027,2000.0,2916868,Ejected
0.030027,4000.0,1811432,Ejected
0.030027,3000.0,1811430,Ejected
0.030027,5000.0,2916861,Ejected
0.030027,4000.0,2916860,Ejected
0.030027,4000.0,1811440,Ejected
0.030027,2000.0,1811426,Ejected
0.030027,5000.0,2916869,Ejected
0.030027,3000.0,2916858,Ejected
0.030027,3000.0,1811437,Ejected
0.030027,4000.0,1811441,Ejected
0.030027,10000.0,1811431,Ejected
0.030027,11000.0,1811433,Ejected
0.030027,3000.0,3758155,Ejected
0.030027,4000.0,3758134,Ejected
0.030027,5000.0,3758132,Ejected
0.030027,3000.0,3758124,Ejected
0.030027,0.0,3758136,Captured
0.030027,3000.0,3758142,Ejected
0.030027,2000.0,3758128,Ejected
0.030027,3000.0,3758149,Ejected
0.030027,6000.0,3758126,Ejected
0.030027,2000.0,3758154,Ejected
0.030027,2000.0,3758146,Ejected
0.030027,2000.0,3758145,Ejected
0.030027,4000.0,3758130,Ejected
0.030027,3000.0,3758152,Ejected
0.030027,4000.0,3758133,Ejected
0.030027,2000.0,3758127,Ejected
0.030027,2000.0,3758144,Ejected
0.030027,2000.0,3718510,Ejected
0.030027,3000.0,1407548,Ejected
0.030027,0.0,1407553,Captured
0.030027,7000.0,3758141,Ejected
0.030027,3000.0,3758147,Ejected
0.030027,4000.0,3718547,Ejected
0.030027,2000.0,1407547,Ejected
0.030027,2000.0,1407550,Ejected
0.030027,3000.0,1407551,Ejected
0.030027,3000.0,1407545,Ejected
0.030027,3000.0,3718565,Ejected
0.030027,4000.0,3718530,Ejected
0.030027,6000.0,1407556,Ejected
0.030027,3000.0,3718557,Ejected
0.030027,2000.0,1407554,Ejected
0.030027,2000.0,3718558,Ejected
0.030027,3000.0,1407552,Ejected
0.030027,3000.0,3718512,Ejected
0.030027,8000.0,3718554,Ejected
0.030027,2000.0,3718551,Ejected
0.030027,9000.0,3758129,Ejected
0.030027,2000.0,3718514,Ejected
0.030027,2000.0,3718556,Ejected
0.030027,3000.0,3718529,Ejected
0.030027,2000.0,3718561,Ejected
0.030027,8000.0,3718531,Ejected
0.030027,4000.0,3718566,Ejected
0.030027,2000.0,3718513,Ejected
0.030027,2000.0,3718567,Ejected
0.030027,3000.0,3718515,Ejected
0.030027,2000.0,3718549,Ejected
0.030027,13000.0,3718516,Ejected
0.030027,5000.0,3718563,Ejected
0.030027,4000.0,3718545,Ejected
0.030027,9000.0,3718508,Ejected
0.030027,11000.0,3718553,Ejected
0.030027,45000.0,3718544,Ejected
0.030027,2000.0,3718569,Ejected
0.030027,2000.0,3718511,Ejected
0.030027,4000.0,3718532,Ejected
0.030027,5000.0,3718541,Ejected
0.030027,2000.0,3718526,Ejected
0.030027,7000.0,3718543,Ejected
0.030027,2000.0,3718540,Ejected
0.030027,3000.0,3718539,Ejected
0.030027,4000.0,103826,Ejected
0.030027,3000.0,103814,Ejected
0.030027,3000.0,103815,Ejected
0.030027,2000.0,103818,Ejected
0.030027,2000.0,103824,Ejected
0.030027,3000.0,103828,Ejected
0.030027,2000.0,103830,Ejected
0.030027,6000.0,103817,Ejected
0.030027,2000.0,1668445,Ejected
0.030027,2000.0,1668438,Ejected
0.030027,12000.0,1668446,Ejected
0.030027,2000.0,1668437,Ejected
0.030027,2000.0,1668451,Ejected
0.030027,8000.0,3718537,Ejected
0.030027,3000.0,103819,Ejected
0.030027,3000.0,103825,Ejected
0.030027,4000.0,1668449,Ejected
0.030027,3000.0,3718555,Ejected
0.030027,5000.0,965315,Ejected
0.030027,2000.0,965313,Ejected
0.030027,3000.0,965305,Ejected
0.030027,2000.0,1668450,Ejected
0.030027,2000.0,965308,Ejected
0.030027,5000.0,103821,Ejected
0.030027,3000.0,1668439,Ejected
0.030027,2000.0,965316,Ejected
0.030027,0.0,3954569,Captured
0.030027,4000.0,3954567,Ejected
0.030027,2000.0,3954561,Ejected
0.030027,4000.0,3954565,Ejected
0.030027,7000.0,3954566,Ejected
0.030027,3000.0,965302,Ejected
0.030027,2000.0,965307,Ejected
0.030027,5000.0,1668447,Ejected
0.030027,3000.0,1668441,Ejected
0.030027,2000.0,3954558,Ejected
0.030027,7000.0,103823,Ejected
0.030027,4000.0,103822,Ejected
0.030027,4000.0,512631,Ejected
0.030027,6000.0,512636,Ejected
0.030027,2000.0,512628,Ejected
0.030027,3000.0,512634,Ejected
0.030027,8000.0,512625,Ejected
0.030027,5000.0,512632,Ejected
0.030027,2000.0,512622,Ejected
0.030027,3000.0,512619,Ejected
0.030027,3000.0,512629,Ejected
0.030027,3000.0,512623,Ejected
0.030027,5000.0,965317,Ejected
0.030027,6000.0,512618,Ejected
0.030027,3000.0,2320073,Ejected
0.030027,2000.0,2320092,Ejected
0.030027,3000.0,2320096,Ejected
0.030027,5000.0,2320074,Ejected
0.030027,4000.0,2320050,Ejected
0.030027,2000.0,2320063,Ejected
0.030027,2000.0,2320061,Ejected
0.030027,4000.0,2320055,Ejected
0.030027,2000.0,2320089,Ejected
0.030027,4000.0,2320080,Ejected
0.030027,4000.0,2320056,Ejected
0.030027,4000.0,2320090,Ejected
0.030027,6000.0,2320083,Ejected
0.030027,4000.0,2320057,Ejected
0.030027,3000.0,2320058,Ejected
0.030027,2000.0,2320052,Ejected
0.030027,3000.0,2320077,Ejected
0.030027,3000.0,2320093,Ejected
0.030027,6000.0,2320059,Ejected
0.030027,4000.0,2320070,Ejected
0.030027,10000.0,2320082,Ejected
0.030027,4000.0,512624,Ejected
0.030027,9000.0,2320081,Ejected
0.030027,3000.0,1647770,Ejected
0.030027,2000.0,1647762,Ejected
0.030027,3000.0,1647816,Ejected
0.030027,2000.0,1647798,Ejected
0.030027,2000.0,1647806,Ejected
0.030027,2000.0,1647779,Ejected
0.030027,2000.0,1647796,Ejected
0.030027,5000.0,1647795,Ejected
0.030027,4000.0,1647788,Ejected
0.030027,3000.0,1647771,Ejected
0.030027,4000.0,1647773,Ejected
0.030027,4000.0,1647821,Ejected
0.030027,3000.0,1647794,Ejected
0.030027,6000.0,1647817,Ejected
0.030027,3000.0,1647787,Ejected
0.030027,12000.0,1647811,Ejected
0.030027,4000.0,1647810,Ejected
0.030027,3000.0,1647832,Ejected
0.030027,0.0,1647807,Captured
0.030027,3000.0,1647833,Ejected
0.030027,2000.0,1647809,Ejected
0.030027,3000.0,1647781,Ejected
0.030027,2000.0,1647765,Ejected
0.030027,2000.0,1647764,Ejected
0.030027,2000.0,1647818,Ejected
0.030027,3000.0,1647802,Ejected
0.030027,2000.0,1647777,Ejected
0.030027,5000.0,1647775,Ejected
0.030027,3000.0,1647800,Ejected
0.030027,0.0,1647785,Captured
0.030027,9000.0,1647786,Ejected
0.030027,2000.0,1647803,Ejected
0.030027,3000.0,1647778,Ejected
0.030027,3000.0,1647829,Ejected
0.030027,4000.0,1647812,Ejected
0.030027,2000.0,1647805,Ejected
0.030027,86000.0,1647780,Ejected
0.030027,4000.0,1647799,Ejected
0.030027,2000.0,1647772,Ejected
0.030027,2000.0,1647760,Ejected
0.030027,3000.0,1647769,Ejected
0.030027,4000.0,1647776,Ejected
0.030027,2000.0,1647819,Ejected
0.030027,9000.0,1647824,Ejected
0.030027,3000.0,3022108,Ejected
0.030027,2000.0,3972300,Ejected
0.030027,3000.0,3972318,Ejected
0.030027,2000.0,3972329,Ejected
0.030027,3000.0,3972313,Ejected
0.030027,3000.0,3972323,Ejected
0.030027,2000.0,3972328,Ejected
0.030027,2000.0,3972310,Ejected
0.030027,2000.0,3972307,Ejected
0.030027,10000.0,3972327,Ejected
0.030027,4000.0,3972314,Ejected
0.030027,2000.0,3972303,Ejected
0.030027,2000.0,3972299,Ejected
0.030027,5000.0,3972316,Ejected
0.030027,5000.0,3972311,Ejected
0.030027,2000.0,3972308,Ejected
0.030027,2000.0,3972312,Ejected
0.030027,2000.0,3972321,Ejected
0.030027,2000.0,3972306,Ejected
0.030027,4000.0,3972320,Ejected
0.030027,1000.0,1298289,Ejected
0.030027,2000.0,1298286,Ejected
0.030027,34000.0,1298291,Ejected
0.030027,2000.0,1119381,Ejected
0.030027,3000.0,1119379,Ejected
0.030027,2000.0,1119373,Ejected
0.030027,5000.0,1119382,Ejected
0.030027,50000.0,1119386,Ejected
0.030027,6000.0,1119372,Ejected
0.030027,4000.0,1298294,Ejected
0.030027,3000.0,1298292,Ejected
0.030027,2000.0,1119376,Ejected
0.030027,4000.0,1119383,Ejected
0.030027,2000.0,2294751,Ejected
0.030027,2000.0,2294744,Ejected
0.030027,7000.0,2294732,Ejected
0.030027,5000.0,2294749,Ejected
0.030027,5000.0,2294753,Ejected
0.030027,2000.0,2573683,Ejected
0.030027,2000.0,2573689,Ejected
0.030027,2000.0,2573693,Ejected
0.030027,2000.0,2573705,Ejected
0.030027,6000.0,2573692,Ejected
0.030027,0.0,2573697,Captured
0.030027,4000.0,2573686,Ejected
0.030027,2000.0,2573701,Ejected
0.030027,23000.0,2573685,Ejected
0.030027,9000.0,3369814,Ejected
0.030027,23000.0,2916857,Ejected
0.030027,3000.0,447967,Ejected
0.030027,2000.0,447975,Ejected
0.030027,3000.0,447991,Ejected
0.030027,4000.0,447969,Ejected
0.030027,1000.0,447971,Ejected
0.030027,3000.0,447976,Ejected
0.030027,2000.0,447972,Ejected
0.030027,2000.0,447966,Ejected
0.030027,2000.0,447968,Ejected
0.030027,4000.0,447964,Ejected
0.030027,2000.0,447962,Ejected
0.030027,8000.0,447992,Ejected
0.030027,2000.0,447980,Ejected
0.030027,2000.0,447965,Ejected
0.030027,2000.0,447988,Ejected
0.030027,4000.0,447990,Ejected
0.030027,54000.0,447984,Ejected
0.030027,2000.0,2294738,Captured
0.030027,28000.0,2294735,Ejected
0.030027,6000.0,447977,Ejected
0.030027,31000.0,3972330,Captured
0.030027,43000.0,1811436,Captured
0.030027,75000.0,3758143,Captured
0.1,2000.0,2467424,Ejected
0.1,3000.0,3759856,Ejected
0.1,7000.0,3759858,Ejected
0.1,2000.0,3719867,Ejected
0.1,1000.0,3719866,Ejected
0.1,1000.0,1507646,Ejected
0.1,2000.0,1507655,Ejected
0.1,2000.0,1507660,Ejected
0.1,2000.0,1507634,Ejected
0.1,3000.0,1507631,Ejected
0.1,1000.0,1507639,Ejected
0.1,2000.0,1507636,Ejected
0.1,3000.0,1507641,Ejected
0.1,2000.0,1507653,Ejected
0.1,2000.0,1507650,Ejected
0.1,32000.0,1507632,Ejected
0.1,2000.0,1507651,Ejected
0.1,4000.0,1507635,Ejected
0.1,3000.0,1507657,Ejected
0.1,2000.0,1048471,Ejected
0.1,3000.0,1507656,Ejected
0.1,2000.0,1507637,Ejected
0.1,4000.0,1507642,Ejected
0.1,7000.0,1048495,Ejected
0.1,4000.0,1048488,Ejected
0.1,5000.0,1048490,Ejected
0.1,1000.0,1048491,Ejected
0.1,2000.0,1048479,Ejected
0.1,2000.0,1507643,Ejected
0.1,2000.0,1048502,Ejected
0.1,3000.0,1507652,Ejected
0.1,2000.0,1048501,Ejected
0.1,0.0,3719863,Captured
0.1,6000.0,1048483,Ejected
0.1,5000.0,1048485,Ejected
0.1,8000.0,1048494,Ejected
0.1,1000.0,1048499,Ejected
0.1,1000.0,3659491,Ejected
0.1,3000.0,3659487,Ejected
0.1,2000.0,3659492,Ejected
0.1,2000.0,3659496,Ejected
0.1,4000.0,1048482,Ejected
0.1,4000.0,1048481,Ejected
0.1,2000.0,1507644,Ejected
0.1,2000.0,3659489,Ejected
0.1,3000.0,1048489,Ejected
0.1,2000.0,3659490,Ejected
0.1,3000.0,1048472,Ejected
0.1,2000.0,1048500,Ejected
0.1,3000.0,1048498,Ejected
0.1,2000.0,1048473,Ejected
0.1,3000.0,3659499,Ejected
0.1,3000.0,1507647,Ejected
0.1,2000.0,3659498,Ejected
0.1,4000.0,1048486,Ejected
0.1,3000.0,1048493,Ejected
0.1,2000.0,3659500,Ejected
0.1,2000.0,3659493,Ejected
0.1,3000.0,1507633,Ejected
0.1,2000.0,3659485,Ejected
0.1,10000.0,3659504,Ejected
0.1,0.0,2211047,Captured
0.1,13000.0,2211039,Ejected
0.1,3000.0,2211028,Ejected
0.1,2000.0,2211020,Ejected
0.1,2000.0,2211023,Ejected
0.1,8000.0,2211017,Ejected
0.1,1000.0,2211027,Ejected
0.1,1000.0,2211019,Ejected
0.1,1000.0,2211045,Ejected
0.1,2000.0,2211037,Ejected
0.1,2000.0,2211032,Ejected
0.1,2000.0,2211025,Ejected
0.1,3000.0,2211030,Ejected
0.1,2000.0,2211040,Ejected
0.1,8000.0,1048475,Ejected
0.1,4000.0,2211026,Ejected
0.1,3000.0,2211046,Ejected
0.1,2000.0,139974,Ejected
0.1,2000.0,139998,Ejected
0.1,1000.0,140002,Ejected
0.1,9000.0,139976,Ejected
0.1,1000.0,139968,Ejected
0.1,2000.0,139993,Ejected
0.1,6000.0,139997,Ejected
0.1,2000.0,139983,Ejected
0.1,2000.0,2211050,Ejected
0.1,2000.0,139973,Ejected
0.1,13000.0,1812363,Ejected
0.1,2000.0,139965,Ejected
0.1,2000.0,139978,Ejected
0.1,9000.0,1812364,Ejected
0.1,5000.0,1812385,Ejected
0.1,7000.0,1812366,Ejected
0.1,3000.0,139986,Ejected
0.1,1000.0,1812379,Ejected
0.1,1000.0,1812378,Ejected
0.1,2000.0,140000,Ejected
0.1,2000.0,1812360,Ejected
0.1,10000.0,140004,Ejected
0.1,2000.0,139994,Ejected
0.1,4000.0,139982,Ejected
0.1,11000.0,1812370,Ejected
0.1,5000.0,1812384,Ejected
0.1,5000.0,1812374,Ejected
0.1,11000.0,1812371,Ejected
0.1,2000.0,1812369,Ejected
0.1,2000.0,1812367,Ejected
0.1,1000.0,1812368,Ejected
0.1,3000.0,1812390,Ejected
0.1,2000.0,139969,Ejected
0.1,4000.0,139977,Ejected
0.1,2000.0,3659494,Ejected
0.1,3000.0,1812381,Ejected
0.1,3000.0,1812375,Ejected
0.1,2000.0,139999,Ejected
0.1,2000.0,139991,Ejected
0.1,2000.0,140005,Ejected
0.1,4000.0,139967,Ejected
0.1,8000.0,2211041,Ejected
0.1,0.0,139975,Captured
0.1,3000.0,139984,Ejected
0.1,4000.0,1812393,Ejected
0.1,2000.0,2211048,Ejected
0.1,2000.0,140007,Ejected
0.1,2000.0,140003,Ejected
0.1,3000.0,3681886,Ejected
0.1,1000.0,3681874,Ejected
0.1,2000.0,3681900,Ejected
0.1,1000.0,3681883,Ejected
0.1,4000.0,3681888,Ejected
0.1,2000.0,3681861,Ejected
0.1,2000.0,3681877,Ejected
0.1,1000.0,3681865,Ejected
0.1,1000.0,3681895,Ejected
0.1,4000.0,3681891,Ejected
0.1,1000.0,3681867,Ejected
0.1,1000.0,3681862,Ejected
0.1,3000.0,3681859,Ejected
0.1,5000.0,3681856,Ejected
0.1,3000.0,3681885,Ejected
0.1,3000.0,3681876,Ejected
0.1,1000.0,3681866,Ejected
0.1,4000.0,3681902,Ejected
0.1,4000.0,3681875,Ejected
0.1,2000.0,3681870,Ejected
0.1,3000.0,3681868,Ejected
0.1,2000.0,3517155,Ejected
0.1,2000.0,3517181,Ejected
0.1,1000.0,3517174,Ejected
0.1,2000.0,3517169,Ejected
0.1,3000.0,3517166,Ejected
0.1,2000.0,3517154,Ejected
0.1,2000.0,3517182,Ejected
0.1,2000.0,3517177,Ejected
0.1,2000.0,3517178,Ejected
0.1,3000.0,3517173,Ejected
0.1,7000.0,3681890,Ejected
0.1,1000.0,3681892,Ejected
0.1,2000.0,3681889,Ejected
0.1,12000.0,3681881,Ejected
0.1,1000.0,3517180,Ejected
0.1,1000.0,3681879,Ejected
0.1,2000.0,3517157,Ejected
0.1,3000.0,3517175,Ejected
0.1,3000.0,3517167,Ejected
0.1,3000.0,2211015,Ejected
0.1,11000.0,3659488,Ejected
0.1,1000.0,2501396,Ejected
0.1,3000.0,2501379,Ejected
0.1,2000.0,2501401,Ejected
0.1,2000.0,2501412,Ejected
0.1,3000.0,2501428,Ejected
0.1,2000.0,2501403,Ejected
0.1,2000.0,2501387,Ejected
0.1,3000.0,2501406,Ejected
0.1,2000.0,2501434,Ejected
0.1,2000.0,2501384,Ejected
0.1,0.0,2501423,Captured
0.1,1000.0,2501394,Ejected
0.1,3000.0,2501405,Ejected
0.1,1000.0,2501429,Ejected
0.1,4000.0,2501424,Ejected
0.1,1000.0,2501413,Ejected
0.1,2000.0,2501407,Ejected
0.1,2000.0,3517172,Ejected
0.1,2000.0,2501416,Ejected
0.1,0.0,2501372,Captured
0.1,3000.0,2211016,Ejected
0.1,2000.0,2501395,Ejected
0.1,4000.0,2501391,Ejected
0.1,2000.0,2501430,Ejected
0.1,2000.0,2501417,Ejected
0.1,2000.0,2501418,Ejected
0.1,2000.0,2501421,Ejected
0.1,1000.0,2501368,Ejected
0.1,1000.0,2501376,Ejected
0.1,2000.0,2501378,Ejected
0.1,2000.0,3681884,Ejected
0.1,2000.0,3517158,Ejected
0.1,2000.0,3517156,Ejected
0.1,5000.0,2501393,Ejected
0.1,3000.0,2501374,Ejected
0.1,3000.0,2501373,Ejected
0.1,2000.0,2211018,Ejected
0.1,6000.0,3681893,Ejected
0.1,2000.0,2501433,Ejected
0.1,2000.0,2501420,Ejected
0.1,1000.0,2501390,Ejected
0.1,61000.0,3681899,Ejected
0.1,3000.0,2501402,Ejected
0.1,6000.0,3517164,Ejected
0.1,2000.0,2501431,Ejected
0.1,2000.0,2501370,Ejected
0.1,2000.0,3517159,Ejected
0.1,10000.0,3517163,Ejected
0.1,2000.0,3681880,Ejected
0.1,3000.0,2501385,Ejected
0.1,2000.0,3681863,Ejected
0.1,5000.0,139979,Ejected
0.1,2000.0,3681857,Ejected
0.1,1000.0,2501386,Ejected
0.1,3000.0,2501382,Ejected
0.1,6000.0,2501422,Ejected
0.1,4000.0,1514578,Ejected
0.1,1000.0,1514606,Ejected
0.1,1000.0,1514623,Ejected
0.1,1000.0,1514573,Ejected
0.1,1000.0,1514605,Ejected
0.1,6000.0,1514616,Ejected
0.1,1000.0,1514607,Ejected
0.1,5000.0,1514563,Ejected
0.1,2000.0,1514609,Ejected
0.1,2000.0,1514571,Ejected
0.1,2000.0,1514595,Ejected
0.1,5000.0,1514570,Ejected
0.1,2000.0,1514568,Ejected
0.1,2000.0,1514620,Ejected
0.1,2000.0,1514569,Ejected
0.1,2000.0,1514565,Ejected
0.1,3000.0,2501377,Ejected
0.1,9000.0,1514585,Ejected
0.1,11000.0,1514580,Ejected
0.1,2000.0,1514624,Ejected
0.1,3000.0,1514610,Ejected
0.1,2000.0,1514583,Ejected
0.1,2000.0,1514612,Ejected
0.1,2000.0,1514586,Ejected
0.1,1000.0,1514574,Ejected
0.1,1000.0,1514593,Ejected
0.1,2000.0,1514590,Ejected
0.1,2000.0,1514613,Ejected
0.1,3000.0,1514597,Ejected
0.1,6000.0,1514588,Ejected
0.1,2000.0,1514626,Ejected
0.1,4000.0,1514622,Ejected
0.1,2000.0,1514608,Ejected
0.1,3000.0,1514619,Ejected
0.1,3000.0,1514591,Ejected
0.1,2000.0,1514587,Ejected
0.1,2000.0,1514598,Ejected
0.1,2000.0,1514572,Ejected
0.1,0.0,1514599,Captured
0.1,3000.0,1514575,Ejected
0.1,2000.0,1514600,Ejected
0.1,4000.0,3380075,Ejected
0.1,2000.0,3380098,Ejected
0.1,5000.0,3380084,Ejected
0.1,0.0,3380094,Captured
0.1,2000.0,3380101,Ejected
0.1,2000.0,3380080,Ejected
0.1,2000.0,3380082,Ejected
0.1,2000.0,3380099,Ejected
0.1,2000.0,3380095,Ejected
0.1,3000.0,3380106,Ejected
0.1,11000.0,3380089,Ejected
0.1,4000.0,3380076,Ejected
0.1,0.0,3380083,Captured
0.1,9000.0,3380105,Ejected
0.1,3000.0,3380088,Ejected
0.1,1000.0,1514584,Captured
0.1,17000.0,1514567,Ejected
0.1,19000.0,1048484,Ejected
0.1,9000.0,2722565,Ejected
0.1,3000.0,2722571,Ejected
0.1,1000.0,2722567,Ejected
0.1,4000.0,2722573,Ejected
0.1,0.0,2722575,Captured
0.1,2000.0,2722564,Ejected
0.1,2000.0,2722572,Ejected
0.1,3000.0,2722568,Ejected
0.1,2000.0,2722578,Ejected
0.1,3000.0,2722563,Ejected
0.1,1000.0,318746,Ejected
0.1,1000.0,318757,Ejected
0.1,2000.0,318745,Ejected
0.1,2000.0,318748,Ejected
0.1,5000.0,318761,Ejected
0.1,1000.0,318759,Ejected
0.1,2000.0,318763,Ejected
0.1,2000.0,318749,Ejected
0.1,2000.0,318747,Ejected
0.1,3000.0,318758,Ejected
0.1,6000.0,318755,Ejected
0.1,2000.0,318756,Ejected
0.1,71000.0,3759857,Ejected
0.1,8000.0,2211044,Captured
0.1,15000.0,3659503,Ejected
0.1,12000.0,2211024,Captured
0.1,7000.0,1812377,Captured
0.1,48000.0,1812391,Ejected
5e-05,13000.0,338586,Captured
5e-05,35000.0,1899704,Captured
0.1,90000.0,3380091,Captured
5e-05,2649000.0,1250205,Ejected
5e-05,2292000.0,755630,Ejected
5e-05,2279000.0,1250185,Ejected
5e-05,1062000.0,3942504,Ejected
5e-05,2619000.0,1899723,Ejected
5e-05,4022000.0,3131740,Ejected
5e-05,3229000.0,4004742,Ejected
5e-05,1142000.0,2965361,Ejected
5e-05,3462000.0,2965404,Ejected
5e-05,686000.0,2965380,Captured
5e-05,923000.0,4004792,Ejected
5e-05,3634000.0,338594,Ejected
5e-05,1152000.0,2015546,Ejected
5e-05,3043000.0,755633,Ejected
5e-05,2537000.0,1508529,Ejected
5e-05,2946000.0,2965419,Ejected
5e-05,2657000.0,1508510,Ejected
5e-05,3881000.0,1508540,Ejected
5e-05,2602000.0,1250176,Ejected
5e-05,3301000.0,1508538,Ejected
5e-05,870000.0,2965368,Captured
5e-05,3845000.0,3131713,Ejected
5e-05,3857000.0,2015550,Ejected
5e-05,2969000.0,1250216,Ejected
5e-05,1608000.0,1899709,Ejected
5e-05,933000.0,2507373,Captured
5e-05,4786000.0,2632693,Ejected
5e-05,3980000.0,1899737,Ejected
5e-05,3241000.0,3942515,Ejected
5e-05,4701000.0,1508508,Ejected
5e-05,3636000.0,2507340,Ejected
5e-05,3226000.0,338595,Ejected
5e-05,4572000.0,1899692,Ejected
5e-05,1648000.0,2015538,Ejected
5e-05,3728000.0,755634,Ejected
5e-05,2718000.0,4004782,Ejected
5e-05,4410000.0,4004752,Ejected
5e-05,2134000.0,1508515,Ejected
5e-05,3174000.0,2965370,Ejected
5e-05,4428000.0,3942513,Ejected
5e-05,4600000.0,2507379,Ejected
5e-05,3756000.0,1899740,Ejected
5e-05,4899000.0,3131742,Ejected
5e-05,4808000.0,3942499,Ejected
5e-05,3036000.0,1250211,Ejected
5e-05,3324000.0,2507368,Ejected
5e-05,2939000.0,2507383,Ejected
5e-05,3409000.0,2507361,Ejected
5e-05,4922000.0,3942532,Ejected
5e-05,3326000.0,3942511,Ejected
5e-05,2313000.0,4004768,Ejected
5e-05,2042000.0,1250202,Ejected
5e-05,4230000.0,3131723,Ejected
5e-05,2897000.0,1250204,Ejected
5e-05,3054000.0,4004781,Ejected
5e-05,2088000.0,4004776,Ejected
5e-05,1843000.0,338599,Captured
5e-05,4099000.0,3942484,Ejected
5e-05,4227000.0,338590,Ejected
5e-05,2331000.0,2507369,Ejected
5e-05,3232000.0,1508517,Ejected
5e-05,4730000.0,1250221,Ejected
5e-05,3439000.0,2965375,Captured
5e-05,4611000.0,2965359,Ejected
5e-05,4032000.0,1508512,Ejected
5e-05,4512000.0,1508539,Ejected
5e-05,4688000.0,4004750,Ejected
5e-05,4259000.0,4004745,Ejected
5e-05,3516000.0,2965405,Ejected
0.0001,604000.0,2017534,Ejected
0.0001,1010000.0,4038841,Ejected
0.0001,230000.0,3140330,Ejected
0.0001,491000.0,3140324,Ejected
0.0001,946000.0,3943968,Ejected
0.0001,798000.0,1258012,Ejected
0.0001,177000.0,757948,Captured
0.0001,1389000.0,2640268,Ejected
0.0001,858000.0,3943951,Ejected
0.0001,132000.0,4038875,Captured
0.0001,768000.0,3604616,Ejected
0.0001,640000.0,2017516,Ejected
0.0001,714000.0,1257991,Ejected
0.0001,751000.0,2294295,Ejected
0.0001,108000.0,1509747,Captured
0.0001,1257000.0,3140310,Ejected
0.0001,1991000.0,3140337,Ejected
0.0001,1124000.0,1257993,Ejected
0.0001,1459000.0,2640273,Ejected
0.0001,1266000.0,3140318,Ejected
0.0001,1944000.0,1509732,Ejected
0.0001,696000.0,4038882,Ejected
0.0001,909000.0,2294332,Ejected
0.0001,1254000.0,1257992,Ejected
0.0001,1907000.0,4038877,Ejected
0.0001,1391000.0,3943960,Ejected
0.0001,1271000.0,2294271,Ejected
0.0001,721000.0,339396,Ejected
0.0001,1341000.0,4038843,Ejected
0.0001,1048000.0,3604624,Ejected
0.0001,2240000.0,3604626,Ejected
0.0001,1452000.0,2480065,Ejected
0.0001,448000.0,2480073,Ejected
0.0001,1918000.0,4038867,Ejected
0.0001,1110000.0,757940,Ejected
0.0001,1342000.0,2017528,Ejected
0.0001,325000.0,2294298,Captured
0.0001,1149000.0,4038883,Ejected
0.0001,1963000.0,1258033,Ejected
0.0001,2176000.0,2294297,Ejected
0.0001,3201000.0,2294280,Ejected
0.0001,1725000.0,3604612,Ejected
0.0001,930000.0,1509720,Ejected
0.0001,916000.0,3140345,Ejected
0.0001,1950000.0,3943950,Ejected
0.0001,1167000.0,2294277,Ejected
0.0001,1590000.0,3140335,Ejected
0.0001,1704000.0,339393,Ejected
0.0001,1445000.0,1257987,Ejected
0.0001,1772000.0,1509765,Ejected
0.0001,3053000.0,339395,Ejected
0.0001,2470000.0,2294272,Ejected
0.0001,1069000.0,2480071,Ejected
0.0001,3208000.0,3943999,Ejected
0.0001,2342000.0,4038886,Ejected
0.0001,2150000.0,4038893,Ejected
0.0001,1551000.0,1509746,Ejected
0.0001,1533000.0,4038855,Ejected
0.0001,1127000.0,339401,Ejected
0.0001,588000.0,4038836,Ejected
0.0001,2443000.0,1509763,Ejected
0.0001,1403000.0,2017526,Ejected
0.0001,1489000.0,1509725,Ejected
0.0001,923000.0,3140298,Ejected
0.0001,1491000.0,3604619,Ejected
0.0001,1715000.0,3140312,Ejected
0.0001,1811000.0,3140306,Ejected
0.0001,950000.0,3140336,Ejected
0.0001,2258000.0,2017537,Ejected
0.0001,2321000.0,3943964,Ejected
0.0001,1587000.0,2294327,Ejected
0.0001,1298000.0,1509749,Ejected
0.0001,1257000.0,3943970,Ejected
0.0001,1116000.0,3943943,Ejected
0.0001,1184000.0,1257998,Ejected
0.0001,1099000.0,2640281,Ejected
0.0001,1341000.0,339386,Ejected
0.0001,1399000.0,2480063,Ejected
0.0001,2464000.0,1509764,Ejected
0.0001,1833000.0,4038847,Ejected
0.0001,1313000.0,3604625,Ejected
0.0001,3350000.0,1509733,Ejected
0.0001,2496000.0,1257986,Ejected
0.0001,1143000.0,2294284,Ejected
0.0001,2389000.0,1509773,Ejected
0.0001,1316000.0,2294311,Ejected
0.0001,898000.0,4038861,Ejected
0.0001,2091000.0,2480075,Ejected
0.0001,1980000.0,1258034,Ejected
0.0001,1759000.0,2480074,Ejected
0.0001,1293000.0,4038869,Ejected
0.0001,1662000.0,1091751,Ejected
0.0001,2645000.0,2294291,Ejected
0.0001,1715000.0,2294296,Ejected
0.0001,1340000.0,2640275,Ejected
0.0001,1855000.0,4038878,Ejected
0.0001,2226000.0,1258015,Ejected
0.0001,1284000.0,1509745,Ejected
0.0001,1934000.0,1509744,Ejected
0.0001,2214000.0,339392,Ejected
0.0001,1335000.0,2480087,Ejected
0.0001,1220000.0,2017524,Ejected
0.0001,1561000.0,2640277,Ejected
0.0001,2304000.0,2294315,Ejected
0.0001,1090000.0,4038835,Ejected
0.0001,1752000.0,3140290,Ejected
0.0001,1583000.0,757943,Ejected
0.0001,2120000.0,1509770,Ejected
0.0001,2723000.0,4038890,Ejected
0.0001,2644000.0,2294274,Ejected
0.0001,1274000.0,339389,Ejected
0.0001,2918000.0,1258016,Ejected
0.0001,1768000.0,3140333,Ejected
0.0001,2209000.0,3140300,Ejected
0.0001,1153000.0,2017539,Ejected
0.0001,1920000.0,3943980,Ejected
0.0001,2186000.0,3943959,Ejected
0.0001,3170000.0,3943982,Ejected
0.0001,2044000.0,2480067,Ejected
0.0001,1560000.0,1258028,Ejected
0.00030027,0.0,2509401,Captured
0.00030027,75000.0,3605452,Ejected
0.00030027,108000.0,3493399,Ejected
0.0001,2014000.0,2640279,Ejected
0.00030027,149000.0,3683106,Ejected
0.0001,1953000.0,3140338,Ejected
0.00030027,0.0,2924712,Captured
0.00030027,160000.0,3955349,Ejected
0.00030027,367000.0,2988638,Ejected
0.00030027,136000.0,2966848,Ejected
0.00030027,127000.0,1104912,Ejected
0.00030027,249000.0,3605440,Ejected
0.00030027,234000.0,3605477,Ejected
0.00030027,185000.0,2227802,Ejected
0.00030027,124000.0,3605446,Ejected
0.00030027,121000.0,2966855,Ejected
0.00030027,214000.0,2924713,Ejected
0.00030027,272000.0,3605453,Ejected
0.00030027,304000.0,2966887,Ejected
0.00030027,106000.0,2966840,Ejected
0.00030027,211000.0,2723427,Ejected
0.0001,2210000.0,3943988,Ejected
0.00030027,106000.0,3683114,Ejected
0.0001,1469000.0,3140315,Ejected
0.00030027,177000.0,1165383,Ejected
0.00030027,199000.0,2966864,Ejected
0.00030027,157000.0,2988640,Ejected
0.00030027,390000.0,1104917,Ejected
0.00030027,259000.0,1165380,Ejected
0.00030027,159000.0,2988624,Ejected
0.00030027,172000.0,2723423,Ejected
0.00030027,209000.0,1165339,Ejected
0.00030027,317000.0,2509424,Ejected
0.00030027,87000.0,1165367,Ejected
0.00030027,180000.0,3605473,Ejected
0.00030027,204000.0,1104920,Ejected
0.00030027,128000.0,2966847,Ejected
0.00030027,192000.0,2924702,Ejected
0.0001,1676000.0,1509727,Ejected
0.00030027,464000.0,1165335,Ejected
0.0001,944000.0,1258000,Ejected
0.00030027,213000.0,470533,Ejected
0.00030027,287000.0,2509412,Ejected
0.00030027,255000.0,3955347,Ejected
0.00030027,82000.0,2924707,Ejected
0.00030027,140000.0,1165325,Ejected
0.00030027,293000.0,3955350,Ejected
0.00030027,296000.0,2723426,Ejected
0.00030027,154000.0,3493394,Ejected
0.00030027,326000.0,2924708,Ejected
0.00030027,160000.0,3605465,Ejected
0.00030027,140000.0,2723446,Ejected
0.00030027,442000.0,1508935,Ejected
0.00030027,336000.0,2723411,Ejected
0.00030027,217000.0,1165326,Ejected
0.00030027,143000.0,3493385,Ejected
0.00030027,168000.0,2509406,Ejected
0.00030027,415000.0,1508934,Ejected
0.00030027,148000.0,2966883,Ejected
0.00030027,174000.0,2723429,Ejected
0.00030027,236000.0,3605455,Ejected
0.00030027,150000.0,1508936,Ejected
0.00030027,278000.0,1165320,Ejected
0.00030027,332000.0,1165385,Ejected
0.00030027,128000.0,2988625,Ejected
0.00030027,360000.0,2509441,Ejected
0.00030027,599000.0,2227788,Ejected
0.00030027,227000.0,2227799,Ejected
0.00030027,132000.0,1121223,Ejected
0.00030027,140000.0,2966860,Ejected
0.00030027,177000.0,2966854,Ejected
0.00030027,217000.0,3955336,Ejected
0.00030027,346000.0,470526,Ejected
0.00030027,177000.0,1121221,Ejected
0.00030027,530000.0,2481034,Ejected
0.00030027,317000.0,1104907,Ejected
0.0001,2008000.0,3943971,Ejected
0.00030027,503000.0,2509444,Ejected
0.00030027,329000.0,3683112,Ejected
0.00030027,198000.0,3683101,Ejected
0.00030027,134000.0,2966891,Ejected
0.00030027,236000.0,2723428,Ejected
0.00030027,340000.0,2723439,Ejected
0.00030027,217000.0,2509436,Ejected
0.00030027,305000.0,3683098,Ejected
0.00030027,238000.0,2509435,Ejected
0.00030027,164000.0,1121212,Ejected
0.00030027,272000.0,1165327,Ejected
0.00030027,153000.0,2966849,Ejected
0.00030027,472000.0,2509419,Ejected
0.00030027,293000.0,2509442,Ejected
0.00030027,257000.0,2723442,Ejected
0.00030027,152000.0,2509445,Ejected
0.00030027,157000.0,2509421,Ejected
0.00030027,256000.0,2723454,Ejected
0.00030027,151000.0,2924711,Ejected
0.00030027,191000.0,2966867,Ejected
0.00030027,534000.0,2988632,Ejected
0.00030027,156000.0,2723445,Ejected
0.00030027,142000.0,2988642,Ejected
0.00030027,137000.0,1165354,Ejected
0.00030027,552000.0,2227798,Ejected
0.00030027,342000.0,2966841,Ejected
0.00030027,458000.0,1104905,Ejected
0.00030027,107000.0,2509417,Ejected
0.00030027,214000.0,2723415,Ejected
0.00030027,320000.0,2509405,Ejected
0.00030027,263000.0,2966865,Ejected
0.00030027,151000.0,2966832,Ejected
0.00030027,285000.0,1104919,Ejected
0.00030027,596000.0,3605451,Ejected
0.00030027,406000.0,319587,Ejected
0.00030027,186000.0,1508927,Ejected
0.00030027,256000.0,2723424,Ejected
0.00030027,145000.0,1165341,Ejected
0.00030027,226000.0,2966893,Ejected
0.00030027,285000.0,3605439,Ejected
0.00030027,265000.0,1165364,Ejected
0.00030027,249000.0,3493392,Ejected
0.00030027,256000.0,470523,Ejected
0.00030027,482000.0,2723451,Ejected
0.00030027,420000.0,2988672,Ejected
0.00030027,282000.0,2988661,Ejected
0.0001,2522000.0,4038842,Ejected
0.00030027,244000.0,1165323,Ejected
0.0001,3284000.0,3140313,Ejected
0.0001,2747000.0,1509754,Ejected
0.00030027,209000.0,1508933,Ejected
0.00030027,196000.0,2509431,Ejected
0.00030027,176000.0,2509398,Ejected
0.00030027,224000.0,2509433,Ejected
0.00030027,69000.0,3683104,Ejected
0.00030027,254000.0,2924701,Ejected
0.00030027,557000.0,1165377,Ejected
0.00030027,623000.0,1165328,Ejected
0.0001,2562000.0,1258019,Ejected
0.00030027,369000.0,2509422,Ejected
0.00030027,684000.0,1165329,Ejected
0.00030027,192000.0,1165365,Ejected
0.00030027,397000.0,2988656,Ejected
0.00030027,457000.0,2988663,Ejected
0.0001,1522000.0,3140320,Ejected
0.00030027,391000.0,2227787,Ejected
0.00030027,231000.0,1165374,Ejected
0.00030027,338000.0,3605480,Ejected
0.00030027,337000.0,470530,Ejected
0.0001,3103000.0,3943954,Ejected
0.00030027,470000.0,2966863,Ejected
0.00030027,425000.0,2988641,Ejected
0.00030027,255000.0,2723438,Ejected
0.00030027,304000.0,2723436,Ejected
0.00030027,240000.0,2509410,Ejected
0.00030027,603000.0,1165344,Ejected
0.00030027,357000.0,3683102,Ejected
0.00030027,163000.0,3493401,Ejected
0.00030027,393000.0,2924718,Ejected
0.00030027,309000.0,2966834,Ejected
0.0001,1582000.0,2294286,Ejected
0.00030027,198000.0,1165322,Ejected
0.00030027,253000.0,3493400,Ejected
0.00030027,191000.0,2966876,Ejected
0.00030027,171000.0,470524,Ejected
0.00030027,251000.0,2723409,Ejected
0.00030027,235000.0,3493390,Ejected
0.00030027,395000.0,2509403,Ejected
0.00030027,262000.0,1165337,Ejected
0.00030027,262000.0,3605481,Ejected
0.00030027,337000.0,3493377,Ejected
0.00030027,214000.0,2988643,Ejected
0.00030027,261000.0,3493397,Ejected
0.00030027,254000.0,1165358,Ejected
0.00030027,552000.0,3605479,Ejected
0.00030027,634000.0,1104913,Ejected
0.00030027,582000.0,3683111,Ejected
0.00030027,455000.0,1165356,Ejected
0.0001,840000.0,3943984,Captured
0.00030027,352000.0,2966888,Ejected
0.00030027,319000.0,3605443,Ejected
0.00030027,260000.0,1165359,Ejected
0.0001,2105000.0,2294324,Ejected
0.00030027,238000.0,1508926,Ejected
0.00030027,228000.0,470531,Ejected
0.00030027,262000.0,2509402,Ejected
0.00030027,269000.0,3605456,Ejected
0.00030027,200000.0,2966853,Ejected
0.00030027,186000.0,2723441,Ejected
0.00030027,694000.0,2966889,Ejected
0.00030027,454000.0,2723413,Ejected
0.0001,1861000.0,3140291,Ejected
0.00030027,434000.0,470534,Ejected
0.00030027,248000.0,1165379,Ejected
0.00030027,222000.0,3955348,Ejected
0.0001,3387000.0,3604617,Ejected
0.00030027,332000.0,2509446,Ejected
0.00030027,378000.0,470520,Ejected
0.0001,2097000.0,2480064,Ejected
0.00030027,591000.0,3955351,Ejected
0.0001,3816000.0,3943945,Ejected
0.00030027,733000.0,1165384,Ejected
0.00030027,317000.0,2988649,Ejected
0.00030027,484000.0,1104911,Ejected
0.00030027,459000.0,3605447,Ejected
0.00030027,209000.0,1104906,Ejected
0.00030027,203000.0,2966835,Ejected
0.00030027,755000.0,1165343,Ejected
0.00030027,359000.0,1165360,Ejected
0.00030027,460000.0,319586,Ejected
0.00030027,414000.0,2966877,Ejected
0.00030027,401000.0,1165349,Ejected
0.00030027,397000.0,3493389,Ejected
0.00030027,308000.0,2723431,Ejected
0.00030027,592000.0,3605450,Ejected
0.00030027,627000.0,2966871,Ejected
0.00030027,690000.0,1165347,Ejected
0.0001,1630000.0,2640282,Ejected
0.00030027,628000.0,2723440,Ejected
0.00030027,420000.0,1104915,Ejected
0.00030027,802000.0,2509443,Ejected
0.00030027,413000.0,3493391,Ejected
0.00030027,313000.0,2723408,Ejected
0.00030027,419000.0,2988626,Ejected
0.00030027,511000.0,2966852,Ejected
0.00030027,359000.0,1104908,Ejected
0.00030027,751000.0,1165333,Ejected
0.00030027,408000.0,1165370,Ejected
0.00030027,318000.0,2988667,Ejected
0.00030027,470000.0,2966868,Ejected
0.00030027,481000.0,3605463,Ejected
0.00030027,495000.0,3605441,Ejected
0.0001,2730000.0,757949,Ejected
0.00030027,824000.0,3605467,Ejected
0.00030027,412000.0,2723444,Ejected
0.00030027,349000.0,2966843,Ejected
0.0001,2526000.0,339399,Ejected
0.00030027,427000.0,2723414,Ejected
0.00030027,262000.0,3683109,Ejected
0.00030027,464000.0,2227792,Ejected
0.00030027,681000.0,2988629,Ejected
0.00030027,318000.0,1121217,Ejected
0.00030027,319000.0,2509428,Ejected
0.00030027,489000.0,3683120,Ejected
0.00030027,472000.0,3493382,Ejected
0.00030027,454000.0,1121224,Ejected
0.0001,1193000.0,3140297,Ejected
0.00030027,502000.0,1508938,Ejected
0.00030027,756000.0,1165330,Ejected
0.00030027,454000.0,2924705,Ejected
0.00030027,653000.0,3605482,Ejected
0.00030027,499000.0,470525,Ejected
0.00030027,496000.0,3493384,Ejected
0.0001,2607000.0,3140322,Ejected
0.00030027,433000.0,2966862,Ejected
0.0001,1471000.0,3140309,Ejected
0.0001,1558000.0,4038860,Ejected
0.00030027,389000.0,1165381,Ejected
0.00030027,492000.0,3605475,Ejected
0.00030027,766000.0,1165371,Ejected
0.00030027,489000.0,2509423,Ejected
0.00030027,535000.0,2723443,Ejected
0.00030027,283000.0,2966870,Ejected
0.00030027,777000.0,2966890,Ejected
0.00030027,603000.0,2509434,Ejected
0.00030027,487000.0,2966879,Ejected
0.00030027,573000.0,1165332,Ejected
0.00030027,446000.0,3683105,Ejected
0.00030027,717000.0,2723449,Ejected
0.00030027,747000.0,2723412,Ejected
0.00030027,547000.0,2988651,Ejected
0.00030027,456000.0,2509420,Ejected
0.00030027,849000.0,3605470,Ejected
0.0001,1926000.0,1258009,Ejected
0.00030027,503000.0,2924709,Ejected
0.00030027,343000.0,2227797,Ejected
0.0001,2102000.0,4038858,Ejected
0.00030027,700000.0,2988666,Ejected
0.00030027,641000.0,1165372,Ejected
0.00030027,862000.0,2924717,Ejected
0.0001,3923000.0,3943972,Ejected
0.0001,1243000.0,3943996,Ejected
0.00030027,471000.0,2988647,Ejected
0.00030027,1175000.0,1121216,Ejected
0.00030027,421000.0,2966875,Ejected
0.00030027,463000.0,2509427,Ejected
0.0001,3450000.0,3943966,Ejected
0.00030027,478000.0,2924704,Ejected
0.00030027,1047000.0,1121213,Ejected
0.00030027,1115000.0,2988635,Ejected
0.00030027,777000.0,2723434,Ejected
0.00030027,773000.0,2988636,Ejected
0.0001,1924000.0,3140331,Ejected
0.0001,2095000.0,2480083,Ejected
0.0001,2350000.0,3140296,Ejected
0.00030027,664000.0,2988644,Ejected
0.00030027,364000.0,2509440,Ejected
0.0001,1735000.0,757937,Ejected
0.00030027,958000.0,2723419,Ejected
0.0001,1923000.0,3140342,Ejected
0.0001,1216000.0,2294341,Ejected
0.00030027,868000.0,3605448,Ejected
0.0001,2900000.0,2294326,Ejected
0.0001,2328000.0,4038863,Ejected
0.0001,1966000.0,3943953,Ejected
0.00030027,966000.0,1508929,Ejected
0.0001,3052000.0,2294330,Ejected
0.00030027,613000.0,3493398,Ejected
0.0001,2313000.0,3943965,Ejected
0.0001,3190000.0,2017532,Ejected
0.0001,2395000.0,1509767,Ejected
0.0001,1825000.0,3943952,Ejected
0.0001,4514000.0,757941,Ejected
0.00030027,650000.0,3493381,Ejected
0.0001,2935000.0,2294312,Ejected
0.0001,3060000.0,2294299,Ejected
0.00030027,375000.0,2966851,Ejected
0.0001,3453000.0,4038881,Ejected
0.0001,1691000.0,3943977,Ejected
0.00030027,997000.0,1165334,Ejected
0.0001,3038000.0,2480085,Ejected
0.00030027,844000.0,1165355,Ejected
0.0001,2420000.0,3943958,Ejected
0.00030027,931000.0,470527,Ejected
0.0001,3312000.0,3140314,Ejected
0.0001,2603000.0,3140294,Ejected
0.0001,1857000.0,3140305,Ejected
0.00030027,661000.0,2988639,Ejected
0.00030027,674000.0,3605466,Ejected
0.0001,3579000.0,3140299,Ejected
0.0001,4753000.0,2294270,Ejected
0.00030027,1213000.0,3605437,Ejected
0.0001,2648000.0,4038868,Ejected
0.00030027,1100000.0,3955345,Ejected
0.0001,1502000.0,3140325,Ejected
0.0001,3693000.0,2480076,Ejected
0.0001,1444000.0,2017521,Ejected
0.00030027,1196000.0,1165373,Ejected
0.0001,4246000.0,4038876,Ejected
0.0001,3245000.0,757936,Ejected
0.0001,1201000.0,1509719,Ejected
0.00030027,1235000.0,2509429,Ejected
0.0001,2659000.0,3944000,Ejected
0.0001,3284000.0,2017530,Ejected
0.00030027,819000.0,2966878,Ejected
0.0001,1896000.0,3140288,Ejected
0.0001,2088000.0,3140347,Ejected
0.0001,2239000.0,1509723,Ejected
0.00030027,1168000.0,2509439,Ejected
0.0001,2064000.0,2640270,Ejected
0.0001,2482000.0,3943990,Ejected
0.0001,1732000.0,339391,Ejected
0.0001,3622000.0,3943992,Ejected
0.00030027,554000.0,1165369,Ejected
0.0001,3138000.0,3140348,Ejected
0.0001,3604000.0,1258018,Ejected
0.0001,2822000.0,3140292,Ejected
0.0001,4139000.0,757950,Ejected
0.0001,2806000.0,4038887,Ejected
0.0001,3228000.0,3943975,Ejected
0.0001,4284000.0,3943985,Ejected
0.00030027,610000.0,3493376,Ejected
0.0001,2969000.0,2480077,Ejected
0.0001,3809000.0,757946,Ejected
0.00030027,1696000.0,1165362,Ejected
0.00030027,735000.0,1121215,Ejected
0.0001,3862000.0,1509728,Ejected
0.0001,3811000.0,1509761,Ejected
0.0001,2836000.0,3140316,Ejected
0.0001,2637000.0,1509769,Ejected
0.0001,3770000.0,2294307,Ejected
0.0001,3083000.0,3604615,Ejected
0.0001,2333000.0,757944,Ejected
0.0001,4678000.0,2294308,Ejected
0.0001,3459000.0,3140317,Ejected
0.00030027,596000.0,2723421,Captured
0.0001,2723000.0,2294340,Ejected
0.0001,4198000.0,2480081,Ejected
0.00030027,571000.0,2509432,Ejected
0.0001,4728000.0,3140302,Ejected
0.00030027,674000.0,1508930,Ejected
0.0001,1183000.0,4038880,Ejected
0.0001,2793000.0,2480078,Ejected
0.0001,1759000.0,1509721,Ejected
0.0001,3305000.0,339402,Ejected
0.0001,4154000.0,2294289,Ejected
0.00030027,984000.0,2988670,Ejected
0.0001,3843000.0,2294276,Ejected
0.0001,4245000.0,757947,Ejected
0.00030027,758000.0,2966838,Ejected
0.0001,3259000.0,1509760,Ejected
0.0001,3585000.0,3943946,Ejected
0.0001,3440000.0,1258004,Ejected
0.0001,3990000.0,2294288,Ejected
0.00030027,746000.0,2988671,Captured
0.00030027,946000.0,2227790,Ejected
0.0001,3598000.0,3943948,Ejected
0.0001,3866000.0,2294334,Ejected
0.0001,2971000.0,2294310,Ejected
0.00030027,1338000.0,3493380,Ejected
0.0001,4444000.0,2640267,Ejected
0.00030027,1192000.0,2723430,Ejected
0.0001,3542000.0,3943941,Ejected
0.0001,2634000.0,4038873,Ejected
0.0001,3508000.0,2480062,Ejected
0.0001,3342000.0,2640269,Ejected
0.0001,2788000.0,4038874,Ejected
0.00030027,2733000.0,2966833,Ejected
0.00030027,1136000.0,2509418,Ejected
0.0001,4087000.0,4038895,Ejected
0.0001,4822000.0,2294304,Ejected
0.0001,2711000.0,3604618,Ejected
0.0001,4529000.0,1258005,Ejected
0.00030027,2720000.0,2966836,Ejected
0.0001,4302000.0,1509737,Ejected
0.0001,1975000.0,1258001,Ejected
0.0001,4519000.0,2294287,Ejected
0.0001,2880000.0,3943939,Ejected
0.0001,4177000.0,3943994,Ejected
0.0001,4993000.0,4038888,Ejected
0.00030027,2523000.0,2924716,Ejected
0.0001,3278000.0,757945,Ejected
0.0001,4140000.0,4038885,Ejected
0.0001,2468000.0,1258024,Ejected
0.0001,4047000.0,1509717,Ejected
0.00071206,34000.0,3608711,Ejected
0.00071206,38000.0,3608672,Ejected
0.00071206,25000.0,2724591,Ejected
0.00071206,40000.0,1181399,Ejected
0.00071206,71000.0,2486291,Ejected
0.00071206,172000.0,3608669,Ejected
0.00071206,59000.0,3846729,Ejected
0.00071206,37000.0,2724588,Ejected
0.00071206,34000.0,1181357,Ejected
0.00071206,28000.0,2724585,Ejected
0.00071206,27000.0,1122413,Ejected
0.00071206,21000.0,2989822,Ejected
0.00071206,21000.0,2724605,Ejected
0.00071206,43000.0,2486301,Ejected
0.00071206,37000.0,2486287,Ejected
0.00071206,27000.0,3496733,Ejected
0.00071206,26000.0,2968281,Ejected
0.00071206,37000.0,2968284,Ejected
0.00071206,58000.0,2968285,Ejected
0.00071206,44000.0,2724620,Ejected
0.00071206,186000.0,2724583,Ejected
0.00071206,41000.0,1122422,Ejected
0.00071206,78000.0,473753,Ejected
0.00071206,138000.0,2968311,Ejected
0.00071206,22000.0,3956043,Ejected
0.00071206,33000.0,2486288,Ejected
0.00071206,75000.0,1181393,Ejected
0.00071206,126000.0,2968297,Ejected
0.00071206,39000.0,2989803,Ejected
0.00071206,33000.0,1512700,Ejected
0.00071206,43000.0,1181385,Ejected
0.00071206,113000.0,1181410,Ejected
0.00071206,91000.0,2724616,Ejected
0.00071206,65000.0,2486286,Ejected
0.00071206,33000.0,1122426,Ejected
0.00071206,31000.0,3608675,Ejected
0.00071206,57000.0,2968295,Ejected
0.00071206,103000.0,2727177,Ejected
0.00071206,42000.0,2989828,Ejected
0.00071206,78000.0,3496749,Ejected
0.00071206,4000.0,2511283,Captured
0.00071206,66000.0,1512705,Ejected
0.00071206,70000.0,2989820,Ejected
0.00071206,58000.0,3496738,Ejected
0.00071206,66000.0,2989794,Ejected
0.00071206,56000.0,2927964,Ejected
0.00071206,51000.0,3683916,Ejected
0.00071206,25000.0,3608700,Ejected
0.00071206,132000.0,2989807,Ejected
0.00071206,26000.0,3683923,Ejected
0.00071206,43000.0,2486302,Ejected
0.00071206,84000.0,2486290,Ejected
0.00071206,36000.0,2968282,Ejected
0.00071206,83000.0,473755,Ejected
0.00071206,59000.0,2989819,Ejected
0.00071206,84000.0,2968256,Ejected
0.00071206,34000.0,2724615,Ejected
0.00071206,164000.0,2724571,Ejected
0.00071206,70000.0,473767,Ejected
0.00071206,38000.0,2486293,Ejected
0.00071206,93000.0,3608673,Ejected
0.00071206,90000.0,2724608,Ejected
0.00071206,69000.0,2968309,Ejected
0.00071206,103000.0,3608678,Ejected
0.00071206,184000.0,2724600,Ejected
0.00071206,26000.0,1181383,Ejected
0.00071206,202000.0,320115,Ejected
0.00071206,54000.0,1512708,Ejected
0.00071206,87000.0,2511304,Ejected
0.00071206,68000.0,2511290,Ejected
0.00071206,52000.0,1122425,Ejected
0.00071206,65000.0,2724582,Ejected
0.00071206,72000.0,1181413,Ejected
0.00071206,38000.0,2989815,Ejected
0.00071206,35000.0,1181368,Ejected
0.00071206,57000.0,2486296,Ejected
0.00071206,31000.0,1181400,Ejected
0.00071206,88000.0,2927965,Ejected
0.00071206,33000.0,3608697,Ejected
0.00071206,33000.0,2724596,Ejected
0.00071206,66000.0,2511299,Ejected
0.00071206,36000.0,1512703,Ejected
0.00071206,37000.0,3608679,Ejected
0.00071206,140000.0,2989796,Ejected
0.00071206,68000.0,2486289,Ejected
0.00071206,48000.0,1122418,Ejected
0.00071206,54000.0,2927970,Ejected
0.00071206,56000.0,2927959,Ejected
0.00071206,62000.0,2927961,Ejected
0.00071206,42000.0,3956051,Ejected
0.00071206,34000.0,3956041,Ejected
0.00071206,56000.0,2968272,Ejected
0.00071206,45000.0,3608686,Ejected
0.00071206,66000.0,2927956,Ejected
0.00071206,93000.0,3608666,Ejected
0.00071206,46000.0,3683906,Ejected
0.00071206,60000.0,2989799,Ejected
0.00071206,44000.0,1181416,Ejected
0.00071206,50000.0,3608683,Ejected
0.00071206,115000.0,2968269,Ejected
0.00071206,50000.0,1181397,Ejected
0.00071206,55000.0,1181361,Ejected
0.00071206,117000.0,3608695,Ejected
0.00071206,157000.0,3846728,Ejected
0.00071206,52000.0,2989790,Ejected
0.00071206,37000.0,2989793,Ejected
0.00071206,67000.0,1181378,Ejected
0.00071206,109000.0,3846734,Ejected
0.00071206,95000.0,2511297,Ejected
0.00071206,97000.0,2989792,Ejected
0.00071206,59000.0,2511285,Ejected
0.00071206,131000.0,2927955,Ejected
0.00071206,24000.0,2968316,Ejected
0.00071206,61000.0,1181370,Ejected
0.00071206,75000.0,3683925,Ejected
0.00071206,44000.0,2989824,Ejected
0.00071206,46000.0,1181396,Ejected
0.00071206,158000.0,3608698,Ejected
0.00071206,58000.0,2724590,Ejected
0.00071206,96000.0,2968299,Ejected
0.00071206,77000.0,2486297,Ejected
0.00071206,78000.0,2511314,Ejected
0.00071206,121000.0,2968312,Ejected
0.00071206,49000.0,2511316,Ejected
0.00071206,33000.0,2968286,Ejected
0.00071206,78000.0,2724603,Ejected
0.00071206,123000.0,2511298,Ejected
0.00071206,99000.0,1512699,Ejected
0.00071206,74000.0,3683910,Ejected
0.00071206,113000.0,2511286,Ejected
0.00071206,114000.0,2511281,Ejected
0.00071206,39000.0,2968265,Ejected
0.00071206,292000.0,473762,Ejected
0.00071206,35000.0,2989834,Ejected
0.00071206,49000.0,1181408,Ejected
0.00071206,58000.0,2989817,Ejected
0.00071206,124000.0,1181356,Ejected
0.00071206,78000.0,1181392,Ejected
0.00071206,39000.0,3608687,Ejected
0.00071206,66000.0,3608710,Ejected
0.00071206,50000.0,1181405,Ejected
0.00071206,81000.0,3496743,Ejected
0.00071206,144000.0,2511317,Ejected
0.00071206,92000.0,3496744,Ejected
0.00071206,132000.0,3608670,Ejected
0.00071206,68000.0,2511275,Ejected
0.00071206,100000.0,2511307,Ejected
0.00071206,125000.0,3956049,Ejected
0.00071206,73000.0,2511284,Ejected
0.00071206,53000.0,3608688,Ejected
0.00071206,68000.0,2968306,Ejected
0.00071206,114000.0,2989806,Ejected
0.00071206,90000.0,1181372,Ejected
0.00071206,60000.0,2968278,Ejected
0.00071206,88000.0,2989832,Ejected
0.00071206,55000.0,2968302,Ejected
0.00071206,106000.0,1512697,Ejected
0.00071206,98000.0,2724594,Ejected
0.00071206,81000.0,3496753,Ejected
0.00071206,173000.0,1512709,Ejected
0.00071206,53000.0,2989798,Ejected
0.00071206,100000.0,2968257,Ejected
0.00071206,117000.0,3608690,Ejected
0.00071206,66000.0,3956045,Ejected
0.00071206,187000.0,473754,Ejected
0.00071206,51000.0,2968308,Ejected
0.00071206,148000.0,1181426,Ejected
0.00071206,95000.0,2968307,Ejected
0.00071206,110000.0,1181411,Ejected
0.00071206,105000.0,2511293,Ejected
0.00071206,130000.0,1122412,Ejected
0.00071206,77000.0,2989804,Ejected
0.00071206,69000.0,3496745,Ejected
0.00071206,58000.0,1181388,Ejected
0.00071206,77000.0,2968262,Ejected
0.00071206,58000.0,3956048,Ejected
0.00071206,80000.0,1181362,Ejected
0.00071206,51000.0,2989826,Ejected
0.00071206,80000.0,2511296,Ejected
0.00071206,76000.0,2968268,Ejected
0.00071206,91000.0,1122411,Ejected
0.00071206,63000.0,2989808,Ejected
0.00071206,183000.0,3608691,Ejected
0.00071206,177000.0,2724581,Ejected
0.00071206,88000.0,2511273,Ejected
0.00071206,123000.0,3496739,Ejected
0.00071206,72000.0,2968260,Ejected
0.00071206,111000.0,3683927,Ejected
0.00071206,204000.0,3683920,Ejected
0.00071206,86000.0,3956044,Ejected
0.00071206,70000.0,2724575,Ejected
0.00071206,74000.0,2989787,Ejected
0.00071206,98000.0,1512698,Ejected
0.00071206,125000.0,2968275,Ejected
0.00071206,117000.0,2724601,Ejected
0.00071206,118000.0,2968289,Ejected
0.00071206,55000.0,2968317,Ejected
0.00071206,82000.0,3496740,Ejected
0.00071206,76000.0,2724606,Ejected
0.00071206,52000.0,3608677,Ejected
0.00071206,294000.0,2968294,Ejected
0.00071206,59000.0,3496732,Ejected
0.00071206,120000.0,2511303,Ejected
0.00071206,116000.0,2511291,Ejected
0.00071206,75000.0,1181364,Ejected
0.00071206,100000.0,2968267,Ejected
0.00071206,169000.0,3496755,Ejected
0.00071206,206000.0,3608703,Ejected
0.00071206,132000.0,2724587,Ejected
0.00071206,133000.0,2724574,Ejected
0.00071206,129000.0,2724573,Ejected
0.00071206,362000.0,1181401,Ejected
0.00071206,110000.0,1181367,Ejected
0.00071206,94000.0,2724584,Ejected
0.00071206,266000.0,2968271,Ejected
0.00071206,48000.0,2989795,Ejected
0.00071206,193000.0,2511305,Ejected
0.00071206,182000.0,1181373,Ejected
0.00071206,173000.0,3683912,Ejected
0.00071206,86000.0,2968290,Ejected
0.00071206,91000.0,2511310,Ejected
0.00071206,83000.0,2724589,Ejected
0.00071206,104000.0,2927969,Ejected
0.00071206,59000.0,2724569,Ejected
0.00071206,162000.0,1181419,Ejected
0.00071206,157000.0,3683911,Ejected
0.00071206,207000.0,2486300,Ejected
0.00071206,117000.0,3683924,Ejected
0.00071206,67000.0,3608668,Ejected
0.00071206,94000.0,2727179,Ejected
0.00071206,77000.0,1181387,Ejected
0.00071206,88000.0,3683909,Ejected
0.00071206,184000.0,1181407,Ejected
0.00071206,78000.0,2727178,Ejected
0.00071206,223000.0,2989823,Ejected
0.00071206,109000.0,2968292,Ejected
0.00071206,148000.0,2989813,Ejected
0.00071206,94000.0,3683926,Ejected
0.00071206,156000.0,2511320,Ejected
0.00071206,158000.0,2968310,Ejected
0.00071206,136000.0,2989812,Ejected
0.00071206,271000.0,473759,Ejected
0.00071206,207000.0,1181389,Ejected
0.00071206,103000.0,1181398,Ejected
0.00071206,184000.0,1512707,Ejected
0.00071206,103000.0,1512695,Ejected
0.00071206,104000.0,1181384,Ejected
0.00071206,318000.0,3683917,Ejected
0.00071206,159000.0,3608664,Ejected
0.00071206,73000.0,2724619,Ejected
0.00071206,93000.0,2968264,Ejected
0.00071206,190000.0,1181359,Ejected
0.00071206,87000.0,1181365,Ejected
0.00071206,96000.0,2724599,Ejected
0.00071206,150000.0,2927966,Ejected
0.00071206,134000.0,473761,Ejected
0.00071206,156000.0,2724593,Ejected
0.00071206,150000.0,3608676,Ejected
0.00071206,144000.0,3496751,Ejected
0.00071206,99000.0,3956039,Ejected
0.00071206,105000.0,2486303,Ejected
0.00071206,114000.0,2989827,Ejected
0.00071206,159000.0,473760,Ejected
0.00071206,159000.0,1181395,Ejected
0.00071206,301000.0,2724609,Ejected
0.00071206,571000.0,2989825,Ejected
0.00071206,132000.0,1512701,Ejected
0.00071206,211000.0,3683905,Ejected
0.00071206,137000.0,3846730,Ejected
0.00071206,291000.0,2968276,Ejected
0.00071206,176000.0,3846733,Ejected
0.00071206,191000.0,1181420,Ejected
0.00071206,116000.0,2927957,Ejected
0.00071206,203000.0,3683904,Ejected
0.00071206,492000.0,3683907,Ejected
0.00071206,211000.0,1181394,Ejected
0.00071206,208000.0,2724607,Ejected
0.00071206,240000.0,2968255,Ejected
0.00071206,181000.0,3956047,Ejected
0.00071206,140000.0,1512696,Ejected
0.00071206,245000.0,2968300,Ejected
0.00071206,683000.0,2989833,Ejected
0.00071206,394000.0,2511306,Ejected
0.00071206,515000.0,3608667,Ejected
0.00168856,0.0,2487555,Captured
0.00168856,0.0,3684681,Captured
0.00168856,18000.0,3684663,Ejected
0.00168856,144000.0,3684671,Ejected
0.00168856,38000.0,3684666,Ejected
0.00168856,39000.0,3684679,Ejected
0.00168856,12000.0,2504318,Ejected
0.00168856,15000.0,2487557,Ejected
0.00168856,18000.0,2504319,Ejected
0.00168856,13000.0,3497781,Ejected
0.00168856,9000.0,3684674,Ejected
0.00168856,46000.0,3497800,Ejected
0.00168856,16000.0,2504316,Ejected
0.00168856,20000.0,3497794,Ejected
0.00168856,10000.0,3610308,Ejected
0.00168856,9000.0,2728764,Ejected
0.00168856,21000.0,2487548,Ejected
0.00168856,22000.0,3610349,Ejected
0.00168856,15000.0,3497791,Ejected
0.00168856,9000.0,2969640,Ejected
0.00168856,7000.0,2991166,Ejected
0.00168856,17000.0,2991168,Ejected
0.00168856,19000.0,2487558,Ejected
0.00168856,14000.0,2725754,Ejected
0.00168856,10000.0,2725755,Ejected
0.00168856,15000.0,1182830,Ejected
0.00168856,12000.0,1182835,Ejected
0.00168856,13000.0,3684686,Ejected
0.00168856,11000.0,2725762,Ejected
0.00168856,26000.0,2725767,Ejected
0.00168856,11000.0,3497779,Ejected
0.00168856,33000.0,2969627,Ejected
0.00168856,16000.0,2512694,Ejected
0.00168856,8000.0,3684683,Ejected
0.00168856,38000.0,2969679,Ejected
0.00168856,7000.0,2991134,Ejected
0.00168856,22000.0,2969682,Ejected
0.00168856,29000.0,2725731,Ejected
0.00168856,29000.0,2969637,Ejected
0.00168856,14000.0,2969659,Ejected
0.00168856,19000.0,2991140,Ejected
0.00168856,19000.0,2969633,Ejected
0.00168856,16000.0,2512701,Ejected
0.00168856,16000.0,2512725,Ejected
0.00168856,51000.0,2728765,Ejected
0.00168856,36000.0,3684682,Ejected
0.00168856,21000.0,1182843,Ejected
0.00168856,10000.0,3497784,Ejected
0.00168856,12000.0,2512699,Ejected
0.00168856,17000.0,2991138,Ejected
0.00168856,10000.0,2725769,Ejected
0.00168856,22000.0,2969639,Ejected
0.00168856,10000.0,3610306,Ejected
0.00168856,20000.0,1182839,Ejected
0.00168856,13000.0,2991132,Ejected
0.00168856,44000.0,2725761,Ejected
0.00168856,19000.0,1182797,Ejected
0.00168856,18000.0,2725726,Ejected
0.00168856,15000.0,2969630,Ejected
0.00168856,11000.0,3684678,Ejected
0.00168856,11000.0,3497787,Ejected
0.00168856,67000.0,2728763,Ejected
0.00168856,12000.0,3610317,Ejected
0.00168856,20000.0,2991155,Ejected
0.00168856,34000.0,3684680,Ejected
0.00168856,45000.0,2969625,Ejected
0.00168856,18000.0,2725766,Ejected
0.00168856,21000.0,3497783,Ejected
0.00168856,19000.0,1182837,Ejected
0.00168856,23000.0,3610310,Ejected
0.00168856,11000.0,2487551,Ejected
0.00168856,93000.0,2512716,Ejected
0.00168856,15000.0,3497773,Ejected
0.00168856,31000.0,2512723,Ejected
0.00168856,34000.0,3497788,Ejected
0.00168856,19000.0,1182806,Ejected
0.00168856,29000.0,1182814,Ejected
0.00168856,18000.0,2725728,Ejected
0.00168856,38000.0,2725742,Ejected
0.00168856,20000.0,3610309,Ejected
0.00168856,48000.0,1182844,Ejected
0.00168856,17000.0,1182865,Ejected
0.00168856,16000.0,2991162,Ejected
0.00168856,70000.0,2969683,Ejected
0.00168856,14000.0,3610314,Ejected
0.00168856,77000.0,2512738,Ejected
0.00168856,49000.0,2991180,Ejected
0.00168856,16000.0,2991156,Ejected
0.00168856,29000.0,2991186,Ejected
0.00168856,16000.0,2969657,Ejected
0.00168856,37000.0,3684684,Ejected
0.00168856,32000.0,3610337,Ejected
0.00168856,21000.0,3610345,Ejected
0.00168856,17000.0,2725753,Ejected
0.00168856,26000.0,1182819,Ejected
0.00168856,72000.0,2991183,Ejected
0.00168856,17000.0,2991142,Ejected
0.00168856,50000.0,2969670,Ejected
0.00168856,13000.0,2512704,Ejected
0.00168856,29000.0,3610322,Ejected
0.00168856,17000.0,3497796,Ejected
0.00168856,67000.0,1182801,Ejected
0.00168856,17000.0,3497799,Ejected
0.00168856,50000.0,2725741,Ejected
0.00168856,19000.0,2725773,Ejected
0.00168856,19000.0,2725743,Ejected
0.00168856,13000.0,1182840,Ejected
0.00168856,12000.0,1182842,Ejected
0.00168856,31000.0,2512708,Ejected
0.00168856,25000.0,1182854,Ejected
0.00168856,39000.0,2725730,Ejected
0.00168856,30000.0,2487550,Ejected
0.00168856,11000.0,1182821,Ejected
0.00168856,12000.0,2512709,Ejected
0.00168856,12000.0,2725758,Ejected
0.00168856,12000.0,2969662,Ejected
0.00168856,31000.0,2969664,Ejected
0.00168856,15000.0,2725770,Ejected
0.00168856,23000.0,2725734,Ejected
0.00168856,10000.0,1182848,Ejected
0.00168856,17000.0,2991174,Ejected
0.00168856,58000.0,2969649,Ejected
0.00168856,52000.0,3610341,Ejected
0.00168856,36000.0,2991145,Ejected
0.00168856,22000.0,2512706,Ejected
0.00168856,13000.0,2512698,Ejected
0.00168856,22000.0,2487549,Ejected
0.00168856,19000.0,3497795,Ejected
0.00168856,16000.0,2991141,Ejected
0.00168856,57000.0,2725745,Ejected
0.00168856,16000.0,2969651,Ejected
0.00168856,20000.0,2512732,Ejected
0.00168856,19000.0,2725759,Ejected
0.00168856,14000.0,2725763,Ejected
0.00168856,18000.0,2969685,Ejected
0.00168856,27000.0,2969669,Ejected
0.00168856,23000.0,2969667,Ejected
0.00168856,13000.0,2991151,Ejected
0.00168856,23000.0,3610340,Ejected
0.00168856,40000.0,1182798,Ejected
0.00168856,17000.0,3610323,Ejected
0.00168856,19000.0,2512726,Ejected
0.00168856,27000.0,3497789,Ejected
0.00168856,12000.0,1182826,Ejected
0.00168856,144000.0,1182855,Ejected
0.00168856,13000.0,3610327,Ejected
0.00168856,21000.0,2991181,Ejected
0.00168856,19000.0,1182809,Ejected
0.00168856,30000.0,2512724,Ejected
0.00168856,20000.0,1182825,Ejected
0.00168856,16000.0,1182859,Ejected
0.00168856,25000.0,1182816,Ejected
0.00168856,81000.0,1182817,Ejected
0.00168856,27000.0,2512711,Ejected
0.00168856,12000.0,2969661,Ejected
0.00168856,37000.0,3684672,Ejected
0.00168856,22000.0,2725764,Ejected
0.00168856,25000.0,3610318,Ejected
0.00168856,17000.0,2991148,Ejected
0.00168856,31000.0,2969665,Ejected
0.00168856,13000.0,2725749,Ejected
0.00168856,18000.0,1182851,Ejected
0.00168856,22000.0,1182833,Ejected
0.00168856,22000.0,2991144,Ejected
0.00168856,24000.0,2991158,Ejected
0.00168856,105000.0,2969650,Ejected
0.00168856,19000.0,1182850,Ejected
0.00168856,22000.0,3497778,Ejected
0.00168856,12000.0,3610338,Ejected
0.00168856,22000.0,2969644,Ejected
0.00168856,46000.0,3497785,Ejected
0.00168856,51000.0,2512695,Ejected
0.00168856,18000.0,2512712,Ejected
0.00168856,92000.0,3610312,Ejected
0.00168856,19000.0,2725724,Ejected
0.00168856,32000.0,1182795,Ejected
0.00168856,144000.0,2991137,Ejected
0.00168856,26000.0,3684664,Ejected
0.00168856,28000.0,2725771,Ejected
0.00168856,22000.0,1182836,Ejected
0.00168856,25000.0,2991135,Ejected
0.00168856,92000.0,2991146,Ejected
0.00168856,61000.0,2969681,Ejected
0.00168856,39000.0,2512689,Ejected
0.00168856,35000.0,2512697,Ejected
0.00168856,15000.0,2969668,Ejected
0.00168856,33000.0,2969666,Ejected
0.00168856,12000.0,3497790,Ejected
0.00168856,53000.0,1182828,Ejected
0.00168856,55000.0,3610313,Ejected
0.00168856,44000.0,2512729,Ejected
0.00168856,45000.0,2991173,Ejected
0.00168856,22000.0,2725756,Ejected
0.00168856,20000.0,3497780,Ejected
0.00168856,18000.0,2991167,Ejected
0.00168856,19000.0,2512714,Ejected
0.00168856,28000.0,2512685,Ejected
0.00168856,37000.0,2487552,Ejected
0.00168856,56000.0,2991153,Ejected
0.00168856,29000.0,2969626,Ejected
0.00168856,59000.0,1182811,Ejected
0.00168856,23000.0,2991157,Ejected
0.00168856,96000.0,1182849,Ejected
0.00168856,27000.0,2725751,Ejected
0.00168856,32000.0,2487544,Ejected
0.00168856,22000.0,1182804,Ejected
0.00168856,14000.0,2512696,Ejected
0.00168856,30000.0,1182820,Ejected
0.00168856,48000.0,2512687,Ejected
0.00168856,36000.0,2991164,Ejected
0.00168856,80000.0,3610328,Ejected
0.00168856,109000.0,2991154,Ejected
0.00168856,33000.0,2725760,Ejected
0.00168856,54000.0,2969673,Ejected
0.00168856,59000.0,2991150,Ejected
0.00168856,35000.0,2725727,Ejected
0.00168856,33000.0,2512721,Ejected
0.00168856,43000.0,2512719,Ejected
0.00168856,32000.0,3610344,Ejected
0.00168856,17000.0,2969624,Ejected
0.00168856,26000.0,2512733,Ejected
0.00168856,99000.0,2991170,Ejected
0.00168856,29000.0,3497801,Ejected
0.00168856,22000.0,2969678,Ejected
0.00168856,31000.0,3497797,Ejected
0.00168856,71000.0,2991184,Ejected
0.00168856,47000.0,2969634,Ejected
0.00168856,62000.0,1182863,Ejected
0.00168856,77000.0,2725744,Ejected
0.00168856,19000.0,1182829,Ejected
0.00168856,226000.0,2512722,Ejected
0.00168856,100000.0,1182812,Ejected
0.00168856,24000.0,2991175,Ejected
0.00168856,18000.0,1182864,Ejected
0.00168856,49000.0,2512728,Ejected
0.00168856,13000.0,474404,Ejected
0.00168856,15000.0,474412,Ejected
0.00168856,21000.0,474407,Ejected
0.00168856,21000.0,474413,Ejected
0.00168856,44000.0,2512710,Ejected
0.00168856,42000.0,3497786,Ejected
0.00168856,64000.0,2969631,Ejected
0.00168856,15000.0,2928887,Ejected
0.00168856,105000.0,2512693,Ejected
0.00168856,11000.0,474406,Ejected
0.00168856,38000.0,2512717,Ejected
0.00168856,81000.0,2512686,Ejected
0.00168856,23000.0,2512705,Ejected
0.00168856,6000.0,2725757,Captured
0.00168856,6000.0,1123200,Ejected
0.00168856,15000.0,2928881,Ejected
0.00168856,13000.0,1123196,Ejected
0.00168856,19000.0,1123204,Ejected
0.00168856,26000.0,2928888,Ejected
0.00168856,13000.0,2928880,Ejected
0.00168856,71000.0,320590,Ejected
0.00168856,23000.0,2928897,Ejected
0.00168856,34000.0,2928883,Ejected
0.00168856,32000.0,1123203,Ejected
0.00168856,16000.0,474418,Ejected
0.00168856,11000.0,474417,Ejected
0.00168856,28000.0,474415,Ejected
0.00168856,24000.0,2928886,Ejected
0.00168856,18000.0,2928877,Ejected
0.00168856,25000.0,2991172,Ejected
0.00168856,52000.0,2969645,Ejected
0.00168856,28000.0,2928894,Ejected
0.00168856,13000.0,1123194,Ejected
0.00168856,16000.0,2928874,Ejected
0.00168856,25000.0,2969628,Ejected
0.00168856,73000.0,1123201,Ejected
0.00168856,37000.0,1123190,Ejected
0.00168856,12000.0,2928875,Ejected
0.00168856,57000.0,1123198,Ejected
0.00168856,28000.0,1123197,Ejected
0.00168856,20000.0,1123195,Ejected
0.00168856,69000.0,2928884,Ejected
0.00168856,20000.0,2928879,Ejected
0.00168856,23000.0,2487545,Ejected
0.00168856,25000.0,1123202,Ejected
0.00168856,39000.0,2969632,Ejected
0.00168856,35000.0,2928892,Ejected
0.00168856,28000.0,2512730,Ejected
0.00168856,38000.0,474409,Ejected
0.00168856,34000.0,1123189,Ejected
0.00168856,39000.0,320588,Ejected
0.00168856,11000.0,2776049,Ejected
0.00168856,15000.0,2776047,Ejected
0.00168856,19000.0,2776046,Ejected
0.00168856,18000.0,2776044,Ejected
0.00168856,36000.0,2776042,Ejected
0.00168856,29000.0,2776045,Ejected
0.00168856,84000.0,2969686,Ejected
0.00168856,37000.0,320589,Ejected
0.00168856,37000.0,3610324,Ejected
0.00168856,44000.0,1182856,Ejected
0.00168856,64000.0,2928891,Ejected
0.00168856,94000.0,1182800,Ejected
0.00168856,81000.0,2969654,Ejected
0.00168856,69000.0,2504317,Ejected
0.00168856,266000.0,1182846,Ejected
0.00400422,12000.0,2729967,Ejected
0.00400422,12000.0,2504843,Ejected
0.00400422,14000.0,3685443,Ejected
0.00400422,7000.0,2504842,Ejected
0.00400422,15000.0,2488614,Ejected
0.00400422,6000.0,3685427,Ejected
0.00400422,16000.0,2729969,Ejected
0.00400422,7000.0,2488619,Ejected
0.00400422,8000.0,3685437,Ejected
0.00400422,13000.0,2504844,Ejected
0.00400422,5000.0,3685441,Ejected
0.00400422,15000.0,2488607,Ejected
0.00400422,10000.0,2504845,Ejected
0.00400422,6000.0,3685434,Ejected
0.00400422,6000.0,2488608,Ejected
0.00400422,9000.0,2729965,Ejected
0.00400422,10000.0,2726926,Ejected
0.00400422,15000.0,2726934,Ejected
0.00400422,7000.0,3498645,Ejected
0.00400422,19000.0,3498652,Ejected
0.00400422,22000.0,3498654,Ejected
0.00400422,7000.0,3498672,Ejected
0.00400422,17000.0,2726908,Ejected
0.00400422,76000.0,2488605,Ejected
0.00400422,4000.0,3498648,Ejected
0.00400422,7000.0,2726909,Ejected
0.00400422,6000.0,2970955,Ejected
0.00400422,4000.0,3498661,Ejected
0.00400422,17000.0,3685421,Ejected
0.00400422,18000.0,3611658,Ejected
0.00400422,5000.0,3611659,Ejected
0.00400422,10000.0,3685424,Ejected
0.00400422,25000.0,2970953,Ejected
0.00400422,6000.0,3611657,Ejected
0.00400422,8000.0,2971003,Ejected
0.00400422,7000.0,2726946,Ejected
0.00400422,8000.0,2726914,Ejected
0.00400422,7000.0,2726924,Ejected
0.00400422,6000.0,3498671,Ejected
0.00400422,6000.0,2726928,Ejected
0.00400422,6000.0,2970983,Ejected
0.00400422,9000.0,1184290,Ejected
0.00400422,12000.0,2726945,Ejected
0.00400422,10000.0,2726951,Ejected
0.00400422,8000.0,2726916,Ejected
0.00400422,9000.0,2726950,Ejected
0.00400422,11000.0,2970981,Ejected
0.00400422,27000.0,3611650,Ejected
0.00400422,7000.0,2970968,Ejected
0.00400422,8000.0,2726947,Ejected
0.00400422,10000.0,2726911,Ejected
0.00400422,4000.0,2992355,Ejected
0.00400422,0.0,2992364,Captured
0.00400422,11000.0,2726906,Ejected
0.00400422,24000.0,2726937,Ejected
0.00400422,13000.0,3611674,Ejected
0.00400422,10000.0,3611660,Ejected
0.00400422,12000.0,2970982,Ejected
0.00400422,12000.0,2726922,Ejected
0.00400422,5000.0,2992341,Ejected
0.00400422,6000.0,2992365,Ejected
0.00400422,16000.0,2970985,Ejected
0.00400422,8000.0,2488611,Ejected
0.00400422,15000.0,2971008,Ejected
0.00400422,14000.0,2513989,Ejected
0.00400422,16000.0,3498650,Ejected
0.00400422,18000.0,2513988,Ejected
0.00400422,25000.0,2992331,Ejected
0.00400422,6000.0,2992367,Ejected
0.00400422,19000.0,2971001,Ejected
0.00400422,4000.0,1184257,Ejected
0.00400422,6000.0,2513959,Ejected
0.00400422,10000.0,1184251,Ejected
0.00400422,6000.0,2513943,Ejected
0.00400422,51000.0,2513958,Ejected
0.00400422,5000.0,2992371,Ejected
0.00400422,15000.0,2971013,Ejected
0.00400422,21000.0,2970958,Ejected
0.00400422,9000.0,3498653,Ejected
0.00400422,4000.0,2513983,Ejected
0.00400422,5000.0,2992328,Ejected
0.00400422,25000.0,1184255,Ejected
0.00400422,6000.0,2992362,Ejected
0.00400422,8000.0,2970979,Ejected
0.00400422,10000.0,2971010,Ejected
0.00400422,17000.0,3611687,Ejected
0.00400422,5000.0,2726935,Ejected
0.00400422,14000.0,3611691,Ejected
0.00400422,30000.0,1184295,Ejected
0.00400422,8000.0,3611673,Ejected
0.00400422,12000.0,1184268,Ejected
0.00400422,7000.0,2513977,Ejected
0.00400422,8000.0,2726954,Ejected
0.00400422,36000.0,2513980,Ejected
0.00400422,5000.0,2513971,Ejected
0.00400422,5000.0,1184252,Ejected
0.00400422,8000.0,1184267,Ejected
0.00400422,13000.0,1184258,Ejected
0.00400422,7000.0,1184261,Ejected
0.00400422,12000.0,3611676,Ejected
0.00400422,5000.0,1184293,Ejected
0.00400422,14000.0,2970996,Ejected
0.00400422,6000.0,2726949,Ejected
0.00400422,5000.0,2726918,Ejected
0.00400422,15000.0,3611652,Ejected
0.00400422,10000.0,3611692,Ejected
0.00400422,25000.0,3611655,Ejected
0.00400422,104000.0,2513949,Ejected
0.00400422,9000.0,2513937,Ejected
0.00400422,10000.0,1184289,Ejected
0.00400422,6000.0,2513987,Ejected
0.00400422,8000.0,1184248,Ejected
0.00400422,9000.0,2726903,Ejected
0.00400422,11000.0,2488603,Ejected
0.00400422,5000.0,1184238,Ejected
0.00400422,10000.0,2970970,Ejected
0.00400422,7000.0,3498670,Ejected
0.00400422,9000.0,3498657,Ejected
0.00400422,6000.0,2992330,Ejected
0.00400422,28000.0,2726905,Ejected
0.00400422,10000.0,1184260,Ejected
0.00400422,46000.0,2513938,Ejected
0.00400422,11000.0,2513976,Ejected
0.00400422,6000.0,2513935,Ejected
0.00400422,15000.0,2970956,Ejected
0.00400422,10000.0,2970991,Ejected
0.00400422,9000.0,3611693,Ejected
0.00400422,7000.0,2513970,Ejected
0.00400422,5000.0,2970976,Ejected
0.00400422,7000.0,3611662,Ejected
0.00400422,28000.0,2513986,Ejected
0.00400422,16000.0,2726941,Ejected
0.00400422,7000.0,3611680,Ejected
0.00400422,7000.0,2992357,Ejected
0.00400422,9000.0,2971004,Ejected
0.00400422,26000.0,2513953,Ejected
0.00400422,49000.0,2513948,Ejected
0.00400422,6000.0,2970984,Ejected
0.00400422,9000.0,3498674,Ejected
0.00400422,13000.0,2726940,Ejected
0.00400422,7000.0,2992370,Ejected
0.00400422,13000.0,3611686,Ejected
0.00400422,9000.0,3611661,Ejected
0.00400422,6000.0,2513934,Ejected
0.00400422,5000.0,1184227,Ejected
0.00400422,40000.0,1184259,Ejected
0.00400422,13000.0,3611664,Ejected
0.00400422,26000.0,2970964,Ejected
0.00400422,20000.0,2992346,Ejected
0.00400422,9000.0,3611663,Ejected
0.00400422,10000.0,1184241,Ejected
0.00400422,19000.0,2971012,Ejected
0.00400422,7000.0,1184226,Ejected
0.00400422,9000.0,1184225,Ejected
0.00400422,11000.0,2726927,Ejected
0.00400422,12000.0,2513957,Ejected
0.00400422,8000.0,3498667,Ejected
0.00400422,46000.0,2513951,Ejected
0.00400422,15000.0,1184287,Ejected
0.00400422,12000.0,2970995,Ejected
0.00400422,8000.0,2992375,Ejected
0.00400422,17000.0,2513962,Ejected
0.00400422,15000.0,1184273,Ejected
0.00400422,10000.0,2971009,Ejected
0.00400422,10000.0,2726929,Ejected
0.00400422,6000.0,2513967,Ejected
0.00400422,8000.0,3611677,Ejected
0.00400422,12000.0,2726913,Ejected
0.00400422,20000.0,2970993,Ejected
0.00400422,6000.0,2970999,Ejected
0.00400422,8000.0,3498644,Ejected
0.00400422,46000.0,2726912,Ejected
0.00400422,56000.0,2970962,Ejected
0.00400422,9000.0,2971002,Ejected
0.00400422,7000.0,2971014,Ejected
0.00400422,11000.0,3611678,Ejected
0.00400422,11000.0,2726907,Ejected
0.00400422,18000.0,2726936,Ejected
0.00400422,8000.0,1184282,Ejected
0.00400422,25000.0,2513941,Ejected
0.00400422,23000.0,2970997,Ejected
0.00400422,8000.0,1184278,Ejected
0.00400422,20000.0,2513968,Ejected
0.00400422,12000.0,2513974,Ejected
0.00400422,9000.0,2726919,Ejected
0.00400422,13000.0,3611654,Ejected
0.00400422,17000.0,2513963,Ejected
0.00400422,7000.0,2992326,Ejected
0.00400422,34000.0,2992368,Ejected
0.00400422,10000.0,1184286,Ejected
0.00400422,15000.0,2992344,Ejected
0.00400422,9000.0,1184232,Ejected
0.00400422,2000.0,2513985,Captured
0.00400422,11000.0,2513955,Ejected
0.00400422,13000.0,2726943,Ejected
0.00400422,7000.0,2970957,Ejected
0.00400422,17000.0,2513969,Ejected
0.00400422,11000.0,2488604,Ejected
0.00400422,11000.0,1184264,Ejected
0.00400422,26000.0,1184242,Ejected
0.00400422,9000.0,1184253,Ejected
0.00400422,9000.0,1184247,Ejected
0.00400422,18000.0,1184272,Ejected
0.00400422,8000.0,2513939,Ejected
0.00400422,9000.0,1184235,Ejected
0.00400422,12000.0,1184237,Ejected
0.00400422,13000.0,1184245,Ejected
0.00400422,12000.0,2992338,Ejected
0.00400422,15000.0,1184231,Ejected
0.00400422,93000.0,2992340,Ejected
0.00400422,8000.0,2971017,Ejected
0.00400422,35000.0,2726939,Ejected
0.00400422,9000.0,2970998,Ejected
0.00400422,11000.0,1184230,Ejected
0.00400422,16000.0,2970971,Ejected
0.00400422,22000.0,2513945,Ejected
0.00400422,16000.0,2970969,Ejected
0.00400422,29000.0,3685430,Ejected
0.00400422,12000.0,2971006,Ejected
0.00400422,29000.0,3611668,Ejected
0.00400422,48000.0,2992337,Ejected
0.00400422,8000.0,2513946,Ejected
0.00400422,8000.0,2488617,Ejected
0.00400422,6000.0,2992351,Ejected
0.00400422,17000.0,2726923,Ejected
0.00400422,13000.0,2726944,Ejected
0.00400422,16000.0,3498669,Ejected
0.00400422,31000.0,1184269,Ejected
0.00400422,14000.0,2513984,Ejected
0.00400422,25000.0,1184250,Ejected
0.00400422,43000.0,1184288,Ejected
0.00400422,17000.0,3611688,Ejected
0.00400422,44000.0,2929645,Ejected
0.00400422,9000.0,2929635,Ejected
0.00400422,7000.0,2929657,Ejected
0.00400422,37000.0,2929638,Ejected
0.00400422,6000.0,2929641,Ejected
0.00400422,8000.0,2929644,Ejected
0.00400422,25000.0,2929651,Ejected
0.00400422,12000.0,2992350,Ejected
0.00400422,7000.0,2929652,Ejected
0.00400422,35000.0,2929636,Ejected
0.00400422,8000.0,2929648,Ejected
0.00400422,8000.0,1123902,Ejected
0.00400422,8000.0,1123890,Ejected
0.00400422,7000.0,1123891,Ejected
0.00400422,5000.0,1123894,Ejected
0.00400422,5000.0,1123893,Ejected
0.00400422,5000.0,1123895,Ejected
0.00400422,19000.0,2929647,Ejected
0.00400422,10000.0,1123899,Ejected
0.00400422,19000.0,1123896,Ejected
0.00400422,13000.0,2726910,Ejected
0.00400422,8000.0,1123898,Ejected
0.00400422,9000.0,1123900,Ejected
0.00400422,8000.0,1123897,Ejected
0.00400422,9000.0,475055,Ejected
0.00400422,18000.0,3498643,Ejected
0.00400422,10000.0,475062,Ejected
0.00400422,45000.0,2929649,Ejected
0.00400422,6000.0,475061,Ejected
0.00400422,7000.0,475067,Ejected
0.00400422,12000.0,1123905,Ejected
0.00400422,35000.0,475059,Ejected
0.00400422,8000.0,475065,Ejected
0.00400422,11000.0,475066,Ejected
0.00400422,10000.0,2929654,Ejected
0.00400422,9000.0,475060,Ejected
0.00400422,10000.0,475057,Ejected
0.00400422,12000.0,475053,Ejected
0.00400422,13000.0,475063,Ejected
0.00400422,7000.0,321046,Ejected
0.00400422,25000.0,1096344,Ejected
0.00400422,29000.0,321048,Ejected
0.00400422,31000.0,1184244,Ejected
0.00400422,10000.0,1096346,Ejected
0.00400422,10000.0,3685436,Ejected
0.00400422,8000.0,1096345,Ejected
0.00400422,20000.0,321047,Ejected
0.00400422,69000.0,1184233,Ejected
0.00400422,17000.0,2970974,Ejected
0.00400422,83000.0,1184280,Ejected
0.00400422,161000.0,2992334,Ejected
0.00400422,33000.0,2488609,Captured
0.00400422,34000.0,2513978,Captured
0.00400422,53000.0,3611670,Ejected
0.00400422,52000.0,3685438,Captured
0.00400422,52000.0,1184239,Captured
0.00400422,41000.0,2992363,Captured
0.00400422,137000.0,1123904,Ejected
0.00400422,59000.0,3498662,Captured
0.00400422,62000.0,3498655,Captured
0.00400422,67000.0,3498668,Ejected
0.00400422,94000.0,1184279,Captured
0.00400422,106000.0,1184284,Captured
0.0094955,18000.0,3612798,Ejected
0.0094955,13000.0,2489273,Ejected
0.0094955,4000.0,3612803,Ejected
0.0094955,12000.0,2489274,Ejected
0.0094955,4000.0,3612814,Ejected
0.0094955,0.0,2730600,Captured
0.0094955,20000.0,2730595,Ejected
0.0094955,12000.0,2489279,Ejected
0.0094955,6000.0,2730598,Ejected
0.0094955,6000.0,3612801,Ejected
0.0094955,4000.0,3612802,Ejected
0.0094955,8000.0,3612810,Ejected
0.0094955,4000.0,3612806,Ejected
0.0094955,7000.0,2730606,Ejected
0.0094955,9000.0,2730602,Ejected
0.0094955,4000.0,2730599,Ejected
0.0094955,3000.0,3612811,Ejected
0.0094955,4000.0,3612813,Ejected
0.0094955,3000.0,2730594,Ejected
0.0094955,5000.0,2489282,Ejected
0.0094955,4000.0,2489276,Ejected
0.0094955,6000.0,2730604,Ejected
0.0094955,11000.0,2489272,Ejected
0.0094955,4000.0,2730601,Ejected
0.0094955,4000.0,2730596,Ejected
0.0094955,18000.0,2730597,Ejected
0.0094955,5000.0,2730593,Ejected
0.0094955,8000.0,2730605,Ejected
0.0094955,9000.0,2730607,Ejected
0.0094955,7000.0,2489277,Ejected
0.0094955,6000.0,3612805,Ejected
0.0094955,5000.0,2730592,Ejected
0.0094955,6000.0,2489278,Ejected
0.0094955,3000.0,759911,Ejected
0.0094955,5000.0,759900,Ejected
0.0094955,18000.0,759909,Ejected
0.0094955,4000.0,759902,Ejected
0.0094955,11000.0,759913,Ejected
0.0094955,13000.0,759906,Ejected
0.0094955,9000.0,1511051,Ejected
0.0094955,4000.0,1511083,Ejected
0.0094955,13000.0,1511082,Ejected
0.0094955,3000.0,1511077,Ejected
0.0094955,5000.0,1511053,Ejected
0.0094955,6000.0,1511038,Ejected
0.0094955,3000.0,1511084,Ejected
0.0094955,4000.0,1511040,Ejected
0.0094955,4000.0,1511064,Ejected
0.0094955,4000.0,1511049,Ejected
0.0094955,5000.0,1511035,Ejected
0.0094955,5000.0,1511081,Ejected
0.0094955,13000.0,1511037,Ejected
0.0094955,5000.0,1511042,Ejected
0.0094955,8000.0,1511048,Ejected
0.0094955,3000.0,1511071,Ejected
0.0094955,5000.0,1511087,Ejected
0.0094955,3000.0,1511043,Ejected
0.0094955,5000.0,1511070,Ejected
0.0094955,5000.0,759904,Ejected
0.0094955,4000.0,1511036,Ejected
0.0094955,5000.0,759903,Ejected
0.0094955,11000.0,1511066,Ejected
0.0094955,3000.0,1511078,Ejected
0.0094955,3000.0,1511075,Ejected
0.0094955,21000.0,1511033,Ejected
0.0094955,6000.0,1511052,Ejected
0.0094955,7000.0,1511072,Ejected
0.0094955,22000.0,1511074,Ejected
0.0094955,6000.0,1511062,Ejected
0.0094955,6000.0,1511076,Ejected
0.0094955,6000.0,1511045,Ejected
0.0094955,5000.0,3945380,Ejected
0.0094955,0.0,3945385,Captured
0.0094955,3000.0,3945340,Ejected
0.0094955,5000.0,3945375,Ejected
0.0094955,3000.0,3945357,Ejected
0.0094955,3000.0,3945347,Ejected
0.0094955,4000.0,3945383,Ejected
0.0094955,4000.0,3945346,Ejected
0.0094955,35000.0,3945371,Ejected
0.0094955,5000.0,3945376,Ejected
0.0094955,5000.0,3945374,Ejected
0.0094955,4000.0,3945373,Ejected
0.0094955,4000.0,3945390,Ejected
0.0094955,4000.0,3945341,Ejected
0.0094955,4000.0,3945335,Ejected
0.0094955,6000.0,1511039,Ejected
0.0094955,39000.0,1511063,Ejected
0.0094955,11000.0,3945382,Ejected
0.0094955,4000.0,1511047,Ejected
0.0094955,9000.0,3945368,Ejected
0.0094955,3000.0,1263899,Ejected
0.0094955,4000.0,1263884,Ejected
0.0094955,4000.0,1263898,Ejected
0.0094955,7000.0,1263900,Ejected
0.0094955,12000.0,1263906,Ejected
0.0094955,21000.0,1263886,Ejected
0.0094955,3000.0,1263871,Ejected
0.0094955,8000.0,1263907,Ejected
0.0094955,6000.0,1263854,Ejected
0.0094955,3000.0,1263873,Ejected
0.0094955,7000.0,1263901,Ejected
0.0094955,7000.0,1263860,Ejected
0.0094955,3000.0,1263902,Ejected
0.0094955,15000.0,4040348,Ejected
0.0094955,3000.0,4040360,Ejected
0.0094955,4000.0,4040321,Ejected
0.0094955,5000.0,4040328,Ejected
0.0094955,3000.0,4040337,Ejected
0.0094955,6000.0,4040300,Ejected
0.0094955,4000.0,4040332,Ejected
0.0094955,12000.0,4040302,Ejected
0.0094955,5000.0,4040305,Ejected
0.0094955,6000.0,4040324,Ejected
0.0094955,11000.0,4040334,Ejected
0.0094955,6000.0,3945355,Ejected
0.0094955,16000.0,4040301,Ejected
0.0094955,3000.0,4040333,Ejected
0.0094955,10000.0,3945358,Ejected
0.0094955,6000.0,1263864,Ejected
0.0094955,29000.0,1263858,Ejected
0.0094955,27000.0,4040350,Ejected
0.0094955,6000.0,4040310,Ejected
0.0094955,2000.0,4040322,Ejected
0.0094955,4000.0,4040344,Ejected
0.0094955,10000.0,1263882,Ejected
0.0094955,3000.0,1263867,Ejected
0.0094955,5000.0,4040352,Ejected
0.0094955,9000.0,3945361,Ejected
0.0094955,5000.0,3945359,Ejected
0.0094955,4000.0,3945350,Ejected
0.0094955,7000.0,3945381,Ejected
0.0094955,5000.0,4040342,Ejected
0.0094955,3000.0,1263879,Ejected
0.0094955,3000.0,3945349,Ejected
0.0094955,9000.0,3945379,Ejected
0.0094955,3000.0,1263869,Ejected
0.0094955,4000.0,1263872,Ejected
0.0094955,6000.0,1263881,Ejected
0.0094955,5000.0,4040325,Ejected
0.0094955,4000.0,4040338,Ejected
0.0094955,4000.0,4040326,Ejected
0.0094955,11000.0,4040304,Ejected
0.0094955,4000.0,3945353,Ejected
0.0094955,5000.0,1263905,Ejected
0.0094955,5000.0,4040343,Ejected
0.0094955,10000.0,1263865,Ejected
0.0094955,3000.0,1263880,Ejected
0.0094955,17000.0,4040307,Ejected
0.0094955,3000.0,4040316,Ejected
0.0094955,5000.0,1263852,Ejected
0.0094955,6000.0,3945343,Ejected
0.0094955,3000.0,1263875,Ejected
0.0094955,13000.0,1263894,Ejected
0.0094955,18000.0,4040330,Ejected
0.0094955,7000.0,2630213,Ejected
0.0094955,8000.0,2630257,Ejected
0.0094955,7000.0,2630237,Ejected
0.0094955,4000.0,4040357,Ejected
0.0094955,3000.0,2630196,Ejected
0.0094955,6000.0,2630214,Ejected
0.0094955,7000.0,2630206,Ejected
0.0094955,24000.0,2630261,Ejected
0.0094955,5000.0,3945360,Ejected
0.0094955,5000.0,2630253,Ejected
0.0094955,8000.0,3945345,Ejected
0.0094955,4000.0,4040356,Ejected
0.0094955,7000.0,1511067,Ejected
0.0094955,4000.0,4040323,Ejected
0.0094955,72000.0,1263853,Ejected
0.0094955,8000.0,1263891,Ejected
0.0094955,11000.0,2630236,Ejected
0.0094955,4000.0,2630265,Ejected
0.0094955,7000.0,2630202,Ejected
0.0094955,13000.0,2630242,Ejected
0.0094955,4000.0,1263893,Ejected
0.0094955,42000.0,2630232,Ejected
0.0094955,4000.0,2630211,Ejected
0.0094955,12000.0,1263887,Ejected
0.0094955,7000.0,4040306,Ejected
0.0094955,3000.0,2630235,Ejected
0.0094955,4000.0,2630204,Ejected
0.0094955,7000.0,2630220,Ejected
0.0094955,7000.0,2630248,Ejected
0.0094955,4000.0,4040336,Ejected
0.0094955,4000.0,4040329,Ejected
0.0094955,27000.0,2630258,Ejected
0.0094955,4000.0,2630243,Ejected
0.0094955,5000.0,2630224,Ejected
0.0094955,21000.0,2630230,Ejected
0.0094955,3000.0,2630234,Ejected
0.0094955,8000.0,2630263,Ejected
0.0094955,5000.0,2630221,Ejected
0.0094955,50000.0,1263877,Ejected
0.0094955,4000.0,2630238,Ejected
0.0094955,6000.0,2630205,Ejected
0.0094955,32000.0,2630254,Ejected
0.0094955,5000.0,2630198,Ejected
0.0094955,9000.0,2630239,Ejected
0.0094955,5000.0,2630199,Ejected
0.0094955,8000.0,4040345,Ejected
0.0094955,5000.0,2630256,Ejected
0.0094955,7000.0,2630260,Ejected
0.0094955,4000.0,2630266,Ejected
0.0094955,9000.0,2630264,Ejected
0.0094955,5000.0,4040327,Ejected
0.0094955,7000.0,2630222,Ejected
0.0094955,8000.0,4040355,Ejected
0.0094955,35000.0,3945391,Ejected
0.0094955,5000.0,4040347,Ejected
0.0094955,6000.0,3945338,Ejected
0.0094955,5000.0,4040296,Ejected
0.0094955,3000.0,2630252,Ejected
0.0094955,8000.0,1263904,Ejected
0.0094955,5000.0,4040349,Ejected
0.0094955,8000.0,2630215,Ejected
0.0094955,6000.0,3945331,Ejected
0.0094955,20000.0,2630267,Ejected
0.0094955,4000.0,1263857,Ejected
0.0094955,5000.0,2630208,Ejected
0.0094955,7000.0,1263892,Ejected
0.0094955,5000.0,2630255,Ejected
0.0094955,5000.0,1511050,Ejected
0.0094955,6000.0,3945333,Ejected
0.0094955,6000.0,2630241,Ejected
0.0094955,18000.0,2630259,Ejected
0.0094955,9000.0,1263863,Ejected
0.0094955,40000.0,1511041,Ejected
0.0094955,14000.0,1263876,Ejected
0.0094955,5000.0,344333,Ejected
0.0094955,26000.0,344343,Ejected
0.0094955,10000.0,344340,Ejected
0.0094955,4000.0,344332,Ejected
0.0094955,3000.0,344330,Ejected
0.0094955,5000.0,344338,Ejected
0.0094955,4000.0,344337,Ejected
0.0094955,15000.0,1096912,Ejected
0.0094955,6000.0,344339,Ejected
0.0094955,4000.0,344329,Ejected
0.0094955,7000.0,344334,Ejected
0.0094955,5000.0,3945356,Ejected
0.0094955,5000.0,344342,Ejected
0.0094955,6000.0,3142388,Ejected
0.0094955,15000.0,3142383,Ejected
0.0094955,4000.0,3142376,Ejected
0.0094955,5000.0,3142400,Ejected
0.0094955,5000.0,3142395,Ejected
0.0094955,3000.0,3142396,Ejected
0.0094955,4000.0,3142391,Ejected
0.0094955,3000.0,3142342,Ejected
0.0094955,3000.0,3142393,Ejected
0.0094955,3000.0,3142392,Ejected
0.0094955,4000.0,3142397,Ejected
0.0094955,14000.0,3142379,Ejected
0.0094955,4000.0,3142357,Ejected
0.0094955,21000.0,3142361,Ejected
0.0094955,5000.0,3142351,Ejected
0.0094955,7000.0,3142344,Ejected
0.0094955,18000.0,3142355,Ejected
0.0094955,26000.0,3142341,Ejected
0.0094955,4000.0,3142384,Ejected
0.0094955,4000.0,3142373,Ejected
0.0094955,5000.0,3142370,Ejected
0.0094955,4000.0,3142347,Ejected
0.0094955,9000.0,3142399,Ejected
0.0094955,4000.0,3142381,Ejected
0.0094955,7000.0,3142362,Ejected
0.0094955,3000.0,3142353,Ejected
0.0094955,7000.0,3142348,Ejected
0.0094955,4000.0,3142385,Ejected
0.0094955,5000.0,3142375,Ejected
0.0094955,3000.0,3142354,Ejected
0.0094955,3000.0,3142369,Ejected
0.0094955,13000.0,3142377,Ejected
0.0094955,13000.0,2630233,Captured
0.0094955,3000.0,2019453,Ejected
0.0094955,4000.0,2019438,Ejected
0.0094955,4000.0,2019439,Ejected
0.0094955,4000.0,2019445,Ejected
0.0094955,5000.0,2019465,Ejected
0.0094955,5000.0,2019442,Ejected
0.0094955,4000.0,2019443,Ejected
0.0094955,4000.0,2019452,Ejected
0.0094955,9000.0,2019467,Ejected
0.0094955,9000.0,2019463,Ejected
0.0094955,5000.0,2019468,Ejected
0.0094955,7000.0,2019462,Ejected
0.0094955,5000.0,2019454,Ejected
0.0094955,8000.0,2019448,Ejected
0.0094955,3000.0,2019457,Ejected
0.0094955,7000.0,2019455,Ejected
0.0094955,4000.0,2019458,Ejected
0.0094955,6000.0,3142358,Ejected
0.0094955,5000.0,2019447,Ejected
0.0094955,4000.0,2019451,Ejected
0.0094955,7000.0,3142372,Ejected
0.0094955,16000.0,3142378,Ejected
0.0094955,5000.0,2019450,Ejected
0.0094955,7000.0,2019440,Ejected
0.0094955,8000.0,2019466,Ejected
0.0094955,15000.0,2019461,Ejected
0.0094955,13000.0,2019444,Ejected
0.0094955,32000.0,1511065,Ejected
0.0094955,36000.0,3142343,Ejected
0.0094955,7000.0,3142363,Captured
0.0094955,23000.0,3142386,Captured
0.0094955,46000.0,3142380,Captured
0.030027,8000.0,2731479,Ejected
0.030027,10000.0,2731480,Ejected
0.030027,3000.0,2731482,Ejected
0.030027,3000.0,2731484,Ejected
0.030027,2000.0,2490100,Ejected
0.030027,2000.0,2490098,Ejected
0.030027,2000.0,2490111,Ejected
0.030027,4000.0,2490107,Ejected
0.030027,9000.0,2490116,Ejected
0.030027,3000.0,2490099,Ejected
0.030027,2000.0,2490095,Ejected
0.030027,3000.0,2490094,Ejected
0.030027,2000.0,2490092,Ejected
0.030027,8000.0,2490109,Ejected
0.030027,5000.0,2490108,Ejected
0.030027,3000.0,2490102,Ejected
0.030027,2000.0,2490112,Ejected
0.030027,4000.0,2490117,Ejected
0.030027,5000.0,2490103,Ejected
0.030027,3000.0,2490113,Ejected
0.030027,2000.0,2506064,Ejected
0.030027,4000.0,2506067,Ejected
0.030027,2000.0,2506066,Ejected
0.030027,3000.0,2490089,Ejected
0.030027,2000.0,3613591,Ejected
0.030027,2000.0,3613583,Ejected
0.030027,2000.0,3613562,Ejected
0.030027,2000.0,3613597,Ejected
0.030027,1000.0,3613567,Ejected
0.030027,2000.0,3613598,Ejected
0.030027,2000.0,3613564,Ejected
0.030027,2000.0,3613590,Ejected
0.030027,2000.0,3613588,Ejected
0.030027,3000.0,3613558,Ejected
0.030027,2000.0,3613589,Ejected
0.030027,10000.0,3613578,Ejected
0.030027,3000.0,3613602,Ejected
0.030027,7000.0,3613556,Ejected
0.030027,6000.0,3613593,Ejected
0.030027,2000.0,3613595,Ejected
0.030027,8000.0,3613565,Ejected
0.030027,3000.0,3613572,Ejected
0.030027,3000.0,3613592,Ejected
0.030027,3000.0,3613587,Ejected
0.030027,7000.0,3613580,Ejected
0.030027,2000.0,3613581,Ejected
0.030027,5000.0,3613557,Ejected
0.030027,6000.0,3613577,Ejected
0.030027,3000.0,3613575,Ejected
0.030027,3000.0,2490088,Ejected
0.030027,2000.0,3499527,Ejected
0.030027,7000.0,3499517,Ejected
0.030027,3000.0,3499515,Ejected
0.030027,3000.0,3686182,Ejected
0.030027,2000.0,3499523,Ejected
0.030027,2000.0,3686185,Ejected
0.030027,7000.0,3686184,Ejected
0.030027,3000.0,3499519,Ejected
0.030027,5000.0,3686188,Ejected
0.030027,2000.0,3686194,Ejected
0.030027,3000.0,3686179,Ejected
0.030027,2000.0,3499520,Ejected
0.030027,3000.0,3499513,Ejected
0.030027,7000.0,3686195,Ejected
0.030027,2000.0,3499518,Ejected
0.030027,10000.0,3686172,Ejected
0.030027,7000.0,3686176,Ejected
0.030027,2000.0,3686178,Ejected
0.030027,3000.0,3686180,Ejected
0.030027,3000.0,3499516,Ejected
0.030027,2000.0,2728099,Ejected
0.030027,3000.0,2728075,Ejected
0.030027,2000.0,2728057,Ejected
0.030027,2000.0,2728066,Ejected
0.030027,10000.0,2728059,Ejected
0.030027,7000.0,2728087,Ejected
0.030027,2000.0,2728085,Ejected
0.030027,2000.0,2728081,Ejected
0.030027,3000.0,2728076,Ejected
0.030027,5000.0,2728096,Ejected
0.030027,2000.0,2728071,Ejected
0.030027,4000.0,2728064,Ejected
0.030027,2000.0,2728052,Ejected
0.030027,3000.0,2728056,Ejected
0.030027,7000.0,2728097,Ejected
0.030027,2000.0,2728095,Ejected
0.030027,3000.0,2728089,Ejected
0.030027,6000.0,2728069,Ejected
0.030027,4000.0,2728049,Ejected
0.030027,5000.0,2728073,Ejected
0.030027,7000.0,2728086,Ejected
0.030027,5000.0,2728090,Ejected
0.030027,4000.0,2728065,Ejected
0.030027,4000.0,2728077,Ejected
0.030027,4000.0,2728048,Ejected
0.030027,4000.0,2993514,Ejected
0.030027,3000.0,2993540,Ejected
0.030027,2000.0,2993553,Ejected
0.030027,3000.0,2993550,Ejected
0.030027,3000.0,2993549,Ejected
0.030027,4000.0,2993524,Ejected
0.030027,2000.0,2993538,Ejected
0.030027,2000.0,2993554,Ejected
0.030027,3000.0,2993536,Ejected
0.030027,3000.0,2993530,Ejected
0.030027,2000.0,2993518,Ejected
0.030027,11000.0,2993545,Ejected
0.030027,2000.0,2993552,Ejected
0.030027,9000.0,2993528,Ejected
0.030027,3000.0,2993568,Ejected
0.030027,3000.0,2993527,Ejected
0.030027,2000.0,2993525,Ejected
0.030027,0.0,2993535,Captured
0.030027,3000.0,2993522,Ejected
0.030027,11000.0,2993515,Ejected
0.030027,3000.0,2993532,Ejected
0.030027,3000.0,2993526,Ejected
0.030027,2000.0,2972287,Ejected
0.030027,3000.0,2972285,Ejected
0.030027,4000.0,2972283,Ejected
0.030027,3000.0,2972307,Ejected
0.030027,2000.0,2972330,Ejected
0.030027,2000.0,2972311,Ejected
0.030027,1000.0,2972309,Ejected
0.030027,8000.0,2972325,Ejected
0.030027,4000.0,2972303,Ejected
0.030027,2000.0,2972337,Ejected
0.030027,3000.0,2972315,Ejected
0.030027,2000.0,2972279,Ejected
0.030027,3000.0,2972331,Ejected
0.030027,6000.0,2972343,Ejected
0.030027,2000.0,2972297,Ejected
0.030027,3000.0,2972340,Ejected
0.030027,5000.0,2972342,Ejected
0.030027,2000.0,2972301,Ejected
0.030027,5000.0,2972294,Ejected
0.030027,2000.0,2515207,Ejected
0.030027,2000.0,2515164,Ejected
0.030027,4000.0,2515162,Ejected
0.030027,2000.0,2515187,Ejected
0.030027,2000.0,2515195,Ejected
0.030027,3000.0,2515199,Ejected
0.030027,1000.0,2515189,Ejected
0.030027,2000.0,2515181,Ejected
0.030027,3000.0,2515172,Ejected
0.030027,2000.0,2515180,Ejected
0.030027,2000.0,2515201,Ejected
0.030027,2000.0,2515176,Ejected
0.030027,2000.0,2515161,Ejected
0.030027,3000.0,2515160,Ejected
0.030027,3000.0,2515182,Ejected
0.030027,8000.0,2515188,Ejected
0.030027,7000.0,2972322,Ejected
0.030027,2000.0,2515193,Ejected
0.030027,2000.0,2515178,Ejected
0.030027,3000.0,2972295,Ejected
0.030027,8000.0,2515173,Ejected
0.030027,5000.0,2972328,Ejected
0.030027,2000.0,2972306,Ejected
0.030027,4000.0,2972300,Ejected
0.030027,5000.0,2972312,Ejected
0.030027,2000.0,2515194,Ejected
0.030027,3000.0,2972281,Ejected
0.030027,4000.0,2972298,Ejected
0.030027,4000.0,2515179,Ejected
0.030027,4000.0,2972323,Ejected
0.030027,5000.0,2515169,Ejected
0.030027,7000.0,2972299,Ejected
0.030027,8000.0,2515208,Ejected
0.030027,3000.0,2515184,Ejected
0.030027,5000.0,2515153,Ejected
0.030027,2000.0,2515191,Ejected
0.030027,8000.0,2972310,Ejected
0.030027,3000.0,2515183,Ejected
0.030027,2000.0,1185737,Ejected
0.030027,2000.0,1185743,Ejected
0.030027,12000.0,1185738,Ejected
0.030027,2000.0,1185729,Ejected
0.030027,39000.0,1185690,Ejected
0.030027,2000.0,1185691,Ejected
0.030027,2000.0,1185736,Ejected
0.030027,2000.0,1185745,Ejected
0.030027,2000.0,1185739,Ejected
0.030027,2000.0,1185733,Ejected
0.030027,5000.0,1185735,Ejected
0.030027,2000.0,1185704,Ejected
0.030027,2000.0,1185732,Ejected
0.030027,3000.0,1185696,Ejected
0.030027,3000.0,1185718,Ejected
0.030027,4000.0,1185680,Ejected
0.030027,2000.0,1185697,Ejected
0.030027,2000.0,1185727,Ejected
0.030027,5000.0,2515171,Ejected
0.030027,3000.0,1185747,Ejected
0.030027,3000.0,1185681,Ejected
0.030027,3000.0,2972319,Ejected
0.030027,3000.0,1185717,Ejected
0.030027,3000.0,1185677,Ejected
0.030027,13000.0,1185682,Ejected
0.030027,8000.0,1185714,Ejected
0.030027,3000.0,2515200,Ejected
0.030027,4000.0,2515177,Ejected
0.030027,3000.0,2993547,Ejected
0.030027,6000.0,2515202,Ejected
0.030027,3000.0,1185744,Ejected
0.030027,3000.0,1185683,Ejected
0.030027,2000.0,2515165,Ejected
0.030027,4000.0,1185723,Ejected
0.030027,3000.0,1185706,Ejected
0.030027,2000.0,1185730,Ejected
0.030027,3000.0,2972293,Ejected
0.030027,6000.0,1185694,Ejected
0.030027,3000.0,1185709,Ejected
0.030027,0.0,2515167,Captured
0.030027,3000.0,1185731,Ejected
0.030027,4000.0,3499522,Ejected
0.030027,3000.0,1097485,Ejected
0.030027,4000.0,1185698,Ejected
0.030027,2000.0,1097483,Ejected
0.030027,3000.0,3613568,Ejected
0.030027,8000.0,2993565,Ejected
0.030027,0.0,2930397,Captured
0.030027,2000.0,2930406,Ejected
0.030027,4000.0,2930403,Ejected
0.030027,4000.0,2930391,Ejected
0.030027,7000.0,2930394,Ejected
0.030027,3000.0,2930408,Ejected
0.030027,3000.0,2930401,Ejected
0.030027,6000.0,2930388,Ejected
0.030027,11000.0,2930392,Ejected
0.030027,4000.0,2930387,Ejected
0.030027,3000.0,1124581,Ejected
0.030027,3000.0,1124585,Ejected
0.030027,2000.0,1124579,Ejected
0.030027,2000.0,1124577,Ejected
0.030027,5000.0,1124584,Ejected
0.030027,12000.0,1124572,Ejected
0.030027,3000.0,1124571,Ejected
0.030027,3000.0,1124575,Ejected
0.030027,3000.0,1124574,Ejected
0.030027,2000.0,1124573,Ejected
0.030027,1000.0,475700,Ejected
0.030027,3000.0,475705,Ejected
0.030027,15000.0,475701,Ejected
0.030027,3000.0,475706,Ejected
0.030027,5000.0,475699,Ejected
0.030027,6000.0,475711,Ejected
0.030027,5000.0,475697,Ejected
0.030027,5000.0,475708,Ejected
0.030027,13000.0,1185720,Ejected
0.030027,2000.0,321505,Ejected
0.030027,13000.0,321503,Ejected
0.030027,3000.0,321504,Ejected
0.030027,23000.0,475707,Ejected
0.030027,9000.0,475709,Ejected
0.030027,19000.0,475710,Captured
0.030027,45000.0,3613599,Captured
0.030027,42000.0,2930410,Captured
0.030027,61000.0,2993533,Captured
0.1,1000.0,2491031,Ejected
0.1,2000.0,2491036,Ejected
0.1,2000.0,2491032,Ejected
0.1,2000.0,2491035,Ejected
0.1,5000.0,2491039,Ejected
0.1,3000.0,2491025,Ejected
0.1,1000.0,2491033,Ejected
0.1,3000.0,2491027,Ejected
0.1,2000.0,3614790,Ejected
0.1,2000.0,3614784,Ejected
0.1,1000.0,3614788,Ejected
0.1,1000.0,3614778,Ejected
0.1,2000.0,3614779,Ejected
0.1,2000.0,3614783,Ejected
0.1,10000.0,3614785,Ejected
0.1,5000.0,3614781,Ejected
0.1,7000.0,3614789,Ejected
0.1,3000.0,2732313,Ejected
0.1,1000.0,2732307,Ejected
0.1,1000.0,2732316,Ejected
0.1,2000.0,2732304,Ejected
0.1,2000.0,2732300,Ejected
0.1,1000.0,2732318,Ejected
0.1,1000.0,2732302,Ejected
0.1,2000.0,2732314,Ejected
0.1,3000.0,2732308,Ejected
0.1,2000.0,2732301,Ejected
0.1,2000.0,2732303,Ejected
0.1,2000.0,760648,Ejected
0.1,4000.0,760652,Ejected
0.1,2000.0,760642,Ejected
0.1,2000.0,760645,Ejected
0.1,3000.0,760650,Ejected
0.1,3000.0,760651,Ejected
0.1,4000.0,760644,Ejected
0.1,3000.0,760649,Ejected
0.1,2000.0,1512271,Ejected
0.1,2000.0,1512284,Ejected
0.1,2000.0,1512267,Ejected
0.1,2000.0,1512261,Ejected
0.1,3000.0,1512256,Ejected
0.1,7000.0,1512299,Ejected
0.1,2000.0,1512252,Ejected
0.1,3000.0,1512294,Ejected
0.1,3000.0,1512305,Ejected
0.1,3000.0,1512265,Ejected
0.1,2000.0,1512304,Ejected
0.1,2000.0,1512286,Ejected
0.1,2000.0,1512298,Ejected
0.1,4000.0,1512262,Ejected
0.1,2000.0,1512274,Ejected
0.1,2000.0,1512291,Ejected
0.1,1000.0,1512276,Ejected
0.1,2000.0,1512285,Ejected
0.1,2000.0,1512270,Ejected
0.1,2000.0,1512263,Ejected
0.1,2000.0,1512295,Ejected
0.1,2000.0,760655,Ejected
0.1,1000.0,1512253,Ejected
0.1,3000.0,1512288,Ejected
0.1,2000.0,1512269,Ejected
0.1,3000.0,1512296,Ejected
0.1,3000.0,1512268,Ejected
0.1,2000.0,1512302,Ejected
0.1,2000.0,1512275,Ejected
0.1,3000.0,1512272,Ejected
0.1,7000.0,1512300,Ejected
0.1,1000.0,1512260,Ejected
0.1,2000.0,1512287,Ejected
0.1,2000.0,1512290,Ejected
0.1,5000.0,1512297,Ejected
0.1,3000.0,760657,Ejected
0.1,2000.0,1512282,Ejected
0.1,3000.0,760643,Ejected
0.1,2000.0,1512292,Ejected
0.1,3000.0,1266001,Ejected
0.1,8000.0,1265994,Ejected
0.1,1000.0,1265979,Ejected
0.1,2000.0,1265951,Ejected
0.1,1000.0,1265991,Ejected
0.1,2000.0,1265956,Ejected
0.1,2000.0,1265983,Ejected
0.1,2000.0,1265993,Ejected
0.1,2000.0,1265964,Ejected
0.1,2000.0,1265985,Ejected
0.1,3000.0,1266002,Ejected
0.1,2000.0,1266003,Ejected
0.1,3000.0,1265998,Ejected
0.1,2000.0,1265971,Ejected
0.1,3000.0,1265977,Ejected
0.1,4000.0,1265987,Ejected
0.1,3000.0,1265962,Ejected
0.1,3000.0,1265957,Ejected
0.1,2000.0,1265995,Ejected
0.1,11000.0,1265978,Ejected
0.1,2000.0,1265986,Ejected
0.1,2000.0,1265961,Ejected
0.1,4000.0,1265969,Ejected
0.1,0.0,1265960,Captured
0.1,3000.0,1265974,Ejected
0.1,1000.0,1265981,Ejected
0.1,3000.0,1265988,Ejected
0.1,2000.0,1265963,Ejected
0.1,2000.0,4041702,Ejected
0.1,2000.0,4041721,Ejected
0.1,1000.0,4041688,Ejected
0.1,2000.0,4041706,Ejected
0.1,2000.0,4041747,Ejected
0.1,3000.0,4041743,Ejected
0.1,1000.0,4041750,Ejected
0.1,2000.0,4041727,Ejected
0.1,2000.0,4041732,Ejected
0.1,1000.0,4041704,Ejected
0.1,3000.0,4041720,Ejected
0.1,2000.0,4041696,Ejected
0.1,1000.0,4041714,Ejected
0.1,4000.0,4041741,Ejected
0.1,1000.0,4041699,Ejected
0.1,5000.0,4041723,Ejected
0.1,2000.0,1265959,Ejected
0.1,1000.0,4041708,Ejected
0.1,2000.0,4041731,Ejected
0.1,4000.0,1265955,Ejected
0.1,2000.0,4041738,Ejected
0.1,1000.0,4041746,Ejected
0.1,2000.0,1265992,Ejected
0.1,2000.0,3946706,Ejected
0.1,2000.0,3946701,Ejected
0.1,5000.0,3946663,Ejected
0.1,2000.0,3946675,Ejected
0.1,2000.0,3946695,Ejected
0.1,3000.0,3946686,Ejected
0.1,3000.0,3946684,Ejected
0.1,4000.0,3946702,Ejected
0.1,4000.0,3946656,Ejected
0.1,2000.0,4041739,Ejected
0.1,2000.0,3946657,Ejected
0.1,2000.0,3946682,Ejected
0.1,2000.0,3946653,Ejected
0.1,4000.0,3946692,Ejected
0.1,2000.0,3946713,Ejected
0.1,1000.0,3946667,Ejected
0.1,2000.0,4041700,Ejected
0.1,2000.0,1265958,Ejected
0.1,2000.0,3946691,Ejected
0.1,2000.0,3946673,Ejected
0.1,3000.0,3946659,Ejected
0.1,3000.0,4041725,Ejected
0.1,11000.0,4041690,Ejected
0.1,2000.0,3946670,Ejected
0.1,2000.0,1265953,Ejected
0.1,2000.0,3946693,Ejected
0.1,0.0,4041722,Captured
0.1,4000.0,4041742,Ejected
0.1,2000.0,3946677,Ejected
0.1,2000.0,4041691,Ejected
0.1,3000.0,3946708,Ejected
0.1,0.0,4041701,Captured
0.1,1000.0,4041692,Ejected
0.1,2000.0,4041719,Ejected
0.1,3000.0,4041698,Ejected
0.1,4000.0,1266005,Ejected
0.1,3000.0,3946709,Ejected
0.1,3000.0,4041695,Ejected
0.1,2000.0,3946699,Ejected
0.1,4000.0,4041735,Ejected
0.1,2000.0,4041707,Ejected
0.1,9000.0,4041752,Ejected
0.1,2000.0,4041733,Ejected
0.1,5000.0,4041737,Ejected
0.1,2000.0,3946703,Ejected
0.1,2000.0,4041689,Ejected
0.1,9000.0,3946658,Ejected
0.1,5000.0,4041724,Ejected
0.1,2000.0,3946704,Ejected
0.1,0.0,3946669,Captured
0.1,1000.0,1265980,Ejected
0.1,4000.0,3946707,Ejected
0.1,2000.0,3946651,Ejected
0.1,2000.0,3946712,Ejected
0.1,5000.0,1265972,Ejected
0.1,3000.0,1266000,Ejected
0.1,2000.0,3946696,Ejected
0.1,2000.0,3946654,Ejected
0.1,4000.0,4041734,Ejected
0.1,2000.0,4041736,Ejected
0.1,3000.0,3946665,Ejected
0.1,2000.0,3946685,Ejected
0.1,4000.0,3946678,Ejected
0.1,2000.0,3946679,Ejected
0.1,4000.0,1265990,Ejected
0.1,2000.0,3946661,Ejected
0.1,3000.0,760656,Ejected
0.1,2000.0,4041715,Ejected
0.1,2000.0,4041748,Ejected
0.1,3000.0,4041729,Ejected
0.1,2000.0,1512281,Ejected
0.1,0.0,1265982,Captured
0.1,2000.0,2670935,Ejected
0.1,1000.0,2670971,Ejected
0.1,2000.0,2670974,Ejected
0.1,2000.0,2670952,Ejected
0.1,2000.0,2670929,Ejected
0.1,1000.0,2670928,Ejected
0.1,2000.0,2670961,Ejected
0.1,5000.0,2670973,Ejected
0.1,2000.0,2670912,Ejected
0.1,2000.0,2670950,Ejected
0.1,2000.0,2670958,Ejected
0.1,2000.0,2670918,Ejected
0.1,3000.0,2670969,Ejected
0.1,2000.0,2670942,Ejected
0.1,2000.0,2670910,Ejected
0.1,2000.0,2670957,Ejected
0.1,3000.0,2670933,Ejected
0.1,3000.0,2670968,Ejected
0.1,2000.0,2670916,Ejected
0.1,1000.0,2670923,Ejected
0.1,4000.0,2670970,Ejected
0.1,3000.0,2670919,Ejected
0.1,0.0,3946662,Captured
0.1,4000.0,2670941,Ejected
0.1,3000.0,2670921,Ejected
0.1,2000.0,2670953,Ejected
0.1,4000.0,2670925,Ejected
0.1,2000.0,2670966,Ejected
0.1,3000.0,2670976,Ejected
0.1,5000.0,2670917,Ejected
0.1,9000.0,2670913,Ejected
0.1,3000.0,3946671,Ejected
0.1,5000.0,2670949,Ejected
0.1,2000.0,2670955,Ejected
0.1,2000.0,2670972,Ejected
0.1,2000.0,2670954,Ejected
0.1,3000.0,2670951,Ejected
0.1,6000.0,2670924,Ejected
0.1,19000.0,2670932,Ejected
0.1,3000.0,2670963,Ejected
0.1,3000.0,2670931,Ejected
0.1,2000.0,2670926,Ejected
0.1,2000.0,2670914,Ejected
0.1,2000.0,2670948,Ejected
0.1,2000.0,2670947,Ejected
0.1,2000.0,2670943,Ejected
0.1,9000.0,2670975,Ejected
0.1,2000.0,4041697,Ejected
0.1,0.0,2670965,Captured
0.1,3000.0,2670922,Ejected
0.1,2000.0,2670930,Ejected
0.1,2000.0,2670940,Ejected
0.1,3000.0,1512278,Ejected
0.1,2000.0,1265975,Ejected
0.1,2000.0,4041711,Ejected
0.1,2000.0,345006,Ejected
0.1,1000.0,345003,Ejected
0.1,4000.0,345004,Ejected
0.1,2000.0,345012,Ejected
0.1,2000.0,345016,Ejected
0.1,5000.0,345019,Ejected
0.1,6000.0,345014,Ejected
0.1,4000.0,345018,Ejected
0.1,3000.0,345013,Ejected
0.1,2000.0,345005,Ejected
0.1,3000.0,345008,Ejected
0.1,1000.0,2020375,Ejected
0.1,0.0,2020374,Captured
0.1,2000.0,2020385,Ejected
0.1,2000.0,2020370,Ejected
0.1,1000.0,2020377,Ejected
0.1,1000.0,2020399,Ejected
0.1,0.0,2020380,Captured
0.1,1000.0,2020384,Ejected
0.1,2000.0,2020382,Ejected
0.1,2000.0,2020378,Ejected
0.1,3000.0,2020386,Ejected
0.1,9000.0,2020401,Ejected
0.1,4000.0,2020394,Ejected
0.1,1000.0,2020379,Ejected
0.1,23000.0,2020373,Ejected
0.1,3000.0,2020390,Ejected
0.1,3000.0,2020376,Ejected
0.1,2000.0,2020383,Ejected
0.1,2000.0,2020397,Ejected
0.1,6000.0,2020389,Ejected
0.1,2000.0,1098153,Ejected
0.1,2000.0,1098151,Ejected
0.1,2000.0,1098152,Ejected
0.1,2000.0,3144358,Ejected
0.1,2000.0,3144338,Ejected
0.1,4000.0,3144319,Ejected
0.1,1000.0,3144314,Ejected
0.1,3000.0,3144320,Ejected
0.1,1000.0,3144354,Ejected
0.1,2000.0,3144310,Ejected
0.1,2000.0,3144347,Ejected
0.1,2000.0,3144333,Ejected
0.1,2000.0,3144359,Ejected
0.1,2000.0,3144345,Ejected
0.1,2000.0,3144326,Ejected
0.1,2000.0,3144329,Ejected
0.1,1000.0,3144331,Ejected
0.1,0.0,3144348,Captured
0.1,3000.0,3144352,Ejected
0.1,2000.0,3144318,Ejected
0.1,3000.0,3144305,Ejected
0.1,8000.0,3144321,Ejected
0.1,3000.0,3144330,Ejected
0.1,2000.0,3144325,Ejected
0.1,3000.0,3144303,Ejected
0.1,2000.0,3144328,Ejected
0.1,5000.0,3144341,Ejected
0.1,2000.0,3144339,Ejected
0.1,2000.0,3144323,Ejected
0.1,6000.0,3144350,Ejected
0.1,4000.0,3144306,Ejected
0.1,2000.0,3144312,Ejected
0.1,3000.0,3144346,Ejected
0.1,7000.0,3144355,Ejected
0.1,2000.0,3144313,Ejected
0.1,1000.0,2670944,Captured
0.1,18000.0,3946681,Ejected
0.1,1000.0,2670938,Captured
0.1,2000.0,2020400,Ejected
0.1,45000.0,345011,Ejected
0.1,6000.0,4041710,Captured
0.1,7000.0,3614776,Captured
0.1,11000.0,2670959,Captured
0.1,14000.0,3946698,Captured
0.1,18000.0,4041718,Captured
0.1,32000.0,4041712,Captured
0.1,82000.0,345009,Captured
0.1,59000.0,2670964,Captured
0.030027,90000.0,1185722,Captured
5e-05,58000.0,2386065,Ejected
5e-05,74000.0,2385986,Captured
5e-05,41000.0,3146393,Captured
5e-05,155000.0,2644933,Ejected
5e-05,333000.0,2644949,Ejected
5e-05,296000.0,966470,Captured
5e-05,3073000.0,3975356,Ejected
5e-05,628000.0,1676992,Ejected
0.0001,0.0,2373718,Captured
5e-05,440000.0,617529,Captured
5e-05,3056000.0,2797382,Ejected
5e-05,3447000.0,3146408,Ejected
5e-05,2609000.0,450524,Ejected
0.0001,1774000.0,1516178,Ejected
0.0001,1188000.0,2861136,Ejected
0.0001,705000.0,1831873,Ejected
0.0001,1079000.0,1126904,Ejected
0.0001,948000.0,1831884,Ejected
0.0001,1105000.0,2506762,Ejected
0.0001,1406000.0,2506738,Ejected
5e-05,4032000.0,3865545,Ejected
0.0001,1581000.0,480650,Ejected
0.0001,789000.0,3383382,Ejected
0.0001,871000.0,1516192,Ejected
0.0001,981000.0,305788,Ejected
0.0001,1021000.0,3687051,Ejected
0.0001,928000.0,480654,Ejected
0.0001,141000.0,3687058,Ejected
5e-05,4569000.0,2937957,Ejected
5e-05,3184000.0,617547,Ejected
0.0001,140000.0,2506782,Ejected
0.0001,2110000.0,1126905,Ejected
0.0001,1198000.0,1126925,Ejected
0.0001,140000.0,3383384,Ejected
0.0001,1043000.0,1126895,Ejected
0.0001,1223000.0,549924,Ejected
0.0001,1266000.0,3687067,Ejected
0.0001,1095000.0,549910,Ejected
0.0001,1049000.0,1831875,Ejected
0.0001,1623000.0,3687053,Ejected
0.0001,1529000.0,2506737,Ejected
0.0001,941000.0,2373728,Ejected
0.0001,602000.0,2373714,Ejected
0.0001,1039000.0,3687055,Ejected
0.0001,993000.0,1831890,Ejected
5e-05,3068000.0,325990,Ejected
5e-05,3240000.0,2797383,Ejected
0.0001,2999000.0,1831880,Ejected
0.0001,1011000.0,2373746,Ejected
5e-05,2110000.0,2385999,Ejected
0.0001,1047000.0,1516209,Ejected
0.0001,2393000.0,2506726,Ejected
0.0001,2635000.0,3383366,Ejected
0.0001,1320000.0,322075,Ejected
0.0001,1914000.0,1831870,Ejected
0.0001,1530000.0,1126924,Ejected
5e-05,2100000.0,617528,Ejected
0.0001,1887000.0,1516208,Ejected
0.0001,1335000.0,2506752,Ejected
0.0001,1248000.0,1126908,Ejected
0.0001,2700000.0,549985,Ejected
0.0001,2252000.0,1126899,Ejected
0.0001,1641000.0,1126922,Ejected
0.0001,1781000.0,2861129,Ejected
0.0001,1352000.0,2861126,Ejected
5e-05,673000.0,2386048,Ejected
5e-05,522000.0,450533,Ejected
0.0001,1630000.0,3521547,Ejected
0.0001,2946000.0,1831896,Ejected
0.0001,2113000.0,305792,Ejected
0.0001,2685000.0,3383388,Ejected
0.0001,1599000.0,305799,Ejected
0.0001,878000.0,3763211,Ejected
0.0001,1040000.0,3521521,Ejected
0.0001,1548000.0,3687028,Ejected
0.0001,886000.0,1516203,Ejected
0.0001,1583000.0,2506719,Ejected
5e-05,4759000.0,326001,Ejected
0.0001,3035000.0,305787,Ejected
0.0001,1155000.0,549961,Ejected
5e-05,4035000.0,2797385,Ejected
0.0001,2017000.0,1126901,Ejected
0.0001,1344000.0,3521539,Ejected
0.0001,2370000.0,2373715,Ejected
0.0001,1376000.0,1516190,Ejected
0.0001,3408000.0,2861135,Ejected
0.0001,1459000.0,1126910,Ejected
0.0001,2194000.0,3687032,Ejected
0.0001,968000.0,1516227,Ejected
0.0001,2337000.0,1516240,Ejected
0.0001,2934000.0,1126926,Ejected
0.0001,1900000.0,3687056,Ejected
0.0001,2278000.0,2506788,Ejected
0.0001,1273000.0,322083,Ejected
0.0001,2912000.0,3687052,Ejected
0.0001,2961000.0,2506746,Ejected
0.0001,2031000.0,2506755,Ejected
5e-05,3573000.0,2579023,Ejected
0.0001,2569000.0,1126919,Ejected
0.0001,1441000.0,2373742,Ejected
0.0001,2461000.0,2861130,Ejected
0.0001,2335000.0,2506756,Ejected
0.0001,1093000.0,2373731,Ejected
0.0001,1259000.0,2506722,Ejected
0.0001,1795000.0,322077,Ejected
0.0001,1362000.0,3521544,Ejected
0.0001,3066000.0,1516217,Ejected
0.0001,991000.0,2506739,Ejected
0.0001,2631000.0,549967,Ejected
0.0001,1534000.0,2861143,Ejected
0.0001,902000.0,2373733,Ejected
0.0001,3294000.0,305801,Ejected
0.0001,2947000.0,2861139,Ejected
0.0001,1652000.0,322081,Ejected
0.0001,2984000.0,3687038,Ejected
0.0001,609000.0,1831867,Ejected
0.0001,2471000.0,3687050,Ejected
0.0001,1347000.0,1126913,Ejected
0.0001,1021000.0,2373739,Ejected
0.0001,1330000.0,3521536,Ejected
0.0001,2793000.0,2506744,Ejected
0.0001,2326000.0,1831892,Ejected
5e-05,4235000.0,1524335,Ejected
5e-05,3157000.0,326009,Ejected
0.0001,750000.0,1831883,Ejected
0.0001,2274000.0,2506769,Ejected
0.0001,2555000.0,549988,Ejected
0.0001,4107000.0,305798,Ejected
0.0001,2290000.0,3687065,Ejected
0.0001,1150000.0,305791,Ejected
0.0001,1165000.0,2506770,Ejected
0.0001,2396000.0,1831876,Ejected
0.0001,913000.0,3763209,Ejected
5e-05,3701000.0,1830928,Ejected
0.0001,2398000.0,1126907,Ejected
0.0001,3077000.0,2373721,Ejected
0.0001,2957000.0,3383379,Ejected
5e-05,4981000.0,1830931,Ejected
0.0001,1829000.0,2506786,Ejected
0.0001,1837000.0,2506723,Ejected
0.0001,1918000.0,3687029,Ejected
0.0001,2649000.0,1831898,Ejected
5e-05,4576000.0,617553,Ejected
0.0001,2339000.0,3521541,Ejected
5e-05,2882000.0,3865533,Ejected
0.0001,2028000.0,1126906,Ejected
5e-05,2454000.0,2386057,Ejected
0.0001,1385000.0,1126911,Ejected
5e-05,4225000.0,450511,Ejected
0.0001,2361000.0,1831900,Ejected
0.0001,2770000.0,1126902,Ejected
0.0001,2109000.0,322070,Ejected
0.0001,2636000.0,3521542,Ejected
0.0001,2172000.0,2506777,Ejected
0.0001,2570000.0,2506735,Ejected
0.0001,972000.0,2861140,Ejected
0.0001,1360000.0,689741,Ejected
0.0001,1103000.0,2373720,Ejected
0.0001,1778000.0,3383383,Ejected
0.0001,1530000.0,305797,Ejected
0.0001,2219000.0,1516214,Ejected
0.0001,1390000.0,3763205,Ejected
0.0001,2502000.0,2506748,Ejected
0.0001,2644000.0,2506775,Ejected
0.0001,4559000.0,305809,Ejected
0.0001,1420000.0,1516243,Ejected
0.0001,908000.0,3687031,Ejected
0.0001,3653000.0,3383374,Ejected
0.0001,2585000.0,305790,Ejected
5e-05,966000.0,2385989,Ejected
5e-05,1267000.0,2797380,Ejected
0.0001,3210000.0,1126915,Ejected
0.0001,1288000.0,3687048,Ejected
0.0001,2186000.0,305811,Ejected
0.0001,3176000.0,2506734,Ejected
5e-05,1524000.0,1371331,Ejected
0.0001,2971000.0,480653,Ejected
0.0001,2355000.0,305777,Ejected
0.0001,3819000.0,1516236,Ejected
0.0001,1910000.0,3383378,Ejected
0.0001,3695000.0,3867369,Ejected
5e-05,2407000.0,2644932,Ejected
0.0001,2276000.0,1831891,Ejected
0.0001,3799000.0,2506732,Ejected
0.0001,2402000.0,322071,Ejected
0.0001,3606000.0,3383385,Ejected
5e-05,2529000.0,326002,Ejected
0.0001,2324000.0,3521530,Ejected
0.0001,2839000.0,322073,Ejected
5e-05,3398000.0,3975359,Ejected
0.0001,2119000.0,305776,Ejected
0.0001,2012000.0,1516223,Ejected
0.0001,3728000.0,1516195,Ejected
5e-05,4415000.0,3865543,Ejected
0.0001,2176000.0,1126920,Ejected
0.0001,4961000.0,322086,Ejected
0.0001,3075000.0,1126918,Ejected
0.0001,2765000.0,3521527,Ejected
5e-05,3839000.0,2386013,Ejected
0.0001,3841000.0,2506778,Ejected
5e-05,3201000.0,2579006,Ejected
0.0001,1868000.0,549941,Ejected
0.0001,2061000.0,3687037,Ejected
5e-05,4544000.0,3865548,Ejected
0.0001,3590000.0,2373732,Ejected
0.0001,2566000.0,305785,Ejected
0.0001,3039000.0,2373738,Ejected
5e-05,4168000.0,1830939,Ejected
0.0001,2207000.0,3521535,Ejected
0.0001,2146000.0,3521525,Ejected
0.0001,2212000.0,2506776,Ejected
5e-05,4761000.0,325999,Ejected
0.0001,3143000.0,3763214,Ejected
5e-05,4897000.0,1830934,Ejected
0.0001,4292000.0,305794,Ejected
5e-05,1772000.0,1126150,Ejected
0.0001,2547000.0,1831886,Ejected
0.0001,4381000.0,305802,Ejected
0.0001,2293000.0,549980,Ejected
0.0001,2256000.0,2373730,Ejected
0.0001,3552000.0,2502570,Ejected
0.0001,4008000.0,3687025,Ejected
0.0001,4598000.0,305817,Ejected
0.0001,1275000.0,549972,Ejected
0.0001,1931000.0,2506754,Ejected
0.0001,3829000.0,2373748,Ejected
5e-05,4161000.0,2386001,Ejected
0.0001,903000.0,1831882,Ejected
0.0001,2986000.0,1516179,Ejected
0.0001,1157000.0,3383371,Ejected
0.0001,3235000.0,1831871,Ejected
0.0001,4112000.0,3383376,Ejected
0.0001,2177000.0,3763212,Ejected
0.0001,4777000.0,3383381,Ejected
5e-05,4607000.0,1126163,Ejected
0.0001,4091000.0,3687069,Ejected
0.0001,3153000.0,3521551,Ejected
0.0001,1646000.0,2506789,Ejected
0.0001,2403000.0,305807,Ejected
0.0001,2834000.0,3383370,Ejected
0.0001,3151000.0,3383365,Ejected
0.0001,3780000.0,3687024,Ejected
0.0001,3250000.0,3521533,Ejected
0.0001,2986000.0,1516207,Ejected
0.0001,2368000.0,1516239,Ejected
0.0001,4008000.0,1831868,Ejected
0.0001,3517000.0,3521545,Ejected
0.0001,1643000.0,2506733,Ejected
0.0001,3860000.0,2373744,Ejected
0.0001,2149000.0,1516225,Ejected
5e-05,3284000.0,617556,Captured
0.0001,4937000.0,3383394,Ejected
0.0001,2998000.0,305808,Ejected
0.0001,3086000.0,322088,Ejected
0.0001,4622000.0,1126914,Ejected
0.0001,4977000.0,1831899,Ejected
5e-05,2245000.0,617533,Ejected
5e-05,4914000.0,2644926,Ejected
0.0001,3717000.0,1831885,Ejected
5e-05,3041000.0,617543,Ejected
0.0001,4419000.0,2506768,Ejected
5e-05,2957000.0,2644918,Ejected
5e-05,3348000.0,450526,Ejected
5e-05,1829000.0,3171495,Ejected
0.0001,2821000.0,2373729,Ejected
0.0001,2989000.0,1516183,Ejected
0.0001,2483000.0,1126931,Ejected
0.0001,2375000.0,3521534,Ejected
0.0001,2588000.0,1516194,Ejected
5e-05,4077000.0,2579017,Ejected
0.0001,3062000.0,3687026,Ejected
5e-05,3762000.0,325989,Ejected
0.0001,3636000.0,2506773,Ejected
0.0001,3556000.0,305803,Ejected
0.0001,2421000.0,549916,Ejected
0.0001,4609000.0,305784,Ejected
0.0001,2757000.0,3763208,Ejected
0.0001,4921000.0,1516182,Ejected
0.0001,2533000.0,480648,Ejected
0.0001,3446000.0,1831872,Ejected
5e-05,4366000.0,3171496,Ejected
0.0001,2742000.0,3521537,Ejected
5e-05,3878000.0,2385980,Ejected
0.0001,1771000.0,2373717,Ejected
0.0001,1253000.0,2506731,Ejected
0.0001,3292000.0,3687035,Ejected
0.0001,3234000.0,549957,Ejected
0.0001,3710000.0,1126916,Ejected
5e-05,4500000.0,2937965,Ejected
0.0001,2899000.0,2373741,Ejected
5e-05,4176000.0,1676982,Ejected
0.0001,3651000.0,3383390,Ejected
0.0001,4210000.0,3763204,Ejected
5e-05,4946000.0,450508,Ejected
5e-05,4340000.0,325992,Ejected
0.0001,2526000.0,549964,Ejected
0.0001,2320000.0,1831878,Ejected
0.0001,3661000.0,3383393,Ejected
0.0001,3768000.0,1516231,Ejected
0.0001,2878000.0,322076,Ejected
0.0001,4784000.0,2373716,Ejected
0.0001,4602000.0,3763213,Ejected
0.0001,3964000.0,1516193,Ejected
0.0001,4568000.0,322087,Ejected
0.0001,2792000.0,322084,Ejected
5e-05,3948000.0,1371325,Ejected
0.0001,4610000.0,1831888,Ejected
0.0001,3712000.0,2506766,Ejected
5e-05,4004000.0,3146383,Ejected
5e-05,4355000.0,450516,Ejected
0.0001,4282000.0,3687049,Ejected
0.00030027,0.0,2413273,Captured
0.00030027,55000.0,2413291,Ejected
0.00030027,209000.0,319952,Ejected
0.00030027,220000.0,2938728,Ejected
0.00030027,131000.0,1378620,Ejected
0.00030027,166000.0,1127677,Ejected
0.00030027,98000.0,2646820,Ejected
0.00030027,172000.0,3148071,Ejected
0.00030027,128000.0,3148068,Ejected
0.00030027,97000.0,2646819,Ejected
0.00030027,239000.0,3148062,Ejected
0.00030027,405000.0,357616,Ejected
0.00030027,92000.0,3976980,Ejected
0.00030027,86000.0,3976989,Ejected
0.00030027,169000.0,319946,Ejected
0.00030027,258000.0,2646821,Ejected
0.00030027,193000.0,319947,Ejected
0.00030027,158000.0,646348,Ejected
0.00030027,147000.0,1638892,Ejected
0.00030027,242000.0,2387300,Ejected
0.00030027,153000.0,3962577,Ejected
0.00030027,123000.0,1687724,Ejected
0.00030027,80000.0,451914,Ejected
0.00030027,105000.0,451927,Ejected
0.00030027,100000.0,2387311,Ejected
0.00030027,426000.0,1378624,Ejected
0.00030027,68000.0,3148074,Ejected
0.00030027,261000.0,319949,Ejected
0.00030027,242000.0,3962566,Ejected
0.00030027,127000.0,451919,Ejected
0.00030027,316000.0,2580402,Ejected
0.00030027,179000.0,319954,Ejected
0.00030027,242000.0,2387265,Ejected
0.00030027,175000.0,2413293,Ejected
0.00030027,173000.0,3976995,Ejected
0.00030027,220000.0,357621,Ejected
0.00030027,73000.0,3962575,Ejected
0.00030027,111000.0,2580400,Ejected
0.00030027,165000.0,3962568,Ejected
0.00030027,115000.0,2413272,Ejected
0.00030027,139000.0,3882771,Ejected
0.00030027,183000.0,2387270,Ejected
0.00030027,154000.0,2580389,Ejected
0.00030027,254000.0,3882766,Ejected
0.00030027,171000.0,2580382,Ejected
0.00030027,78000.0,2387292,Ejected
0.00030027,94000.0,1687707,Ejected
0.00030027,118000.0,2580393,Ejected
0.00030027,104000.0,2938730,Ejected
0.00030027,180000.0,3148063,Ejected
0.00030027,317000.0,1638896,Ejected
0.00030027,260000.0,2387273,Ejected
0.00030027,115000.0,451921,Ejected
0.00030027,118000.0,3148046,Ejected
0.00030027,578000.0,3882756,Ejected
0.00030027,119000.0,3148045,Ejected
0.00030027,193000.0,2387283,Ejected
0.00030027,594000.0,2646797,Ejected
0.00030027,303000.0,319950,Ejected
0.00030027,319000.0,3148054,Ejected
0.00030027,178000.0,1127673,Ejected
0.00030027,193000.0,2580380,Ejected
0.00030027,42000.0,646355,Captured
0.00030027,277000.0,2387291,Ejected
0.00030027,141000.0,1378618,Ejected
0.00030027,212000.0,967216,Ejected
0.00030027,140000.0,3882744,Ejected
0.00030027,179000.0,3882740,Ejected
0.00030027,110000.0,646353,Ejected
0.00030027,221000.0,3148058,Ejected
0.00030027,178000.0,2387309,Ejected
0.00030027,279000.0,2580394,Ejected
0.00030027,422000.0,2580390,Ejected
0.00030027,116000.0,646349,Ejected
0.00030027,380000.0,2387302,Ejected
0.00030027,235000.0,1127681,Ejected
0.00030027,286000.0,2387287,Ejected
0.00030027,449000.0,3148049,Ejected
0.00030027,276000.0,3882755,Ejected
0.00030027,319000.0,2387264,Ejected
0.00030027,158000.0,1638900,Ejected
0.00030027,320000.0,3882735,Ejected
0.00030027,174000.0,3962564,Ejected
0.00030027,165000.0,2580383,Ejected
0.00030027,125000.0,451926,Ejected
0.00030027,316000.0,967217,Ejected
0.00030027,357000.0,646358,Ejected
0.00030027,213000.0,1687723,Ejected
0.00030027,179000.0,3882765,Ejected
0.00030027,222000.0,357608,Ejected
0.00030027,304000.0,3976990,Ejected
0.00030027,710000.0,3148061,Ejected
0.00030027,160000.0,451917,Ejected
0.00030027,449000.0,1638888,Ejected
0.00030027,294000.0,3148044,Ejected
0.00030027,169000.0,3976985,Ejected
0.00030027,200000.0,451945,Ejected
0.00030027,425000.0,2387278,Ejected
0.00030027,157000.0,1138828,Ejected
0.00030027,404000.0,3962578,Ejected
0.00030027,421000.0,1127671,Ejected
0.00030027,189000.0,2387268,Ejected
0.00030027,314000.0,3882769,Ejected
0.00030027,186000.0,1138838,Ejected
0.00030027,353000.0,646350,Ejected
0.00030027,226000.0,1638904,Ejected
0.00030027,218000.0,967210,Ejected
0.00030027,528000.0,1638897,Ejected
0.00030027,155000.0,3148053,Ejected
0.00030027,156000.0,1638878,Ejected
0.00030027,276000.0,451936,Ejected
0.00030027,170000.0,2646794,Ejected
0.00030027,295000.0,319948,Ejected
0.00030027,1080000.0,3976999,Ejected
0.00030027,203000.0,2580387,Ejected
0.00030027,362000.0,646346,Ejected
0.00030027,500000.0,3977002,Ejected
0.00030027,204000.0,2580403,Ejected
0.00030027,273000.0,1687708,Ejected
0.00030027,230000.0,2413292,Ejected
0.00030027,345000.0,1638883,Ejected
0.00030027,164000.0,2803673,Ejected
0.00030027,298000.0,2938736,Ejected
0.00030027,445000.0,3976977,Ejected
0.00030027,236000.0,2413270,Ejected
0.00030027,355000.0,2646811,Ejected
0.00030027,240000.0,1638890,Ejected
0.00030027,332000.0,357614,Ejected
0.00030027,335000.0,1638874,Ejected
0.00030027,611000.0,2387261,Ejected
0.00030027,217000.0,2387307,Ejected
0.00030027,159000.0,2387293,Ejected
0.00030027,249000.0,1687716,Ejected
0.00030027,290000.0,3882758,Ejected
0.00030027,157000.0,2413294,Ejected
0.00030027,317000.0,357617,Ejected
0.00030027,197000.0,2646816,Ejected
0.00030027,508000.0,451923,Ejected
0.00030027,391000.0,646347,Ejected
0.00030027,436000.0,967213,Ejected
0.00030027,528000.0,1638893,Ejected
0.00030027,182000.0,2413278,Ejected
0.00030027,297000.0,1138824,Ejected
0.00030027,612000.0,3148066,Ejected
0.00030027,311000.0,2580408,Ejected
0.00030027,221000.0,2803671,Ejected
0.00030027,270000.0,2413280,Ejected
0.00030027,180000.0,3962569,Ejected
0.00030027,229000.0,967211,Ejected
0.00030027,354000.0,3882754,Ejected
0.00030027,196000.0,451929,Ejected
0.00030027,217000.0,1138827,Ejected
0.00030027,280000.0,3148057,Ejected
0.00030027,181000.0,451938,Ejected
0.00030027,227000.0,1638885,Ejected
0.00030027,303000.0,2387295,Ejected
0.00030027,189000.0,1638895,Ejected
0.00030027,224000.0,2938727,Ejected
0.00030027,609000.0,2387288,Ejected
0.00030027,375000.0,1378609,Ejected
0.00030027,560000.0,3148056,Ejected
0.00030027,573000.0,451941,Ejected
0.00030027,423000.0,3882761,Ejected
0.00030027,179000.0,2646798,Ejected
0.00030027,501000.0,2580385,Ejected
0.00030027,338000.0,3882749,Ejected
0.00030027,348000.0,967223,Ejected
0.00030027,340000.0,3977001,Ejected
0.00030027,337000.0,319961,Ejected
0.00030027,432000.0,2387262,Ejected
0.00030027,321000.0,1138825,Ejected
0.00030027,372000.0,319960,Ejected
0.00030027,217000.0,2646812,Ejected
0.00030027,440000.0,2646815,Ejected
0.00030027,258000.0,2413290,Ejected
0.00030027,410000.0,1638891,Ejected
0.00030027,351000.0,2387308,Ejected
0.00030027,397000.0,1127675,Ejected
0.00030027,357000.0,1687702,Ejected
0.00030027,624000.0,3977005,Ejected
0.00030027,416000.0,451918,Ejected
0.00030027,518000.0,3148050,Ejected
0.00030027,435000.0,451937,Ejected
0.00030027,155000.0,3882732,Ejected
0.00030027,358000.0,1638887,Ejected
0.00030027,763000.0,357609,Ejected
0.00030027,381000.0,1638882,Ejected
0.00030027,428000.0,3976991,Ejected
0.00030027,905000.0,1687713,Ejected
0.00030027,331000.0,2387294,Ejected
0.00030027,324000.0,2413275,Ejected
0.00030027,351000.0,2580379,Ejected
0.00030027,810000.0,3962579,Ejected
0.00030027,396000.0,2413298,Ejected
0.00030027,504000.0,3148064,Ejected
0.00030027,262000.0,2580395,Ejected
0.00030027,315000.0,2413288,Ejected
0.00030027,182000.0,2387282,Captured
0.00030027,358000.0,3976988,Ejected
0.00030027,332000.0,2938735,Ejected
0.00030027,246000.0,3882741,Ejected
0.00030027,422000.0,2646817,Ejected
0.00030027,257000.0,2938737,Ejected
0.00030027,365000.0,1687720,Ejected
0.00030027,585000.0,1127682,Ejected
0.00030027,266000.0,2387289,Ejected
0.00030027,357000.0,2387284,Ejected
0.00030027,431000.0,1687709,Ejected
0.00030027,291000.0,319956,Ejected
0.00030027,289000.0,2387277,Ejected
0.00030027,363000.0,2413296,Ejected
0.00030027,453000.0,2580396,Ejected
0.00030027,616000.0,2646802,Ejected
0.00030027,295000.0,2387266,Ejected
0.00030027,424000.0,3882751,Ejected
0.00030027,472000.0,2646803,Ejected
0.00030027,302000.0,451944,Ejected
0.00030027,555000.0,3148075,Ejected
0.00030027,308000.0,2646807,Ejected
0.00030027,798000.0,2413289,Ejected
0.00030027,297000.0,3976981,Ejected
0.00030027,453000.0,2413268,Ejected
0.00030027,552000.0,3882746,Ejected
0.00030027,457000.0,2387280,Ejected
0.00030027,396000.0,2580407,Ejected
0.00030027,307000.0,1687712,Ejected
0.00030027,398000.0,2387260,Ejected
0.00030027,244000.0,2387274,Ejected
0.00030027,584000.0,1127685,Ejected
0.00030027,477000.0,3882739,Ejected
0.00030027,601000.0,2580384,Ejected
0.00030027,202000.0,3148072,Ejected
0.00030027,545000.0,2413271,Ejected
0.00030027,444000.0,2387296,Ejected
0.00030027,597000.0,2646793,Ejected
0.00030027,659000.0,2413274,Ejected
0.00030027,542000.0,1638889,Ejected
0.00030027,492000.0,2580401,Ejected
0.00030027,408000.0,451940,Ejected
0.00030027,451000.0,646356,Ejected
0.00030027,369000.0,3962576,Ejected
0.00030027,465000.0,2580381,Ejected
0.00030027,697000.0,2646800,Ejected
0.00030027,404000.0,3882734,Ejected
0.00030027,321000.0,3148048,Ejected
0.00030027,343000.0,2580406,Ejected
0.00030027,305000.0,1638884,Ejected
0.00030027,415000.0,2387313,Ejected
0.00030027,446000.0,2803669,Ejected
0.00030027,480000.0,3882747,Ejected
0.00030027,673000.0,2938729,Ejected
0.00030027,796000.0,3882757,Ejected
0.00030027,394000.0,451924,Ejected
0.00030027,357000.0,1378622,Ejected
0.00030027,870000.0,451920,Ejected
0.00030027,611000.0,2387267,Ejected
0.00030027,452000.0,2580397,Ejected
0.00030027,531000.0,3976994,Ejected
0.00030027,638000.0,3976992,Ejected
0.00030027,522000.0,1687722,Ejected
0.00030027,520000.0,3882737,Ejected
0.00030027,541000.0,3977004,Ejected
0.00030027,575000.0,2646801,Ejected
0.00030027,570000.0,2803677,Ejected
0.00030027,577000.0,2387298,Ejected
0.00030027,678000.0,1638905,Ejected
0.00030027,697000.0,1638899,Ejected
0.00030027,472000.0,3882760,Ejected
0.00030027,532000.0,2938731,Ejected
0.00030027,684000.0,3882763,Ejected
0.00030027,624000.0,1687704,Ejected
0.00030027,725000.0,3148067,Ejected
0.00030027,1054000.0,319953,Ejected
0.00030027,992000.0,2387310,Ejected
0.00030027,1310000.0,1378619,Ejected
0.00030027,958000.0,3148047,Ejected
0.00030027,434000.0,1127674,Ejected
0.00030027,321000.0,1127672,Ejected
0.00030027,684000.0,2387272,Ejected
0.00030027,481000.0,2387275,Ejected
0.00030027,303000.0,3148051,Ejected
0.00030027,593000.0,1138834,Ejected
0.00030027,740000.0,967212,Ejected
0.00030027,609000.0,451925,Ejected
0.00030027,727000.0,3976993,Ejected
0.00030027,1115000.0,3976998,Ejected
0.00030027,935000.0,3962572,Ejected
0.00030027,615000.0,451916,Ejected
0.00030027,174000.0,451922,Ejected
0.00030027,1119000.0,2413279,Ejected
0.00030027,934000.0,2803675,Ejected
0.00030027,858000.0,646357,Ejected
0.00030027,775000.0,1138826,Ejected
0.00030027,393000.0,1378621,Ejected
0.00030027,733000.0,1687711,Ejected
0.00030027,773000.0,357613,Ejected
0.00030027,1267000.0,3148065,Ejected
0.00030027,812000.0,357620,Ejected
0.00030027,927000.0,1638877,Ejected
0.00030027,593000.0,967220,Ejected
0.00030027,1251000.0,2646796,Ejected
0.00030027,1253000.0,2580378,Ejected
0.00030027,974000.0,3882743,Ejected
0.00030027,1249000.0,357622,Ejected
0.00030027,610000.0,451933,Ejected
0.00030027,570000.0,2803674,Ejected
0.00030027,737000.0,1127684,Ejected
0.00030027,2118000.0,2387304,Ejected
0.00030027,562000.0,3882733,Ejected
0.00030027,447000.0,2803672,Ejected
0.00030027,685000.0,2938733,Ejected
0.00030027,2070000.0,1138837,Ejected
0.00030027,2342000.0,967221,Ejected
0.00030027,1133000.0,1138832,Ejected
0.00030027,1516000.0,2387299,Ejected
0.00030027,3689000.0,319957,Ejected
0.00071206,17000.0,2508206,Ejected
0.00071206,59000.0,2508214,Ejected
0.00071206,31000.0,3635522,Ejected
0.00071206,31000.0,587140,Ejected
0.00071206,54000.0,930714,Ejected
0.00071206,210000.0,3148944,Ejected
0.00071206,41000.0,2745480,Ejected
0.00071206,72000.0,3948178,Ejected
0.00071206,19000.0,1278537,Ejected
0.00071206,69000.0,4043299,Ejected
0.00071206,108000.0,3851121,Ejected
0.00071206,107000.0,2508205,Ejected
0.00071206,85000.0,764297,Ejected
0.00071206,42000.0,358254,Ejected
0.00071206,42000.0,3366520,Ejected
0.00071206,31000.0,2508207,Ejected
0.00071206,22000.0,930712,Ejected
0.00071206,26000.0,3148942,Ejected
0.00071206,44000.0,3366561,Ejected
0.00071206,26000.0,4043297,Ejected
0.00071206,60000.0,2508216,Ejected
0.00071206,48000.0,3366556,Ejected
0.00071206,47000.0,1278531,Ejected
0.00071206,33000.0,3948160,Ejected
0.00071206,43000.0,3148945,Ejected
0.00071206,26000.0,764298,Ejected
0.00071206,270000.0,3635521,Ejected
0.00071206,26000.0,3148978,Ejected
0.00071206,76000.0,3148973,Ejected
0.00071206,78000.0,4043321,Ejected
0.00071206,71000.0,358256,Ejected
0.00071206,44000.0,3148987,Ejected
0.00071206,138000.0,3366579,Ejected
0.00071206,162000.0,715753,Ejected
0.00071206,96000.0,3948191,Ejected
0.00071206,67000.0,764287,Ejected
0.00071206,92000.0,3148967,Ejected
0.00071206,174000.0,930713,Ejected
0.00071206,61000.0,3635526,Ejected
0.00071206,46000.0,3948190,Ejected
0.00071206,58000.0,4043300,Ejected
0.00071206,49000.0,4043278,Ejected
0.00071206,103000.0,1278550,Ejected
0.00071206,45000.0,3948167,Ejected
0.00071206,33000.0,764299,Ejected
0.00071206,56000.0,764290,Ejected
0.00071206,36000.0,1278562,Ejected
0.00071206,38000.0,3148946,Ejected
0.00071206,58000.0,2508209,Ejected
0.00071206,33000.0,3366545,Ejected
0.00071206,30000.0,3366601,Ejected
0.00071206,139000.0,4043291,Ejected
0.00071206,56000.0,4043328,Ejected
0.00071206,47000.0,4043295,Ejected
0.00071206,96000.0,3366581,Ejected
0.00071206,52000.0,715752,Ejected
0.00071206,78000.0,3366523,Ejected
0.00071206,79000.0,3948162,Ejected
0.00071206,113000.0,2508219,Ejected
0.00071206,41000.0,715749,Ejected
0.00071206,87000.0,3366548,Ejected
0.00071206,67000.0,3948202,Ejected
0.00071206,98000.0,3148930,Ejected
0.00071206,41000.0,3948182,Ejected
0.00071206,95000.0,4043282,Ejected
0.00071206,40000.0,4043286,Ejected
0.00071206,43000.0,3366563,Ejected
0.00071206,51000.0,3366550,Ejected
0.00071206,77000.0,3148951,Ejected
0.00071206,37000.0,3366565,Ejected
0.00071206,63000.0,4043319,Ejected
0.00071206,67000.0,3366569,Ejected
0.00071206,111000.0,3851120,Ejected
0.00071206,64000.0,4043308,Ejected
0.00071206,42000.0,2508211,Ejected
0.00071206,40000.0,2745471,Ejected
0.00071206,49000.0,3148985,Ejected
0.00071206,84000.0,3366570,Ejected
0.00071206,33000.0,3635528,Ejected
0.00071206,48000.0,1278523,Ejected
0.00071206,38000.0,587141,Ejected
0.00071206,105000.0,358260,Ejected
0.00071206,86000.0,1278538,Ejected
0.00071206,101000.0,1278520,Ejected
0.00071206,46000.0,4043266,Ejected
0.00071206,61000.0,3148962,Ejected
0.00071206,35000.0,3948209,Ejected
0.00071206,183000.0,1278533,Ejected
0.00071206,88000.0,3948175,Ejected
0.00071206,42000.0,1278512,Ejected
0.00071206,22000.0,4043322,Ejected
0.00071206,50000.0,3148957,Ejected
0.00071206,73000.0,2508213,Ejected
0.00071206,211000.0,4043310,Ejected
0.00071206,59000.0,3635515,Ejected
0.00071206,0.0,1317761,Captured
0.00071206,63000.0,4043274,Ejected
0.00071206,50000.0,3366574,Ejected
0.00071206,72000.0,3948161,Ejected
0.00071206,91000.0,3366544,Ejected
0.00071206,88000.0,3148980,Ejected
0.00071206,92000.0,3148983,Ejected
0.00071206,99000.0,358266,Ejected
0.00071206,2000.0,1317760,Ejected
0.00071206,74000.0,715746,Ejected
0.00071206,45000.0,3948187,Ejected
0.00071206,102000.0,3635523,Ejected
0.00071206,52000.0,3948185,Ejected
0.00071206,143000.0,3148977,Ejected
0.00071206,48000.0,3148974,Ejected
0.00071206,46000.0,3366521,Ejected
0.00071206,76000.0,3148982,Ejected
0.00071206,133000.0,3948168,Ejected
0.00071206,70000.0,3148936,Ejected
0.00071206,73000.0,587144,Ejected
0.00071206,38000.0,3366597,Ejected
0.00071206,28000.0,3948165,Ejected
0.00071206,41000.0,2745469,Ejected
0.00071206,94000.0,1317762,Ejected
0.00071206,47000.0,4043270,Ejected
0.00071206,176000.0,1278554,Ejected
0.00071206,38000.0,4043288,Ejected
0.00071206,34000.0,3148950,Ejected
0.00071206,70000.0,2745467,Ejected
0.00071206,29000.0,1317759,Ejected
0.00071206,50000.0,3948146,Ejected
0.00071206,151000.0,1278545,Ejected
0.00071206,90000.0,3366539,Ejected
0.00071206,78000.0,2023153,Ejected
0.00071206,36000.0,1278541,Ejected
0.00071206,22000.0,1150673,Ejected
0.00071206,71000.0,3948152,Ejected
0.00071206,58000.0,4043293,Ejected
0.00071206,128000.0,1278547,Ejected
0.00071206,47000.0,358258,Ejected
0.00071206,93000.0,1278525,Ejected
0.00071206,179000.0,4043292,Ejected
0.00071206,49000.0,2745474,Ejected
0.00071206,90000.0,4043313,Ejected
0.00071206,73000.0,358251,Ejected
0.00071206,31000.0,2023162,Ejected
0.00071206,66000.0,3366568,Ejected
0.00071206,72000.0,3148976,Ejected
0.00071206,52000.0,3948147,Ejected
0.00071206,76000.0,3635519,Ejected
0.00071206,62000.0,1278524,Ejected
0.00071206,81000.0,3148971,Ejected
0.00071206,122000.0,3948186,Ejected
0.00071206,53000.0,2745479,Ejected
0.00071206,40000.0,3148961,Ejected
0.00071206,50000.0,3366542,Ejected
0.00071206,119000.0,4043265,Ejected
0.00071206,108000.0,2023176,Ejected
0.00071206,79000.0,3148968,Ejected
0.00071206,101000.0,1278534,Ejected
0.00071206,61000.0,715754,Ejected
0.00071206,51000.0,1150671,Ejected
0.00071206,66000.0,2023167,Ejected
0.00071206,37000.0,1317758,Ejected
0.00071206,63000.0,3148975,Ejected
0.00071206,33000.0,1150666,Ejected
0.00071206,128000.0,3366534,Ejected
0.00071206,100000.0,3148943,Ejected
0.00071206,123000.0,3948197,Ejected
0.00071206,66000.0,2023159,Ejected
0.00071206,128000.0,3366527,Ejected
0.00071206,113000.0,3366586,Ejected
0.00071206,55000.0,1278529,Ejected
0.00071206,69000.0,3948189,Ejected
0.00071206,74000.0,764284,Ejected
0.00071206,185000.0,764293,Ejected
0.00071206,78000.0,3851126,Ejected
0.00071206,76000.0,1150678,Ejected
0.00071206,102000.0,4043280,Ejected
0.00071206,59000.0,3948203,Ejected
0.00071206,42000.0,2023170,Ejected
0.00071206,83000.0,4043289,Ejected
0.00071206,378000.0,3851122,Ejected
0.00071206,83000.0,2023157,Ejected
0.00071206,60000.0,2023174,Ejected
0.00071206,181000.0,3366562,Ejected
0.00071206,30000.0,3148937,Ejected
0.00071206,75000.0,358262,Ejected
0.00071206,60000.0,3948181,Ejected
0.00071206,218000.0,3366557,Ejected
0.00071206,80000.0,4043327,Ejected
0.00071206,115000.0,2508212,Ejected
0.00071206,54000.0,4043284,Ejected
0.00071206,96000.0,3948154,Ejected
0.00071206,44000.0,3148981,Ejected
0.00071206,76000.0,3148954,Ejected
0.00071206,42000.0,3366576,Ejected
0.00071206,129000.0,2745470,Ejected
0.00071206,86000.0,3366598,Ejected
0.00071206,64000.0,3148952,Ejected
0.00071206,86000.0,2023151,Ejected
0.00071206,102000.0,1150667,Ejected
0.00071206,91000.0,1278517,Ejected
0.00071206,81000.0,3148964,Ejected
0.00071206,145000.0,1278540,Ejected
0.00071206,37000.0,3948166,Ejected
0.00071206,58000.0,2023148,Ejected
0.00071206,71000.0,715747,Ejected
0.00071206,98000.0,3948188,Ejected
0.00071206,112000.0,764294,Ejected
0.00071206,145000.0,3851125,Ejected
0.00071206,168000.0,1278518,Ejected
0.00071206,84000.0,3948164,Ejected
0.00071206,129000.0,3148958,Ejected
0.00071206,83000.0,587146,Ejected
0.00071206,71000.0,715757,Ejected
0.00071206,52000.0,3148948,Ejected
0.00071206,53000.0,3366566,Ejected
0.00071206,131000.0,3148938,Ejected
0.00071206,66000.0,1278558,Ejected
0.00071206,88000.0,3366593,Ejected
0.00071206,65000.0,3366580,Ejected
0.00071206,62000.0,3948183,Ejected
0.00071206,71000.0,3148969,Ejected
0.00071206,67000.0,4043326,Ejected
0.00071206,175000.0,4043267,Ejected
0.00071206,59000.0,2023164,Ejected
0.00071206,67000.0,3366578,Ejected
0.00071206,114000.0,1150674,Ejected
0.00071206,81000.0,2745484,Ejected
0.00071206,88000.0,4043302,Ejected
0.00071206,99000.0,4043277,Ejected
0.00071206,81000.0,2023155,Ejected
0.00071206,100000.0,4043315,Ejected
0.00071206,117000.0,1278542,Ejected
0.00071206,120000.0,358261,Ejected
0.00071206,124000.0,2023169,Ejected
0.00030027,1099000.0,2646814,Ejected
0.00071206,72000.0,2023168,Ejected
0.00071206,176000.0,3148966,Ejected
0.00071206,126000.0,2023147,Ejected
0.00071206,105000.0,4043307,Ejected
0.00071206,85000.0,1150672,Ejected
0.00071206,69000.0,1150675,Ejected
0.00071206,116000.0,2023172,Ejected
0.00071206,174000.0,3948177,Ejected
0.00071206,108000.0,1278535,Ejected
0.00071206,328000.0,3366587,Ejected
0.00071206,170000.0,3948208,Ejected
0.00071206,102000.0,4043298,Ejected
0.00071206,99000.0,3366583,Ejected
0.00071206,144000.0,3366543,Ejected
0.00071206,110000.0,3366547,Ejected
0.00071206,141000.0,358252,Ejected
0.00071206,67000.0,3635525,Ejected
0.00071206,149000.0,1278556,Ejected
0.00071206,151000.0,3948201,Ejected
0.00071206,88000.0,3948170,Ejected
0.00071206,115000.0,1150668,Ejected
0.00071206,193000.0,2745478,Ejected
0.00071206,152000.0,3635518,Ejected
0.00071206,111000.0,1278561,Ejected
0.00071206,91000.0,3366559,Ejected
0.00071206,295000.0,1278551,Ejected
0.00071206,179000.0,4043283,Ejected
0.00071206,139000.0,1278557,Ejected
0.00071206,143000.0,3366564,Ejected
0.00071206,179000.0,3948159,Ejected
0.00071206,204000.0,3148988,Ejected
0.00071206,196000.0,3948195,Ejected
0.00071206,71000.0,3366541,Ejected
0.00071206,545000.0,3148965,Ejected
0.00071206,114000.0,2023177,Ejected
0.00071206,181000.0,587147,Ejected
0.00071206,98000.0,3366526,Ejected
0.00071206,222000.0,3366552,Ejected
0.00071206,105000.0,3148955,Ejected
0.00071206,312000.0,4043287,Ejected
0.00071206,237000.0,3366572,Ejected
0.00071206,306000.0,2023154,Ejected
0.00071206,71000.0,3148984,Ejected
0.00071206,179000.0,2508208,Ejected
0.00071206,245000.0,3948196,Ejected
0.00071206,298000.0,2745476,Ejected
0.00071206,102000.0,4043294,Ejected
0.00071206,107000.0,3366558,Ejected
0.00071206,182000.0,4043324,Ejected
0.00071206,211000.0,4043305,Ejected
0.00071206,113000.0,4043268,Ejected
0.00071206,149000.0,1278559,Ejected
0.00071206,162000.0,4043276,Ejected
0.00071206,141000.0,3851124,Ejected
0.00071206,100000.0,2023166,Ejected
0.00071206,116000.0,3366533,Ejected
0.00071206,99000.0,715755,Ejected
0.00071206,405000.0,764289,Ejected
0.00071206,165000.0,3366585,Ejected
0.00071206,213000.0,3148947,Ejected
0.00071206,134000.0,3948193,Ejected
0.00071206,68000.0,3148929,Ejected
0.00071206,155000.0,2745472,Ejected
0.00071206,302000.0,1278544,Ejected
0.00071206,118000.0,3148956,Ejected
0.00071206,181000.0,4043316,Ejected
0.00071206,104000.0,4043312,Ejected
0.00071206,271000.0,3148940,Ejected
0.00071206,223000.0,3366582,Ejected
0.00030027,3042000.0,2938725,Ejected
0.00071206,220000.0,1317757,Ejected
0.00071206,483000.0,715744,Ejected
0.00071206,293000.0,3148970,Ejected
0.00071206,441000.0,3635520,Ejected
0.00071206,202000.0,3148931,Ejected
0.00071206,255000.0,1278511,Ejected
0.00071206,424000.0,3148960,Ejected
0.00071206,167000.0,1278519,Ejected
0.00030027,1192000.0,3148069,Ejected
0.00030027,2896000.0,3148059,Ejected
0.00071206,717000.0,358250,Ejected
0.00071206,682000.0,358259,Ejected
0.00071206,602000.0,3948194,Ejected
0.00168856,0.0,1280621,Captured
0.00168856,0.0,3434475,Captured
0.00168856,17000.0,358941,Ejected
0.00168856,11000.0,1280601,Ejected
0.00168856,11000.0,3949495,Ejected
0.00168856,16000.0,2747074,Ejected
0.00168856,11000.0,4044646,Ejected
0.00168856,18000.0,3434545,Ejected
0.00168856,20000.0,3949512,Ejected
0.00168856,12000.0,2747086,Ejected
0.00168856,11000.0,4044674,Ejected
0.00168856,16000.0,1280602,Ejected
0.00168856,10000.0,1280589,Ejected
0.00168856,23000.0,3434480,Ejected
0.00168856,10000.0,3949501,Ejected
0.00168856,31000.0,2747075,Ejected
0.00168856,48000.0,3949469,Ejected
0.00168856,12000.0,3949518,Ejected
0.00168856,10000.0,4044684,Ejected
0.00168856,9000.0,4044681,Ejected
0.00168856,13000.0,4044642,Ejected
0.00168856,10000.0,3949505,Ejected
0.00168856,22000.0,3150296,Ejected
0.00168856,27000.0,1280633,Ejected
0.00168856,8000.0,358934,Ejected
0.00168856,18000.0,3656870,Ejected
0.00168856,45000.0,3150299,Ejected
0.00168856,18000.0,3772683,Ejected
0.00168856,9000.0,3434483,Ejected
0.00168856,58000.0,3656864,Ejected
0.00168856,14000.0,3949508,Ejected
0.00168856,52000.0,3150268,Ejected
0.00168856,15000.0,3434514,Ejected
0.00168856,31000.0,3772693,Ejected
0.00168856,36000.0,1280617,Ejected
0.00168856,11000.0,3150289,Ejected
0.00168856,19000.0,3949524,Ejected
0.00168856,28000.0,3150294,Ejected
0.00168856,20000.0,3434515,Ejected
0.00168856,41000.0,3949468,Ejected
0.00168856,50000.0,765169,Ejected
0.00168856,23000.0,3949513,Ejected
0.00168856,13000.0,2747068,Ejected
0.00168856,15000.0,3772692,Ejected
0.00168856,10000.0,3949488,Ejected
0.00168856,26000.0,3949491,Ejected
0.00168856,183000.0,1280642,Ejected
0.00168856,33000.0,1280594,Ejected
0.00168856,45000.0,3949480,Ejected
0.00168856,24000.0,1280640,Ejected
0.00168856,10000.0,1280595,Ejected
0.00168856,21000.0,1280644,Ejected
0.00168856,17000.0,3434535,Ejected
0.00168856,10000.0,3949502,Ejected
0.00168856,106000.0,3150313,Ejected
0.00168856,13000.0,3656858,Ejected
0.00168856,13000.0,4044659,Ejected
0.00168856,16000.0,3434486,Ejected
0.00168856,19000.0,3656871,Ejected
0.00168856,40000.0,3150263,Ejected
0.00168856,8000.0,3949519,Ejected
0.00168856,15000.0,3949484,Ejected
0.00168856,24000.0,719401,Ejected
0.00168856,11000.0,719399,Ejected
0.00168856,14000.0,3434497,Ejected
0.00168856,46000.0,765171,Ejected
0.00168856,12000.0,3434504,Ejected
0.00168856,12000.0,3949482,Ejected
0.00168856,51000.0,1280591,Ejected
0.00168856,11000.0,3434485,Ejected
0.00168856,45000.0,3150264,Ejected
0.00168856,24000.0,1280603,Ejected
0.00168856,22000.0,1280629,Ejected
0.00168856,23000.0,3656857,Ejected
0.00168856,16000.0,4044651,Ejected
0.00168856,18000.0,4044621,Ejected
0.00168856,17000.0,1280625,Ejected
0.00168856,15000.0,3150262,Ejected
0.00168856,21000.0,3949500,Ejected
0.00168856,12000.0,3150277,Ejected
0.00168856,14000.0,3949478,Ejected
0.00168856,24000.0,2747071,Ejected
0.00168856,13000.0,3150258,Ejected
0.00168856,47000.0,3150308,Ejected
0.00168856,16000.0,4044647,Ejected
0.00168856,18000.0,3434520,Ejected
0.00168856,34000.0,3434518,Ejected
0.00168856,28000.0,3949487,Ejected
0.00168856,15000.0,3656866,Ejected
0.00168856,17000.0,3949499,Ejected
0.00168856,35000.0,4044636,Ejected
0.00168856,69000.0,3772682,Ejected
0.00168856,23000.0,2747067,Ejected
0.00168856,39000.0,2747073,Ejected
0.00168856,17000.0,3949470,Ejected
0.00168856,202000.0,3434487,Ejected
0.00168856,20000.0,3150307,Ejected
0.00168856,22000.0,1280630,Ejected
0.00168856,67000.0,4044679,Ejected
0.00168856,13000.0,3949506,Ejected
0.00168856,18000.0,765173,Ejected
0.00168856,11000.0,358937,Ejected
0.00168856,22000.0,3949490,Ejected
0.00168856,13000.0,1280593,Ejected
0.00168856,42000.0,719396,Ejected
0.00168856,14000.0,719395,Ejected
0.00168856,54000.0,3434538,Ejected
0.00168856,21000.0,2747081,Ejected
0.00168856,17000.0,1280592,Ejected
0.00168856,89000.0,3434510,Ejected
0.00168856,49000.0,3656860,Ejected
0.00168856,19000.0,3434493,Ejected
0.00168856,18000.0,358945,Ejected
0.00168856,37000.0,4044677,Ejected
0.00168856,16000.0,1280634,Ejected
0.00168856,18000.0,3150295,Ejected
0.00168856,20000.0,3949511,Ejected
0.00168856,38000.0,3150280,Ejected
0.00168856,36000.0,3949486,Ejected
0.00168856,18000.0,3434523,Ejected
0.00168856,9000.0,3434502,Ejected
0.00168856,9000.0,358932,Ejected
0.00168856,52000.0,3949520,Ejected
0.00168856,16000.0,1280598,Ejected
0.00168856,37000.0,719392,Ejected
0.00168856,30000.0,3434534,Ejected
0.00168856,15000.0,1280643,Ejected
0.00168856,44000.0,358933,Ejected
0.00168856,26000.0,3434499,Ejected
0.00168856,19000.0,4044670,Ejected
0.00168856,103000.0,3150286,Ejected
0.00168856,20000.0,4044654,Ejected
0.00168856,39000.0,3772679,Ejected
0.00168856,22000.0,3434509,Ejected
0.00168856,22000.0,3150265,Ejected
0.00168856,16000.0,3434519,Ejected
0.00168856,21000.0,358936,Ejected
0.00168856,20000.0,4044638,Ejected
0.00168856,23000.0,3434547,Ejected
0.00168856,19000.0,1280632,Ejected
0.00168856,17000.0,3949473,Ejected
0.00168856,31000.0,3150310,Ejected
0.00168856,96000.0,4044645,Ejected
0.00168856,31000.0,2747085,Ejected
0.00168856,41000.0,358942,Ejected
0.00168856,17000.0,765175,Ejected
0.00168856,42000.0,1280590,Ejected
0.00168856,78000.0,2747069,Ejected
0.00168856,17000.0,3434491,Ejected
0.00168856,22000.0,3150306,Ejected
0.00168856,21000.0,4044633,Ejected
0.00168856,79000.0,4044662,Ejected
0.00168856,12000.0,3434539,Ejected
0.00168856,16000.0,3434543,Ejected
0.00168856,36000.0,3150302,Ejected
0.00168856,17000.0,3150272,Ejected
0.00168856,50000.0,4044644,Ejected
0.00168856,30000.0,4044627,Ejected
0.00168856,38000.0,3150316,Ejected
0.00168856,23000.0,3949514,Ejected
0.00168856,28000.0,3772681,Ejected
0.00168856,41000.0,3656868,Ejected
0.00168856,210000.0,3434505,Ejected
0.00168856,54000.0,3656865,Ejected
0.00168856,26000.0,3434479,Ejected
0.00168856,20000.0,3150301,Ejected
0.00168856,72000.0,1280608,Ejected
0.00168856,14000.0,3434533,Ejected
0.00168856,24000.0,3434529,Ejected
0.00168856,30000.0,358943,Ejected
0.00168856,19000.0,4044676,Ejected
0.00168856,36000.0,4044656,Ejected
0.00168856,32000.0,719406,Ejected
0.00168856,47000.0,3772684,Ejected
0.00168856,17000.0,1280615,Ejected
0.00168856,23000.0,3434507,Ejected
0.00168856,37000.0,4044648,Ejected
0.00168856,18000.0,3434528,Ejected
0.00168856,16000.0,4044620,Ejected
0.00168856,55000.0,3949494,Ejected
0.00168856,61000.0,3434503,Ejected
0.00168856,41000.0,358940,Ejected
0.00168856,204000.0,4044667,Ejected
0.00168856,64000.0,3434494,Ejected
0.00168856,21000.0,3150293,Ejected
0.00168856,17000.0,3150256,Ejected
0.00168856,20000.0,2747072,Ejected
0.00168856,14000.0,3949489,Ejected
0.00168856,24000.0,3772694,Ejected
0.00168856,22000.0,719404,Ejected
0.00168856,34000.0,3949523,Ejected
0.00168856,25000.0,3150270,Ejected
0.00168856,68000.0,3150292,Ejected
0.00168856,28000.0,3949477,Ejected
0.00168856,29000.0,3150287,Ejected
0.00168856,60000.0,3150288,Ejected
0.00168856,14000.0,1280607,Ejected
0.00168856,62000.0,1280626,Ejected
0.00168856,22000.0,765165,Ejected
0.00168856,19000.0,2747084,Ejected
0.00168856,46000.0,3434489,Ejected
0.00168856,104000.0,3656859,Ejected
0.00168856,29000.0,3772680,Ejected
0.00168856,23000.0,358947,Ejected
0.00168856,40000.0,3949504,Ejected
0.00168856,23000.0,3949509,Ejected
0.00168856,10000.0,2024166,Ejected
0.00168856,19000.0,3434501,Ejected
0.00168856,32000.0,765168,Ejected
0.00168856,22000.0,1280611,Ejected
0.00168856,47000.0,1280614,Ejected
0.00168856,38000.0,3434488,Ejected
0.00168856,24000.0,3656867,Ejected
0.00168856,15000.0,3949517,Ejected
0.00168856,22000.0,1280596,Ejected
0.00168856,18000.0,2024162,Ejected
0.00168856,16000.0,2024180,Ejected
0.00168856,14000.0,2024182,Ejected
0.00168856,14000.0,2024160,Ejected
0.00168856,31000.0,4044624,Ejected
0.00168856,11000.0,2024186,Ejected
0.00168856,30000.0,3150278,Ejected
0.00168856,64000.0,1280609,Ejected
0.00168856,33000.0,3949507,Ejected
0.00168856,28000.0,4044650,Ejected
0.00168856,15000.0,2024184,Ejected
0.00168856,88000.0,3150298,Ejected
0.00168856,49000.0,3434542,Ejected
0.00168856,40000.0,2024167,Ejected
0.00168856,14000.0,2024175,Ejected
0.00168856,43000.0,2024185,Ejected
0.00168856,28000.0,3949492,Ejected
0.00168856,108000.0,4044619,Ejected
0.00168856,18000.0,2024172,Ejected
0.00168856,47000.0,4044660,Ejected
0.00168856,28000.0,3949510,Ejected
0.00168856,38000.0,358938,Ejected
0.00168856,25000.0,765162,Ejected
0.00168856,15000.0,2024176,Ejected
0.00168856,13000.0,2024187,Ejected
0.00168856,18000.0,1151330,Ejected
0.00168856,14000.0,1151318,Ejected
0.00168856,38000.0,2024168,Ejected
0.00168856,57000.0,1151324,Ejected
0.00168856,63000.0,2747077,Ejected
0.00168856,37000.0,3434524,Ejected
0.00168856,32000.0,4044671,Ejected
0.00168856,11000.0,1338447,Ejected
0.00168856,11000.0,1338445,Ejected
0.00168856,12000.0,1151325,Ejected
0.00168856,10000.0,1338449,Ejected
0.00168856,21000.0,3434522,Ejected
0.00168856,19000.0,1338448,Ejected
0.00168856,103000.0,1280623,Ejected
0.00168856,13000.0,2024158,Ejected
0.00168856,90000.0,1151329,Ejected
0.00168856,20000.0,1151323,Ejected
0.00168856,21000.0,3949479,Ejected
0.00168856,43000.0,765172,Ejected
0.00168856,24000.0,3434474,Ejected
0.00168856,85000.0,3949466,Ejected
0.00168856,152000.0,3949467,Ejected
0.00168856,41000.0,4044629,Ejected
0.00168856,23000.0,2024181,Ejected
0.00168856,19000.0,1151320,Ejected
0.00168856,14000.0,2024171,Ejected
0.00168856,37000.0,1151319,Ejected
0.00168856,41000.0,3150297,Ejected
0.00168856,108000.0,4044626,Ejected
0.00168856,46000.0,2024156,Ejected
0.00168856,29000.0,1151315,Ejected
0.00168856,171000.0,4044640,Ejected
0.00168856,43000.0,3949516,Ejected
0.00168856,136000.0,2024177,Ejected
0.00168856,41000.0,4044658,Ejected
0.00168856,21000.0,2806115,Ejected
0.00168856,33000.0,2806117,Ejected
0.00168856,52000.0,2806113,Ejected
0.00168856,47000.0,358930,Ejected
0.00168856,79000.0,1280638,Ejected
0.00168856,26000.0,3150257,Ejected
0.00168856,18000.0,3150309,Ejected
0.00168856,19000.0,2806116,Ejected
0.00168856,44000.0,2024164,Ejected
0.00168856,30000.0,4044665,Ejected
0.00168856,16000.0,2806125,Ejected
0.00168856,68000.0,3949464,Ejected
0.00168856,24000.0,2806111,Ejected
0.00168856,88000.0,3949472,Ejected
0.00168856,58000.0,3434477,Ejected
0.00168856,149000.0,4044657,Ejected
0.00168856,66000.0,3772685,Ejected
0.00168856,38000.0,3949475,Ejected
0.00168856,60000.0,4044652,Ejected
0.00168856,39000.0,719400,Ejected
0.00168856,47000.0,3150305,Captured
0.00168856,154000.0,3434537,Ejected
0.00168856,93000.0,3434492,Ejected
0.00168856,328000.0,3434500,Ejected
0.00168856,295000.0,3150284,Ejected
0.00030027,2144000.0,967214,Ejected
0.00400422,6000.0,2748276,Ejected
0.00400422,24000.0,2748270,Ejected
0.00400422,8000.0,2748277,Ejected
0.00400422,6000.0,3773431,Ejected
0.00400422,6000.0,3773429,Ejected
0.00400422,8000.0,3773440,Ejected
0.00400422,5000.0,765927,Ejected
0.00400422,9000.0,2748274,Ejected
0.00400422,30000.0,765923,Ejected
0.00400422,5000.0,3665031,Ejected
0.00400422,24000.0,3773425,Ejected
0.00400422,19000.0,765926,Ejected
0.00400422,7000.0,765934,Ejected
0.00400422,4000.0,359629,Ejected
0.00400422,7000.0,2748279,Ejected
0.00400422,6000.0,3665039,Ejected
0.00400422,6000.0,3665036,Ejected
0.00400422,15000.0,3773428,Ejected
0.00400422,21000.0,3665045,Ejected
0.00400422,14000.0,3665044,Ejected
0.00400422,5000.0,3773426,Ejected
0.00400422,17000.0,3773430,Ejected
0.00400422,14000.0,3152305,Ejected
0.00400422,10000.0,3152270,Ejected
0.00400422,5000.0,3152271,Ejected
0.00400422,9000.0,3665037,Ejected
0.00400422,3000.0,3152299,Ejected
0.00400422,16000.0,3773438,Ejected
0.00400422,19000.0,3152272,Ejected
0.00400422,9000.0,3665047,Ejected
0.00400422,14000.0,3152313,Ejected
0.00400422,7000.0,3152303,Ejected
0.00400422,7000.0,3152265,Ejected
0.00400422,5000.0,3152301,Ejected
0.00400422,25000.0,3773435,Ejected
0.00400422,7000.0,2748285,Ejected
0.00400422,6000.0,2748278,Ejected
0.00400422,4000.0,359640,Ejected
0.00400422,5000.0,1282210,Ejected
0.00400422,5000.0,1282230,Ejected
0.00400422,4000.0,1282216,Ejected
0.00400422,8000.0,1282217,Ejected
0.00400422,9000.0,3152260,Ejected
0.00400422,4000.0,3152278,Ejected
0.00400422,11000.0,359638,Ejected
0.00400422,5000.0,1787221,Ejected
0.00400422,6000.0,1282245,Ejected
0.00400422,5000.0,3152253,Ejected
0.00400422,7000.0,3665033,Ejected
0.00400422,20000.0,3152257,Ejected
0.00400422,24000.0,1282213,Ejected
0.00400422,19000.0,359637,Ejected
0.00400422,8000.0,359636,Ejected
0.00400422,26000.0,3152266,Ejected
0.00400422,5000.0,1282234,Ejected
0.00400422,4000.0,4045986,Ejected
0.00400422,9000.0,3152258,Ejected
0.00400422,7000.0,3458770,Ejected
0.00400422,6000.0,4045998,Ejected
0.00400422,5000.0,4045993,Ejected
0.00400422,35000.0,4045999,Ejected
0.00400422,10000.0,4046037,Ejected
0.00400422,18000.0,1282250,Ejected
0.00400422,15000.0,1282203,Ejected
0.00400422,11000.0,3458797,Ejected
0.00400422,12000.0,3950802,Ejected
0.00400422,13000.0,1282211,Ejected
0.00400422,6000.0,3950828,Ejected
0.00400422,8000.0,3152277,Ejected
0.00400422,6000.0,3458829,Ejected
0.00400422,6000.0,3152281,Ejected
0.00400422,5000.0,4046041,Ejected
0.00400422,10000.0,3458815,Ejected
0.00400422,144000.0,3665046,Ejected
0.00400422,5000.0,3458781,Ejected
0.00400422,25000.0,3950801,Ejected
0.00400422,9000.0,359631,Ejected
0.00400422,14000.0,4046033,Ejected
0.00400422,22000.0,3458790,Ejected
0.00400422,7000.0,3458800,Ejected
0.00400422,4000.0,4046023,Ejected
0.00400422,20000.0,3458794,Ejected
0.00400422,12000.0,3950854,Ejected
0.00400422,15000.0,4046009,Ejected
0.00400422,12000.0,3458814,Ejected
0.00400422,17000.0,3950859,Ejected
0.00400422,26000.0,3152300,Ejected
0.00400422,6000.0,4046020,Ejected
0.00400422,8000.0,4046000,Ejected
0.00400422,5000.0,3458772,Ejected
0.00400422,8000.0,3950808,Ejected
0.00400422,6000.0,1282202,Ejected
0.00400422,12000.0,2748284,Ejected
0.00400422,23000.0,765933,Ejected
0.00400422,7000.0,3950830,Ejected
0.00400422,24000.0,3773436,Ejected
0.00400422,10000.0,3950833,Ejected
0.00400422,31000.0,3152302,Ejected
0.00400422,6000.0,3458828,Ejected
0.00400422,7000.0,1282204,Ejected
0.00400422,12000.0,4046005,Ejected
0.00400422,6000.0,765928,Ejected
0.00400422,8000.0,3950849,Ejected
0.00400422,10000.0,3458810,Ejected
0.00400422,11000.0,3458799,Ejected
0.00400422,9000.0,765925,Ejected
0.00400422,8000.0,2748280,Ejected
0.00400422,13000.0,1282253,Ejected
0.00400422,7000.0,3458760,Ejected
0.00400422,12000.0,3950834,Ejected
0.00400422,9000.0,3458774,Ejected
0.00400422,6000.0,4045979,Ejected
0.00400422,24000.0,1282239,Ejected
0.00400422,14000.0,3950844,Ejected
0.00400422,30000.0,3152288,Ejected
0.00400422,9000.0,3152298,Ejected
0.00400422,8000.0,1282206,Ejected
0.00400422,6000.0,4046039,Ejected
0.00400422,8000.0,3152310,Ejected
0.00400422,8000.0,4046018,Ejected
0.00400422,14000.0,1282235,Ejected
0.00400422,8000.0,3950839,Ejected
0.00400422,13000.0,3152268,Ejected
0.00400422,42000.0,3950851,Ejected
0.00400422,5000.0,3458791,Ejected
0.00400422,12000.0,3950827,Ejected
0.00400422,16000.0,3458784,Ejected
0.00400422,4000.0,4046035,Ejected
0.00400422,5000.0,3950846,Ejected
0.00400422,4000.0,3458766,Ejected
0.00400422,11000.0,3458765,Ejected
0.00400422,6000.0,4045981,Ejected
0.00400422,14000.0,1282205,Ejected
0.00400422,23000.0,3950824,Ejected
0.00400422,43000.0,1282231,Ejected
0.00400422,8000.0,4046003,Ejected
0.00400422,8000.0,3950835,Ejected
0.00400422,7000.0,4046032,Ejected
0.00400422,12000.0,3950826,Ejected
0.00400422,23000.0,1282208,Ejected
0.00400422,13000.0,3950858,Ejected
0.00400422,7000.0,3458806,Ejected
0.00400422,8000.0,3152254,Ejected
0.00400422,8000.0,3152261,Ejected
0.00400422,11000.0,3458764,Ejected
0.00400422,7000.0,1282200,Ejected
0.00400422,13000.0,2748269,Ejected
0.00400422,5000.0,4046031,Ejected
0.00400422,35000.0,3950847,Ejected
0.00400422,10000.0,2748266,Ejected
0.00400422,9000.0,1282226,Ejected
0.00400422,11000.0,4046006,Ejected
0.00400422,27000.0,3950825,Ejected
0.00400422,5000.0,3458788,Ejected
0.00400422,14000.0,4046013,Ejected
0.00400422,10000.0,3152274,Ejected
0.00400422,16000.0,1787225,Ejected
0.00400422,6000.0,3950823,Ejected
0.00400422,11000.0,3950819,Ejected
0.00400422,9000.0,3950857,Ejected
0.00400422,6000.0,1282232,Ejected
0.00400422,15000.0,1282251,Ejected
0.00400422,8000.0,3950855,Ejected
0.00400422,12000.0,3950842,Ejected
0.00400422,6000.0,1282218,Ejected
0.00400422,27000.0,4046011,Ejected
0.00400422,9000.0,4046040,Ejected
0.00400422,7000.0,4045989,Ejected
0.00400422,37000.0,3458792,Ejected
0.00400422,6000.0,3152287,Ejected
0.00400422,27000.0,4045987,Ejected
0.00400422,9000.0,1282233,Ejected
0.00400422,6000.0,3950816,Ejected
0.00400422,27000.0,3458832,Ejected
0.00400422,6000.0,3152279,Ejected
0.00400422,6000.0,3458778,Ejected
0.00400422,10000.0,3458808,Ejected
0.00400422,15000.0,4045988,Ejected
0.00400422,10000.0,3950811,Ejected
0.00400422,56000.0,1282207,Ejected
0.00400422,30000.0,3950840,Ejected
0.00400422,10000.0,3773434,Ejected
0.00400422,36000.0,2748273,Ejected
0.00400422,15000.0,4046027,Ejected
0.00400422,8000.0,1282247,Ejected
0.00400422,7000.0,1282242,Ejected
0.00400422,8000.0,1341031,Ejected
0.00400422,16000.0,4046008,Ejected
0.00400422,6000.0,3950837,Ejected
0.00400422,10000.0,3950848,Ejected
0.00400422,11000.0,3950799,Ejected
0.00400422,16000.0,1341018,Ejected
0.00400422,7000.0,3152306,Ejected
0.00400422,8000.0,1341035,Ejected
0.00400422,7000.0,4046038,Ejected
0.00400422,7000.0,1282220,Ejected
0.00400422,19000.0,4046044,Ejected
0.00400422,12000.0,3152294,Ejected
0.00400422,11000.0,3950836,Ejected
0.00400422,6000.0,1341024,Ejected
0.00400422,7000.0,1282225,Ejected
0.00400422,13000.0,4046007,Ejected
0.00400422,13000.0,3458773,Ejected
0.00400422,11000.0,1341027,Ejected
0.00400422,47000.0,3152285,Ejected
0.00400422,10000.0,1282212,Ejected
0.00400422,12000.0,3950853,Ejected
0.00400422,10000.0,1341026,Ejected
0.00400422,16000.0,359632,Ejected
0.00400422,20000.0,3458795,Ejected
0.00400422,20000.0,3458825,Ejected
0.00400422,24000.0,4046010,Ejected
0.00400422,11000.0,3458780,Ejected
0.00400422,12000.0,3458818,Ejected
0.00400422,17000.0,3458809,Ejected
0.00400422,12000.0,3152255,Ejected
0.00400422,17000.0,3458789,Ejected
0.00400422,10000.0,1787222,Ejected
0.00400422,7000.0,3950838,Ejected
0.00400422,16000.0,3458827,Ejected
0.00400422,54000.0,3458805,Ejected
0.00400422,16000.0,3458823,Ejected
0.00400422,16000.0,1341029,Ejected
0.00400422,16000.0,1341032,Ejected
0.00400422,7000.0,4045983,Ejected
0.00400422,23000.0,3950798,Ejected
0.00400422,11000.0,3458775,Ejected
0.00400422,12000.0,1341036,Ejected
0.00400422,12000.0,3458807,Ejected
0.00400422,11000.0,3950852,Ejected
0.00400422,11000.0,1341021,Ejected
0.00400422,104000.0,3458812,Ejected
0.00400422,23000.0,3950818,Ejected
0.00400422,18000.0,3458804,Ejected
0.00400422,16000.0,3152312,Ejected
0.00400422,111000.0,1341030,Ejected
0.00400422,17000.0,1282201,Ejected
0.00400422,15000.0,1282252,Ejected
0.00400422,102000.0,2025133,Ejected
0.00400422,8000.0,2025130,Ejected
0.00400422,30000.0,2025135,Ejected
0.00400422,5000.0,2025122,Ejected
0.00400422,8000.0,2025120,Ejected
0.00400422,100000.0,765935,Ejected
0.00400422,26000.0,3665038,Ejected
0.00400422,47000.0,2025137,Ejected
0.00400422,13000.0,2025109,Ejected
0.00400422,25000.0,2025132,Ejected
0.00400422,33000.0,2025115,Ejected
0.00400422,20000.0,2025140,Ejected
0.00400422,22000.0,1151982,Ejected
0.00400422,0.0,1151976,Captured
0.00400422,17000.0,3152308,Ejected
0.00400422,12000.0,1151988,Ejected
0.00400422,17000.0,2025139,Ejected
0.00400422,9000.0,1151985,Ejected
0.00400422,8000.0,1151984,Ejected
0.00400422,11000.0,2025125,Ejected
0.00400422,31000.0,1151978,Ejected
0.00400422,25000.0,2025138,Ejected
0.00400422,11000.0,2025131,Ejected
0.00400422,6000.0,1151980,Ejected
0.00400422,12000.0,1151987,Ejected
0.00400422,11000.0,2025124,Ejected
0.00400422,10000.0,2025123,Ejected
0.00400422,65000.0,3458824,Ejected
0.00400422,10000.0,1151990,Ejected
0.00400422,9000.0,4046043,Ejected
0.00400422,0.0,2806776,Captured
0.00400422,5000.0,2806777,Ejected
0.00400422,5000.0,2806773,Ejected
0.00400422,6000.0,2806774,Ejected
0.00400422,11000.0,2806775,Ejected
0.00400422,7000.0,2806780,Ejected
0.00400422,11000.0,2806772,Ejected
0.00400422,12000.0,2806778,Ejected
0.00400422,12000.0,2806770,Ejected
0.00400422,22000.0,359641,Ejected
0.00400422,16000.0,2806779,Ejected
0.00400422,19000.0,1151983,Ejected
0.00400422,50000.0,3665032,Ejected
0.00400422,21000.0,2806769,Ejected
0.00030027,2280000.0,3148052,Ejected
0.00400422,21000.0,1787223,Captured
0.00400422,28000.0,4046022,Captured
0.00400422,37000.0,3152309,Captured
0.00400422,85000.0,2025128,Ejected
0.00400422,72000.0,1151975,Captured
0.00400422,99000.0,1282248,Captured
0.00400422,72000.0,3152286,Captured
0.00400422,143000.0,3950805,Captured
0.0094955,6000.0,1788078,Ejected
0.0094955,0.0,1788082,Captured
0.0094955,3000.0,1788079,Ejected
0.0094955,10000.0,3666092,Ejected
0.0094955,4000.0,3774120,Ejected
0.0094955,3000.0,3666093,Ejected
0.0094955,6000.0,3666099,Ejected
0.0094955,5000.0,3774117,Ejected
0.0094955,3000.0,2749257,Ejected
0.0094955,5000.0,3666097,Ejected
0.0094955,5000.0,2749264,Ejected
0.0094955,4000.0,2749261,Ejected
0.0094955,5000.0,2510024,Ejected
0.0094955,3000.0,2749274,Ejected
0.0094955,7000.0,3774122,Ejected
0.0094955,10000.0,2510034,Ejected
0.0094955,3000.0,2749267,Ejected
0.0094955,4000.0,2749255,Ejected
0.0094955,16000.0,2749258,Ejected
0.0094955,5000.0,3774114,Ejected
0.0094955,5000.0,3774125,Ejected
0.0094955,54000.0,2510033,Ejected
0.0094955,17000.0,2510026,Ejected
0.0094955,6000.0,3774121,Ejected
0.0094955,6000.0,2510030,Ejected
0.0094955,4000.0,360303,Ejected
0.0094955,64000.0,1788081,Ejected
0.0094955,3000.0,2749268,Ejected
0.0094955,9000.0,3774123,Ejected
0.0094955,9000.0,360304,Ejected
0.0094955,6000.0,360300,Ejected
0.0094955,6000.0,2510020,Ejected
0.0094955,4000.0,360297,Ejected
0.0094955,3000.0,360313,Ejected
0.0094955,9000.0,3774118,Ejected
0.0094955,2000.0,766641,Ejected
0.0094955,4000.0,766638,Ejected
0.0094955,14000.0,723097,Ejected
0.0094955,5000.0,360310,Ejected
0.0094955,3000.0,766636,Ejected
0.0094955,4000.0,766637,Ejected
0.0094955,4000.0,723095,Ejected
0.0094955,5000.0,723085,Ejected
0.0094955,4000.0,723088,Ejected
0.0094955,4000.0,2749266,Ejected
0.0094955,6000.0,723087,Ejected
0.0094955,5000.0,723099,Ejected
0.0094955,17000.0,766640,Ejected
0.0094955,4000.0,360301,Ejected
0.0094955,3000.0,723090,Ejected
0.0094955,7000.0,3666105,Ejected
0.0094955,3000.0,766645,Ejected
0.0094955,7000.0,766642,Ejected
0.0094955,4000.0,1788076,Ejected
0.0094955,21000.0,2749270,Ejected
0.0094955,5000.0,766646,Ejected
0.0094955,14000.0,766634,Ejected
0.0094955,2000.0,1900800,Ejected
0.0094955,6000.0,1900801,Ejected
0.0094955,2000.0,1900799,Ejected
0.0094955,9000.0,1900810,Ejected
0.0094955,4000.0,3774115,Ejected
0.0094955,4000.0,1900812,Ejected
0.0094955,15000.0,1900806,Ejected
0.0094955,4000.0,1900816,Ejected
0.0094955,6000.0,1900795,Ejected
0.0094955,10000.0,2749260,Ejected
0.0094955,6000.0,1900790,Ejected
0.0094955,7000.0,723098,Ejected
0.0094955,3000.0,1900791,Ejected
0.0094955,3000.0,1283603,Ejected
0.0094955,2000.0,1283597,Ejected
0.0094955,3000.0,1283613,Ejected
0.0094955,11000.0,1283648,Ejected
0.0094955,3000.0,1283643,Ejected
0.0094955,8000.0,1283623,Ejected
0.0094955,5000.0,1283602,Ejected
0.0094955,4000.0,1283638,Ejected
0.0094955,5000.0,1900793,Ejected
0.0094955,4000.0,766639,Ejected
0.0094955,4000.0,1283619,Ejected
0.0094955,5000.0,1283627,Ejected
0.0094955,4000.0,1283630,Ejected
0.0094955,3000.0,1283618,Ejected
0.0094955,4000.0,1283636,Ejected
0.0094955,8000.0,2749263,Ejected
0.0094955,6000.0,1900818,Ejected
0.0094955,8000.0,1283647,Ejected
0.0094955,9000.0,360306,Ejected
0.0094955,4000.0,1283628,Ejected
0.0094955,6000.0,4047418,Ejected
0.0094955,3000.0,4047412,Ejected
0.0094955,6000.0,4047375,Ejected
0.0094955,7000.0,4047384,Ejected
0.0094955,3000.0,4047368,Ejected
0.0094955,5000.0,4047402,Ejected
0.0094955,16000.0,1283604,Ejected
0.0094955,16000.0,1283622,Ejected
0.0094955,6000.0,4047376,Ejected
0.0094955,13000.0,1283641,Ejected
0.0094955,7000.0,4047411,Ejected
0.0094955,5000.0,4047358,Ejected
0.0094955,39000.0,4047377,Ejected
0.0094955,8000.0,4047362,Ejected
0.0094955,4000.0,1283610,Ejected
0.0094955,21000.0,1283620,Ejected
0.0094955,6000.0,1283605,Ejected
0.0094955,8000.0,1283598,Ejected
0.0094955,4000.0,1900805,Ejected
0.0094955,4000.0,4047389,Ejected
0.0094955,4000.0,4047397,Ejected
0.0094955,20000.0,766643,Ejected
0.0094955,13000.0,4047417,Ejected
0.0094955,4000.0,1283632,Ejected
0.0094955,8000.0,4047383,Ejected
0.0094955,5000.0,4047379,Ejected
0.0094955,7000.0,4047409,Ejected
0.0094955,6000.0,4047392,Ejected
0.0094955,4000.0,1283601,Ejected
0.0094955,9000.0,1900794,Ejected
0.0094955,5000.0,3952169,Ejected
0.0094955,5000.0,3952174,Ejected
0.0094955,7000.0,3952171,Ejected
0.0094955,4000.0,3952136,Ejected
0.0094955,4000.0,3952116,Ejected
0.0094955,3000.0,3952151,Ejected
0.0094955,4000.0,3952137,Ejected
0.0094955,9000.0,1283631,Ejected
0.0094955,5000.0,4047406,Ejected
0.0094955,16000.0,3952135,Ejected
0.0094955,4000.0,4047391,Ejected
0.0094955,5000.0,3952163,Ejected
0.0094955,7000.0,1283624,Ejected
0.0094955,4000.0,3952178,Ejected
0.0094955,4000.0,3952145,Ejected
0.0094955,10000.0,3952143,Ejected
0.0094955,3000.0,4047374,Ejected
0.0094955,5000.0,723091,Ejected
0.0094955,5000.0,3952161,Ejected
0.0094955,3000.0,3952118,Ejected
0.0094955,3000.0,3952140,Ejected
0.0094955,5000.0,3952168,Ejected
0.0094955,5000.0,1900792,Ejected
0.0094955,5000.0,3952123,Ejected
0.0094955,7000.0,4047390,Ejected
0.0094955,47000.0,1283609,Ejected
0.0094955,18000.0,1900809,Ejected
0.0094955,10000.0,4047366,Ejected
0.0094955,4000.0,4047416,Ejected
0.0094955,18000.0,3952170,Ejected
0.0094955,6000.0,3952154,Ejected
0.0094955,4000.0,3952128,Ejected
0.0094955,5000.0,1283606,Ejected
0.0094955,5000.0,4047361,Ejected
0.0094955,30000.0,1283617,Ejected
0.0094955,13000.0,3952166,Ejected
0.0094955,5000.0,4047388,Ejected
0.0094955,5000.0,4047404,Ejected
0.0094955,8000.0,4047363,Ejected
0.0094955,5000.0,4047360,Ejected
0.0094955,4000.0,3952149,Ejected
0.0094955,4000.0,3952133,Ejected
0.0094955,5000.0,1283651,Ejected
0.0094955,11000.0,1283611,Ejected
0.0094955,37000.0,4047386,Ejected
0.0094955,6000.0,3952117,Ejected
0.0094955,5000.0,1283626,Ejected
0.0094955,7000.0,3952165,Ejected
0.0094955,7000.0,4047403,Ejected
0.0094955,18000.0,1900813,Ejected
0.0094955,17000.0,3952146,Ejected
0.0094955,3000.0,3477954,Ejected
0.0094955,3000.0,3478004,Ejected
0.0094955,5000.0,3477976,Ejected
0.0094955,3000.0,3477984,Ejected
0.0094955,3000.0,3477988,Ejected
0.0094955,45000.0,3477983,Ejected
0.0094955,7000.0,3477971,Ejected
0.0094955,3000.0,3477961,Ejected
0.0094955,9000.0,3477986,Ejected
0.0094955,6000.0,3477990,Ejected
0.0094955,7000.0,3477956,Ejected
0.0094955,8000.0,3477952,Ejected
0.0094955,4000.0,3477982,Ejected
0.0094955,3000.0,3477973,Ejected
0.0094955,4000.0,3477987,Ejected
0.0094955,11000.0,3477965,Ejected
0.0094955,4000.0,3478015,Ejected
0.0094955,4000.0,3477989,Ejected
0.0094955,7000.0,3477962,Ejected
0.0094955,7000.0,3477964,Ejected
0.0094955,5000.0,3478007,Ejected
0.0094955,3000.0,3477947,Ejected
0.0094955,3000.0,3478000,Ejected
0.0094955,10000.0,3477977,Ejected
0.0094955,4000.0,3477994,Ejected
0.0094955,15000.0,4047355,Ejected
0.0094955,6000.0,3477949,Ejected
0.0094955,9000.0,360302,Ejected
0.0094955,11000.0,3952159,Ejected
0.0094955,5000.0,3477978,Ejected
0.0094955,4000.0,3478018,Ejected
0.0094955,4000.0,3478012,Ejected
0.0094955,5000.0,3477960,Ejected
0.0094955,4000.0,3478014,Ejected
0.0094955,6000.0,3477998,Ejected
0.0094955,3000.0,3478016,Ejected
0.0094955,5000.0,3477969,Ejected
0.0094955,6000.0,723092,Ejected
0.0094955,8000.0,4047394,Ejected
0.0094955,6000.0,3478002,Ejected
0.0094955,6000.0,3477991,Ejected
0.0094955,7000.0,3478013,Ejected
0.0094955,4000.0,3477959,Ejected
0.0094955,23000.0,1283649,Ejected
0.0094955,7000.0,4047398,Ejected
0.0094955,4000.0,3952127,Ejected
0.0094955,16000.0,3478017,Ejected
0.0094955,19000.0,3952124,Ejected
0.0094955,11000.0,1283629,Ejected
0.0094955,6000.0,1283607,Ejected
0.0094955,5000.0,3477966,Ejected
0.0094955,14000.0,3477968,Ejected
0.0094955,18000.0,3477981,Ejected
0.0094955,4000.0,3478005,Ejected
0.0094955,89000.0,3952132,Ejected
0.0094955,15000.0,4047378,Ejected
0.0094955,9000.0,3477992,Ejected
0.0094955,18000.0,3477963,Ejected
0.0094955,8000.0,1283612,Ejected
0.0094955,5000.0,3478008,Ejected
0.0094955,4000.0,3477958,Ejected
0.0094955,12000.0,3952125,Ejected
0.0094955,8000.0,4047382,Ejected
0.0094955,10000.0,4047415,Ejected
0.0094955,13000.0,1283614,Ejected
0.0094955,20000.0,3477950,Ejected
0.0094955,10000.0,4047401,Ejected
0.0094955,7000.0,3477999,Ejected
0.0094955,4000.0,3952148,Ejected
0.0094955,5000.0,3478009,Ejected
0.0094955,17000.0,1283642,Ejected
0.0094955,4000.0,1341912,Ejected
0.0094955,3000.0,1341926,Ejected
0.0094955,3000.0,1341925,Ejected
0.0094955,6000.0,1341923,Ejected
0.0094955,6000.0,1341921,Ejected
0.0094955,4000.0,1341916,Ejected
0.0094955,11000.0,1341922,Ejected
0.0094955,14000.0,766647,Ejected
0.0094955,4000.0,1341918,Ejected
0.0094955,11000.0,1341914,Ejected
0.0094955,3000.0,1341913,Ejected
0.0094955,5000.0,1341908,Ejected
0.0094955,10000.0,1341911,Ejected
0.0094955,5000.0,3952173,Ejected
0.0094955,19000.0,1341919,Ejected
0.0094955,8000.0,4047364,Ejected
0.0094955,9000.0,3952131,Ejected
0.0094955,6000.0,3952147,Ejected
0.0094955,5000.0,3952152,Ejected
0.0094955,15000.0,360299,Ejected
0.0094955,9000.0,3477957,Ejected
0.0094955,0.0,2026033,Captured
0.0094955,14000.0,2026042,Ejected
0.0094955,4000.0,2026046,Ejected
0.0094955,6000.0,2026054,Ejected
0.0094955,4000.0,2026031,Ejected
0.0094955,3000.0,2026026,Ejected
0.0094955,4000.0,2026040,Ejected
0.0094955,8000.0,2026027,Ejected
0.0094955,5000.0,2026048,Ejected
0.0094955,17000.0,2026036,Ejected
0.0094955,3000.0,2026051,Ejected
0.0094955,3000.0,2026025,Ejected
0.0094955,3000.0,2026056,Ejected
0.0094955,5000.0,2026029,Ejected
0.0094955,41000.0,2026037,Ejected
0.0094955,5000.0,2026028,Ejected
0.0094955,6000.0,2026045,Ejected
0.0094955,3000.0,2026043,Ejected
0.0094955,7000.0,2026039,Ejected
0.0094955,5000.0,1152639,Ejected
0.0094955,7000.0,1152638,Ejected
0.0094955,4000.0,1152633,Ejected
0.0094955,3000.0,1152625,Ejected
0.0094955,5000.0,1152632,Ejected
0.0094955,16000.0,2026032,Ejected
0.0094955,10000.0,1152634,Ejected
0.0094955,6000.0,2026034,Ejected
0.0094955,7000.0,2026035,Ejected
0.0094955,3000.0,1152636,Ejected
0.0094955,5000.0,1152630,Ejected
0.0094955,18000.0,1283615,Ejected
0.0094955,6000.0,696288,Ejected
0.0094955,3000.0,2807421,Ejected
0.0094955,2000.0,2807429,Ejected
0.0094955,5000.0,2807432,Ejected
0.0094955,5000.0,2807424,Ejected
0.0094955,50000.0,2807420,Ejected
0.0094955,4000.0,2807430,Ejected
0.0094955,5000.0,2807435,Ejected
0.0094955,6000.0,2807431,Ejected
0.0094955,8000.0,2807425,Ejected
0.0094955,6000.0,2807428,Ejected
0.0094955,10000.0,3952119,Captured
0.0094955,45000.0,723094,Captured
0.0094955,57000.0,3952121,Captured
0.0094955,96000.0,360296,Captured
0.030027,1000.0,2750341,Ejected
0.030027,2000.0,2750340,Ejected
0.030027,2000.0,2750352,Ejected
0.030027,1000.0,3774864,Ejected
0.030027,15000.0,3774874,Ejected
0.030027,2000.0,2750358,Ejected
0.030027,2000.0,2510953,Ejected
0.030027,4000.0,3774861,Ejected
0.030027,2000.0,2510944,Ejected
0.030027,2000.0,3774863,Ejected
0.030027,19000.0,3774872,Ejected
0.030027,2000.0,2750342,Ejected
0.030027,2000.0,2510958,Ejected
0.030027,8000.0,2510946,Ejected
0.030027,0.0,2510949,Captured
0.030027,4000.0,3774870,Ejected
0.030027,6000.0,2750359,Ejected
0.030027,2000.0,2750356,Ejected
0.030027,1000.0,3667409,Ejected
0.030027,3000.0,3667406,Ejected
0.030027,11000.0,3667413,Ejected
0.030027,2000.0,2510945,Ejected
0.030027,5000.0,3667417,Ejected
0.030027,6000.0,2510948,Ejected
0.030027,3000.0,3774865,Ejected
0.030027,5000.0,2750348,Ejected
0.030027,8000.0,2510956,Ejected
0.030027,3000.0,3667420,Ejected
0.030027,2000.0,2750349,Ejected
0.030027,3000.0,3774866,Ejected
0.030027,3000.0,3667419,Ejected
0.030027,3000.0,2510955,Ejected
0.030027,4000.0,2510954,Ejected
0.030027,7000.0,3667412,Ejected
0.030027,2000.0,3774869,Ejected
0.030027,3000.0,3667408,Ejected
0.030027,2000.0,2750343,Ejected
0.030027,3000.0,970569,Ejected
0.030027,1000.0,360983,Ejected
0.030027,2000.0,360972,Ejected
0.030027,4000.0,360977,Ejected
0.030027,2000.0,360978,Ejected
0.030027,3000.0,360974,Ejected
0.030027,11000.0,360969,Ejected
0.030027,6000.0,970565,Ejected
0.030027,3000.0,970572,Ejected
0.030027,2000.0,360979,Ejected
0.030027,2000.0,360971,Ejected
0.030027,37000.0,3774867,Ejected
0.030027,2000.0,725548,Ejected
0.030027,2000.0,725552,Ejected
0.030027,3000.0,725541,Ejected
0.030027,2000.0,725549,Ejected
0.030027,2000.0,1935983,Ejected
0.030027,2000.0,725545,Ejected
0.030027,3000.0,725547,Ejected
0.030027,3000.0,1935984,Ejected
0.030027,5000.0,970568,Ejected
0.030027,2000.0,1936004,Ejected
0.030027,3000.0,1935988,Ejected
0.030027,5000.0,1935975,Ejected
0.030027,2000.0,725543,Ejected
0.030027,3000.0,1935991,Ejected
0.030027,4000.0,725546,Ejected
0.030027,7000.0,1935986,Ejected
0.030027,4000.0,1935985,Ejected
0.030027,3000.0,767392,Ejected
0.030027,3000.0,767391,Ejected
0.030027,3000.0,1936002,Ejected
0.030027,3000.0,1935980,Ejected
0.030027,2000.0,767397,Ejected
0.030027,2000.0,767387,Ejected
0.030027,5000.0,767399,Ejected
0.030027,2000.0,767395,Ejected
0.030027,6000.0,767388,Ejected
0.030027,3000.0,767389,Ejected
0.030027,2000.0,1935994,Ejected
0.030027,3000.0,767390,Ejected
0.030027,8000.0,1936005,Ejected
0.030027,2000.0,1935977,Ejected
0.030027,10000.0,767398,Ejected
0.030027,2000.0,767385,Ejected
0.030027,3000.0,767396,Ejected
0.030027,2000.0,1935982,Ejected
0.030027,6000.0,767384,Ejected
0.030027,3000.0,4048747,Ejected
0.030027,2000.0,4048777,Ejected
0.030027,2000.0,4048783,Ejected
0.030027,2000.0,4048750,Ejected
0.030027,3000.0,4048745,Ejected
0.030027,13000.0,4048771,Ejected
0.030027,5000.0,4048790,Ejected
0.030027,2000.0,4048803,Ejected
0.030027,5000.0,4048784,Ejected
0.030027,4000.0,4048755,Ejected
0.030027,8000.0,4048774,Ejected
0.030027,4000.0,4048781,Ejected
0.030027,2000.0,4048752,Ejected
0.030027,7000.0,4048762,Ejected
0.030027,3000.0,4048765,Ejected
0.030027,4000.0,4048778,Ejected
0.030027,2000.0,4048809,Ejected
0.030027,2000.0,4048796,Ejected
0.030027,3000.0,4048759,Ejected
0.030027,9000.0,4048787,Ejected
0.030027,3000.0,4048769,Ejected
0.030027,3000.0,4048805,Ejected
0.030027,2000.0,4048782,Ejected
0.030027,3000.0,4048799,Ejected
0.030027,3000.0,4048793,Ejected
0.030027,6000.0,4048789,Ejected
0.030027,2000.0,4048775,Ejected
0.030027,3000.0,4048808,Ejected
0.030027,5000.0,4048757,Ejected
0.030027,4000.0,4048753,Ejected
0.030027,2000.0,1285220,Ejected
0.030027,1000.0,1285224,Ejected
0.030027,8000.0,1285212,Ejected
0.030027,3000.0,1285206,Ejected
0.030027,2000.0,1285239,Ejected
0.030027,3000.0,1285228,Ejected
0.030027,2000.0,1285230,Ejected
0.030027,3000.0,1285193,Ejected
0.030027,2000.0,1285187,Ejected
0.030027,4000.0,1285234,Ejected
0.030027,5000.0,1285195,Ejected
0.030027,2000.0,1285186,Ejected
0.030027,0.0,1285209,Captured
0.030027,27000.0,1285219,Ejected
0.030027,2000.0,1285194,Ejected
0.030027,3000.0,1285229,Ejected
0.030027,5000.0,1285198,Ejected
0.030027,2000.0,1285202,Ejected
0.030027,2000.0,1285223,Ejected
0.030027,4000.0,1285218,Ejected
0.030027,5000.0,1285221,Ejected
0.030027,2000.0,1285227,Ejected
0.030027,4000.0,4048795,Ejected
0.030027,12000.0,1285211,Ejected
0.030027,2000.0,1285207,Ejected
0.030027,2000.0,1285197,Ejected
0.030027,3000.0,1285233,Ejected
0.030027,3000.0,1285205,Ejected
0.030027,5000.0,1285236,Ejected
0.030027,3000.0,1285226,Ejected
0.030027,2000.0,3260791,Ejected
0.030027,9000.0,3260795,Ejected
0.030027,4000.0,3260810,Ejected
0.030027,5000.0,3260784,Ejected
0.030027,2000.0,3260793,Ejected
0.030027,7000.0,3260781,Ejected
0.030027,3000.0,3260798,Ejected
0.030027,3000.0,3260807,Ejected
0.030027,3000.0,3260808,Ejected
0.030027,7000.0,3260782,Ejected
0.030027,8000.0,3260799,Ejected
0.030027,0.0,3260780,Captured
0.030027,2000.0,3260800,Ejected
0.030027,3000.0,3260788,Ejected
0.030027,4000.0,3260790,Ejected
0.030027,7000.0,3260794,Ejected
0.030027,2000.0,3501441,Ejected
0.030027,3000.0,3501432,Ejected
0.030027,2000.0,3501412,Ejected
0.030027,2000.0,3501415,Ejected
0.030027,4000.0,3501449,Ejected
0.030027,2000.0,3501424,Ejected
0.030027,3000.0,3501385,Ejected
0.030027,12000.0,3501446,Ejected
0.030027,3000.0,3501448,Ejected
0.030027,3000.0,3501400,Ejected
0.030027,2000.0,3501392,Ejected
0.030027,2000.0,3501410,Ejected
0.030027,4000.0,3501444,Ejected
0.030027,2000.0,3501445,Ejected
0.030027,2000.0,3501433,Ejected
0.030027,7000.0,3501439,Ejected
0.030027,2000.0,3501379,Ejected
0.030027,2000.0,3501435,Ejected
0.030027,4000.0,3501382,Ejected
0.030027,9000.0,3501404,Ejected
0.030027,11000.0,3501414,Ejected
0.030027,4000.0,1285210,Ejected
0.030027,2000.0,3260787,Ejected
0.030027,4000.0,3501378,Ejected
0.030027,3000.0,3501391,Ejected
0.030027,2000.0,3501384,Ejected
0.030027,2000.0,3501434,Ejected
0.030027,7000.0,3501395,Ejected
0.030027,5000.0,3501427,Ejected
0.030027,4000.0,3501383,Ejected
0.030027,5000.0,3501436,Ejected
0.030027,4000.0,3501428,Ejected
0.030027,3000.0,1285214,Ejected
0.030027,2000.0,3501437,Ejected
0.030027,5000.0,3501431,Ejected
0.030027,8000.0,3501430,Ejected
0.030027,4000.0,3501407,Ejected
0.030027,5000.0,4048767,Ejected
0.030027,3000.0,3501387,Ejected
0.030027,17000.0,3501450,Ejected
0.030027,3000.0,3501447,Ejected
0.030027,5000.0,3501398,Ejected
0.030027,3000.0,1342910,Ejected
0.030027,2000.0,1342911,Ejected
0.030027,2000.0,1342901,Ejected
0.030027,4000.0,1342909,Ejected
0.030027,3000.0,1342917,Ejected
0.030027,11000.0,1342908,Ejected
0.030027,3000.0,1342904,Ejected
0.030027,21000.0,1342907,Ejected
0.030027,3000.0,1342903,Ejected
0.030027,4000.0,1342902,Ejected
0.030027,11000.0,1342900,Ejected
0.030027,8000.0,3501409,Ejected
0.030027,5000.0,1342915,Ejected
0.030027,8000.0,1342913,Ejected
0.030027,5000.0,2026973,Ejected
0.030027,2000.0,2026954,Ejected
0.030027,3000.0,2026961,Ejected
0.030027,2000.0,2026964,Ejected
0.030027,4000.0,2026978,Ejected
0.030027,2000.0,2026958,Ejected
0.030027,2000.0,2026956,Ejected
0.030027,5000.0,2026965,Ejected
0.030027,2000.0,2026966,Ejected
0.030027,2000.0,2026977,Ejected
0.030027,3000.0,2026983,Ejected
0.030027,19000.0,2026974,Ejected
0.030027,3000.0,2026972,Ejected
0.030027,2000.0,1153279,Ejected
0.030027,3000.0,2026980,Ejected
0.030027,3000.0,1153277,Ejected
0.030027,3000.0,1153273,Ejected
0.030027,5000.0,1153283,Ejected
0.030027,5000.0,1153282,Ejected
0.030027,3000.0,1153281,Ejected
0.030027,2000.0,2026969,Ejected
0.030027,3000.0,2026970,Ejected
0.030027,10000.0,1153272,Ejected
0.030027,8000.0,1153280,Ejected
0.030027,14000.0,725556,Ejected
0.030027,1000.0,1042419,Ejected
0.030027,2000.0,1042425,Ejected
0.030027,3000.0,1042421,Ejected
0.030027,4000.0,1042415,Ejected
0.030027,2000.0,1042416,Ejected
0.030027,4000.0,1042423,Ejected
0.030027,6000.0,1153275,Ejected
0.030027,5000.0,2808070,Ejected
0.030027,11000.0,2808074,Ejected
0.030027,2000.0,2808078,Ejected
0.030027,2000.0,4160976,Ejected
0.030027,2000.0,4160978,Ejected
0.030027,2000.0,2808072,Ejected
0.030027,5000.0,2808076,Ejected
0.030027,2000.0,4160980,Ejected
0.030027,2000.0,4160979,Ejected
0.030027,2000.0,4160981,Ejected
0.030027,2000.0,2808079,Ejected
0.030027,2000.0,2808077,Ejected
0.030027,3000.0,2808069,Ejected
0.030027,5000.0,2808082,Ejected
0.030027,5000.0,2026967,Ejected
0.030027,4000.0,2808068,Ejected
0.030027,2000.0,3156930,Ejected
0.030027,2000.0,3156925,Ejected
0.030027,2000.0,3156929,Ejected
0.030027,2000.0,3156928,Ejected
0.030027,8000.0,3156924,Ejected
0.030027,3000.0,3156926,Ejected
0.030027,6000.0,3156923,Ejected
0.030027,11000.0,3156934,Ejected
0.030027,3000.0,3156932,Ejected
0.030027,46000.0,2750350,Ejected
0.030027,35000.0,360976,Captured
0.030027,43000.0,360968,Captured
0.030027,83000.0,4048806,Captured
0.030027,99000.0,1342899,Captured
0.1,1000.0,1145415,Ejected
0.1,2000.0,1145410,Ejected
0.1,0.0,1145405,Captured
0.1,2000.0,327781,Ejected
0.1,2000.0,1145409,Ejected
0.1,1000.0,327771,Ejected
0.1,9000.0,327780,Ejected
0.1,4000.0,1145407,Ejected
0.1,2000.0,664587,Ejected
0.1,4000.0,3963281,Ejected
0.1,1000.0,3963282,Ejected
0.1,1000.0,3963270,Ejected
0.1,1000.0,3963284,Ejected
0.1,2000.0,3963279,Ejected
0.1,3000.0,3963283,Ejected
0.1,2000.0,1145403,Ejected
0.1,2000.0,3963273,Ejected
0.1,1000.0,3963272,Ejected
0.1,3000.0,1818311,Ejected
0.1,3000.0,1818315,Ejected
0.1,1000.0,1818290,Ejected
0.1,3000.0,1818293,Ejected
0.1,3000.0,1818295,Ejected
0.1,6000.0,1818318,Ejected
0.1,2000.0,1818313,Ejected
0.1,2000.0,1818306,Ejected
0.1,3000.0,1818316,Ejected
0.1,9000.0,1818305,Ejected
0.1,5000.0,664581,Ejected
0.1,2000.0,664579,Ejected
0.1,2000.0,327776,Ejected
0.1,3000.0,1818288,Ejected
0.1,1000.0,1818317,Ejected
0.1,3000.0,1818296,Ejected
0.1,4000.0,3892448,Ejected
0.1,1000.0,3892426,Ejected
0.1,1000.0,3892437,Ejected
0.1,2000.0,3892435,Ejected
0.1,1000.0,3892428,Ejected
0.1,2000.0,3892425,Ejected
0.1,2000.0,3892449,Ejected
0.1,2000.0,3892438,Ejected
0.1,1000.0,3892454,Ejected
0.1,2000.0,3892439,Ejected
0.1,5000.0,3892427,Ejected
0.1,2000.0,3892460,Ejected
0.1,2000.0,3892424,Ejected
0.1,2000.0,3892446,Ejected
0.1,2000.0,3892453,Ejected
0.1,2000.0,3892450,Ejected
0.1,3000.0,664586,Ejected
0.1,2000.0,3892433,Ejected
0.1,2000.0,1145402,Ejected
0.1,3000.0,1818289,Ejected
0.1,2000.0,1818303,Ejected
0.1,2000.0,3892456,Ejected
0.1,2000.0,3892462,Ejected
0.1,3000.0,3892451,Ejected
0.1,1000.0,1818310,Ejected
0.1,0.0,664580,Captured
0.1,3000.0,3963274,Ejected
0.1,4000.0,327779,Ejected
0.1,9000.0,1818308,Ejected
0.1,3000.0,664575,Ejected
0.1,2000.0,664582,Ejected
0.1,5000.0,3892442,Ejected
0.1,2000.0,327772,Ejected
0.1,2000.0,3892459,Ejected
0.1,3000.0,327775,Ejected
0.1,3000.0,3892463,Ejected
0.1,1000.0,1695550,Ejected
0.1,1000.0,1695544,Ejected
0.1,2000.0,3892455,Ejected
0.1,2000.0,1695538,Ejected
0.1,2000.0,971107,Ejected
0.1,2000.0,971122,Ejected
0.1,1000.0,971108,Ejected
0.1,6000.0,1695557,Ejected
0.1,5000.0,1695558,Ejected
0.1,2000.0,3963276,Ejected
0.1,2000.0,1695560,Ejected
0.1,3000.0,971110,Ejected
0.1,1000.0,1695549,Ejected
0.1,2000.0,1695541,Ejected
0.1,4000.0,3963278,Ejected
0.1,5000.0,971117,Ejected
0.1,3000.0,2388524,Ejected
0.1,3000.0,2388559,Ejected
0.1,2000.0,2388507,Ejected
0.1,7000.0,2388551,Ejected
0.1,2000.0,2388508,Ejected
0.1,4000.0,2388527,Ejected
0.1,1000.0,2388511,Ejected
0.1,0.0,2388534,Captured
0.1,2000.0,2388533,Ejected
0.1,2000.0,2388553,Ejected
0.1,2000.0,2388548,Ejected
0.1,2000.0,2388552,Ejected
0.1,2000.0,2388541,Ejected
0.1,6000.0,2388550,Ejected
0.1,4000.0,2388520,Ejected
0.1,3000.0,2388537,Ejected
0.1,2000.0,2388554,Ejected
0.1,2000.0,2388529,Ejected
0.1,3000.0,2388532,Ejected
0.1,2000.0,2388536,Ejected
0.1,3000.0,2388525,Ejected
0.1,2000.0,2388556,Ejected
0.1,2000.0,2388544,Ejected
0.1,2000.0,2388512,Ejected
0.1,2000.0,2388549,Ejected
0.1,1000.0,1695552,Ejected
0.1,3000.0,971113,Ejected
0.1,0.0,2388522,Captured
0.1,5000.0,2388542,Ejected
0.1,1000.0,2388505,Ejected
0.1,2000.0,2388515,Ejected
0.1,2000.0,361651,Ejected
0.1,1000.0,361659,Ejected
0.1,4000.0,361661,Ejected
0.1,3000.0,361652,Ejected
0.1,2000.0,2388539,Ejected
0.1,4000.0,2388558,Ejected
0.1,2000.0,2388509,Ejected
0.1,2000.0,2388523,Ejected
0.1,2000.0,361649,Ejected
0.1,3000.0,664578,Ejected
0.1,3000.0,1695554,Ejected
0.1,5000.0,2388514,Ejected
0.1,2000.0,361658,Ejected
0.1,3000.0,2388540,Ejected
0.1,3000.0,361655,Ejected
0.1,4000.0,361664,Ejected
0.1,7000.0,361657,Ejected
0.1,4000.0,971112,Ejected
0.1,2000.0,2388555,Ejected
0.1,4000.0,2388519,Ejected
0.1,2000.0,1818301,Ejected
0.1,14000.0,971109,Ejected
0.1,3000.0,3892430,Ejected
0.1,5000.0,3963275,Ejected
0.1,3000.0,3892443,Ejected
0.1,2000.0,1145408,Ejected
0.1,5000.0,1818291,Ejected
0.1,5000.0,1695539,Ejected
0.1,2000.0,361662,Ejected
0.1,2000.0,2388535,Ejected
0.1,4000.0,971119,Ejected
0.1,4000.0,971118,Ejected
0.1,2000.0,361660,Ejected
0.1,5000.0,1818287,Ejected
0.1,3000.0,2388528,Ejected
0.1,7000.0,2388543,Ejected
0.1,2000.0,2431814,Ejected
0.1,2000.0,2431803,Ejected
0.1,2000.0,2431800,Ejected
0.1,3000.0,2431785,Ejected
0.1,2000.0,2431790,Ejected
0.1,3000.0,2431793,Ejected
0.1,2000.0,2431798,Ejected
0.1,2000.0,2431806,Ejected
0.1,3000.0,2431791,Ejected
0.1,6000.0,2431813,Ejected
0.1,2000.0,2431808,Ejected
0.1,8000.0,2431796,Ejected
0.1,2000.0,2431792,Ejected
0.1,6000.0,2431789,Ejected
0.1,3000.0,2431797,Ejected
0.1,4000.0,2431809,Ejected
0.1,2000.0,2431794,Ejected
0.1,4000.0,2431812,Ejected
0.1,4000.0,2431802,Ejected
0.1,21000.0,2431786,Ejected
0.1,1000.0,1385852,Ejected
0.1,2000.0,1385857,Ejected
0.1,2000.0,1385851,Ejected
0.1,4000.0,1385853,Ejected
0.1,2000.0,1385854,Ejected
0.1,1000.0,1385858,Ejected
0.1,5000.0,1385850,Ejected
0.1,2000.0,2648299,Ejected
0.1,3000.0,2648330,Ejected
0.1,2000.0,2648319,Ejected
0.1,1000.0,2648312,Ejected
0.1,1000.0,2648317,Ejected
0.1,1000.0,2648314,Ejected
0.1,1000.0,2648303,Ejected
0.1,1000.0,2648323,Ejected
0.1,1000.0,2648311,Ejected
0.1,3000.0,2648326,Ejected
0.1,5000.0,2648302,Ejected
0.1,3000.0,2648329,Ejected
0.1,3000.0,2648324,Ejected
0.1,2000.0,2648328,Ejected
0.1,3000.0,2648325,Ejected
0.1,2000.0,2648301,Ejected
0.1,2000.0,2648327,Ejected
0.1,2000.0,2648318,Ejected
0.1,1000.0,2648308,Ejected
0.1,2000.0,2648300,Ejected
0.1,5000.0,2939476,Ejected
0.1,4000.0,2939491,Ejected
0.1,3000.0,2939489,Ejected
0.1,2000.0,2939484,Ejected
0.1,2000.0,2939483,Ejected
0.1,2000.0,2939482,Ejected
0.1,2000.0,2939479,Ejected
0.1,2000.0,2939480,Ejected
0.1,3000.0,2939481,Ejected
0.1,2000.0,1128873,Ejected
0.1,3000.0,1128885,Ejected
0.1,2000.0,1128870,Ejected
0.1,2000.0,1128874,Ejected
0.1,0.0,1128871,Captured
0.1,3000.0,1128880,Ejected
0.1,6000.0,1128881,Ejected
0.1,5000.0,1128884,Ejected
0.1,1000.0,3978314,Ejected
0.1,1000.0,3978310,Ejected
0.1,0.0,3978325,Captured
0.1,1000.0,3978327,Ejected
0.1,1000.0,3978318,Ejected
0.1,4000.0,3978302,Ejected
0.1,4000.0,3978307,Ejected
0.1,4000.0,3978305,Ejected
0.1,5000.0,3978303,Ejected
0.1,5000.0,3978311,Ejected
0.1,2000.0,3978308,Ejected
0.1,18000.0,3978301,Ejected
0.1,5000.0,3978326,Ejected
0.1,2000.0,3978320,Ejected
0.1,3000.0,3978313,Ejected
0.1,2000.0,3978306,Ejected
0.1,2000.0,3978328,Ejected
0.1,2000.0,3978322,Ejected
0.1,8000.0,3978319,Ejected
0.1,5000.0,3978329,Ejected
0.1,2000.0,3978331,Ejected
0.1,2000.0,3158281,Ejected
0.1,1000.0,3158283,Ejected
0.1,1000.0,3158264,Ejected
0.1,8000.0,3158254,Ejected
0.1,1000.0,3158263,Ejected
0.1,3000.0,3158268,Ejected
0.1,2000.0,3158257,Ejected
0.1,4000.0,3158273,Ejected
0.1,2000.0,3158256,Ejected
0.1,4000.0,3158259,Ejected
0.1,2000.0,3158277,Ejected
0.1,4000.0,3158255,Ejected
0.1,0.0,3158266,Captured
0.1,1000.0,1385861,Captured
0.1,2000.0,2388530,Captured
0.1,3000.0,3158270,Ejected
0.1,2000.0,453170,Ejected
0.1,2000.0,453169,Ejected
0.1,3000.0,453182,Ejected
0.1,4000.0,453179,Ejected
0.1,2000.0,453166,Ejected
0.1,6000.0,453174,Ejected
0.1,1000.0,453158,Ejected
0.1,2000.0,453168,Ejected
0.1,6000.0,453187,Ejected
0.1,1000.0,453163,Ejected
0.1,3000.0,453186,Ejected
0.1,1000.0,453184,Ejected
0.1,5000.0,453173,Ejected
0.1,2000.0,453164,Ejected
0.1,3000.0,453160,Ejected
0.1,1000.0,453177,Ejected
0.1,4000.0,453167,Ejected
0.1,3000.0,453171,Ejected
0.1,2000.0,453156,Ejected
0.1,13000.0,1128882,Ejected
0.1,9000.0,3158265,Ejected
0.1,1000.0,2808724,Ejected
0.1,4000.0,2808722,Ejected
0.1,5000.0,2808728,Ejected
0.1,3000.0,2808731,Ejected
0.1,2000.0,2808732,Ejected
0.1,2000.0,2808725,Ejected
0.1,3000.0,2808723,Ejected
0.1,4000.0,2581582,Ejected
0.1,3000.0,2581592,Ejected
0.1,2000.0,2581585,Ejected
0.1,5000.0,2581584,Ejected
0.1,2000.0,2581587,Ejected
0.1,1000.0,2581580,Ejected
0.1,4000.0,2581593,Ejected
0.1,1000.0,2581601,Ejected
0.1,2000.0,2581594,Ejected
0.1,9000.0,2581571,Ejected
0.1,2000.0,2581597,Ejected
0.1,2000.0,2581573,Ejected
0.1,3000.0,2581590,Ejected
0.1,3000.0,2581575,Ejected
0.1,2000.0,2581599,Ejected
0.1,2000.0,2581600,Ejected
0.1,2000.0,2581581,Ejected
0.1,3000.0,2581598,Ejected
0.1,6000.0,2581591,Ejected
0.1,2000.0,2581577,Ejected
0.1,4000.0,2581572,Ejected
0.1,17000.0,971115,Ejected
0.1,13000.0,2431804,Captured
0.1,19000.0,3978321,Captured
0.1,32000.0,3892440,Captured
0.1,46000.0,1695556,Captured
0.1,74000.0,1818294,Captured
0.1,47000.0,2388531,Captured
0.1,84000.0,664577,Captured
0.1,72000.0,2431799,Captured
0.1,12000.0,2939488,Captured
0.1,44000.0,971121,Captured
0.1,59000.0,1145406,Captured
0.1,9000.0,1818307,Captured
0.0001,731000.0,2373743,Ejected
5e-05,29000.0,1187448,Captured
5e-05,134000.0,1151115,Ejected
5e-05,159000.0,2514944,Ejected
5e-05,334000.0,1151131,Ejected
5e-05,3254000.0,348330,Ejected
5e-05,301000.0,2862108,Ejected
5e-05,4404000.0,1329168,Ejected
5e-05,1959000.0,2514965,Ejected
5e-05,3149000.0,2514939,Ejected
5e-05,609000.0,1187425,Ejected
5e-05,3176000.0,2514991,Ejected
5e-05,1811000.0,2862082,Ejected
5e-05,2945000.0,3776131,Ejected
5e-05,2482000.0,1151143,Ejected
5e-05,3049000.0,2862075,Ejected
5e-05,3420000.0,1187445,Ejected
5e-05,4207000.0,1329161,Ejected
5e-05,1329000.0,2950687,Ejected
5e-05,3209000.0,2950689,Ejected
5e-05,4596000.0,1187469,Ejected
5e-05,3070000.0,1151141,Ejected
5e-05,3468000.0,1251984,Ejected
5e-05,4767000.0,348338,Ejected
5e-05,4675000.0,348333,Ejected
5e-05,4101000.0,2514993,Ejected
5e-05,577000.0,1251969,Ejected
5e-05,4738000.0,2950683,Ejected
5e-05,3203000.0,348357,Ejected
5e-05,3514000.0,3776191,Ejected
5e-05,3210000.0,348329,Ejected
5e-05,2818000.0,3776156,Ejected
5e-05,660000.0,2950682,Ejected
5e-05,3675000.0,1187453,Ejected
5e-05,3543000.0,1251971,Ejected
5e-05,4120000.0,1151136,Ejected
5e-05,4298000.0,1151140,Ejected
5e-05,4394000.0,2514940,Ejected
5e-05,4510000.0,1187437,Ejected
5e-05,4119000.0,348365,Ejected
5e-05,2860000.0,3776140,Ejected
5e-05,1771000.0,348323,Ejected
5e-05,756000.0,1187414,Ejected
5e-05,3956000.0,348334,Ejected
5e-05,1385000.0,348359,Ejected
5e-05,4008000.0,1329165,Ejected
5e-05,4962000.0,2514954,Ejected
5e-05,2577000.0,1329147,Ejected
5e-05,3411000.0,1151126,Ejected
5e-05,4959000.0,1187429,Ejected
5e-05,1697000.0,2514964,Ejected
5e-05,1225000.0,1329143,Ejected
5e-05,3034000.0,3776168,Ejected
5e-05,4260000.0,1151117,Ejected
5e-05,972000.0,2862117,Ejected
5e-05,1888000.0,348353,Ejected
5e-05,3672000.0,1187457,Ejected
5e-05,4065000.0,2514998,Ejected
5e-05,3597000.0,1187461,Ejected
5e-05,2235000.0,1251978,Ejected
5e-05,2007000.0,1329153,Ejected
5e-05,4350000.0,1151129,Ejected
5e-05,4893000.0,1187436,Ejected
5e-05,3342000.0,2862105,Ejected
5e-05,4509000.0,2862089,Ejected
5e-05,3349000.0,1251990,Ejected
5e-05,3264000.0,3776175,Ejected
5e-05,2651000.0,334617,Ejected
5e-05,4885000.0,1251986,Ejected
5e-05,4613000.0,3776186,Ejected
5e-05,3253000.0,1187403,Ejected
5e-05,2570000.0,1151145,Ejected
5e-05,4485000.0,1187400,Ejected
5e-05,4053000.0,3776193,Ejected
5e-05,4829000.0,1187402,Ejected
5e-05,4074000.0,348360,Ejected
5e-05,3839000.0,1151148,Ejected
5e-05,4856000.0,2514950,Ejected
5e-05,4692000.0,3776187,Ejected
0.0001,13000.0,339761,Captured
0.0001,1649000.0,3417042,Ejected
0.0001,1563000.0,1121852,Ejected
0.0001,1537000.0,3001770,Ejected
0.0001,752000.0,3417035,Ejected
0.0001,758000.0,3882331,Ejected
0.0001,144000.0,1041239,Captured
0.0001,1781000.0,1041262,Ejected
0.0001,1099000.0,2759538,Ejected
0.0001,1387000.0,1041259,Ejected
0.0001,608000.0,339744,Ejected
0.0001,806000.0,2447146,Ejected
0.0001,586000.0,2523398,Ejected
0.0001,737000.0,1431516,Ejected
0.0001,1098000.0,3882328,Ejected
0.0001,1128000.0,1041251,Ejected
0.0001,1072000.0,2523401,Ejected
0.0001,1815000.0,339740,Ejected
0.0001,1581000.0,3882357,Ejected
0.0001,805000.0,3001766,Ejected
0.0001,752000.0,1382357,Ejected
0.0001,778000.0,339751,Ejected
0.0001,748000.0,2639932,Ejected
0.0001,854000.0,3001737,Ejected
0.0001,763000.0,2961723,Ejected
0.0001,175000.0,3001735,Captured
0.0001,902000.0,1546980,Ejected
0.0001,1482000.0,1382371,Ejected
0.0001,1770000.0,2961709,Ejected
0.0001,1612000.0,3045863,Ejected
0.0001,1684000.0,1041242,Ejected
0.0001,2636000.0,2961702,Ejected
0.0001,1328000.0,2523416,Ejected
0.0001,3291000.0,2639878,Ejected
0.0001,1398000.0,1041261,Ejected
0.0001,1368000.0,3001747,Ejected
0.0001,1805000.0,1382362,Ejected
0.0001,1418000.0,2447137,Ejected
0.0001,1337000.0,971923,Ejected
0.0001,1635000.0,1041247,Ejected
0.0001,709000.0,2639884,Ejected
0.0001,1273000.0,3882335,Ejected
0.0001,1591000.0,971935,Ejected
0.0001,803000.0,2639868,Ejected
0.0001,828000.0,2639895,Ejected
0.0001,1186000.0,2639887,Ejected
0.0001,2191000.0,971929,Ejected
0.0001,1416000.0,3882327,Ejected
0.0001,2762000.0,1382365,Ejected
0.0001,1970000.0,2639885,Ejected
0.0001,1034000.0,3417028,Ejected
0.0001,419000.0,2447144,Ejected
0.0001,1317000.0,2639920,Ejected
0.0001,970000.0,3001763,Ejected
0.0001,1713000.0,1546998,Ejected
0.0001,2719000.0,3001755,Ejected
0.0001,693000.0,971932,Ejected
0.0001,915000.0,2447149,Ejected
0.0001,1751000.0,2639925,Ejected
0.0001,887000.0,1041250,Ejected
0.0001,1707000.0,3919998,Ejected
0.0001,3425000.0,2961705,Ejected
0.0001,3081000.0,339737,Ejected
0.0001,1292000.0,2639931,Ejected
0.0001,727000.0,1382349,Ejected
0.0001,295000.0,1546989,Captured
0.0001,1826000.0,1991546,Ejected
0.0001,581000.0,3417018,Ejected
0.0001,1571000.0,2447132,Ejected
0.0001,3264000.0,3770661,Ejected
0.0001,2207000.0,1547007,Ejected
0.0001,1953000.0,2523406,Ejected
0.0001,3537000.0,2447148,Ejected
0.0001,1149000.0,3882345,Ejected
0.0001,1153000.0,1041257,Ejected
0.0001,1988000.0,2447139,Ejected
0.0001,1772000.0,1382368,Ejected
0.0001,1153000.0,339750,Ejected
0.0001,2777000.0,1041246,Ejected
0.0001,1592000.0,3770663,Ejected
0.0001,1489000.0,3770656,Ejected
0.0001,1275000.0,2523403,Ejected
0.0001,1027000.0,3882332,Ejected
0.0001,1547000.0,1546994,Ejected
0.0001,2921000.0,339738,Ejected
0.0001,2090000.0,1991552,Ejected
0.0001,2531000.0,339756,Ejected
0.0001,1572000.0,2639909,Ejected
0.0001,1180000.0,339754,Ejected
0.0001,1891000.0,2639888,Ejected
0.0001,1136000.0,2961701,Ejected
0.0001,2265000.0,1547012,Ejected
0.0001,3166000.0,2961720,Ejected
0.0001,1013000.0,2639907,Ejected
0.0001,1167000.0,3001734,Ejected
0.0001,483000.0,1546986,Ejected
0.0001,2878000.0,1382350,Ejected
0.0001,2852000.0,2639919,Ejected
0.0001,2198000.0,1041252,Ejected
0.0001,1555000.0,2523402,Ejected
0.0001,2096000.0,3882348,Ejected
0.0001,1528000.0,2639874,Ejected
0.0001,1837000.0,1991550,Ejected
0.0001,2378000.0,2639908,Ejected
0.0001,1365000.0,2639863,Ejected
0.0001,1248000.0,3417038,Ejected
0.0001,2615000.0,1121853,Ejected
0.0001,2204000.0,1546992,Ejected
0.0001,1787000.0,1991533,Ejected
0.0001,2306000.0,2639918,Ejected
0.0001,4300000.0,3882329,Ejected
0.0001,1992000.0,339753,Ejected
0.0001,1147000.0,2961721,Ejected
0.0001,2289000.0,2639902,Ejected
0.0001,2455000.0,3045864,Ejected
0.0001,1630000.0,2639910,Ejected
0.0001,2002000.0,2523413,Ejected
0.0001,4445000.0,1991544,Ejected
0.0001,3861000.0,3417026,Ejected
0.0001,2990000.0,2961727,Ejected
0.0001,3147000.0,339741,Ejected
0.0001,1217000.0,971928,Ejected
0.0001,1252000.0,3001753,Ejected
0.0001,2302000.0,1382366,Ejected
0.0001,2027000.0,3882333,Ejected
0.0001,4400000.0,1547004,Ejected
0.0001,3952000.0,2447133,Ejected
0.0001,1788000.0,3001774,Ejected
0.0001,2718000.0,2639889,Ejected
0.0001,2855000.0,2639900,Ejected
0.0001,1774000.0,1382336,Ejected
0.0001,2521000.0,1121848,Ejected
0.0001,4172000.0,339749,Ejected
0.0001,2928000.0,1547001,Ejected
0.0001,2215000.0,3417023,Ejected
0.0001,3148000.0,2639894,Ejected
0.0001,1123000.0,3001771,Ejected
0.0001,1265000.0,3001745,Ejected
0.0001,2330000.0,2961730,Ejected
0.0001,2683000.0,1431515,Ejected
0.0001,2450000.0,2523409,Ejected
0.0001,3832000.0,3417032,Ejected
0.0001,1920000.0,3001756,Ejected
0.0001,4561000.0,339759,Ejected
0.0001,2690000.0,2639934,Ejected
0.0001,2673000.0,3001773,Ejected
0.0001,1870000.0,1382343,Ejected
0.0001,1365000.0,3417025,Ejected
0.0001,2293000.0,3001732,Ejected
0.0001,3370000.0,3882326,Ejected
0.0001,2449000.0,2759540,Ejected
0.0001,2174000.0,339746,Ejected
0.0001,2860000.0,2759539,Ejected
0.0001,2446000.0,1382358,Ejected
0.0001,2687000.0,2961731,Ejected
0.0001,1785000.0,971934,Ejected
0.0001,2762000.0,3770671,Ejected
0.0001,3798000.0,3417019,Ejected
0.0001,1648000.0,1546991,Ejected
0.0001,2419000.0,2961699,Ejected
0.0001,4321000.0,266754,Ejected
0.0001,2793000.0,2639929,Ejected
0.0001,2416000.0,3770659,Ejected
0.0001,1988000.0,1546990,Ejected
0.0001,2768000.0,3001740,Ejected
0.0001,2968000.0,1991553,Ejected
0.0001,1707000.0,1991549,Ejected
0.0001,3377000.0,266756,Ejected
0.0001,1232000.0,1382355,Ejected
0.0001,2322000.0,3001768,Ejected
0.0001,1865000.0,339755,Ejected
0.0001,2395000.0,1991542,Ejected
0.0001,3007000.0,3001728,Ejected
0.0001,2451000.0,3417016,Ejected
0.0001,1764000.0,2639935,Ejected
0.0001,2820000.0,3045865,Ejected
0.0001,4039000.0,3417041,Ejected
0.0001,3852000.0,1382346,Ejected
0.0001,1753000.0,2639905,Ejected
0.0001,3580000.0,2961713,Ejected
0.0001,2614000.0,1547000,Ejected
0.0001,3943000.0,3001738,Ejected
0.0001,3946000.0,971927,Ejected
0.0001,1907000.0,2639877,Ejected
0.0001,3840000.0,3001752,Ejected
0.0001,2422000.0,2639906,Ejected
0.0001,2742000.0,2961732,Ejected
0.0001,2247000.0,3919997,Ejected
0.0001,2047000.0,2759537,Ejected
0.0001,1682000.0,2523395,Ejected
0.0001,4991000.0,2447136,Ejected
0.0001,3900000.0,2639912,Ejected
0.0001,2658000.0,1382348,Ejected
0.0001,2722000.0,2639936,Ejected
0.0001,2404000.0,2523396,Ejected
0.0001,1243000.0,3001748,Ejected
0.0001,4683000.0,339745,Ejected
0.0001,2400000.0,2639922,Ejected
0.0001,4023000.0,2639864,Ejected
0.0001,2459000.0,2961703,Ejected
0.0001,4088000.0,3882339,Ejected
0.0001,3675000.0,2961725,Ejected
0.0001,1858000.0,2639927,Ejected
0.0001,3372000.0,971924,Ejected
0.0001,1691000.0,2961737,Ejected
0.0001,2375000.0,2639865,Ejected
0.0001,2634000.0,2961735,Ejected
0.0001,4850000.0,339739,Ejected
0.0001,2485000.0,339748,Ejected
0.0001,4348000.0,1431521,Ejected
0.0001,2470000.0,3882352,Ejected
0.0001,3208000.0,2447138,Ejected
0.0001,2827000.0,1991551,Ejected
0.0001,2228000.0,2639893,Ejected
0.0001,4023000.0,2639911,Ejected
0.0001,4076000.0,1382364,Ejected
0.0001,2138000.0,1431522,Ejected
0.0001,1592000.0,2639883,Ejected
0.0001,2691000.0,2639866,Ejected
0.0001,2723000.0,1041256,Ejected
0.0001,2138000.0,1041243,Ejected
0.0001,984000.0,2961706,Ejected
0.0001,4050000.0,1041254,Ejected
0.0001,3055000.0,1041265,Ejected
0.0001,4034000.0,3001767,Ejected
0.0001,2919000.0,1041244,Ejected
0.0001,2411000.0,1382338,Ejected
0.0001,4670000.0,3770666,Ejected
0.0001,4242000.0,3770662,Ejected
0.0001,4320000.0,3882330,Ejected
0.0001,4887000.0,2447151,Ejected
0.0001,2806000.0,339762,Ejected
0.0001,3691000.0,1121855,Ejected
0.0001,3826000.0,1991555,Ejected
0.0001,4481000.0,1547002,Ejected
0.0001,2994000.0,1121849,Ejected
0.0001,3382000.0,1382337,Ejected
0.0001,2758000.0,339742,Ejected
0.0001,3708000.0,3417022,Ejected
0.0001,3276000.0,2523415,Ejected
0.0001,3933000.0,266753,Ejected
0.0001,4781000.0,3882344,Ejected
0.0001,3859000.0,1382353,Ejected
0.0001,4405000.0,3417037,Ejected
0.0001,4639000.0,1991537,Ejected
0.0001,4033000.0,2447145,Ejected
0.0001,2264000.0,2447141,Ejected
0.0001,2915000.0,1547005,Ejected
0.0001,2688000.0,2639875,Ejected
0.0001,4949000.0,1991543,Ejected
0.0001,3058000.0,1041241,Ejected
0.0001,3716000.0,3001749,Ejected
0.0001,2755000.0,266755,Ejected
0.0001,3708000.0,3001743,Ejected
0.0001,4402000.0,2961728,Ejected
0.0001,3290000.0,2639898,Ejected
0.0001,4720000.0,1547003,Ejected
0.0001,3833000.0,2639914,Ejected
0.0001,4538000.0,1382356,Ejected
0.0001,4148000.0,2639881,Ejected
0.00030027,74000.0,2641584,Ejected
0.00030027,11000.0,2641548,Captured
0.00030027,115000.0,3825782,Ejected
0.00030027,59000.0,1337476,Ejected
0.00030027,67000.0,1337496,Ejected
0.00030027,129000.0,2526958,Ejected
0.00030027,170000.0,1337490,Ejected
0.00030027,282000.0,1389708,Ejected
0.00030027,167000.0,3910609,Ejected
0.00030027,197000.0,2447977,Ejected
0.00030027,82000.0,2641575,Ejected
0.00030027,258000.0,3910598,Ejected
0.00030027,235000.0,2447975,Ejected
0.00030027,320000.0,3910626,Ejected
0.00030027,226000.0,3910595,Ejected
0.00030027,370000.0,2526950,Ejected
0.00030027,170000.0,454693,Ejected
0.00030027,182000.0,2526937,Ejected
0.00030027,86000.0,2641576,Ejected
0.00030027,139000.0,2641531,Ejected
0.00030027,100000.0,2641536,Ejected
0.00030027,166000.0,2074985,Ejected
0.00030027,177000.0,2641573,Ejected
0.00030027,171000.0,1389684,Ejected
0.00030027,85000.0,2075003,Ejected
0.00030027,54000.0,2526954,Captured
0.00030027,138000.0,2641559,Ejected
0.00030027,153000.0,3028717,Ejected
0.00030027,182000.0,2641527,Ejected
0.00030027,392000.0,2074999,Ejected
0.00030027,263000.0,2641588,Ejected
0.00030027,408000.0,454699,Ejected
0.00030027,256000.0,3910603,Ejected
0.00030027,112000.0,1548007,Ejected
0.00030027,347000.0,454710,Ejected
0.00030027,146000.0,2447986,Ejected
0.00030027,262000.0,2447995,Ejected
0.00030027,166000.0,1337485,Ejected
0.00030027,195000.0,3825786,Ejected
0.00030027,227000.0,3028731,Ejected
0.00030027,149000.0,2641554,Ejected
0.00030027,227000.0,1389683,Ejected
0.00030027,118000.0,3028708,Ejected
0.00030027,128000.0,2641535,Ejected
0.00030027,196000.0,3418680,Ejected
0.00030027,194000.0,1337488,Ejected
0.00030027,313000.0,3969118,Ejected
0.00030027,142000.0,3910613,Ejected
0.00030027,493000.0,2641545,Ejected
0.00030027,202000.0,1389696,Ejected
0.00030027,245000.0,3825783,Ejected
0.00030027,288000.0,1337493,Ejected
0.00030027,129000.0,1547994,Ejected
0.00030027,217000.0,3028719,Ejected
0.00030027,146000.0,2447998,Ejected
0.00030027,370000.0,3248163,Ejected
0.00030027,299000.0,2074993,Ejected
0.00030027,266000.0,3969120,Ejected
0.00030027,243000.0,2641589,Ejected
0.00030027,186000.0,2074975,Ejected
0.00030027,254000.0,2526955,Ejected
0.00030027,532000.0,2526939,Ejected
0.00030027,284000.0,2447991,Ejected
0.00030027,388000.0,2641565,Ejected
0.00030027,116000.0,1337486,Ejected
0.00030027,196000.0,3825780,Ejected
0.00030027,428000.0,3248155,Ejected
0.00030027,252000.0,2074979,Ejected
0.00030027,191000.0,454709,Ejected
0.00030027,200000.0,972669,Ejected
0.00030027,275000.0,1547979,Ejected
0.00030027,189000.0,1337502,Ejected
0.00030027,344000.0,3248159,Ejected
0.00030027,222000.0,1337477,Ejected
0.00030027,246000.0,3248153,Ejected
0.00030027,181000.0,3418674,Ejected
0.00030027,281000.0,1389709,Ejected
0.00030027,167000.0,1547999,Ejected
0.00030027,238000.0,3028729,Ejected
0.00030027,163000.0,3910618,Ejected
0.00030027,134000.0,454707,Ejected
0.00030027,374000.0,3825773,Ejected
0.00030027,283000.0,2641558,Ejected
0.00030027,286000.0,3910611,Ejected
0.00030027,313000.0,3418665,Ejected
0.00030027,122000.0,2641580,Ejected
0.00030027,253000.0,2641543,Ejected
0.00030027,163000.0,2447996,Ejected
0.00030027,211000.0,1547997,Ejected
0.00030027,338000.0,1547988,Ejected
0.00030027,226000.0,3028747,Ejected
0.00030027,321000.0,2526949,Ejected
0.00030027,138000.0,3028703,Ejected
0.00030027,246000.0,3418682,Ejected
0.00030027,292000.0,1337501,Ejected
0.00030027,291000.0,3248193,Ejected
0.00030027,235000.0,3825777,Ejected
0.00030027,215000.0,3028728,Ejected
0.00030027,231000.0,1337500,Ejected
0.00030027,193000.0,3910608,Ejected
0.00030027,372000.0,2641592,Ejected
0.00030027,185000.0,2075002,Ejected
0.00030027,205000.0,2641600,Ejected
0.00030027,378000.0,3418686,Ejected
0.00030027,280000.0,2526957,Ejected
0.00030027,216000.0,454689,Ejected
0.00030027,180000.0,2447985,Ejected
0.00030027,211000.0,3248185,Ejected
0.00030027,661000.0,2074998,Ejected
0.00030027,419000.0,3910607,Ejected
0.00030027,432000.0,3248180,Ejected
0.00030027,328000.0,1389691,Ejected
0.00030027,282000.0,1547991,Ejected
0.00030027,405000.0,1337494,Ejected
0.00030027,339000.0,1389689,Ejected
0.00030027,410000.0,1337503,Ejected
0.00030027,401000.0,1389695,Ejected
0.00030027,247000.0,3248184,Ejected
0.00030027,421000.0,2074980,Ejected
0.00030027,234000.0,813489,Ejected
0.00030027,434000.0,2447981,Ejected
0.00030027,219000.0,1389698,Ejected
0.00030027,418000.0,2641544,Ejected
0.00030027,169000.0,3028730,Ejected
0.00030027,341000.0,454708,Ejected
0.00030027,401000.0,454688,Ejected
0.00030027,362000.0,454696,Ejected
0.00030027,366000.0,2641555,Ejected
0.00030027,447000.0,2074972,Ejected
0.00030027,312000.0,2641557,Ejected
0.00030027,391000.0,2641547,Ejected
0.00030027,286000.0,1389675,Ejected
0.00030027,151000.0,2641540,Ejected
0.00030027,468000.0,1389687,Ejected
0.00030027,282000.0,3910612,Ejected
0.00030027,244000.0,454713,Ejected
0.00030027,241000.0,1389699,Ejected
0.00030027,467000.0,2641546,Ejected
0.00030027,203000.0,2074990,Ejected
0.00030027,274000.0,3028722,Ejected
0.00030027,87000.0,2641598,Captured
0.00030027,548000.0,3825771,Ejected
0.00030027,357000.0,2641569,Ejected
0.00030027,430000.0,3028723,Ejected
0.00030027,155000.0,2641560,Ejected
0.00030027,310000.0,3418668,Ejected
0.00030027,376000.0,3248183,Ejected
0.00030027,599000.0,3248158,Ejected
0.00030027,375000.0,454697,Ejected
0.00030027,274000.0,1547989,Ejected
0.00030027,317000.0,2641581,Ejected
0.00030027,683000.0,454716,Ejected
0.00030027,401000.0,3028706,Ejected
0.00030027,425000.0,2641539,Ejected
0.00030027,211000.0,2641563,Ejected
0.00030027,492000.0,454692,Ejected
0.00030027,325000.0,972680,Ejected
0.00030027,361000.0,1337487,Ejected
0.00030027,301000.0,1389705,Ejected
0.00030027,440000.0,3418671,Ejected
0.00030027,684000.0,2641532,Ejected
0.00030027,476000.0,1337474,Ejected
0.00030027,174000.0,1389700,Ejected
0.00030027,353000.0,1337489,Ejected
0.00030027,290000.0,3248191,Ejected
0.00030027,642000.0,3825776,Ejected
0.00030027,423000.0,3418673,Ejected
0.00030027,333000.0,3418661,Ejected
0.00030027,884000.0,3418677,Ejected
0.00030027,322000.0,2641587,Ejected
0.00030027,441000.0,2641595,Ejected
0.00030027,476000.0,454700,Ejected
0.00030027,175000.0,972676,Ejected
0.00030027,596000.0,2447992,Ejected
0.00030027,270000.0,3910619,Ejected
0.00030027,348000.0,2074977,Ejected
0.00030027,390000.0,3910606,Ejected
0.00030027,404000.0,2526940,Ejected
0.00030027,374000.0,3248175,Ejected
0.00030027,708000.0,1337484,Ejected
0.00030027,697000.0,1548001,Ejected
0.00030027,335000.0,1547990,Ejected
0.00030027,617000.0,2641534,Ejected
0.00030027,373000.0,2641566,Ejected
0.00030027,480000.0,1337478,Ejected
0.00030027,474000.0,3248152,Ejected
0.00030027,245000.0,3418664,Ejected
0.00030027,407000.0,3028742,Ejected
0.00030027,268000.0,2074973,Ejected
0.00030027,314000.0,454715,Ejected
0.00030027,521000.0,3248160,Ejected
0.00030027,484000.0,972681,Ejected
0.00030027,437000.0,2641599,Ejected
0.00030027,452000.0,2765469,Ejected
0.00030027,414000.0,3028710,Ejected
0.00030027,621000.0,972674,Ejected
0.00030027,321000.0,3028750,Ejected
0.00030027,582000.0,1547980,Ejected
0.00030027,387000.0,1547987,Ejected
0.00030027,535000.0,3028707,Ejected
0.00030027,299000.0,3248181,Ejected
0.00030027,245000.0,3028734,Ejected
0.00030027,162000.0,3248157,Ejected
0.00030027,142000.0,3248174,Captured
0.00030027,751000.0,2074986,Ejected
0.00030027,411000.0,2641567,Ejected
0.00030027,249000.0,1548002,Ejected
0.00030027,287000.0,1337495,Ejected
0.00030027,229000.0,2526945,Ejected
0.00030027,314000.0,3969119,Ejected
0.00030027,1131000.0,3910623,Ejected
0.00030027,567000.0,3910625,Ejected
0.00030027,571000.0,2074997,Ejected
0.00030027,455000.0,3418681,Ejected
0.00030027,838000.0,3028737,Ejected
0.00030027,534000.0,2641583,Ejected
0.00030027,520000.0,3028714,Ejected
0.00030027,394000.0,2641591,Ejected
0.00030027,619000.0,3969121,Ejected
0.00030027,500000.0,3028727,Ejected
0.00030027,349000.0,3418684,Ejected
0.00030027,502000.0,2074982,Ejected
0.00030027,541000.0,2526941,Ejected
0.00030027,675000.0,3910604,Ejected
0.00030027,382000.0,1389701,Ejected
0.00030027,327000.0,454705,Ejected
0.00030027,382000.0,1548006,Ejected
0.00030027,323000.0,3028733,Ejected
0.00030027,684000.0,1547977,Ejected
0.00030027,449000.0,2641533,Ejected
0.00030027,726000.0,3028732,Ejected
0.00030027,516000.0,2074992,Ejected
0.00030027,824000.0,1337499,Ejected
0.00030027,452000.0,2526944,Ejected
0.00030027,391000.0,2765465,Ejected
0.00030027,726000.0,1337475,Ejected
0.00030027,256000.0,2641585,Ejected
0.00030027,544000.0,3418672,Ejected
0.00030027,736000.0,1389694,Ejected
0.00030027,957000.0,2641582,Ejected
0.00030027,942000.0,3248189,Ejected
0.00030027,556000.0,2641578,Ejected
0.00030027,344000.0,3028738,Ejected
0.00030027,541000.0,1281802,Ejected
0.00030027,625000.0,2447976,Ejected
0.00030027,555000.0,2641556,Ejected
0.00030027,577000.0,2074991,Ejected
0.00030027,457000.0,2765468,Ejected
0.00030027,259000.0,3028745,Ejected
0.00030027,804000.0,3910617,Ejected
0.00030027,751000.0,2641528,Ejected
0.00030027,1193000.0,3910600,Ejected
0.00030027,504000.0,454695,Ejected
0.00030027,771000.0,2641577,Ejected
0.00030027,486000.0,3028741,Ejected
0.00030027,1026000.0,3248168,Ejected
0.00030027,804000.0,454711,Ejected
0.00030027,529000.0,972684,Ejected
0.00030027,1075000.0,3418679,Ejected
0.00030027,699000.0,1548000,Ejected
0.00030027,1038000.0,454704,Ejected
0.00030027,292000.0,1389703,Ejected
0.00030027,1029000.0,972673,Ejected
0.00030027,514000.0,1389681,Ejected
0.00030027,359000.0,2447988,Ejected
0.00030027,332000.0,1547978,Ejected
0.00030027,904000.0,1389688,Ejected
0.00030027,545000.0,2641538,Ejected
0.00030027,591000.0,2765463,Ejected
0.00030027,575000.0,3248179,Ejected
0.00030027,418000.0,2447978,Ejected
0.00030027,828000.0,3028705,Ejected
0.00030027,367000.0,3418687,Ejected
0.00030027,524000.0,454701,Ejected
0.00030027,814000.0,3028748,Ejected
0.00030027,483000.0,2641568,Ejected
0.00030027,1150000.0,972683,Ejected
0.00030027,1339000.0,3028720,Ejected
0.00030027,242000.0,2526956,Ejected
0.00030027,510000.0,1389677,Ejected
0.00030027,589000.0,1548004,Ejected
0.00030027,420000.0,2765466,Ejected
0.00030027,847000.0,2641551,Ejected
0.00030027,319000.0,1389702,Ejected
0.00030027,743000.0,3028712,Ejected
0.00030027,1012000.0,2526938,Ejected
0.00030027,872000.0,3028725,Ejected
0.00030027,578000.0,1547982,Ejected
0.00030027,352000.0,1389682,Ejected
0.00030027,666000.0,2447989,Ejected
0.00030027,848000.0,2526953,Ejected
0.00030027,1021000.0,1281803,Ejected
0.00030027,987000.0,454691,Ejected
0.00030027,686000.0,1389676,Ejected
0.00030027,1130000.0,3969124,Ejected
0.00030027,1497000.0,1337498,Ejected
0.00030027,1266000.0,1389692,Ejected
0.00030027,795000.0,2447983,Ejected
0.00030027,751000.0,1389678,Ejected
0.00030027,970000.0,2641594,Ejected
0.00030027,828000.0,1547992,Ejected
0.00030027,1201000.0,972675,Ejected
0.00030027,530000.0,2641524,Ejected
0.00030027,1796000.0,2641579,Ejected
0.00030027,1877000.0,3248162,Ejected
0.00030027,3805000.0,3910620,Ejected
0.00071206,0.0,3173548,Captured
0.00071206,28000.0,973378,Ejected
0.00071206,18000.0,1607428,Ejected
0.00071206,105000.0,3291907,Ejected
0.00071206,31000.0,3933142,Ejected
0.00071206,22000.0,1490238,Ejected
0.00071206,27000.0,502522,Ejected
0.00071206,157000.0,1490217,Ejected
0.00071206,40000.0,973374,Ejected
0.00071206,26000.0,1973673,Ejected
0.00071206,44000.0,3110530,Ejected
0.00071206,33000.0,3291875,Ejected
0.00071206,68000.0,3969764,Ejected
0.00071206,44000.0,3969767,Ejected
0.00071206,82000.0,3173557,Ejected
0.00071206,142000.0,3173547,Ejected
0.00071206,37000.0,3173546,Ejected
0.00071206,38000.0,1607411,Ejected
0.00071206,26000.0,1973649,Ejected
0.00071206,59000.0,1607401,Ejected
0.00071206,35000.0,3969760,Ejected
0.00071206,83000.0,2109944,Ejected
0.00071206,19000.0,2770869,Ejected
0.00071206,56000.0,3110524,Ejected
0.00071206,87000.0,3173544,Ejected
0.00071206,138000.0,3291886,Ejected
0.00071206,230000.0,3969787,Ejected
0.00071206,145000.0,3291894,Ejected
0.00071206,93000.0,3173573,Ejected
0.00071206,89000.0,1607393,Ejected
0.00071206,35000.0,3933115,Ejected
0.00071206,31000.0,1280774,Ejected
0.00071206,51000.0,1607443,Ejected
0.00071206,102000.0,502526,Ejected
0.00071206,99000.0,3291908,Ejected
0.00071206,74000.0,1490236,Ejected
0.00071206,60000.0,3871650,Ejected
0.00071206,326000.0,3933140,Ejected
0.00071206,35000.0,1490209,Ejected
0.00071206,27000.0,973377,Ejected
0.00071206,34000.0,3969779,Ejected
0.00071206,70000.0,1490213,Ejected
0.00071206,51000.0,3291876,Ejected
0.00071206,72000.0,1490212,Ejected
0.00071206,35000.0,1490228,Ejected
0.00071206,40000.0,3969759,Ejected
0.00071206,80000.0,3969761,Ejected
0.00071206,44000.0,973379,Ejected
0.00071206,43000.0,502540,Ejected
0.00071206,46000.0,2109931,Ejected
0.00071206,37000.0,3969783,Ejected
0.00071206,50000.0,3933112,Ejected
0.00071206,40000.0,1490207,Ejected
0.00071206,46000.0,3291873,Ejected
0.00071206,30000.0,1490235,Ejected
0.00071206,60000.0,3291895,Ejected
0.00071206,95000.0,1607386,Ejected
0.00071206,55000.0,973385,Ejected
0.00071206,36000.0,1973638,Ejected
0.00071206,33000.0,1490229,Ejected
0.00071206,56000.0,3291880,Ejected
0.00071206,137000.0,3871644,Ejected
0.00071206,74000.0,2109933,Ejected
0.00071206,69000.0,1973641,Ejected
0.00071206,29000.0,1607410,Ejected
0.00071206,98000.0,3969778,Ejected
0.00071206,62000.0,1607380,Ejected
0.00071206,61000.0,3933132,Ejected
0.00071206,71000.0,1973646,Ejected
0.00071206,67000.0,3173559,Ejected
0.00071206,42000.0,3173552,Ejected
0.00071206,88000.0,1280765,Ejected
0.00071206,159000.0,2109929,Ejected
0.00071206,39000.0,1973633,Ejected
0.00071206,226000.0,502551,Ejected
0.00071206,111000.0,3871653,Ejected
0.00071206,77000.0,1490241,Ejected
0.00071206,62000.0,3173571,Ejected
0.00071206,116000.0,1607433,Ejected
0.00071206,77000.0,3969775,Ejected
0.00071206,44000.0,502543,Ejected
0.00071206,81000.0,3969774,Ejected
0.00071206,37000.0,1280770,Ejected
0.00071206,58000.0,1607403,Ejected
0.00071206,49000.0,1607378,Ejected
0.00071206,32000.0,3291910,Ejected
0.00071206,63000.0,3291903,Ejected
0.00071206,69000.0,3969788,Ejected
0.00071206,96000.0,1490223,Ejected
0.00071206,116000.0,1973652,Ejected
0.00071206,73000.0,502539,Ejected
0.00071206,38000.0,502544,Ejected
0.00071206,77000.0,1490206,Ejected
0.00071206,50000.0,2109924,Ejected
0.00071206,297000.0,3291904,Ejected
0.00071206,47000.0,3969768,Ejected
0.00071206,32000.0,3933119,Ejected
0.00071206,56000.0,1280753,Ejected
0.00071206,40000.0,1973661,Ejected
0.00071206,57000.0,1607379,Ejected
0.00071206,38000.0,3110526,Ejected
0.00071206,41000.0,1607417,Ejected
0.00071206,140000.0,3871646,Ejected
0.00071206,40000.0,3110537,Ejected
0.00071206,81000.0,1973668,Ejected
0.00071206,24000.0,1607382,Ejected
0.00071206,158000.0,502529,Ejected
0.00071206,132000.0,502536,Ejected
0.00071206,81000.0,3933141,Ejected
0.00071206,38000.0,1607418,Ejected
0.00071206,52000.0,1973669,Ejected
0.00071206,174000.0,1280752,Ejected
0.00071206,118000.0,3173560,Ejected
0.00071206,72000.0,1973637,Ejected
0.00071206,46000.0,3933138,Ejected
0.00071206,56000.0,2109945,Ejected
0.00071206,121000.0,1490194,Ejected
0.00071206,216000.0,1973675,Ejected
0.00071206,44000.0,3969769,Ejected
0.00071206,90000.0,3933127,Ejected
0.00071206,135000.0,973383,Ejected
0.00071206,62000.0,1280766,Ejected
0.00071206,265000.0,1490226,Ejected
0.00071206,44000.0,1607439,Ejected
0.00071206,47000.0,3110544,Ejected
0.00071206,58000.0,3969765,Ejected
0.00071206,120000.0,2109932,Ejected
0.00071206,80000.0,1973665,Ejected
0.00071206,69000.0,1490197,Ejected
0.00071206,46000.0,1607385,Ejected
0.00071206,149000.0,3933123,Ejected
0.00071206,88000.0,1490196,Ejected
0.00071206,79000.0,3291905,Ejected
0.00071206,112000.0,3110528,Ejected
0.00071206,110000.0,1973640,Ejected
0.00071206,26000.0,1973667,Ejected
0.00071206,53000.0,3173561,Ejected
0.00071206,133000.0,502524,Ejected
0.00071206,154000.0,1490201,Ejected
0.00071206,82000.0,3933131,Ejected
0.00071206,44000.0,3110547,Ejected
0.00071206,59000.0,3173542,Ejected
0.00071206,170000.0,3969784,Ejected
0.00071206,106000.0,1607445,Ejected
0.00071206,79000.0,3933139,Ejected
0.00071206,51000.0,3871658,Ejected
0.00071206,107000.0,3291888,Ejected
0.00071206,118000.0,3173553,Ejected
0.00071206,160000.0,3173556,Ejected
0.00071206,81000.0,3969770,Ejected
0.00071206,82000.0,3871659,Ejected
0.00071206,73000.0,3291887,Ejected
0.00071206,38000.0,1280755,Ejected
0.00071206,126000.0,3291882,Ejected
0.00071206,103000.0,1280769,Ejected
0.00071206,58000.0,3933134,Ejected
0.00071206,76000.0,3173550,Ejected
0.00071206,41000.0,3871656,Ejected
0.00071206,61000.0,1490203,Ejected
0.00071206,145000.0,3173570,Ejected
0.00071206,88000.0,502532,Ejected
0.00071206,71000.0,2109939,Ejected
0.00071206,149000.0,1607406,Ejected
0.00071206,104000.0,1280759,Ejected
0.00071206,201000.0,973384,Ejected
0.00071206,64000.0,1607399,Ejected
0.00071206,109000.0,1607395,Ejected
0.00071206,166000.0,3110555,Ejected
0.00071206,128000.0,3871645,Ejected
0.00071206,131000.0,3933125,Ejected
0.00071206,270000.0,3871648,Ejected
0.00071206,54000.0,3110529,Ejected
0.00071206,95000.0,502535,Ejected
0.00071206,60000.0,3969757,Ejected
0.00071206,205000.0,2109946,Ejected
0.00071206,57000.0,1490232,Ejected
0.00071206,126000.0,1490224,Ejected
0.00071206,100000.0,1490202,Ejected
0.00071206,88000.0,1607404,Ejected
0.00071206,59000.0,1607441,Ejected
0.00071206,77000.0,1973657,Ejected
0.00071206,86000.0,3871651,Ejected
0.00071206,106000.0,3969776,Ejected
0.00071206,56000.0,3173562,Ejected
0.00071206,37000.0,3173558,Ejected
0.00071206,88000.0,3291879,Ejected
0.00071206,114000.0,2109918,Ejected
0.00071206,166000.0,1973666,Ejected
0.00071206,54000.0,1490190,Ejected
0.00071206,379000.0,3291898,Ejected
0.00071206,80000.0,1973643,Ejected
0.00071206,133000.0,1607390,Ejected
0.00071206,159000.0,1490193,Ejected
0.00071206,195000.0,1490242,Ejected
0.00071206,136000.0,3110540,Ejected
0.00071206,70000.0,3173543,Ejected
0.00071206,90000.0,973373,Ejected
0.00071206,74000.0,3173569,Ejected
0.00071206,50000.0,502549,Ejected
0.00071206,86000.0,3291889,Ejected
0.00071206,246000.0,2109935,Ejected
0.00071206,52000.0,1490219,Ejected
0.00071206,220000.0,3110525,Ejected
0.00071206,234000.0,902197,Ejected
0.00071206,98000.0,2109930,Ejected
0.00071206,121000.0,3173555,Ejected
0.00071206,178000.0,1490199,Ejected
0.00071206,106000.0,3173537,Ejected
0.00071206,117000.0,2109923,Ejected
0.00071206,206000.0,1490216,Ejected
0.00071206,143000.0,3969780,Ejected
0.00071206,96000.0,1490210,Ejected
0.00071206,92000.0,3969753,Ejected
0.00071206,113000.0,1973639,Ejected
0.00071206,191000.0,3871654,Ejected
0.00071206,87000.0,973386,Ejected
0.00071206,63000.0,3110531,Ejected
0.00071206,90000.0,3291869,Ejected
0.00071206,63000.0,1607420,Ejected
0.00071206,151000.0,1607405,Ejected
0.00071206,83000.0,3291899,Ejected
0.00071206,130000.0,3291911,Ejected
0.00071206,210000.0,3291906,Ejected
0.00071206,162000.0,3933118,Ejected
0.00071206,290000.0,3173575,Ejected
0.00071206,103000.0,502546,Ejected
0.00071206,119000.0,3933124,Ejected
0.00071206,107000.0,1607409,Ejected
0.00071206,224000.0,3173538,Ejected
0.00071206,74000.0,1607423,Ejected
0.00071206,68000.0,3969782,Ejected
0.00071206,111000.0,3291892,Ejected
0.00071206,217000.0,3871655,Ejected
0.00071206,197000.0,3173568,Ejected
0.00071206,61000.0,1490234,Ejected
0.00071206,58000.0,3110542,Ejected
0.00071206,128000.0,1280764,Ejected
0.00071206,121000.0,3933126,Ejected
0.00071206,69000.0,2770871,Ejected
0.00071206,264000.0,3110545,Ejected
0.00071206,103000.0,502530,Ejected
0.00071206,134000.0,1607444,Ejected
0.00071206,230000.0,973387,Ejected
0.00071206,141000.0,3291901,Ejected
0.00071206,113000.0,3110541,Ejected
0.00071206,88000.0,3110535,Ejected
0.00071206,138000.0,3173584,Ejected
0.00071206,163000.0,2770867,Ejected
0.00071206,141000.0,1607392,Ejected
0.00071206,150000.0,1607419,Ejected
0.00071206,209000.0,3291900,Ejected
0.00071206,97000.0,1973644,Ejected
0.00071206,56000.0,502548,Ejected
0.00071206,132000.0,3933116,Ejected
0.00071206,147000.0,1973636,Ejected
0.00071206,216000.0,973375,Ejected
0.00071206,205000.0,1607381,Ejected
0.00071206,157000.0,3969766,Ejected
0.00071206,140000.0,3173554,Ejected
0.00071206,112000.0,1973672,Ejected
0.00071206,252000.0,3110559,Ejected
0.00071206,74000.0,1973634,Ejected
0.00071206,326000.0,3110551,Ejected
0.00071206,349000.0,1607383,Ejected
0.00071206,112000.0,1607391,Ejected
0.00071206,136000.0,3110543,Ejected
0.00071206,117000.0,3173539,Ejected
0.00071206,240000.0,3933143,Ejected
0.00071206,106000.0,3969762,Ejected
0.00071206,140000.0,1490222,Ejected
0.00071206,206000.0,3871652,Ejected
0.00071206,322000.0,3173564,Ejected
0.00071206,326000.0,2109941,Ejected
0.00071206,164000.0,3110549,Ejected
0.00071206,430000.0,3173574,Ejected
0.00071206,673000.0,3173583,Ejected
0.00071206,494000.0,973388,Ejected
0.00071206,707000.0,502550,Ejected
0.00168856,0.0,1669827,Captured
0.00168856,0.0,3970750,Captured
0.00168856,6000.0,1492436,Ejected
0.00168856,10000.0,3297713,Ejected
0.00168856,16000.0,3111490,Ejected
0.00168856,17000.0,2772269,Ejected
0.00168856,8000.0,514549,Ejected
0.00168856,9000.0,3297726,Ejected
0.00168856,8000.0,2025413,Ejected
0.00168856,9000.0,3939155,Ejected
0.00168856,8000.0,514545,Ejected
0.00168856,12000.0,974025,Ejected
0.00168856,13000.0,1669866,Ejected
0.00168856,34000.0,3111488,Ejected
0.00168856,9000.0,1492447,Ejected
0.00168856,27000.0,3111462,Ejected
0.00168856,9000.0,1492437,Ejected
0.00168856,11000.0,1492434,Ejected
0.00168856,27000.0,3111483,Ejected
0.00168856,17000.0,1492439,Ejected
0.00168856,10000.0,3970751,Ejected
0.00168856,12000.0,2119816,Ejected
0.00168856,12000.0,3970771,Ejected
0.00168856,19000.0,1287839,Ejected
0.00168856,15000.0,3111477,Ejected
0.00168856,62000.0,1669875,Ejected
0.00168856,24000.0,2772268,Ejected
0.00168856,46000.0,1492455,Ejected
0.00168856,40000.0,2025415,Ejected
0.00168856,61000.0,1492474,Ejected
0.00168856,15000.0,1492450,Ejected
0.00168856,53000.0,1492433,Ejected
0.00168856,11000.0,3970744,Ejected
0.00168856,9000.0,2772267,Ejected
0.00168856,11000.0,1669831,Ejected
0.00168856,30000.0,834888,Ejected
0.00168856,9000.0,1287837,Ejected
0.00168856,9000.0,1669849,Ejected
0.00168856,17000.0,2025425,Ejected
0.00168856,11000.0,1669850,Ejected
0.00168856,111000.0,1669842,Ejected
0.00168856,12000.0,1669826,Ejected
0.00168856,21000.0,2025408,Ejected
0.00168856,21000.0,1287844,Ejected
0.00168856,12000.0,1287841,Ejected
0.00168856,32000.0,1669874,Ejected
0.00168856,27000.0,2119840,Ejected
0.00168856,9000.0,3939183,Ejected
0.00168856,10000.0,2119841,Ejected
0.00168856,20000.0,3297742,Ejected
0.00168856,13000.0,834910,Ejected
0.00168856,11000.0,2772271,Ejected
0.00168856,36000.0,2025411,Ejected
0.00168856,10000.0,3297724,Ejected
0.00168856,28000.0,1669869,Ejected
0.00168856,16000.0,1669818,Ejected
0.00168856,17000.0,3111476,Ejected
0.00168856,91000.0,2025422,Ejected
0.00168856,13000.0,1492473,Ejected
0.00168856,53000.0,1492449,Ejected
0.00168856,9000.0,1669839,Ejected
0.00168856,15000.0,3297725,Ejected
0.00168856,21000.0,1492438,Ejected
0.00168856,15000.0,2025402,Ejected
0.00168856,13000.0,834889,Ejected
0.00168856,22000.0,1669865,Ejected
0.00168856,15000.0,2025394,Ejected
0.00168856,25000.0,2119828,Ejected
0.00168856,36000.0,1492467,Ejected
0.00168856,17000.0,1287829,Ejected
0.00168856,11000.0,2025423,Ejected
0.00168856,15000.0,3882188,Ejected
0.00168856,13000.0,1492459,Ejected
0.00168856,159000.0,1492440,Ejected
0.00168856,14000.0,3297711,Ejected
0.00168856,13000.0,514560,Ejected
0.00168856,56000.0,3297715,Ejected
0.00168856,13000.0,3297721,Ejected
0.00168856,45000.0,3970761,Ejected
0.00168856,33000.0,2119834,Ejected
0.00168856,15000.0,3882179,Ejected
0.00168856,12000.0,1492448,Ejected
0.00168856,17000.0,1492471,Ejected
0.00168856,12000.0,2025389,Ejected
0.00168856,48000.0,3297734,Ejected
0.00168856,28000.0,514543,Ejected
0.00168856,14000.0,834895,Ejected
0.00168856,31000.0,3111491,Ejected
0.00168856,13000.0,834894,Ejected
0.00168856,17000.0,3420229,Ejected
0.00168856,12000.0,3297748,Ejected
0.00168856,27000.0,1492446,Ejected
0.00168856,24000.0,2025404,Ejected
0.00168856,32000.0,3882183,Ejected
0.00168856,62000.0,3882182,Ejected
0.00168856,17000.0,3882178,Ejected
0.00168856,13000.0,3420230,Ejected
0.00168856,41000.0,2119833,Ejected
0.00168856,13000.0,974028,Ejected
0.00168856,17000.0,3297722,Ejected
0.00168856,26000.0,3970774,Ejected
0.00168856,9000.0,3939148,Ejected
0.00168856,73000.0,1287838,Ejected
0.00168856,185000.0,1492432,Ejected
0.00168856,30000.0,1669821,Ejected
0.00168856,12000.0,3939171,Ejected
0.00168856,26000.0,514554,Ejected
0.00168856,14000.0,3939154,Ejected
0.00168856,14000.0,3970766,Ejected
0.00168856,13000.0,1492430,Ejected
0.00168856,23000.0,2025431,Ejected
0.00168856,25000.0,2025407,Ejected
0.00168856,94000.0,2772266,Ejected
0.00168856,32000.0,3297744,Ejected
0.00168856,13000.0,834912,Ejected
0.00168856,15000.0,3420246,Ejected
0.00168856,12000.0,3970745,Ejected
0.00168856,13000.0,3111469,Ejected
0.00168856,15000.0,3970765,Ejected
0.00168856,58000.0,1492481,Ejected
0.00168856,23000.0,3420241,Ejected
0.00168856,45000.0,2119827,Ejected
0.00168856,15000.0,2119817,Ejected
0.00168856,15000.0,3939176,Ejected
0.00168856,24000.0,3297731,Ejected
0.00168856,12000.0,2119826,Ejected
0.00168856,57000.0,514542,Ejected
0.00168856,54000.0,3882175,Ejected
0.00168856,19000.0,3939177,Ejected
0.00168856,9000.0,1669880,Ejected
0.00168856,23000.0,3970759,Ejected
0.00168856,15000.0,3970735,Ejected
0.00168856,22000.0,3297706,Ejected
0.00168856,154000.0,2025393,Ejected
0.00168856,34000.0,3939164,Ejected
0.00168856,27000.0,3297740,Ejected
0.00168856,18000.0,3882184,Ejected
0.00168856,15000.0,3882176,Ejected
0.00168856,14000.0,834901,Ejected
0.00168856,18000.0,834897,Ejected
0.00168856,28000.0,3970757,Ejected
0.00168856,22000.0,1669834,Ejected
0.00168856,31000.0,1669825,Ejected
0.00168856,11000.0,1669879,Ejected
0.00168856,35000.0,974023,Ejected
0.00168856,35000.0,3297730,Ejected
0.00168856,42000.0,3111492,Ejected
0.00168856,186000.0,3420228,Ejected
0.00168856,28000.0,2025401,Ejected
0.00168856,85000.0,3939187,Ejected
0.00168856,18000.0,974034,Ejected
0.00168856,23000.0,2119835,Ejected
0.00168856,38000.0,3297732,Ejected
0.00168856,48000.0,3882187,Ejected
0.00168856,44000.0,2119822,Ejected
0.00168856,70000.0,3970748,Ejected
0.00168856,14000.0,1669830,Ejected
0.00168856,10000.0,3420251,Ejected
0.00168856,20000.0,2025412,Ejected
0.00168856,14000.0,3420240,Ejected
0.00168856,47000.0,3111489,Ejected
0.00168856,81000.0,1492453,Ejected
0.00168856,20000.0,1492444,Ejected
0.00168856,23000.0,3939169,Ejected
0.00168856,14000.0,1669846,Ejected
0.00168856,16000.0,3111486,Ejected
0.00168856,73000.0,1669845,Ejected
0.00168856,83000.0,1669817,Ejected
0.00168856,30000.0,3939158,Ejected
0.00168856,34000.0,2025395,Ejected
0.00168856,58000.0,1492452,Ejected
0.00168856,15000.0,1669815,Ejected
0.00168856,22000.0,1669870,Ejected
0.00168856,47000.0,2025391,Ejected
0.00168856,38000.0,3939157,Ejected
0.00168856,25000.0,2025392,Ejected
0.00168856,20000.0,1669847,Ejected
0.00168856,10000.0,3420252,Ejected
0.00168856,21000.0,3420226,Ejected
0.00168856,53000.0,514547,Ejected
0.00168856,20000.0,3939184,Ejected
0.00168856,35000.0,1669835,Ejected
0.00168856,31000.0,2025424,Ejected
0.00168856,27000.0,974037,Ejected
0.00168856,29000.0,3970758,Ejected
0.00168856,32000.0,1669877,Ejected
0.00168856,12000.0,3939186,Ejected
0.00168856,13000.0,3970767,Ejected
0.00168856,70000.0,514548,Ejected
0.00168856,21000.0,3970755,Ejected
0.00168856,33000.0,3297728,Ejected
0.00168856,45000.0,2772265,Ejected
0.00168856,22000.0,2119836,Ejected
0.00168856,58000.0,2119821,Ejected
0.00168856,60000.0,3882185,Ejected
0.00168856,31000.0,2025426,Ejected
0.00168856,24000.0,3939185,Ejected
0.00168856,35000.0,1669814,Ejected
0.00168856,20000.0,1492478,Ejected
0.00168856,19000.0,1669816,Ejected
0.00168856,70000.0,2025399,Ejected
0.00168856,19000.0,834902,Ejected
0.00168856,79000.0,1669859,Ejected
0.00168856,34000.0,3882174,Ejected
0.00168856,26000.0,1669882,Ejected
0.00168856,22000.0,3970754,Ejected
0.00168856,18000.0,3420236,Ejected
0.00168856,28000.0,3970740,Ejected
0.00168856,37000.0,1287836,Ejected
0.00168856,57000.0,3970736,Ejected
0.00168856,17000.0,2119824,Ejected
0.00168856,27000.0,3939178,Ejected
0.00168856,22000.0,834904,Ejected
0.00168856,16000.0,3111465,Ejected
0.00168856,17000.0,2119830,Ejected
0.00168856,30000.0,2025403,Ejected
0.00168856,44000.0,974029,Ejected
0.00168856,24000.0,3939174,Ejected
0.00168856,50000.0,514550,Ejected
0.00168856,20000.0,3420242,Ejected
0.00168856,27000.0,3970760,Ejected
0.00168856,80000.0,1287850,Ejected
0.00168856,34000.0,2119815,Ejected
0.00168856,24000.0,3970753,Ejected
0.00168856,31000.0,3420239,Ejected
0.00168856,70000.0,3939166,Ejected
0.00168856,45000.0,1669857,Ejected
0.00168856,24000.0,3939182,Ejected
0.00168856,43000.0,1492445,Ejected
0.00168856,61000.0,1669828,Ejected
0.00168856,40000.0,2119820,Ejected
0.00168856,44000.0,514557,Ejected
0.00168856,24000.0,514541,Ejected
0.00168856,34000.0,1669824,Ejected
0.00168856,29000.0,3882173,Ejected
0.00168856,69000.0,1492469,Ejected
0.00168856,31000.0,3882177,Ejected
0.00168856,18000.0,3420233,Ejected
0.00168856,33000.0,3420237,Ejected
0.00168856,19000.0,3939149,Ejected
0.00168856,35000.0,834905,Ejected
0.00168856,31000.0,1669853,Ejected
0.00168856,17000.0,3111470,Ejected
0.00168856,29000.0,2025405,Ejected
0.00168856,23000.0,3939150,Ejected
0.00168856,53000.0,1287843,Ejected
0.00168856,16000.0,3420247,Ejected
0.00168856,34000.0,3420225,Ejected
0.00168856,22000.0,3111474,Ejected
0.00168856,49000.0,1492468,Ejected
0.00168856,19000.0,1492460,Ejected
0.00168856,25000.0,1669860,Ejected
0.00168856,23000.0,3939168,Ejected
0.00168856,44000.0,3420238,Ejected
0.00168856,24000.0,3111472,Ejected
0.00168856,39000.0,1492461,Ejected
0.00168856,40000.0,3420234,Ejected
0.00168856,20000.0,3297745,Ejected
0.00168856,25000.0,1669836,Ejected
0.00168856,23000.0,1669841,Ejected
0.00168856,127000.0,1669855,Ejected
0.00168856,34000.0,1492457,Ejected
0.00168856,29000.0,3970764,Ejected
0.00168856,27000.0,2025418,Ejected
0.00168856,56000.0,3939165,Ejected
0.00168856,27000.0,1669867,Ejected
0.00168856,64000.0,3970773,Ejected
0.00168856,24000.0,3970743,Ejected
0.00168856,70000.0,1287830,Ejected
0.00168856,114000.0,3111487,Ejected
0.00168856,19000.0,1287848,Ejected
0.00168856,79000.0,3297716,Ejected
0.00168856,36000.0,2025414,Ejected
0.00168856,33000.0,3939161,Ejected
0.00168856,32000.0,3420232,Ejected
0.00168856,23000.0,3939167,Ejected
0.00168856,76000.0,1492435,Ejected
0.00168856,34000.0,3111494,Ejected
0.00168856,59000.0,834892,Ejected
0.00168856,21000.0,1287849,Ejected
0.00168856,28000.0,3111471,Ejected
0.00168856,34000.0,974035,Ejected
0.00168856,44000.0,2025432,Ejected
0.00168856,23000.0,514544,Ejected
0.00168856,30000.0,1492458,Ejected
0.00168856,38000.0,2025406,Ejected
0.00168856,65000.0,974027,Ejected
0.00168856,53000.0,2119837,Ejected
0.00168856,50000.0,1287833,Ejected
0.00168856,42000.0,1669840,Ejected
0.00168856,52000.0,1287840,Ejected
0.00168856,74000.0,1492477,Ejected
0.00168856,32000.0,1287852,Ejected
0.00168856,34000.0,3970768,Ejected
0.00168856,56000.0,834907,Ejected
0.00168856,53000.0,3420250,Ejected
0.00168856,42000.0,3297727,Ejected
0.00168856,166000.0,3970752,Ejected
0.00168856,59000.0,3297736,Ejected
0.00168856,246000.0,3297714,Ejected
0.00400422,5000.0,519244,Ejected
0.00400422,60000.0,519263,Ejected
0.00400422,5000.0,519256,Ejected
0.00400422,6000.0,1289976,Ejected
0.00400422,19000.0,3942760,Ejected
0.00400422,10000.0,1494028,Ejected
0.00400422,28000.0,2069318,Ejected
0.00400422,7000.0,3942758,Ejected
0.00400422,11000.0,3942773,Ejected
0.00400422,12000.0,519285,Ejected
0.00400422,5000.0,2069354,Ejected
0.00400422,9000.0,1684351,Ejected
0.00400422,10000.0,1684360,Ejected
0.00400422,8000.0,1684375,Ejected
0.00400422,15000.0,2773294,Ejected
0.00400422,4000.0,1684381,Ejected
0.00400422,10000.0,3942776,Ejected
0.00400422,18000.0,3112431,Ejected
0.00400422,6000.0,3112426,Ejected
0.00400422,16000.0,1289971,Ejected
0.00400422,10000.0,1289992,Ejected
0.00400422,22000.0,2069321,Ejected
0.00400422,32000.0,2069303,Ejected
0.00400422,4000.0,3112424,Ejected
0.00400422,6000.0,1684382,Ejected
0.00400422,14000.0,1494013,Ejected
0.00400422,4000.0,2069334,Ejected
0.00400422,12000.0,1289972,Ejected
0.00400422,23000.0,3112433,Ejected
0.00400422,8000.0,3942775,Ejected
0.00400422,6000.0,3942771,Ejected
0.00400422,5000.0,3942749,Ejected
0.00400422,20000.0,3299304,Ejected
0.00400422,7000.0,2069326,Ejected
0.00400422,6000.0,2069347,Ejected
0.00400422,17000.0,2069358,Ejected
0.00400422,18000.0,1684350,Ejected
0.00400422,4000.0,2124734,Ejected
0.00400422,7000.0,1494036,Ejected
0.00400422,5000.0,1289974,Ejected
0.00400422,23000.0,1684384,Ejected
0.00400422,21000.0,519243,Ejected
0.00400422,49000.0,2069308,Ejected
0.00400422,5000.0,1493991,Ejected
0.00400422,14000.0,3299337,Ejected
0.00400422,5000.0,1684411,Ejected
0.00400422,12000.0,3942763,Ejected
0.00400422,4000.0,1494017,Ejected
0.00400422,6000.0,3299313,Ejected
0.00400422,13000.0,1289970,Ejected
0.00400422,9000.0,3971730,Ejected
0.00400422,34000.0,519284,Ejected
0.00400422,6000.0,1684369,Ejected
0.00400422,8000.0,974691,Ejected
0.00400422,6000.0,2069302,Ejected
0.00400422,9000.0,1289978,Ejected
0.00400422,4000.0,1494015,Ejected
0.00400422,4000.0,3971754,Ejected
0.00400422,134000.0,3112439,Ejected
0.00400422,5000.0,2124749,Ejected
0.00400422,5000.0,3942766,Ejected
0.00400422,10000.0,3971737,Ejected
0.00400422,6000.0,2069322,Ejected
0.00400422,131000.0,3112435,Ejected
0.00400422,9000.0,1289993,Ejected
0.00400422,21000.0,2069330,Ejected
0.00400422,8000.0,3299297,Ejected
0.00400422,7000.0,3112421,Ejected
0.00400422,14000.0,1684405,Ejected
0.00400422,12000.0,1494037,Ejected
0.00400422,8000.0,1684376,Ejected
0.00400422,9000.0,974679,Ejected
0.00400422,26000.0,2069352,Ejected
0.00400422,28000.0,2124736,Ejected
0.00400422,17000.0,1493988,Ejected
0.00400422,11000.0,3942753,Ejected
0.00400422,16000.0,974682,Ejected
0.00400422,7000.0,2124759,Ejected
0.00400422,6000.0,1684385,Ejected
0.00400422,9000.0,1494023,Ejected
0.00400422,13000.0,2069310,Ejected
0.00400422,14000.0,519240,Ejected
0.00400422,8000.0,2069314,Ejected
0.00400422,59000.0,1289988,Ejected
0.00400422,7000.0,3299331,Ejected
0.00400422,21000.0,1494016,Ejected
0.00400422,5000.0,2124742,Ejected
0.00400422,9000.0,1494000,Ejected
0.00400422,94000.0,3942747,Ejected
0.00400422,27000.0,2069305,Ejected
0.00400422,5000.0,3299320,Ejected
0.00400422,11000.0,2069319,Ejected
0.00400422,6000.0,3942759,Ejected
0.00400422,52000.0,2069306,Ejected
0.00400422,9000.0,519275,Ejected
0.00400422,8000.0,3942745,Ejected
0.00400422,9000.0,3112428,Ejected
0.00400422,5000.0,3112418,Ejected
0.00400422,13000.0,2069349,Ejected
0.00400422,8000.0,2069348,Ejected
0.00400422,19000.0,3971744,Ejected
0.00400422,19000.0,519277,Ejected
0.00400422,7000.0,2069293,Ejected
0.00400422,26000.0,1493999,Ejected
0.00400422,13000.0,3971734,Ejected
0.00400422,75000.0,2069344,Ejected
0.00400422,47000.0,1684409,Ejected
0.00400422,15000.0,2124748,Ejected
0.00400422,9000.0,3971729,Ejected
0.00400422,10000.0,1494011,Ejected
0.00400422,6000.0,2124761,Ejected
0.00400422,8000.0,1494040,Ejected
0.00400422,8000.0,1684354,Ejected
0.00400422,52000.0,3971765,Ejected
0.00400422,22000.0,3112429,Ejected
0.00400422,32000.0,2124738,Ejected
0.00400422,6000.0,3112448,Ejected
0.00400422,5000.0,3299302,Ejected
0.00400422,7000.0,2069325,Ejected
0.00400422,7000.0,519262,Ejected
0.00400422,6000.0,519272,Ejected
0.00400422,4000.0,2069320,Ejected
0.00400422,11000.0,974683,Ejected
0.00400422,11000.0,1289977,Ejected
0.00400422,9000.0,1494007,Ejected
0.00400422,32000.0,1684352,Ejected
0.00400422,25000.0,2124760,Ejected
0.00400422,14000.0,1493998,Ejected
0.00400422,10000.0,3942774,Ejected
0.00400422,31000.0,1684347,Ejected
0.00400422,7000.0,3942764,Ejected
0.00400422,5000.0,3299300,Ejected
0.00400422,9000.0,2069296,Ejected
0.00400422,7000.0,2069351,Ejected
0.00400422,5000.0,2124747,Ejected
0.00400422,12000.0,3299311,Ejected
0.00400422,9000.0,1289982,Ejected
0.00400422,8000.0,3112440,Ejected
0.00400422,52000.0,974690,Ejected
0.00400422,11000.0,1494021,Ejected
0.00400422,17000.0,3112450,Ejected
0.00400422,6000.0,1494022,Ejected
0.00400422,11000.0,3112443,Ejected
0.00400422,7000.0,1684355,Ejected
0.00400422,41000.0,1289981,Ejected
0.00400422,6000.0,2069301,Ejected
0.00400422,20000.0,3299329,Ejected
0.00400422,24000.0,1684374,Ejected
0.00400422,9000.0,1684348,Ejected
0.00400422,6000.0,3971755,Ejected
0.00400422,6000.0,2069350,Ejected
0.00400422,5000.0,974681,Ejected
0.00400422,8000.0,3299326,Ejected
0.00400422,10000.0,3971758,Ejected
0.00400422,6000.0,1684373,Ejected
0.00400422,5000.0,2069298,Ejected
0.00400422,7000.0,3942772,Ejected
0.00400422,8000.0,1684390,Ejected
0.00400422,36000.0,3971766,Ejected
0.00400422,39000.0,3112420,Ejected
0.00400422,9000.0,2069327,Ejected
0.00400422,6000.0,3299328,Ejected
0.00400422,6000.0,519287,Ejected
0.00400422,6000.0,3299330,Ejected
0.00400422,29000.0,1684358,Ejected
0.00400422,8000.0,3971745,Ejected
0.00400422,16000.0,2069335,Ejected
0.00400422,10000.0,1494033,Ejected
0.00400422,6000.0,3942761,Ejected
0.00400422,44000.0,1684345,Ejected
0.00400422,8000.0,1494008,Ejected
0.00400422,10000.0,1684343,Ejected
0.00400422,9000.0,974692,Ejected
0.00400422,34000.0,1684395,Ejected
0.00400422,7000.0,1494034,Ejected
0.00400422,10000.0,1684402,Ejected
0.00400422,46000.0,2124753,Ejected
0.00400422,38000.0,1684393,Ejected
0.00400422,63000.0,2069329,Ejected
0.00400422,10000.0,1289984,Ejected
0.00400422,16000.0,1494010,Ejected
0.00400422,10000.0,1684379,Ejected
0.00400422,26000.0,3942768,Ejected
0.00400422,35000.0,2069355,Ejected
0.00400422,6000.0,1493995,Ejected
0.00400422,10000.0,1493994,Ejected
0.00400422,8000.0,3299309,Ejected
0.00400422,8000.0,2069340,Ejected
0.00400422,5000.0,3942777,Ejected
0.00400422,28000.0,3971751,Ejected
0.00400422,7000.0,1289983,Ejected
0.00400422,15000.0,519253,Ejected
0.00400422,7000.0,519283,Ejected
0.00400422,17000.0,2124764,Ejected
0.00400422,12000.0,3942741,Ejected
0.00400422,38000.0,1289991,Ejected
0.00400422,6000.0,1684394,Ejected
0.00400422,17000.0,3299321,Ejected
0.00400422,23000.0,974693,Ejected
0.00400422,41000.0,1684383,Ejected
0.00400422,17000.0,3971764,Ejected
0.00400422,20000.0,2069360,Ejected
0.00400422,8000.0,2069323,Ejected
0.00400422,12000.0,3112438,Ejected
0.00400422,6000.0,3971757,Ejected
0.00400422,7000.0,2069356,Ejected
0.00400422,15000.0,2069294,Ejected
0.00400422,13000.0,2069311,Ejected
0.00400422,27000.0,3971743,Ejected
0.00400422,8000.0,1684362,Ejected
0.00400422,7000.0,1684365,Ejected
0.00400422,5000.0,3942762,Ejected
0.00400422,8000.0,3112422,Ejected
0.00400422,10000.0,2069361,Ejected
0.00400422,45000.0,1494005,Ejected
0.00400422,17000.0,3971728,Ejected
0.00400422,13000.0,1494027,Ejected
0.00400422,9000.0,3299316,Ejected
0.00400422,10000.0,3971753,Ejected
0.00400422,10000.0,3299318,Ejected
0.00400422,52000.0,1493996,Ejected
0.00400422,7000.0,1494032,Ejected
0.00400422,23000.0,3971732,Ejected
0.00400422,8000.0,2069317,Ejected
0.00400422,11000.0,974694,Ejected
0.00400422,6000.0,2069336,Ejected
0.00400422,45000.0,1684399,Ejected
0.00400422,6000.0,2069346,Ejected
0.00400422,14000.0,1684404,Ejected
0.00400422,10000.0,3971738,Ejected
0.00400422,48000.0,3299334,Ejected
0.00400422,7000.0,2124752,Ejected
0.00400422,10000.0,3112434,Ejected
0.00400422,18000.0,3112432,Ejected
0.00400422,8000.0,3896655,Ejected
0.00400422,12000.0,1684387,Ejected
0.00400422,6000.0,3896661,Ejected
0.00400422,5000.0,3896654,Ejected
0.00400422,15000.0,974689,Ejected
0.00400422,11000.0,1494019,Ejected
0.00400422,1000.0,519252,Captured
0.00400422,4000.0,3896653,Ejected
0.00400422,18000.0,1684368,Ejected
0.00400422,35000.0,1494003,Ejected
0.00400422,9000.0,3896665,Ejected
0.00400422,13000.0,3112445,Ejected
0.00400422,15000.0,2124745,Ejected
0.00400422,8000.0,974684,Ejected
0.00400422,28000.0,1493997,Ejected
0.00400422,25000.0,1684397,Ejected
0.00400422,7000.0,2124756,Ejected
0.00400422,10000.0,1684410,Ejected
0.00400422,10000.0,3112436,Ejected
0.00400422,22000.0,1684398,Ejected
0.00400422,7000.0,3971741,Ejected
0.00400422,7000.0,3896660,Ejected
0.00400422,7000.0,3896657,Ejected
0.00400422,17000.0,974687,Ejected
0.00400422,10000.0,1494030,Ejected
0.00400422,7000.0,2069357,Ejected
0.00400422,11000.0,519276,Ejected
0.00400422,14000.0,1493989,Ejected
0.00400422,8000.0,3971762,Ejected
0.00400422,10000.0,1494002,Ejected
0.00400422,11000.0,2069353,Ejected
0.00400422,10000.0,3896652,Ejected
0.00400422,13000.0,519258,Ejected
0.00400422,11000.0,3896667,Ejected
0.00400422,12000.0,3112451,Ejected
0.00400422,6000.0,3112427,Ejected
0.00400422,14000.0,2069297,Ejected
0.00400422,19000.0,1684372,Ejected
0.00400422,41000.0,2069316,Ejected
0.00400422,13000.0,2069345,Ejected
0.00400422,14000.0,1684378,Ejected
0.00400422,10000.0,1684391,Ejected
0.00400422,8000.0,902952,Ejected
0.00400422,23000.0,2773290,Ejected
0.00400422,21000.0,1684371,Ejected
0.00400422,51000.0,3942742,Ejected
0.00400422,12000.0,2124741,Ejected
0.00400422,17000.0,2069332,Ejected
0.00400422,47000.0,1684342,Ejected
0.00400422,53000.0,1494031,Ejected
0.00400422,71000.0,2069307,Ejected
0.00400422,62000.0,1684389,Captured
0.00400422,159000.0,3971759,Captured
0.00400422,175000.0,3971752,Captured
0.00400422,146000.0,902953,Captured
0.0094955,7000.0,2774048,Ejected
0.0094955,4000.0,2774044,Ejected
0.0094955,4000.0,2774049,Ejected
0.0094955,9000.0,2774045,Ejected
0.0094955,0.0,975325,Captured
0.0094955,2000.0,975339,Ejected
0.0094955,5000.0,975332,Ejected
0.0094955,4000.0,975331,Ejected
0.0094955,10000.0,975335,Ejected
0.0094955,2000.0,2128407,Ejected
0.0094955,2000.0,2128415,Ejected
0.0094955,11000.0,975327,Ejected
0.0094955,3000.0,2128409,Ejected
0.0094955,7000.0,2128416,Ejected
0.0094955,3000.0,2128398,Ejected
0.0094955,4000.0,2128414,Ejected
0.0094955,8000.0,2128424,Ejected
0.0094955,10000.0,2128427,Ejected
0.0094955,13000.0,2128408,Ejected
0.0094955,6000.0,975340,Ejected
0.0094955,5000.0,2128422,Ejected
0.0094955,4000.0,2128419,Ejected
0.0094955,5000.0,2128412,Ejected
0.0094955,13000.0,2128418,Ejected
0.0094955,5000.0,2128428,Ejected
0.0094955,4000.0,2128406,Ejected
0.0094955,4000.0,2128400,Ejected
0.0094955,3000.0,975329,Ejected
0.0094955,4000.0,975338,Ejected
0.0094955,5000.0,2128423,Ejected
0.0094955,3000.0,2128404,Ejected
0.0094955,10000.0,3176746,Ejected
0.0094955,3000.0,838122,Ejected
0.0094955,4000.0,3944876,Ejected
0.0094955,2000.0,838111,Ejected
0.0094955,4000.0,2128411,Ejected
0.0094955,7000.0,838116,Ejected
0.0094955,15000.0,2128405,Ejected
0.0094955,6000.0,3176749,Ejected
0.0094955,5000.0,3944868,Ejected
0.0094955,3000.0,3176745,Ejected
0.0094955,7000.0,838106,Ejected
0.0094955,12000.0,3944888,Ejected
0.0094955,8000.0,3944884,Ejected
0.0094955,3000.0,3944853,Ejected
0.0094955,10000.0,3176735,Ejected
0.0094955,4000.0,3176755,Ejected
0.0094955,6000.0,975336,Ejected
0.0094955,4000.0,838103,Ejected
0.0094955,4000.0,838102,Ejected
0.0094955,3000.0,3176738,Ejected
0.0094955,2000.0,3972711,Ejected
0.0094955,8000.0,3972738,Ejected
0.0094955,4000.0,3944858,Ejected
0.0094955,9000.0,3176751,Ejected
0.0094955,3000.0,3972730,Ejected
0.0094955,3000.0,2128413,Ejected
0.0094955,3000.0,3972745,Ejected
0.0094955,5000.0,3972725,Ejected
0.0094955,6000.0,2128421,Ejected
0.0094955,4000.0,3972719,Ejected
0.0094955,17000.0,3176756,Ejected
0.0094955,8000.0,3944879,Ejected
0.0094955,5000.0,3944881,Ejected
0.0094955,3000.0,3972731,Ejected
0.0094955,4000.0,3176758,Ejected
0.0094955,5000.0,3944857,Ejected
0.0094955,6000.0,3972740,Ejected
0.0094955,5000.0,3972712,Ejected
0.0094955,11000.0,2128401,Ejected
0.0094955,4000.0,3944877,Ejected
0.0094955,5000.0,3176750,Ejected
0.0094955,3000.0,3176737,Ejected
0.0094955,4000.0,3972708,Ejected
0.0094955,4000.0,3972724,Ejected
0.0094955,3000.0,838101,Ejected
0.0094955,5000.0,3972742,Ejected
0.0094955,25000.0,3972721,Ejected
0.0094955,24000.0,3944866,Ejected
0.0094955,7000.0,3972713,Ejected
0.0094955,54000.0,3972736,Ejected
0.0094955,5000.0,3944867,Ejected
0.0094955,6000.0,975328,Ejected
0.0094955,13000.0,838112,Ejected
0.0094955,15000.0,838110,Ejected
0.0094955,5000.0,3176743,Ejected
0.0094955,8000.0,3972726,Ejected
0.0094955,3000.0,838117,Ejected
0.0094955,5000.0,3972710,Ejected
0.0094955,5000.0,3972714,Ejected
0.0094955,8000.0,3972734,Ejected
0.0094955,12000.0,3176748,Ejected
0.0094955,6000.0,3944860,Ejected
0.0094955,4000.0,3944885,Ejected
0.0094955,4000.0,3944880,Ejected
0.0094955,8000.0,2128417,Ejected
0.0094955,7000.0,3972737,Ejected
0.0094955,5000.0,2128429,Ejected
0.0094955,6000.0,3972728,Ejected
0.0094955,5000.0,3176736,Ejected
0.0094955,4000.0,1495376,Ejected
0.0094955,3000.0,1495369,Ejected
0.0094955,4000.0,1495343,Ejected
0.0094955,6000.0,1495363,Ejected
0.0094955,3000.0,1495384,Ejected
0.0094955,22000.0,3944854,Ejected
0.0094955,3000.0,1495349,Ejected
0.0094955,5000.0,3944890,Ejected
0.0094955,6000.0,1495375,Ejected
0.0094955,9000.0,1495348,Ejected
0.0094955,4000.0,520756,Ejected
0.0094955,7000.0,520730,Ejected
0.0094955,3000.0,1495394,Ejected
0.0094955,7000.0,520732,Ejected
0.0094955,9000.0,1495352,Ejected
0.0094955,6000.0,3972733,Ejected
0.0094955,3000.0,1495346,Ejected
0.0094955,10000.0,520723,Ejected
0.0094955,5000.0,3176753,Ejected
0.0094955,17000.0,975330,Ejected
0.0094955,5000.0,520731,Ejected
0.0094955,8000.0,520733,Ejected
0.0094955,10000.0,1495371,Ejected
0.0094955,3000.0,520744,Ejected
0.0094955,6000.0,3944864,Ejected
0.0094955,7000.0,520746,Ejected
0.0094955,8000.0,2128420,Ejected
0.0094955,5000.0,3972715,Ejected
0.0094955,10000.0,1495356,Ejected
0.0094955,8000.0,520738,Ejected
0.0094955,3000.0,520718,Ejected
0.0094955,5000.0,520754,Ejected
0.0094955,4000.0,520735,Ejected
0.0094955,13000.0,1495372,Ejected
0.0094955,4000.0,1495357,Ejected
0.0094955,13000.0,520734,Ejected
0.0094955,9000.0,520761,Ejected
0.0094955,3000.0,520751,Ejected
0.0094955,9000.0,1495386,Ejected
0.0094955,5000.0,520720,Ejected
0.0094955,13000.0,520753,Ejected
0.0094955,6000.0,838109,Ejected
0.0094955,7000.0,3972718,Ejected
0.0094955,6000.0,1495377,Ejected
0.0094955,5000.0,520763,Ejected
0.0094955,5000.0,520719,Ejected
0.0094955,8000.0,1495395,Ejected
0.0094955,3000.0,1495381,Ejected
0.0094955,3000.0,3300731,Ejected
0.0094955,4000.0,520757,Ejected
0.0094955,3000.0,3300749,Ejected
0.0094955,4000.0,520758,Ejected
0.0094955,3000.0,838115,Ejected
0.0094955,3000.0,3300740,Ejected
0.0094955,4000.0,3300744,Ejected
0.0094955,4000.0,3300745,Ejected
0.0094955,3000.0,3300746,Ejected
0.0094955,4000.0,3300729,Ejected
0.0094955,6000.0,3300757,Ejected
0.0094955,6000.0,3300761,Ejected
0.0094955,4000.0,3300735,Ejected
0.0094955,10000.0,520740,Ejected
0.0094955,4000.0,3300758,Ejected
0.0094955,6000.0,3972729,Ejected
0.0094955,3000.0,3300760,Ejected
0.0094955,16000.0,3300752,Ejected
0.0094955,7000.0,3300720,Ejected
0.0094955,28000.0,3300739,Ejected
0.0094955,4000.0,1495370,Ejected
0.0094955,13000.0,1495361,Ejected
0.0094955,4000.0,520724,Ejected
0.0094955,7000.0,520742,Ejected
0.0094955,5000.0,3944871,Ejected
0.0094955,22000.0,3300727,Ejected
0.0094955,7000.0,1716289,Ejected
0.0094955,4000.0,1716300,Ejected
0.0094955,6000.0,1716258,Ejected
0.0094955,5000.0,1716276,Ejected
0.0094955,6000.0,1716305,Ejected
0.0094955,4000.0,1716253,Ejected
0.0094955,7000.0,3300762,Ejected
0.0094955,16000.0,1716297,Ejected
0.0094955,13000.0,1716296,Ejected
0.0094955,10000.0,1495344,Ejected
0.0094955,5000.0,1495392,Ejected
0.0094955,5000.0,3300725,Ejected
0.0094955,5000.0,1716251,Ejected
0.0094955,9000.0,1716295,Ejected
0.0094955,6000.0,1716320,Ejected
0.0094955,15000.0,1716277,Ejected
0.0094955,5000.0,1716313,Ejected
0.0094955,25000.0,520749,Ejected
0.0094955,3000.0,1716280,Ejected
0.0094955,5000.0,3300742,Ejected
0.0094955,6000.0,1716290,Ejected
0.0094955,11000.0,1716266,Ejected
0.0094955,6000.0,1716318,Ejected
0.0094955,3000.0,1716271,Ejected
0.0094955,5000.0,1716287,Ejected
0.0094955,4000.0,520748,Ejected
0.0094955,10000.0,3944865,Ejected
0.0094955,3000.0,1716298,Ejected
0.0094955,10000.0,1716281,Ejected
0.0094955,4000.0,1716303,Ejected
0.0094955,5000.0,1716255,Ejected
0.0094955,27000.0,3300755,Ejected
0.0094955,4000.0,1716293,Ejected
0.0094955,6000.0,1716294,Ejected
0.0094955,5000.0,1495355,Ejected
0.0094955,5000.0,1716264,Ejected
0.0094955,6000.0,1716288,Ejected
0.0094955,4000.0,1716286,Ejected
0.0094955,5000.0,520737,Ejected
0.0094955,3000.0,2077641,Ejected
0.0094955,3000.0,2077626,Ejected
0.0094955,3000.0,2077639,Ejected
0.0094955,10000.0,2077682,Ejected
0.0094955,3000.0,2077642,Ejected
0.0094955,6000.0,520760,Ejected
0.0094955,8000.0,1716319,Ejected
0.0094955,14000.0,520729,Ejected
0.0094955,4000.0,2077678,Ejected
0.0094955,4000.0,2077633,Ejected
0.0094955,7000.0,2077666,Ejected
0.0094955,20000.0,1716283,Ejected
0.0094955,7000.0,520722,Ejected
0.0094955,7000.0,2077625,Ejected
0.0094955,6000.0,2077663,Ejected
0.0094955,11000.0,2077654,Ejected
0.0094955,26000.0,2077647,Ejected
0.0094955,11000.0,2077673,Ejected
0.0094955,10000.0,2077627,Ejected
0.0094955,7000.0,520741,Ejected
0.0094955,4000.0,1716270,Ejected
0.0094955,4000.0,1716314,Ejected
0.0094955,3000.0,2077665,Ejected
0.0094955,10000.0,3300741,Ejected
0.0094955,3000.0,2077677,Ejected
0.0094955,16000.0,2077623,Ejected
0.0094955,14000.0,1716285,Ejected
0.0094955,5000.0,2077650,Ejected
0.0094955,18000.0,520755,Ejected
0.0094955,4000.0,2077684,Ejected
0.0094955,15000.0,2077638,Ejected
0.0094955,12000.0,2077657,Ejected
0.0094955,7000.0,3300759,Ejected
0.0094955,13000.0,2077651,Ejected
0.0094955,3000.0,2077672,Ejected
0.0094955,6000.0,1495354,Ejected
0.0094955,13000.0,3300751,Ejected
0.0094955,4000.0,2077667,Ejected
0.0094955,4000.0,1716302,Ejected
0.0094955,7000.0,1716278,Ejected
0.0094955,5000.0,1716268,Ejected
0.0094955,6000.0,1716272,Ejected
0.0094955,7000.0,3300736,Ejected
0.0094955,8000.0,1716269,Ejected
0.0094955,7000.0,520725,Ejected
0.0094955,14000.0,520759,Ejected
0.0094955,11000.0,2077640,Ejected
0.0094955,3000.0,2077621,Ejected
0.0094955,9000.0,1716321,Ejected
0.0094955,4000.0,1716260,Ejected
0.0094955,5000.0,2077635,Ejected
0.0094955,7000.0,1716263,Ejected
0.0094955,17000.0,1716308,Ejected
0.0094955,5000.0,3944873,Ejected
0.0094955,5000.0,2077669,Ejected
0.0094955,25000.0,520752,Ejected
0.0094955,3000.0,2077683,Ejected
0.0094955,11000.0,2077676,Ejected
0.0094955,4000.0,2077649,Ejected
0.0094955,9000.0,2077653,Ejected
0.0094955,6000.0,1716301,Ejected
0.0094955,4000.0,2077680,Ejected
0.0094955,5000.0,3300753,Ejected
0.0094955,6000.0,2077624,Ejected
0.0094955,9000.0,3944887,Ejected
0.0094955,6000.0,2077671,Ejected
0.0094955,8000.0,3944883,Ejected
0.0094955,4000.0,2077622,Ejected
0.0094955,5000.0,1716274,Ejected
0.0094955,9000.0,2077634,Ejected
0.0094955,4000.0,2077648,Ejected
0.0094955,4000.0,3300730,Ejected
0.0094955,6000.0,3944869,Ejected
0.0094955,6000.0,1716309,Ejected
0.0094955,27000.0,1495378,Ejected
0.0094955,12000.0,1716307,Ejected
0.0094955,3000.0,2077620,Captured
0.0094955,11000.0,3972735,Ejected
0.0094955,6000.0,2077645,Captured
0.0094955,5000.0,3421196,Ejected
0.0094955,6000.0,3421186,Ejected
0.0094955,12000.0,3421200,Ejected
0.0094955,10000.0,3421189,Ejected
0.0094955,7000.0,3421182,Ejected
0.0094955,4000.0,3421194,Ejected
0.0094955,15000.0,3421197,Ejected
0.0094955,29000.0,3421204,Ejected
0.0094955,3000.0,3421202,Ejected
0.0094955,14000.0,3421181,Ejected
0.0094955,3000.0,3421184,Ejected
0.0094955,4000.0,3421190,Ejected
0.0094955,14000.0,3421201,Ejected
0.0094955,7000.0,3421185,Ejected
0.0094955,13000.0,3421191,Ejected
0.0094955,6000.0,3421207,Ejected
0.0094955,6000.0,3421187,Ejected
0.0094955,4000.0,3421203,Ejected
0.0094955,11000.0,3421183,Ejected
0.0094955,39000.0,3300763,Ejected
0.0094955,8000.0,3421193,Ejected
0.0094955,6000.0,3421206,Ejected
0.0094955,6000.0,3421199,Ejected
0.0094955,26000.0,3300743,Ejected
0.0094955,42000.0,3300750,Captured
0.030027,2000.0,1496707,Ejected
0.030027,3000.0,840633,Ejected
0.030027,2000.0,840626,Ejected
0.030027,3000.0,840628,Ejected
0.030027,12000.0,840623,Ejected
0.030027,2000.0,2133127,Ejected
0.030027,2000.0,2098437,Ejected
0.030027,3000.0,2098428,Ejected
0.030027,3000.0,2133148,Ejected
0.030027,1000.0,2098447,Ejected
0.030027,2000.0,2133131,Ejected
0.030027,3000.0,2098462,Ejected
0.030027,4000.0,1496724,Ejected
0.030027,4000.0,1496731,Ejected
0.030027,5000.0,840615,Ejected
0.030027,5000.0,1496711,Ejected
0.030027,3000.0,2133147,Ejected
0.030027,2000.0,975969,Ejected
0.030027,2000.0,1496727,Ejected
0.030027,9000.0,2098419,Ejected
0.030027,2000.0,975981,Ejected
0.030027,3000.0,975983,Ejected
0.030027,1000.0,3946508,Ejected
0.030027,8000.0,2098470,Ejected
0.030027,2000.0,3973696,Ejected
0.030027,2000.0,3946475,Ejected
0.030027,2000.0,2098410,Ejected
0.030027,3000.0,3973719,Ejected
0.030027,4000.0,2098438,Ejected
0.030027,2000.0,3973701,Ejected
0.030027,2000.0,3946510,Ejected
0.030027,3000.0,2098424,Ejected
0.030027,3000.0,2098436,Ejected
0.030027,3000.0,2098406,Ejected
0.030027,2000.0,3946513,Ejected
0.030027,2000.0,3946470,Ejected
0.030027,2000.0,3946520,Ejected
0.030027,4000.0,2774958,Ejected
0.030027,2000.0,2098432,Ejected
0.030027,15000.0,2098407,Ejected
0.030027,2000.0,3973711,Ejected
0.030027,2000.0,3946469,Ejected
0.030027,2000.0,2098403,Ejected
0.030027,8000.0,1496742,Ejected
0.030027,5000.0,3946504,Ejected
0.030027,23000.0,1496700,Ejected
0.030027,2000.0,2133141,Ejected
0.030027,0.0,3973693,Captured
0.030027,3000.0,975979,Ejected
0.030027,5000.0,3946496,Ejected
0.030027,4000.0,2098448,Ejected
0.030027,2000.0,2098449,Ejected
0.030027,3000.0,2098465,Ejected
0.030027,6000.0,2133143,Ejected
0.030027,3000.0,1496736,Ejected
0.030027,8000.0,2098451,Ejected
0.030027,3000.0,2098454,Ejected
0.030027,3000.0,3973725,Ejected
0.030027,3000.0,3973689,Ejected
0.030027,5000.0,2098431,Ejected
0.030027,2000.0,840614,Ejected
0.030027,2000.0,3946511,Ejected
0.030027,3000.0,3973704,Ejected
0.030027,3000.0,2133144,Ejected
0.030027,2000.0,3946506,Ejected
0.030027,2000.0,2098456,Ejected
0.030027,4000.0,1496730,Ejected
0.030027,3000.0,2098458,Ejected
0.030027,3000.0,1739519,Ejected
0.030027,2000.0,1739489,Ejected
0.030027,3000.0,3973694,Ejected
0.030027,2000.0,1739483,Ejected
0.030027,3000.0,1739524,Ejected
0.030027,2000.0,1739484,Ejected
0.030027,2000.0,1739496,Ejected
0.030027,2000.0,1739482,Ejected
0.030027,3000.0,1739494,Ejected
0.030027,3000.0,3946474,Ejected
0.030027,2000.0,1739481,Ejected
0.030027,2000.0,1739474,Ejected
0.030027,2000.0,1739513,Ejected
0.030027,3000.0,1739485,Ejected
0.030027,5000.0,1496697,Ejected
0.030027,3000.0,2098417,Ejected
0.030027,8000.0,1496719,Ejected
0.030027,10000.0,1496740,Ejected
0.030027,3000.0,2098441,Ejected
0.030027,5000.0,1739510,Ejected
0.030027,3000.0,1739532,Ejected
0.030027,2000.0,1739470,Ejected
0.030027,3000.0,840629,Ejected
0.030027,3000.0,840620,Ejected
0.030027,2000.0,1739504,Ejected
0.030027,6000.0,3946472,Ejected
0.030027,2000.0,1739469,Ejected
0.030027,2000.0,1496699,Ejected
0.030027,3000.0,1496741,Ejected
0.030027,21000.0,2098399,Ejected
0.030027,2000.0,3946477,Ejected
0.030027,2000.0,3973722,Ejected
0.030027,2000.0,2098435,Ejected
0.030027,1000.0,3914051,Ejected
0.030027,3000.0,1739499,Ejected
0.030027,2000.0,1739533,Ejected
0.030027,3000.0,2133153,Ejected
0.030027,2000.0,1739507,Ejected
0.030027,3000.0,1739530,Ejected
0.030027,6000.0,975974,Ejected
0.030027,2000.0,2133136,Ejected
0.030027,2000.0,975976,Ejected
0.030027,4000.0,3914022,Ejected
0.030027,2000.0,840630,Ejected
0.030027,4000.0,840631,Ejected
0.030027,29000.0,1739525,Ejected
0.030027,3000.0,3946502,Ejected
0.030027,2000.0,3914047,Ejected
0.030027,3000.0,2098427,Ejected
0.030027,4000.0,3914025,Ejected
0.030027,3000.0,3973723,Ejected
0.030027,4000.0,2098429,Ejected
0.030027,3000.0,2098397,Ejected
0.030027,9000.0,3914046,Ejected
0.030027,3000.0,3914016,Ejected
0.030027,12000.0,3946492,Ejected
0.030027,3000.0,1496712,Ejected
0.030027,4000.0,2098416,Ejected
0.030027,3000.0,1739497,Ejected
0.030027,4000.0,2133132,Ejected
0.030027,3000.0,3973720,Ejected
0.030027,5000.0,3914039,Ejected
0.030027,9000.0,3914054,Ejected
0.030027,2000.0,1496734,Ejected
0.030027,3000.0,1496739,Ejected
0.030027,2000.0,1739502,Ejected
0.030027,3000.0,840609,Ejected
0.030027,2000.0,2098423,Ejected
0.030027,6000.0,1739516,Ejected
0.030027,4000.0,3946489,Ejected
0.030027,3000.0,3973700,Ejected
0.030027,6000.0,1496744,Ejected
0.030027,6000.0,1292798,Ejected
0.030027,1000.0,1292800,Ejected
0.030027,2000.0,1292791,Ejected
0.030027,4000.0,1292793,Ejected
0.030027,2000.0,1292813,Ejected
0.030027,2000.0,1292799,Ejected
0.030027,3000.0,3946473,Ejected
0.030027,2000.0,3973717,Ejected
0.030027,9000.0,2098422,Ejected
0.030027,3000.0,1739536,Ejected
0.030027,0.0,3914044,Captured
0.030027,2000.0,2098452,Ejected
0.030027,2000.0,3946488,Ejected
0.030027,2000.0,1496710,Ejected
0.030027,2000.0,2098402,Ejected
0.030027,2000.0,2098475,Ejected
0.030027,18000.0,1292812,Ejected
0.030027,2000.0,1739500,Ejected
0.030027,5000.0,3946497,Ejected
0.030027,4000.0,2098396,Ejected
0.030027,3000.0,3914013,Ejected
0.030027,2000.0,1292795,Ejected
0.030027,5000.0,3973718,Ejected
0.030027,3000.0,2098459,Ejected
0.030027,2000.0,3914050,Ejected
0.030027,2000.0,3946524,Ejected
0.030027,6000.0,1739501,Ejected
0.030027,3000.0,840618,Ejected
0.030027,10000.0,975978,Ejected
0.030027,3000.0,2098444,Ejected
0.030027,5000.0,2098457,Ejected
0.030027,3000.0,840632,Ejected
0.030027,6000.0,3946487,Ejected
0.030027,9000.0,1739480,Ejected
0.030027,6000.0,2133130,Ejected
0.030027,37000.0,1739506,Ejected
0.030027,7000.0,1739515,Ejected
0.030027,4000.0,2098450,Ejected
0.030027,4000.0,840610,Ejected
0.030027,8000.0,3914019,Ejected
0.030027,2000.0,1292808,Ejected
0.030027,3000.0,840608,Ejected
0.030027,3000.0,1496705,Ejected
0.030027,2000.0,2098466,Ejected
0.030027,3000.0,1496704,Ejected
0.030027,8000.0,3973706,Ejected
0.030027,3000.0,3946493,Ejected
0.030027,5000.0,3973705,Ejected
0.030027,8000.0,3914060,Ejected
0.030027,8000.0,3973698,Ejected
0.030027,2000.0,1739508,Ejected
0.030027,3000.0,3914049,Ejected
0.030027,7000.0,3973707,Ejected
0.030027,2000.0,1739526,Ejected
0.030027,3000.0,1496733,Ejected
0.030027,5000.0,3914031,Ejected
0.030027,2000.0,2098413,Ejected
0.030027,3000.0,1292794,Ejected
0.030027,6000.0,3914040,Ejected
0.030027,2000.0,3973692,Ejected
0.030027,3000.0,2098398,Ejected
0.030027,3000.0,1292804,Ejected
0.030027,9000.0,3914020,Ejected
0.030027,3000.0,840617,Ejected
0.030027,3000.0,1496722,Ejected
0.030027,3000.0,3946523,Ejected
0.030027,10000.0,3946507,Ejected
0.030027,2000.0,1739472,Ejected
0.030027,2000.0,3914059,Ejected
0.030027,6000.0,1292809,Ejected
0.030027,9000.0,3946483,Ejected
0.030027,3000.0,1496720,Ejected
0.030027,2000.0,3914021,Ejected
0.030027,3000.0,2133158,Ejected
0.030027,3000.0,1496743,Ejected
0.030027,3000.0,3946522,Ejected
0.030027,36000.0,1739528,Ejected
0.030027,2000.0,2098420,Ejected
0.030027,8000.0,2133150,Ejected
0.030027,92000.0,975973,Ejected
0.030027,2000.0,1739476,Ejected
0.030027,5000.0,1739538,Ejected
0.030027,0.0,1739517,Captured
0.030027,4000.0,3973697,Ejected
0.030027,3000.0,2098409,Ejected
0.030027,2000.0,3914014,Ejected
0.030027,3000.0,3914028,Ejected
0.030027,6000.0,1739477,Ejected
0.030027,3000.0,3946484,Ejected
0.030027,5000.0,3946491,Ejected
0.030027,5000.0,3914056,Ejected
0.030027,3000.0,1496702,Ejected
0.030027,4000.0,1496748,Ejected
0.030027,7000.0,2098445,Ejected
0.030027,5000.0,1496746,Ejected
0.030027,7000.0,3914043,Ejected
0.030027,2000.0,3946515,Ejected
0.030027,9000.0,975977,Ejected
0.030027,7000.0,1496701,Ejected
0.030027,10000.0,1496706,Ejected
0.030027,3000.0,3630712,Ejected
0.030027,3000.0,3630715,Ejected
0.030027,3000.0,3630719,Ejected
0.030027,2000.0,3630713,Ejected
0.030027,6000.0,3422063,Ejected
0.030027,2000.0,3422072,Ejected
0.030027,0.0,3422078,Captured
0.030027,3000.0,3422086,Ejected
0.030027,4000.0,3422077,Ejected
0.030027,3000.0,3422073,Ejected
0.030027,3000.0,3422062,Ejected
0.030027,6000.0,3422065,Ejected
0.030027,4000.0,3422069,Ejected
0.030027,8000.0,3422074,Ejected
0.030027,4000.0,3422071,Ejected
0.030027,4000.0,3630711,Ejected
0.030027,62000.0,3973714,Ejected
0.030027,9000.0,2098426,Captured
0.030027,85000.0,2098412,Ejected
0.1,3000.0,976632,Ejected
0.1,2000.0,976633,Ejected
0.1,1000.0,976636,Ejected
0.1,2000.0,976634,Ejected
0.1,3000.0,3915159,Ejected
0.1,1000.0,3915152,Ejected
0.1,3000.0,3915163,Ejected
0.1,1000.0,3915156,Ejected
0.1,5000.0,976628,Ejected
0.1,2000.0,3915155,Ejected
0.1,1000.0,3915161,Ejected
0.1,3000.0,3915149,Ejected
0.1,1000.0,2775603,Ejected
0.1,1000.0,2775589,Ejected
0.1,5000.0,2775594,Ejected
0.1,2000.0,2775595,Ejected
0.1,1000.0,2775604,Ejected
0.1,1000.0,2775597,Ejected
0.1,2000.0,2775590,Ejected
0.1,2000.0,1497967,Ejected
0.1,4000.0,2775588,Ejected
0.1,1000.0,1497960,Ejected
0.1,8000.0,1497973,Ejected
0.1,4000.0,2775599,Ejected
0.1,2000.0,3915153,Ejected
0.1,2000.0,1497965,Ejected
0.1,2000.0,1497969,Ejected
0.1,2000.0,2775596,Ejected
0.1,2000.0,1497974,Ejected
0.1,6000.0,1497961,Ejected
0.1,2000.0,1497956,Ejected
0.1,3000.0,976635,Ejected
0.1,2000.0,2775602,Ejected
0.1,4000.0,2775586,Ejected
0.1,3000.0,1497963,Ejected
0.1,2000.0,2775591,Ejected
0.1,2000.0,1497964,Ejected
0.1,0.0,976627,Captured
0.1,2000.0,1497955,Ejected
0.1,5000.0,2775585,Ejected
0.1,2000.0,976630,Ejected
0.1,2000.0,3178657,Ejected
0.1,2000.0,3178659,Ejected
0.1,1000.0,3178694,Ejected
0.1,3000.0,3178671,Ejected
0.1,2000.0,3178674,Ejected
0.1,2000.0,3178653,Ejected
0.1,2000.0,3178689,Ejected
0.1,3000.0,3178681,Ejected
0.1,3000.0,3178669,Ejected
0.1,2000.0,3178660,Ejected
0.1,1000.0,3178683,Ejected
0.1,2000.0,3178664,Ejected
0.1,1000.0,3178654,Ejected
0.1,0.0,3178672,Captured
0.1,1000.0,3178688,Ejected
0.1,2000.0,3178655,Ejected
0.1,5000.0,3178676,Ejected
0.1,2000.0,3178693,Ejected
0.1,3000.0,3178679,Ejected
0.1,2000.0,3178670,Ejected
0.1,1000.0,3178662,Ejected
0.1,2000.0,3178692,Ejected
0.1,1000.0,3178661,Ejected
0.1,1000.0,522693,Ejected
0.1,1000.0,522710,Ejected
0.1,3000.0,522696,Ejected
0.1,2000.0,522700,Ejected
0.1,2000.0,522712,Ejected
0.1,1000.0,522704,Ejected
0.1,3000.0,522725,Ejected
0.1,2000.0,522698,Ejected
0.1,2000.0,522717,Ejected
0.1,2000.0,522723,Ejected
0.1,2000.0,522719,Ejected
0.1,4000.0,522689,Ejected
0.1,19000.0,522728,Ejected
0.1,2000.0,522705,Ejected
0.1,3000.0,522733,Ejected
0.1,2000.0,522687,Ejected
0.1,2000.0,3178666,Ejected
0.1,2000.0,522703,Ejected
0.1,5000.0,522716,Ejected
0.1,2000.0,3178685,Ejected
0.1,1000.0,1175526,Ejected
0.1,1000.0,1175532,Ejected
0.1,3000.0,1175537,Ejected
0.1,2000.0,3178684,Ejected
0.1,10000.0,522718,Ejected
0.1,2000.0,3178668,Ejected
0.1,12000.0,1175534,Ejected
0.1,2000.0,1175538,Ejected
0.1,13000.0,522721,Ejected
0.1,3000.0,522692,Ejected
0.1,2000.0,1175536,Ejected
0.1,2000.0,522708,Ejected
0.1,4000.0,1175527,Ejected
0.1,2000.0,1175535,Ejected
0.1,8000.0,522727,Ejected
0.1,3000.0,522732,Ejected
0.1,5000.0,3178675,Ejected
0.1,3000.0,522729,Ejected
0.1,2000.0,3178696,Ejected
0.1,3000.0,522707,Ejected
0.1,2000.0,3113378,Ejected
0.1,2000.0,3113379,Ejected
0.1,1000.0,3113381,Ejected
0.1,2000.0,3113367,Ejected
0.1,2000.0,3113384,Ejected
0.1,1000.0,3113376,Ejected
0.1,3000.0,3178680,Ejected
0.1,2000.0,3113370,Ejected
0.1,2000.0,3113364,Ejected
0.1,1000.0,3113382,Ejected
0.1,2000.0,3113393,Ejected
0.1,2000.0,3113361,Ejected
0.1,0.0,3113363,Captured
0.1,0.0,3113362,Captured
0.1,6000.0,522720,Ejected
0.1,2000.0,3113383,Ejected
0.1,3000.0,3113358,Ejected
0.1,2000.0,3113368,Ejected
0.1,3000.0,3178658,Ejected
0.1,2000.0,3113390,Ejected
0.1,3000.0,3113374,Ejected
0.1,1000.0,3113385,Ejected
0.1,5000.0,3113360,Ejected
0.1,4000.0,3302716,Ejected
0.1,2000.0,3302697,Ejected
0.1,1000.0,3302696,Ejected
0.1,2000.0,3302683,Ejected
0.1,1000.0,3302699,Ejected
0.1,4000.0,3302674,Ejected
0.1,2000.0,522713,Ejected
0.1,8000.0,3113389,Ejected
0.1,2000.0,3113375,Ejected
0.1,2000.0,3302713,Ejected
0.1,1000.0,3302687,Ejected
0.1,2000.0,3302693,Ejected
0.1,2000.0,3302714,Ejected
0.1,2000.0,3302712,Ejected
0.1,2000.0,3302688,Ejected
0.1,1000.0,3302692,Ejected
0.1,2000.0,3302694,Ejected
0.1,4000.0,3302707,Ejected
0.1,6000.0,3302690,Ejected
0.1,2000.0,3302705,Ejected
0.1,2000.0,3113366,Ejected
0.1,2000.0,3302717,Ejected
0.1,7000.0,3302711,Ejected
0.1,2000.0,3302679,Ejected
0.1,2000.0,3302684,Ejected
0.1,3000.0,3302706,Ejected
0.1,3000.0,3302689,Ejected
0.1,3000.0,3113377,Ejected
0.1,4000.0,3113391,Ejected
0.1,2000.0,3178656,Ejected
0.1,4000.0,522709,Ejected
0.1,2000.0,3302695,Ejected
0.1,6000.0,3302704,Ejected
0.1,2000.0,3302682,Ejected
0.1,2000.0,4050394,Ejected
0.1,2000.0,4050422,Ejected
0.1,2000.0,4050420,Ejected
0.1,1000.0,4050427,Ejected
0.1,2000.0,4050438,Ejected
0.1,3000.0,4050423,Ejected
0.1,6000.0,4050414,Ejected
0.1,1000.0,4050399,Ejected
0.1,0.0,4050421,Captured
0.1,2000.0,4050433,Ejected
0.1,2000.0,4050446,Ejected
0.1,3000.0,4050408,Ejected
0.1,2000.0,4050387,Ejected
0.1,1000.0,4050419,Ejected
0.1,2000.0,4050411,Ejected
0.1,0.0,4050417,Captured
0.1,2000.0,4050430,Ejected
0.1,2000.0,4050437,Ejected
0.1,2000.0,4050444,Ejected
0.1,0.0,4050442,Captured
0.1,2000.0,4050447,Ejected
0.1,2000.0,4050426,Ejected
0.1,2000.0,4050407,Ejected
0.1,2000.0,4050445,Ejected
0.1,2000.0,4050449,Ejected
0.1,4000.0,4050395,Ejected
0.1,3000.0,4050388,Ejected
0.1,9000.0,4050386,Ejected
0.1,2000.0,4050396,Ejected
0.1,4000.0,4050425,Ejected
0.1,2000.0,4050413,Ejected
0.1,7000.0,4050429,Ejected
0.1,2000.0,4050409,Ejected
0.1,4000.0,4050406,Ejected
0.1,3000.0,4050398,Ejected
0.1,1000.0,4050424,Ejected
0.1,7000.0,4050412,Ejected
0.1,4000.0,4050402,Ejected
0.1,2000.0,4050390,Ejected
0.1,2000.0,4050436,Ejected
0.1,3000.0,4050393,Ejected
0.1,2000.0,1627923,Ejected
0.1,2000.0,1627921,Ejected
0.1,2000.0,1627902,Ejected
0.1,1000.0,1627875,Ejected
0.1,2000.0,1627910,Ejected
0.1,2000.0,1627914,Ejected
0.1,9000.0,1627917,Ejected
0.1,1000.0,1627920,Ejected
0.1,2000.0,1627885,Ejected
0.1,1000.0,1627874,Ejected
0.1,9000.0,1627873,Ejected
0.1,1000.0,1627896,Ejected
0.1,2000.0,1627891,Ejected
0.1,3000.0,1627880,Ejected
0.1,1000.0,1627894,Ejected
0.1,1000.0,1627922,Ejected
0.1,6000.0,1627904,Ejected
0.1,1000.0,1627925,Ejected
0.1,4000.0,1627924,Ejected
0.1,2000.0,1627900,Ejected
0.1,1000.0,1627876,Ejected
0.1,2000.0,1627911,Ejected
0.1,2000.0,1627898,Ejected
0.1,4000.0,1627909,Ejected
0.1,2000.0,1627871,Ejected
0.1,2000.0,1627886,Ejected
0.1,2000.0,1627928,Ejected
0.1,2000.0,1627929,Ejected
0.1,2000.0,1627905,Ejected
0.1,3000.0,1627912,Ejected
0.1,2000.0,1627877,Ejected
0.1,3000.0,1627908,Ejected
0.1,2000.0,1627916,Ejected
0.1,2000.0,1627879,Ejected
0.1,2000.0,1627882,Ejected
0.1,10000.0,1627883,Ejected
0.1,21000.0,4050384,Ejected
0.1,6000.0,1627892,Ejected
0.1,2000.0,1627878,Ejected
0.1,1000.0,1627899,Ejected
0.1,3000.0,607199,Ejected
0.1,2000.0,607251,Ejected
0.1,1000.0,607200,Ejected
0.1,1000.0,607249,Ejected
0.1,2000.0,607191,Ejected
0.1,2000.0,607207,Ejected
0.1,3000.0,607205,Ejected
0.1,3000.0,607210,Ejected
0.1,1000.0,607220,Ejected
0.1,2000.0,607185,Ejected
0.1,2000.0,607217,Ejected
0.1,2000.0,607197,Ejected
0.1,4000.0,607202,Ejected
0.1,2000.0,607213,Ejected
0.1,2000.0,607245,Ejected
0.1,2000.0,607211,Ejected
0.1,2000.0,607181,Ejected
0.1,1000.0,607240,Ejected
0.1,5000.0,607224,Ejected
0.1,1000.0,607246,Ejected
0.1,2000.0,607250,Ejected
0.1,1000.0,607223,Ejected
0.1,2000.0,607239,Ejected
0.1,2000.0,607175,Ejected
0.1,5000.0,607212,Ejected
0.1,1000.0,607194,Ejected
0.1,2000.0,607242,Ejected
0.1,56000.0,607187,Ejected
0.1,15000.0,607215,Ejected
0.1,3000.0,607227,Ejected
0.1,3000.0,607209,Ejected
0.1,2000.0,607203,Ejected
0.1,1000.0,607180,Ejected
0.1,2000.0,607193,Ejected
0.1,2000.0,607247,Ejected
0.1,0.0,607233,Captured
0.1,2000.0,607177,Ejected
0.1,10000.0,607231,Ejected
0.1,2000.0,607184,Ejected
0.1,2000.0,607201,Ejected
0.1,2000.0,607254,Ejected
0.1,2000.0,607237,Ejected
0.1,2000.0,607221,Ejected
0.1,1000.0,607248,Ejected
0.1,18000.0,607252,Ejected
0.1,2000.0,607219,Ejected
0.1,92000.0,607178,Ejected
0.1,3000.0,607244,Ejected
0.1,4000.0,607241,Ejected
0.1,4000.0,607228,Ejected
0.1,0.0,607243,Captured
0.1,2000.0,607192,Ejected
0.1,2000.0,607218,Ejected
0.1,2000.0,607198,Ejected
0.1,2000.0,607235,Ejected
0.1,27000.0,3178690,Ejected
0.1,6000.0,1627869,Ejected
0.1,9000.0,3178686,Ejected
0.1,2000.0,2681556,Ejected
0.1,2000.0,2681568,Ejected
0.1,1000.0,2681552,Ejected
0.1,2000.0,2681547,Ejected
0.1,2000.0,2681546,Ejected
0.1,1000.0,2681559,Ejected
0.1,2000.0,2681573,Ejected
0.1,2000.0,2681574,Ejected
0.1,4000.0,2681554,Ejected
0.1,2000.0,2681555,Ejected
0.1,8000.0,2681545,Ejected
0.1,2000.0,2681564,Ejected
0.1,2000.0,2681561,Ejected
0.1,2000.0,2681549,Ejected
0.1,2000.0,2681557,Ejected
0.1,3000.0,2681560,Ejected
0.1,6000.0,2681551,Ejected
0.1,1000.0,3302676,Captured
0.1,11000.0,3302686,Ejected
0.1,4000.0,3178667,Captured
0.1,9000.0,2681563,Ejected
0.1,15000.0,1497959,Captured
0.030027,52000.0,2133140,Captured
0.1,27000.0,3915147,Captured
0.1,28000.0,3113388,Captured
0.1,35000.0,2681567,Captured
0.1,88000.0,2681548,Captured
5e-05,0.0,3997124,Captured
5e-05,17000.0,3181238,Captured
5e-05,1245000.0,2454693,Ejected
0.030027,34000.0,3422082,Captured
5e-05,3176000.0,526412,Ejected
5e-05,2444000.0,3997177,Ejected
5e-05,404000.0,3974688,Captured
5e-05,3439000.0,2454662,Ejected
5e-05,219000.0,903772,Captured
5e-05,3171000.0,2652235,Ejected
5e-05,462000.0,455686,Ejected
5e-05,285000.0,1297367,Ejected
5e-05,422000.0,2454653,Captured
5e-05,3482000.0,3212894,Ejected
5e-05,565000.0,2145886,Captured
5e-05,2702000.0,844998,Ejected
5e-05,2601000.0,2652240,Ejected
5e-05,3918000.0,433341,Ejected
5e-05,3242000.0,3997159,Ejected
5e-05,410000.0,4105244,Ejected
5e-05,334000.0,3181236,Ejected
5e-05,2829000.0,4105237,Ejected
5e-05,4558000.0,3181229,Ejected
5e-05,4912000.0,3181234,Ejected
5e-05,2547000.0,1717526,Ejected
5e-05,494000.0,1437858,Ejected
5e-05,2491000.0,977197,Ejected
5e-05,2594000.0,2145896,Ejected
5e-05,1470000.0,1297358,Ejected
5e-05,3384000.0,2809652,Ejected
5e-05,3820000.0,3181230,Ejected
5e-05,1544000.0,3181228,Ejected
5e-05,3883000.0,433320,Ejected
5e-05,4612000.0,433322,Ejected
5e-05,3254000.0,2145891,Ejected
5e-05,2202000.0,526414,Ejected
5e-05,3571000.0,3974680,Ejected
5e-05,1701000.0,2145897,Ejected
5e-05,3337000.0,845005,Ejected
5e-05,4211000.0,1437863,Ejected
5e-05,1495000.0,2454675,Ejected
5e-05,4714000.0,3997162,Ejected
5e-05,2603000.0,2809646,Ejected
5e-05,1785000.0,2454665,Captured
5e-05,2603000.0,1437876,Ejected
5e-05,1798000.0,977202,Ejected
5e-05,4525000.0,455682,Ejected
5e-05,4459000.0,3997157,Ejected
5e-05,4330000.0,3974678,Ejected
5e-05,4847000.0,903778,Ejected
5e-05,4851000.0,526426,Ejected
5e-05,1832000.0,2454637,Captured
5e-05,3680000.0,2652242,Ejected
5e-05,4107000.0,2454697,Ejected
5e-05,4032000.0,2454647,Ejected
5e-05,2648000.0,4105233,Ejected
5e-05,2687000.0,2145889,Ejected
5e-05,1619000.0,433346,Ejected
5e-05,4029000.0,3997132,Ejected
5e-05,4309000.0,2454679,Ejected
5e-05,3280000.0,2454657,Ejected
5e-05,4764000.0,3181231,Ejected
5e-05,3654000.0,3997170,Ejected
5e-05,3802000.0,3181222,Ejected
5e-05,3943000.0,2454655,Ejected
5e-05,4977000.0,3181224,Ejected
5e-05,4211000.0,3997138,Ejected
5e-05,4610000.0,4105239,Ejected
5e-05,4288000.0,2454664,Ejected
5e-05,3903000.0,2652239,Ejected
5e-05,4420000.0,2145914,Ejected
0.0001,31000.0,2462623,Ejected
0.0001,67000.0,978016,Captured
0.0001,557000.0,2462598,Ejected
0.0001,851000.0,3248369,Ejected
0.0001,70000.0,1722108,Ejected
0.0001,554000.0,434461,Ejected
0.0001,478000.0,2810519,Ejected
0.0001,1915000.0,2462639,Ejected
0.0001,580000.0,995166,Ejected
0.0001,129000.0,2810521,Ejected
0.0001,1715000.0,978015,Ejected
0.0001,762000.0,4005623,Ejected
0.0001,878000.0,4005628,Ejected
0.0001,1653000.0,948488,Ejected
0.0001,635000.0,1530953,Ejected
0.0001,931000.0,535687,Ejected
0.0001,2495000.0,1438803,Ejected
0.0001,1161000.0,2462606,Ejected
0.0001,1529000.0,535697,Ejected
0.0001,795000.0,978018,Ejected
0.0001,930000.0,978006,Ejected
0.0001,1148000.0,3248357,Ejected
0.0001,958000.0,434438,Ejected
0.0001,621000.0,948475,Ejected
0.0001,1557000.0,2462602,Ejected
0.0001,166000.0,978005,Ejected
0.0001,1201000.0,864206,Ejected
0.0001,1862000.0,978008,Ejected
0.0001,294000.0,1312686,Ejected
0.0001,292000.0,2462597,Captured
0.0001,1165000.0,456992,Ejected
0.0001,1344000.0,4005638,Ejected
0.0001,1081000.0,3248380,Ejected
0.0001,2145000.0,4005665,Ejected
0.0001,1306000.0,3248370,Ejected
0.0001,1249000.0,434464,Ejected
0.0001,835000.0,3248363,Ejected
0.0001,705000.0,3975401,Ejected
0.0001,1411000.0,791763,Ejected
0.0001,1013000.0,3248346,Ejected
0.0001,1439000.0,864204,Ejected
0.0001,1305000.0,434460,Ejected
0.0001,1061000.0,4005615,Ejected
0.0001,719000.0,791759,Ejected
0.0001,1493000.0,2810506,Ejected
0.0001,2062000.0,535696,Ejected
0.0001,853000.0,145543,Ejected
0.0001,2242000.0,3248345,Ejected
0.0001,906000.0,948484,Ejected
0.0001,1530000.0,3248372,Ejected
0.0001,1008000.0,948478,Ejected
0.0001,3092000.0,864215,Ejected
0.0001,980000.0,1438820,Ejected
0.0001,2496000.0,3975404,Ejected
0.0001,1521000.0,2462641,Ejected
0.0001,1071000.0,2735746,Ejected
0.0001,2010000.0,535700,Ejected
0.0001,1102000.0,535686,Ejected
0.0001,2451000.0,4005667,Ejected
0.0001,2827000.0,3975408,Ejected
0.0001,2110000.0,456988,Ejected
0.0001,1357000.0,4005661,Ejected
0.0001,1059000.0,3248359,Ejected
0.0001,1919000.0,1722117,Ejected
0.0001,1087000.0,1312695,Ejected
0.0001,1486000.0,2462617,Ejected
0.0001,1362000.0,948476,Ejected
0.0001,1320000.0,434435,Ejected
0.0001,1552000.0,3975393,Ejected
0.0001,3999000.0,3248353,Ejected
0.0001,1953000.0,2810517,Ejected
0.0001,1445000.0,1530955,Ejected
0.0001,3042000.0,3248366,Ejected
0.0001,1454000.0,3248383,Ejected
0.0001,1466000.0,2810507,Ejected
0.0001,2245000.0,145547,Ejected
0.0001,1622000.0,1530949,Ejected
0.0001,2043000.0,2462607,Ejected
0.0001,2021000.0,145565,Ejected
0.0001,1224000.0,1722120,Ejected
0.0001,2307000.0,456977,Ejected
0.0001,1859000.0,4005652,Ejected
0.0001,2370000.0,4005648,Ejected
0.0001,3371000.0,3975407,Ejected
0.0001,903000.0,2810523,Ejected
0.0001,449000.0,4005631,Ejected
0.0001,1555000.0,456973,Ejected
0.0001,3622000.0,1438800,Ejected
0.0001,1903000.0,145564,Ejected
0.0001,2488000.0,864203,Ejected
0.0001,2076000.0,456975,Ejected
0.0001,1023000.0,145549,Ejected
0.0001,1670000.0,1530944,Ejected
0.0001,1938000.0,3248349,Ejected
0.0001,1768000.0,434466,Ejected
0.0001,3042000.0,1722102,Ejected
0.0001,2459000.0,2462595,Ejected
0.0001,2054000.0,535692,Ejected
0.0001,2033000.0,456997,Ejected
0.0001,2621000.0,2462592,Ejected
0.0001,723000.0,2462627,Ejected
0.0001,2024000.0,2810504,Ejected
0.0001,2477000.0,4005655,Ejected
0.0001,1647000.0,2735745,Ejected
0.0001,1389000.0,535699,Ejected
0.0001,2168000.0,3975397,Ejected
0.0001,1806000.0,4005673,Ejected
0.0001,1760000.0,4005619,Ejected
0.0001,2655000.0,1312687,Ejected
0.0001,1922000.0,791760,Ejected
0.0001,1264000.0,434443,Ejected
0.0001,1271000.0,434452,Ejected
0.0001,1432000.0,1530947,Ejected
0.0001,1635000.0,4005674,Ejected
0.0001,1697000.0,948471,Ejected
0.0001,2614000.0,3248368,Ejected
0.0001,1664000.0,456989,Ejected
0.0001,1113000.0,864216,Ejected
0.0001,2860000.0,4005639,Ejected
0.0001,4711000.0,4005626,Ejected
0.0001,1223000.0,1722103,Ejected
0.0001,2156000.0,2462648,Ejected
0.0001,2120000.0,4005617,Ejected
0.0001,2797000.0,4005644,Ejected
0.0001,4267000.0,145556,Ejected
0.0001,3086000.0,978014,Ejected
0.0001,1389000.0,3248381,Ejected
0.0001,1770000.0,145544,Ejected
0.0001,2440000.0,4005651,Ejected
0.0001,1695000.0,1312694,Ejected
0.0001,1816000.0,2462609,Ejected
0.0001,3059000.0,4005637,Ejected
0.0001,2666000.0,3535122,Ejected
0.0001,2523000.0,3248364,Ejected
0.0001,3242000.0,2462608,Ejected
0.0001,2222000.0,1438799,Ejected
0.0001,3466000.0,456985,Ejected
0.0001,4139000.0,3535116,Ejected
0.0001,1918000.0,995170,Ejected
0.0001,1913000.0,1438824,Ejected
0.0001,2782000.0,4005633,Ejected
0.0001,2244000.0,2462644,Ejected
0.0001,3472000.0,2462647,Ejected
0.0001,3379000.0,145558,Ejected
0.0001,3583000.0,1530945,Ejected
0.0001,2395000.0,791761,Ejected
0.0001,1430000.0,995169,Ejected
0.0001,1674000.0,4005629,Ejected
0.0001,2495000.0,434450,Ejected
0.0001,3495000.0,2462613,Ejected
0.0001,1105000.0,2810518,Ejected
0.0001,2844000.0,3535109,Ejected
0.0001,2311000.0,2810520,Ejected
0.0001,3786000.0,2462588,Ejected
0.0001,1477000.0,456986,Ejected
0.0001,3327000.0,457001,Ejected
0.0001,4917000.0,1438826,Ejected
0.0001,4765000.0,948469,Ejected
0.0001,2118000.0,978009,Ejected
0.0001,2199000.0,434454,Ejected
0.0001,2212000.0,434462,Ejected
0.0001,1413000.0,948472,Ejected
0.0001,2545000.0,145545,Ejected
0.0001,4212000.0,4005669,Ejected
0.0001,1699000.0,3248382,Ejected
0.0001,1565000.0,145551,Ejected
0.0001,2719000.0,864202,Ejected
0.0001,3937000.0,1312698,Ejected
0.0001,4028000.0,978007,Ejected
0.0001,2785000.0,948483,Ejected
0.0001,2961000.0,1530942,Ejected
0.0001,2496000.0,434445,Ejected
0.0001,1855000.0,4005630,Ejected
0.0001,1901000.0,864201,Ejected
0.0001,4328000.0,4005666,Ejected
0.0001,3112000.0,2462624,Ejected
0.0001,1728000.0,1438809,Ejected
0.0001,2626000.0,145550,Ejected
0.0001,2686000.0,434441,Ejected
0.0001,2664000.0,2462632,Ejected
0.0001,2537000.0,2462626,Ejected
0.0001,3381000.0,3248377,Ejected
0.0001,2334000.0,145554,Ejected
0.0001,4298000.0,4005645,Ejected
0.0001,2093000.0,2462589,Ejected
0.0001,4312000.0,2735744,Ejected
0.0001,3978000.0,2462604,Ejected
0.0001,1706000.0,1530943,Ejected
0.0001,2784000.0,2462636,Ejected
0.0001,2910000.0,2810511,Ejected
0.0001,2764000.0,1722114,Ejected
0.0001,961000.0,948474,Ejected
0.0001,3864000.0,2462603,Ejected
0.0001,2667000.0,2810525,Ejected
0.0001,2093000.0,2462631,Ejected
0.0001,4398000.0,434463,Ejected
0.0001,1225000.0,1438825,Ejected
0.0001,4799000.0,1438801,Ejected
0.0001,4399000.0,948487,Ejected
0.0001,3633000.0,948470,Ejected
0.0001,4391000.0,2462634,Ejected
0.0001,2560000.0,457003,Ejected
0.0001,3046000.0,1530946,Ejected
0.0001,2736000.0,3535112,Ejected
0.0001,4133000.0,864205,Ejected
0.0001,3030000.0,434458,Ejected
0.0001,2528000.0,1312691,Ejected
0.0001,4318000.0,1722101,Ejected
0.0001,4138000.0,2462638,Ejected
0.0001,2026000.0,456983,Ejected
0.0001,2738000.0,457002,Ejected
0.0001,3505000.0,1530956,Ejected
0.0001,1367000.0,3248361,Ejected
0.0001,2475000.0,2462640,Ejected
0.0001,3290000.0,3248348,Ejected
0.0001,3760000.0,4005657,Ejected
0.0001,4203000.0,3248344,Ejected
0.0001,3406000.0,4005671,Ejected
0.0001,3804000.0,1722123,Ejected
0.0001,3847000.0,1312688,Ejected
0.0001,1459000.0,2462601,Ejected
0.0001,3710000.0,948467,Ejected
0.0001,4082000.0,2735748,Ejected
0.0001,4328000.0,456978,Ejected
0.0001,3836000.0,4005660,Ejected
0.0001,4711000.0,3535119,Ejected
0.0001,2726000.0,948466,Ejected
0.0001,2958000.0,978011,Ejected
0.0001,3559000.0,2462621,Ejected
0.0001,3159000.0,948482,Ejected
0.0001,4749000.0,456984,Captured
0.0001,1534000.0,2810510,Ejected
0.0001,4113000.0,2810529,Ejected
0.0001,3465000.0,1438813,Ejected
0.0001,1545000.0,1312689,Captured
0.0001,3250000.0,457004,Ejected
0.00030027,83000.0,2585673,Ejected
0.00030027,155000.0,978817,Ejected
0.00030027,153000.0,1439778,Ejected
0.00030027,555000.0,2474215,Ejected
0.00030027,96000.0,2474245,Ejected
0.00030027,342000.0,253850,Ejected
0.00030027,81000.0,435585,Ejected
0.00030027,212000.0,4013708,Ejected
0.00030027,227000.0,2585671,Ejected
0.00030027,215000.0,1728407,Ejected
0.00030027,195000.0,1571123,Ejected
0.00030027,296000.0,435556,Ejected
0.00030027,137000.0,3256096,Ejected
0.00030027,154000.0,1439783,Ejected
0.00030027,191000.0,458325,Ejected
0.00030027,117000.0,2474250,Ejected
0.00030027,162000.0,3256087,Ejected
0.00030027,443000.0,435573,Ejected
0.00030027,171000.0,435566,Ejected
0.00030027,24000.0,3256091,Ejected
0.00030027,116000.0,1439803,Ejected
0.00030027,359000.0,1571127,Ejected
0.00030027,145000.0,253895,Ejected
0.00030027,96000.0,253855,Ejected
0.00030027,116000.0,4013666,Ejected
0.00030027,137000.0,2474259,Ejected
0.00030027,137000.0,4013677,Ejected
0.00030027,95000.0,435587,Ejected
0.00030027,148000.0,4013675,Ejected
0.00030027,281000.0,4013717,Ejected
0.00030027,217000.0,435576,Ejected
0.00030027,138000.0,4013701,Ejected
0.00030027,161000.0,3256108,Captured
0.00030027,135000.0,1571137,Ejected
0.00030027,296000.0,3256102,Ejected
0.00030027,1060000.0,1425541,Ejected
0.00030027,137000.0,3256111,Ejected
0.00030027,215000.0,253846,Ejected
0.00030027,192000.0,978819,Ejected
0.00030027,408000.0,1571134,Ejected
0.00030027,100000.0,458309,Ejected
0.00030027,163000.0,253845,Ejected
0.00030027,304000.0,4013702,Ejected
0.00030027,135000.0,2474202,Ejected
0.00030027,256000.0,1439785,Ejected
0.00030027,138000.0,1439798,Ejected
0.00030027,144000.0,458311,Ejected
0.00030027,246000.0,2474223,Ejected
0.00030027,195000.0,978818,Ejected
0.00030027,449000.0,2474233,Ejected
0.00030027,104000.0,4013711,Ejected
0.00030027,224000.0,1439806,Ejected
0.00030027,192000.0,1728423,Ejected
0.00030027,228000.0,2474253,Ejected
0.00030027,171000.0,1439779,Ejected
0.00030027,347000.0,978832,Ejected
0.00030027,160000.0,4013663,Ejected
0.00030027,450000.0,2585676,Ejected
0.00030027,166000.0,1571135,Ejected
0.00030027,342000.0,978849,Ejected
0.00030027,190000.0,1571124,Ejected
0.00030027,590000.0,2474222,Ejected
0.00030027,214000.0,2585668,Ejected
0.00030027,105000.0,3256121,Ejected
0.00030027,109000.0,3256104,Ejected
0.00030027,168000.0,2474231,Ejected
0.00030027,230000.0,978850,Ejected
0.00030027,299000.0,435557,Ejected
0.00030027,194000.0,2474206,Ejected
0.00030027,419000.0,1571118,Ejected
0.00030027,262000.0,253893,Ejected
0.00030027,139000.0,1728406,Ejected
0.00030027,721000.0,978834,Ejected
0.00030027,232000.0,2585664,Ejected
0.00030027,248000.0,435581,Ejected
0.00030027,112000.0,253851,Ejected
0.00030027,156000.0,2585667,Ejected
0.00030027,233000.0,1571175,Ejected
0.00030027,221000.0,253871,Ejected
0.00030027,700000.0,2474221,Ejected
0.00030027,346000.0,1571109,Ejected
0.00030027,407000.0,1571173,Ejected
0.00030027,135000.0,1571116,Ejected
0.00030027,204000.0,978821,Ejected
0.00030027,194000.0,3256094,Ejected
0.00030027,217000.0,4013665,Ejected
0.00030027,149000.0,2585677,Ejected
0.00030027,124000.0,4013698,Ejected
0.00030027,197000.0,4013720,Ejected
0.00030027,619000.0,3256090,Ejected
0.00030027,210000.0,253896,Ejected
0.00030027,241000.0,2474240,Ejected
0.00030027,87000.0,458307,Ejected
0.00030027,197000.0,1439793,Ejected
0.00030027,126000.0,1571125,Ejected
0.00030027,470000.0,1571178,Ejected
0.00030027,290000.0,2474229,Ejected
0.00030027,325000.0,4013705,Ejected
0.00030027,667000.0,1728421,Ejected
0.00030027,187000.0,1728408,Ejected
0.00030027,215000.0,3256123,Ejected
0.00030027,205000.0,1571102,Ejected
0.00030027,261000.0,2474257,Ejected
0.00030027,378000.0,2474199,Ejected
0.00030027,281000.0,4013679,Ejected
0.00030027,506000.0,253897,Ejected
0.00030027,143000.0,458314,Ejected
0.00030027,376000.0,1571157,Ejected
0.00030027,583000.0,435584,Ejected
0.00030027,176000.0,2474204,Ejected
0.00030027,145000.0,253861,Ejected
0.00030027,309000.0,435568,Ejected
0.00030027,281000.0,978853,Ejected
0.00030027,96000.0,1571105,Ejected
0.00030027,307000.0,253872,Ejected
0.00030027,772000.0,253894,Ejected
0.00030027,186000.0,1571151,Ejected
0.00030027,298000.0,1571138,Ejected
0.00030027,266000.0,1571163,Ejected
0.00030027,174000.0,4013691,Ejected
0.00030027,60000.0,4013690,Captured
0.00030027,335000.0,253884,Ejected
0.00030027,188000.0,435574,Ejected
0.00030027,254000.0,978833,Ejected
0.00030027,423000.0,2474255,Ejected
0.00030027,215000.0,4013697,Ejected
0.00030027,476000.0,1571153,Ejected
0.00030027,290000.0,3256115,Ejected
0.00030027,394000.0,253883,Ejected
0.00030027,246000.0,978816,Ejected
0.00030027,363000.0,2585675,Ejected
0.00030027,417000.0,2376479,Ejected
0.00030027,196000.0,1571136,Ejected
0.00030027,660000.0,1425549,Ejected
0.00030027,283000.0,253890,Ejected
0.00030027,212000.0,4013672,Ejected
0.00030027,537000.0,2474214,Ejected
0.00030027,236000.0,458331,Ejected
0.00030027,873000.0,2474216,Ejected
0.00030027,458000.0,253891,Ejected
0.00030027,65000.0,2474198,Captured
0.00030027,138000.0,1571144,Ejected
0.00030027,205000.0,253859,Ejected
0.00030027,302000.0,1728428,Ejected
0.00030027,458000.0,3256117,Ejected
0.00030027,110000.0,458323,Ejected
0.00030027,484000.0,253887,Ejected
0.00030027,454000.0,978827,Ejected
0.00030027,395000.0,1571171,Ejected
0.00030027,343000.0,1571146,Ejected
0.00030027,197000.0,1571150,Ejected
0.00030027,215000.0,1571111,Ejected
0.00030027,362000.0,1571108,Ejected
0.00030027,215000.0,1571119,Ejected
0.00030027,867000.0,2474238,Ejected
0.00030027,352000.0,458327,Ejected
0.00030027,540000.0,1571104,Ejected
0.00030027,236000.0,1728414,Ejected
0.00030027,218000.0,1439797,Ejected
0.00030027,369000.0,1571100,Ejected
0.00030027,129000.0,1425545,Ejected
0.00030027,262000.0,1571166,Ejected
0.00030027,191000.0,1425551,Ejected
0.00030027,658000.0,1571132,Ejected
0.00030027,464000.0,1425548,Ejected
0.00030027,310000.0,978823,Ejected
0.00030027,290000.0,435589,Ejected
0.00030027,268000.0,1571172,Ejected
0.00030027,396000.0,458334,Ejected
0.00030027,92000.0,2474208,Ejected
0.00030027,426000.0,1439780,Ejected
0.00030027,487000.0,435558,Ejected
0.00030027,262000.0,3256086,Ejected
0.00030027,197000.0,2474249,Ejected
0.00030027,524000.0,3256085,Ejected
0.00030027,382000.0,1571179,Ejected
0.00030027,354000.0,4013670,Ejected
0.00030027,472000.0,2585681,Ejected
0.00030027,925000.0,253866,Ejected
0.00030027,600000.0,1439804,Ejected
0.00030027,265000.0,4013714,Ejected
0.00030027,206000.0,1571162,Ejected
0.00030027,259000.0,253860,Ejected
0.00030027,481000.0,4013703,Ejected
0.00030027,745000.0,2474217,Ejected
0.00030027,265000.0,458308,Ejected
0.00030027,371000.0,2474230,Ejected
0.00030027,327000.0,1571147,Ejected
0.00030027,513000.0,1728412,Ejected
0.00030027,498000.0,978825,Ejected
0.00030027,579000.0,2474258,Ejected
0.00030027,595000.0,1728424,Ejected
0.00030027,595000.0,3256105,Ejected
0.00030027,196000.0,253876,Ejected
0.00030027,403000.0,4013678,Ejected
0.00030027,416000.0,253865,Ejected
0.00030027,272000.0,3256116,Ejected
0.00030027,273000.0,1571177,Ejected
0.00030027,387000.0,2474252,Ejected
0.00030027,375000.0,253849,Ejected
0.00030027,253000.0,4013694,Ejected
0.00030027,397000.0,435586,Ejected
0.00030027,368000.0,1439781,Ejected
0.00030027,511000.0,978848,Ejected
0.00030027,300000.0,2474227,Ejected
0.00030027,260000.0,435580,Ejected
0.00030027,358000.0,4013689,Ejected
0.00030027,322000.0,978857,Ejected
0.00030027,384000.0,978846,Ejected
0.00030027,486000.0,2474200,Ejected
0.00030027,632000.0,435567,Ejected
0.00030027,243000.0,3256092,Ejected
0.00030027,567000.0,1728415,Ejected
0.00030027,602000.0,1425550,Ejected
0.00030027,430000.0,2585665,Ejected
0.00030027,248000.0,2585663,Ejected
0.00030027,435000.0,253879,Ejected
0.00030027,604000.0,458328,Ejected
0.00030027,432000.0,978814,Ejected
0.00030027,352000.0,1571106,Ejected
0.00030027,483000.0,253870,Ejected
0.00030027,374000.0,458324,Ejected
0.00030027,481000.0,978830,Ejected
0.00030027,230000.0,1425539,Ejected
0.00030027,169000.0,1439805,Ejected
0.00030027,367000.0,435562,Ejected
0.00030027,534000.0,1728410,Ejected
0.00030027,729000.0,1571133,Ejected
0.00030027,396000.0,2474239,Ejected
0.00030027,585000.0,978837,Ejected
0.00030027,637000.0,1425537,Ejected
0.00030027,493000.0,1571122,Ejected
0.00030027,725000.0,435569,Ejected
0.00030027,371000.0,253873,Ejected
0.00030027,258000.0,1728419,Ejected
0.00030027,477000.0,458318,Ejected
0.00030027,864000.0,1571145,Ejected
0.00030027,833000.0,253868,Ejected
0.00030027,307000.0,2474246,Ejected
0.00030027,691000.0,1571159,Ejected
0.00030027,569000.0,3256109,Ejected
0.00030027,516000.0,435570,Ejected
0.00030027,563000.0,978835,Ejected
0.00030027,236000.0,978851,Ejected
0.00030027,682000.0,4013709,Ejected
0.00030027,527000.0,3256118,Ejected
0.00030027,609000.0,4013676,Ejected
0.00030027,457000.0,2474219,Ejected
0.00030027,612000.0,253882,Ejected
0.00030027,415000.0,2474212,Ejected
0.00030027,358000.0,1425543,Ejected
0.00030027,615000.0,458320,Ejected
0.00030027,392000.0,1728425,Ejected
0.00030027,390000.0,435575,Ejected
0.00030027,658000.0,1571141,Ejected
0.00030027,564000.0,253898,Ejected
0.00030027,447000.0,3256113,Ejected
0.00030027,453000.0,435561,Ejected
0.00030027,501000.0,435582,Ejected
0.00030027,383000.0,4013667,Ejected
0.00030027,518000.0,1571158,Ejected
0.00030027,712000.0,4013671,Ejected
0.00030027,459000.0,1728417,Ejected
0.00030027,656000.0,253874,Ejected
0.00030027,547000.0,435577,Ejected
0.00030027,662000.0,1439809,Ejected
0.00030027,542000.0,4013662,Ejected
0.00030027,291000.0,2585670,Ejected
0.00030027,873000.0,458330,Ejected
0.00030027,469000.0,2474244,Ejected
0.00030027,777000.0,253885,Ejected
0.00030027,316000.0,2474228,Ejected
0.00030027,807000.0,2474210,Ejected
0.00030027,929000.0,978815,Ejected
0.00030027,938000.0,4013685,Ejected
0.00030027,476000.0,978854,Ejected
0.00030027,1291000.0,2474232,Ejected
0.00030027,1162000.0,435559,Ejected
0.00030027,444000.0,4013704,Ejected
0.00030027,403000.0,253892,Ejected
0.00030027,734000.0,1728426,Ejected
0.00030027,1292000.0,2474235,Ejected
0.00030027,832000.0,1439808,Ejected
0.00030027,886000.0,1571103,Ejected
0.00030027,695000.0,2474234,Ejected
0.00030027,740000.0,2474205,Ejected
0.00030027,524000.0,458306,Ejected
0.00030027,526000.0,4013700,Ejected
0.00030027,1038000.0,4013713,Ejected
0.00030027,1351000.0,458316,Ejected
0.00030027,1391000.0,253867,Ejected
0.00030027,2115000.0,4013669,Ejected
0.00030027,884000.0,1439792,Ejected
0.00030027,2284000.0,978822,Ejected
0.00030027,1098000.0,1439801,Ejected
0.00030027,1852000.0,4013688,Ejected
0.00030027,2045000.0,253864,Ejected
0.00030027,3807000.0,458313,Ejected
0.00030027,2315000.0,253877,Ejected
0.00030027,2665000.0,1571170,Ejected
0.00030027,3402000.0,978843,Ejected
0.00030027,2809000.0,4013687,Ejected
0.00071206,0.0,4021470,Captured
0.00071206,22000.0,2480845,Ejected
0.00071206,59000.0,255840,Ejected
0.00071206,21000.0,3257120,Ejected
0.00071206,50000.0,1579692,Ejected
0.00071206,26000.0,1736102,Ejected
0.00071206,46000.0,1579632,Ejected
0.00071206,54000.0,2480839,Ejected
0.00071206,30000.0,3257141,Ejected
0.00071206,121000.0,3257139,Ejected
0.00071206,44000.0,3289470,Ejected
0.00071206,29000.0,2480791,Ejected
0.00071206,49000.0,979966,Ejected
0.00071206,41000.0,2480807,Ejected
0.00071206,25000.0,2480830,Ejected
0.00071206,32000.0,4021431,Ejected
0.00071206,47000.0,4021455,Ejected
0.00071206,36000.0,1736101,Ejected
0.00071206,42000.0,1440710,Ejected
0.00071206,92000.0,979975,Ejected
0.00071206,76000.0,1440709,Ejected
0.00071206,41000.0,4021454,Ejected
0.00071206,121000.0,4021460,Ejected
0.00071206,54000.0,3257122,Ejected
0.00071206,54000.0,979939,Ejected
0.00071206,26000.0,4021426,Ejected
0.00071206,52000.0,4021462,Ejected
0.00071206,48000.0,4021444,Ejected
0.00071206,57000.0,1579663,Ejected
0.00071206,81000.0,255881,Ejected
0.00071206,38000.0,979950,Ejected
0.00071206,94000.0,1440726,Ejected
0.00071206,57000.0,1579671,Ejected
0.00071206,83000.0,1454975,Ejected
0.00071206,39000.0,1579645,Ejected
0.00071206,36000.0,2480801,Ejected
0.00071206,35000.0,1579673,Ejected
0.00071206,56000.0,436515,Ejected
0.00071206,39000.0,979977,Ejected
0.00071206,51000.0,1579633,Ejected
0.00071206,28000.0,1579660,Ejected
0.00071206,27000.0,255863,Ejected
0.00071206,41000.0,2480798,Ejected
0.00071206,25000.0,2480820,Ejected
0.00071206,97000.0,2480828,Ejected
0.00071206,41000.0,255827,Ejected
0.00071206,35000.0,4021433,Ejected
0.00071206,145000.0,255830,Ejected
0.00071206,122000.0,2480843,Ejected
0.00071206,55000.0,1440728,Ejected
0.00071206,42000.0,979974,Ejected
0.00071206,32000.0,1579684,Ejected
0.00071206,297000.0,979943,Ejected
0.00071206,61000.0,2480792,Ejected
0.00071206,66000.0,2480834,Ejected
0.00071206,66000.0,255837,Ejected
0.00071206,84000.0,4021473,Ejected
0.00071206,41000.0,1579642,Ejected
0.00071206,63000.0,1579678,Ejected
0.00071206,89000.0,4021459,Ejected
0.00071206,87000.0,2480846,Ejected
0.00071206,33000.0,4021419,Ejected
0.00071206,65000.0,1736103,Ejected
0.00071206,133000.0,2480818,Ejected
0.00071206,44000.0,3257143,Ejected
0.00071206,49000.0,1440711,Ejected
0.00071206,151000.0,1440719,Ejected
0.00071206,54000.0,459541,Ejected
0.00071206,141000.0,3289469,Ejected
0.00071206,37000.0,459516,Ejected
0.00071206,86000.0,979953,Ejected
0.00071206,49000.0,4021423,Ejected
0.00071206,44000.0,4021476,Ejected
0.00071206,153000.0,979976,Ejected
0.00071206,34000.0,4021464,Ejected
0.00071206,53000.0,1579667,Ejected
0.00071206,137000.0,1579669,Ejected
0.00071206,66000.0,1579674,Ejected
0.00071206,63000.0,2480850,Ejected
0.00071206,75000.0,255872,Ejected
0.00071206,26000.0,3289478,Ejected
0.00071206,93000.0,3257118,Ejected
0.00071206,83000.0,1579641,Ejected
0.00071206,44000.0,436528,Ejected
0.00071206,94000.0,979959,Ejected
0.00071206,47000.0,979949,Ejected
0.00071206,101000.0,1579681,Ejected
0.00071206,50000.0,979973,Ejected
0.00071206,55000.0,1579639,Ejected
0.00071206,101000.0,1579647,Ejected
0.00071206,57000.0,1579630,Ejected
0.00071206,66000.0,1579694,Ejected
0.00071206,110000.0,255844,Ejected
0.00071206,81000.0,436525,Ejected
0.00071206,70000.0,4021465,Ejected
0.00071206,97000.0,3257135,Ejected
0.00071206,47000.0,979971,Ejected
0.00071206,128000.0,1579682,Ejected
0.00071206,79000.0,979963,Ejected
0.00071206,87000.0,1736093,Ejected
0.00071206,46000.0,1454979,Ejected
0.00071206,83000.0,3257146,Ejected
0.00071206,69000.0,1579689,Ejected
0.00071206,46000.0,1440708,Ejected
0.00071206,16000.0,3257127,Captured
0.00071206,156000.0,2480835,Ejected
0.00071206,86000.0,979948,Ejected
0.00071206,38000.0,3257129,Ejected
0.00071206,110000.0,4021445,Ejected
0.00071206,53000.0,459538,Ejected
0.00071206,33000.0,459540,Ejected
0.00071206,116000.0,459528,Ejected
0.00071206,111000.0,255869,Ejected
0.00071206,71000.0,2480841,Ejected
0.00071206,91000.0,2480842,Ejected
0.00071206,62000.0,1440705,Ejected
0.00071206,92000.0,1736089,Ejected
0.00071206,44000.0,3257124,Ejected
0.00071206,38000.0,3257137,Ejected
0.00071206,89000.0,436519,Ejected
0.00071206,47000.0,4021429,Ejected
0.00071206,99000.0,4021440,Ejected
0.00071206,179000.0,3289471,Ejected
0.00071206,67000.0,979944,Ejected
0.00071206,58000.0,4021469,Ejected
0.00071206,71000.0,255865,Ejected
0.00071206,89000.0,436532,Ejected
0.00071206,45000.0,3289480,Ejected
0.00071206,27000.0,3257123,Ejected
0.00071206,45000.0,1579665,Ejected
0.00071206,80000.0,979978,Ejected
0.00071206,65000.0,436513,Ejected
0.00071206,116000.0,1579680,Ejected
0.00071206,23000.0,2480802,Captured
0.00071206,60000.0,2480847,Ejected
0.00071206,56000.0,436538,Ejected
0.00071206,53000.0,2480817,Ejected
0.00071206,58000.0,255868,Ejected
0.00071206,62000.0,1579690,Ejected
0.00071206,61000.0,1579693,Ejected
0.00071206,110000.0,1579637,Ejected
0.00071206,148000.0,2480827,Ejected
0.00071206,108000.0,255859,Ejected
0.00071206,170000.0,2480823,Ejected
0.00071206,82000.0,1736090,Ejected
0.00071206,48000.0,459527,Ejected
0.00071206,126000.0,459523,Ejected
0.00071206,126000.0,1579664,Ejected
0.00071206,121000.0,459533,Ejected
0.00071206,128000.0,2480836,Ejected
0.00071206,37000.0,459535,Ejected
0.00071206,91000.0,436507,Ejected
0.00071206,54000.0,2480831,Ejected
0.00071206,48000.0,4021422,Ejected
0.00071206,98000.0,2480833,Ejected
0.00071206,76000.0,436533,Ejected
0.00071206,47000.0,1579619,Ejected
0.00071206,62000.0,2480811,Ejected
0.00071206,166000.0,436517,Ejected
0.00071206,97000.0,1579688,Ejected
0.00071206,132000.0,979982,Ejected
0.00071206,45000.0,1579625,Ejected
0.00071206,99000.0,1579695,Ejected
0.00071206,66000.0,255880,Ejected
0.00071206,166000.0,1440723,Ejected
0.00071206,53000.0,1440715,Ejected
0.00071206,63000.0,436509,Ejected
0.00071206,90000.0,1579654,Ejected
0.00071206,52000.0,436514,Ejected
0.00071206,106000.0,1579653,Ejected
0.00071206,136000.0,3257147,Ejected
0.00071206,239000.0,1579656,Ejected
0.00071206,125000.0,1579662,Ejected
0.00071206,95000.0,2480837,Ejected
0.00071206,59000.0,4021446,Ejected
0.00071206,52000.0,3257121,Ejected
0.00071206,127000.0,4021471,Ejected
0.00071206,85000.0,1454983,Ejected
0.00071206,87000.0,1736107,Ejected
0.00071206,57000.0,2480849,Ejected
0.00071206,135000.0,3257154,Ejected
0.00071206,130000.0,436511,Ejected
0.00071206,67000.0,1579622,Ejected
0.00071206,75000.0,436524,Ejected
0.00071206,151000.0,255853,Ejected
0.00071206,79000.0,1579670,Ejected
0.00071206,238000.0,1736111,Ejected
0.00071206,95000.0,2480848,Ejected
0.00071206,56000.0,2480805,Ejected
0.00071206,63000.0,3257149,Ejected
0.00071206,112000.0,1579651,Ejected
0.00071206,87000.0,4021463,Ejected
0.00071206,101000.0,1579675,Ejected
0.00071206,57000.0,255873,Ejected
0.00071206,78000.0,255854,Ejected
0.00071206,71000.0,436535,Ejected
0.00071206,95000.0,4021477,Ejected
0.00071206,92000.0,1440725,Ejected
0.00071206,58000.0,459522,Ejected
0.00071206,406000.0,2480799,Ejected
0.00071206,168000.0,1579652,Ejected
0.00071206,93000.0,1440720,Ejected
0.00071206,73000.0,4021475,Ejected
0.00071206,56000.0,436539,Ejected
0.00071206,84000.0,979960,Ejected
0.00071206,82000.0,3257130,Ejected
0.00071206,88000.0,3289475,Ejected
0.00071206,111000.0,1579672,Ejected
0.00071206,98000.0,2480844,Ejected
0.00071206,154000.0,1579655,Ejected
0.00071206,73000.0,1579676,Ejected
0.00071206,73000.0,1579636,Ejected
0.00071206,64000.0,4021418,Ejected
0.00071206,82000.0,3257140,Ejected
0.00071206,118000.0,436518,Ejected
0.00071206,61000.0,436527,Ejected
0.00071206,197000.0,1440729,Ejected
0.00071206,54000.0,436531,Ejected
0.00071206,127000.0,1579631,Ejected
0.00071206,170000.0,2480819,Ejected
0.00071206,64000.0,4021432,Ejected
0.00071206,132000.0,4021468,Ejected
0.00071206,97000.0,255883,Ejected
0.00071206,47000.0,1579650,Ejected
0.00071206,59000.0,2480838,Ejected
0.00071206,228000.0,255829,Ejected
0.00071206,151000.0,1579634,Ejected
0.00071206,73000.0,1579618,Ejected
0.00071206,106000.0,255835,Ejected
0.00071206,98000.0,255857,Ejected
0.00071206,58000.0,1579697,Ejected
0.00071206,195000.0,1440721,Ejected
0.00071206,106000.0,255878,Ejected
0.00071206,97000.0,1440730,Ejected
0.00071206,126000.0,1579628,Ejected
0.00071206,306000.0,436520,Ejected
0.00071206,144000.0,459529,Ejected
0.00071206,265000.0,436536,Ejected
0.00071206,174000.0,1454977,Ejected
0.00071206,149000.0,1579686,Ejected
0.00071206,98000.0,2480804,Ejected
0.00071206,151000.0,255846,Ejected
0.00071206,105000.0,255834,Ejected
0.00071206,117000.0,436530,Ejected
0.00071206,162000.0,1579629,Ejected
0.00071206,139000.0,1440706,Ejected
0.00071206,96000.0,255877,Ejected
0.00071206,147000.0,979957,Ejected
0.00071206,107000.0,4021466,Ejected
0.00071206,115000.0,255836,Ejected
0.00071206,87000.0,4021452,Ejected
0.00071206,130000.0,1736091,Ejected
0.00071206,92000.0,1736088,Ejected
0.00071206,178000.0,1579624,Ejected
0.00071206,133000.0,1454976,Ejected
0.00071206,111000.0,1579685,Ejected
0.00071206,92000.0,3289481,Ejected
0.00071206,113000.0,1440732,Ejected
0.00071206,293000.0,979965,Ejected
0.00071206,93000.0,436521,Ejected
0.00071206,131000.0,255856,Ejected
0.00071206,136000.0,459543,Ejected
0.00071206,128000.0,2480793,Ejected
0.00071206,198000.0,4021441,Ejected
0.00071206,178000.0,459534,Ejected
0.00071206,297000.0,2480840,Ejected
0.00071206,96000.0,1440722,Ejected
0.00071206,262000.0,436522,Ejected
0.00071206,249000.0,436523,Ejected
0.00071206,193000.0,1736105,Ejected
0.00071206,190000.0,1736110,Ejected
0.00071206,161000.0,1579620,Ejected
0.00071206,117000.0,255860,Ejected
0.00071206,82000.0,3257145,Ejected
0.00071206,165000.0,1736106,Ejected
0.00071206,216000.0,1440713,Ejected
0.00071206,173000.0,1440731,Ejected
0.00071206,64000.0,459524,Ejected
0.00071206,136000.0,2480795,Ejected
0.00071206,152000.0,4021427,Ejected
0.00071206,141000.0,979962,Ejected
0.00071206,124000.0,436516,Ejected
0.00071206,164000.0,4021472,Ejected
0.00071206,132000.0,3289477,Ejected
0.00071206,204000.0,436534,Ejected
0.00071206,288000.0,1579640,Ejected
0.00071206,240000.0,255866,Ejected
0.00071206,396000.0,459517,Ejected
0.00071206,406000.0,1579658,Ejected
0.00071206,395000.0,436508,Ejected
0.00071206,181000.0,1736104,Ejected
0.00071206,726000.0,2480826,Ejected
0.00071206,910000.0,459531,Ejected
0.00168856,0.0,3258134,Captured
0.00168856,0.0,3863037,Captured
0.00168856,9000.0,3863030,Ejected
0.00168856,9000.0,1583127,Ejected
0.00168856,8000.0,257829,Ejected
0.00168856,54000.0,257871,Ejected
0.00168856,17000.0,257836,Ejected
0.00168856,11000.0,1743235,Ejected
0.00168856,11000.0,4024244,Ejected
0.00168856,7000.0,3258125,Ejected
0.00168856,41000.0,981029,Ejected
0.00168856,22000.0,981061,Ejected
0.00168856,67000.0,257850,Ejected
0.00168856,12000.0,1441611,Ejected
0.00168856,8000.0,3258131,Ejected
0.00168856,13000.0,4024252,Ejected
0.00168856,10000.0,3863036,Ejected
0.00168856,69000.0,3490390,Ejected
0.00168856,15000.0,3863034,Ejected
0.00168856,19000.0,3976184,Ejected
0.00168856,21000.0,981045,Ejected
0.00168856,28000.0,1583073,Ejected
0.00168856,9000.0,3258135,Ejected
0.00168856,32000.0,257831,Ejected
0.00168856,16000.0,1739228,Ejected
0.00168856,13000.0,1583103,Ejected
0.00168856,16000.0,1743230,Ejected
0.00168856,68000.0,3976178,Ejected
0.00168856,20000.0,4024276,Ejected
0.00168856,14000.0,3863047,Ejected
0.00168856,18000.0,1463844,Ejected
0.00168856,17000.0,257835,Ejected
0.00168856,12000.0,1441605,Ejected
0.00168856,38000.0,257853,Ejected
0.00168856,12000.0,257872,Ejected
0.00168856,13000.0,1583126,Ejected
0.00168856,16000.0,4024267,Ejected
0.00168856,11000.0,4024288,Ejected
0.00168856,16000.0,1739229,Ejected
0.00168856,37000.0,437447,Ejected
0.00168856,44000.0,3258129,Ejected
0.00168856,11000.0,257857,Ejected
0.00168856,66000.0,1441617,Ejected
0.00168856,86000.0,1583077,Ejected
0.00168856,16000.0,1441612,Ejected
0.00168856,18000.0,4024269,Ejected
0.00168856,129000.0,4024271,Ejected
0.00168856,13000.0,1583055,Ejected
0.00168856,22000.0,3258148,Ejected
0.00168856,12000.0,1583124,Ejected
0.00168856,37000.0,3258150,Ejected
0.00168856,258000.0,1583110,Ejected
0.00168856,32000.0,1583096,Ejected
0.00168856,30000.0,437423,Ejected
0.00168856,15000.0,3490388,Ejected
0.00168856,10000.0,1739218,Ejected
0.00168856,16000.0,4024233,Ejected
0.00168856,12000.0,257860,Ejected
0.00168856,21000.0,1743225,Ejected
0.00168856,71000.0,3258123,Ejected
0.00168856,23000.0,257863,Ejected
0.00168856,112000.0,981024,Ejected
0.00168856,13000.0,981032,Ejected
0.00168856,29000.0,1583087,Ejected
0.00168856,50000.0,3976185,Ejected
0.00168856,32000.0,1441622,Ejected
0.00168856,18000.0,4024245,Ejected
0.00168856,15000.0,1583067,Ejected
0.00168856,15000.0,437433,Ejected
0.00168856,13000.0,1743226,Ejected
0.00168856,11000.0,981042,Ejected
0.00168856,15000.0,4024239,Ejected
0.00168856,13000.0,3863049,Ejected
0.00168856,17000.0,3258130,Ejected
0.00168856,22000.0,1441619,Ejected
0.00168856,12000.0,3258133,Ejected
0.00168856,17000.0,3863040,Ejected
0.00168856,13000.0,257876,Ejected
0.00168856,14000.0,1441625,Ejected
0.00168856,38000.0,1739219,Ejected
0.00168856,12000.0,981023,Ejected
0.00168856,17000.0,3976177,Ejected
0.00168856,11000.0,257886,Ejected
0.00168856,52000.0,981033,Ejected
0.00168856,62000.0,1743232,Ejected
0.00168856,8000.0,1463843,Ejected
0.00168856,17000.0,1441624,Ejected
0.00168856,21000.0,3863045,Ejected
0.00168856,9000.0,3976174,Ejected
0.00168856,20000.0,1583086,Ejected
0.00168856,16000.0,1441613,Ejected
0.00168856,15000.0,3490379,Ejected
0.00168856,12000.0,1441616,Ejected
0.00168856,17000.0,1739217,Ejected
0.00168856,2000.0,1463858,Captured
0.00168856,17000.0,257881,Ejected
0.00168856,17000.0,1739216,Ejected
0.00168856,14000.0,1583109,Ejected
0.00168856,28000.0,4024291,Ejected
0.00168856,10000.0,981065,Ejected
0.00168856,70000.0,1583123,Ejected
0.00168856,24000.0,3258124,Ejected
0.00168856,156000.0,257834,Ejected
0.00168856,23000.0,3976188,Ejected
0.00168856,21000.0,437424,Ejected
0.00168856,10000.0,3863035,Ejected
0.00168856,20000.0,1463851,Ejected
0.00168856,20000.0,1463848,Ejected
0.00168856,31000.0,1583113,Ejected
0.00168856,13000.0,1583119,Ejected
0.00168856,17000.0,1463852,Ejected
0.00168856,16000.0,437420,Ejected
0.00168856,15000.0,1739213,Ejected
0.00168856,24000.0,1583058,Ejected
0.00168856,15000.0,1739232,Ejected
0.00168856,36000.0,437435,Ejected
0.00168856,51000.0,3258158,Ejected
0.00168856,23000.0,3490376,Ejected
0.00168856,20000.0,437438,Ejected
0.00168856,44000.0,3490378,Ejected
0.00168856,17000.0,257885,Ejected
0.00168856,26000.0,981063,Ejected
0.00168856,29000.0,981059,Ejected
0.00168856,36000.0,437442,Ejected
0.00168856,22000.0,981040,Ejected
0.00168856,75000.0,4024270,Ejected
0.00168856,14000.0,3258147,Ejected
0.00168856,14000.0,257843,Ejected
0.00168856,12000.0,437445,Ejected
0.00168856,40000.0,437450,Ejected
0.00168856,13000.0,3863033,Ejected
0.00168856,19000.0,257848,Ejected
0.00168856,9000.0,1583129,Ejected
0.00168856,19000.0,4024242,Ejected
0.00168856,32000.0,1583093,Ejected
0.00168856,12000.0,257856,Ejected
0.00168856,25000.0,981031,Ejected
0.00168856,13000.0,1743239,Ejected
0.00168856,54000.0,1583065,Ejected
0.00168856,35000.0,3976173,Ejected
0.00168856,38000.0,4024234,Ejected
0.00168856,45000.0,1583117,Ejected
0.00168856,24000.0,1583108,Ejected
0.00168856,98000.0,4024286,Ejected
0.00168856,23000.0,4024240,Ejected
0.00168856,19000.0,4024247,Ejected
0.00168856,18000.0,4024251,Ejected
0.00168856,84000.0,1463845,Ejected
0.00168856,20000.0,2911911,Ejected
0.00168856,29000.0,1441621,Ejected
0.00168856,25000.0,1739235,Ejected
0.00168856,33000.0,1441620,Ejected
0.00168856,14000.0,437439,Ejected
0.00168856,23000.0,3863044,Ejected
0.00168856,27000.0,981030,Ejected
0.00168856,38000.0,1583068,Ejected
0.00168856,29000.0,4024241,Ejected
0.00168856,19000.0,257837,Ejected
0.00168856,19000.0,4024266,Ejected
0.00168856,13000.0,3863039,Ejected
0.00168856,46000.0,981035,Ejected
0.00168856,24000.0,981027,Ejected
0.00168856,17000.0,437453,Ejected
0.00168856,88000.0,3258126,Ejected
0.00168856,51000.0,981046,Ejected
0.00168856,56000.0,1463846,Ejected
0.00168856,28000.0,3976189,Ejected
0.00168856,51000.0,4024277,Ejected
0.00168856,26000.0,1743236,Ejected
0.00168856,11000.0,1441607,Ejected
0.00168856,12000.0,4024232,Ejected
0.00168856,12000.0,460462,Ejected
0.00168856,52000.0,3258154,Ejected
0.00168856,37000.0,1583080,Ejected
0.00168856,17000.0,4024259,Ejected
0.00168856,22000.0,1441602,Ejected
0.00168856,48000.0,1739223,Ejected
0.00168856,24000.0,257841,Ejected
0.00168856,16000.0,257832,Ejected
0.00168856,9000.0,981041,Ejected
0.00168856,19000.0,1583114,Ejected
0.00168856,16000.0,1463853,Ejected
0.00168856,34000.0,1739226,Ejected
0.00168856,43000.0,1583090,Ejected
0.00168856,19000.0,1583115,Ejected
0.00168856,87000.0,257845,Ejected
0.00168856,30000.0,1739222,Ejected
0.00168856,17000.0,1583083,Ejected
0.00168856,14000.0,1583081,Ejected
0.00168856,20000.0,257838,Ejected
0.00168856,29000.0,437444,Ejected
0.00168856,32000.0,3976180,Ejected
0.00168856,96000.0,437428,Ejected
0.00168856,20000.0,3258146,Ejected
0.00168856,26000.0,3258138,Ejected
0.00168856,49000.0,1583082,Ejected
0.00168856,12000.0,1739221,Ejected
0.00168856,26000.0,1583101,Ejected
0.00168856,25000.0,460471,Ejected
0.00168856,32000.0,981036,Ejected
0.00168856,27000.0,460477,Ejected
0.00168856,20000.0,460466,Ejected
0.00168856,26000.0,1441601,Ejected
0.00168856,43000.0,437425,Ejected
0.00168856,22000.0,1583099,Ejected
0.00168856,60000.0,4024265,Ejected
0.00168856,28000.0,1463850,Ejected
0.00168856,47000.0,981064,Ejected
0.00168856,28000.0,3490382,Ejected
0.00168856,26000.0,1583111,Ejected
0.00168856,32000.0,1583135,Ejected
0.00168856,27000.0,1583079,Ejected
0.00168856,17000.0,460455,Ejected
0.00168856,35000.0,3863046,Ejected
0.00168856,34000.0,437430,Ejected
0.00168856,65000.0,4024236,Ejected
0.00168856,71000.0,437443,Ejected
0.00168856,42000.0,4024235,Ejected
0.00168856,26000.0,460461,Ejected
0.00168856,26000.0,4024278,Ejected
0.00168856,22000.0,1583060,Ejected
0.00168856,29000.0,3490387,Ejected
0.00168856,103000.0,1583091,Ejected
0.00168856,30000.0,3490393,Ejected
0.00168856,57000.0,4024279,Ejected
0.00168856,150000.0,460479,Ejected
0.00168856,20000.0,460478,Ejected
0.00168856,25000.0,4024238,Ejected
0.00168856,26000.0,437451,Ejected
0.00168856,40000.0,437448,Ejected
0.00168856,40000.0,437422,Ejected
0.00168856,50000.0,981054,Ejected
0.00168856,30000.0,460459,Ejected
0.00168856,36000.0,257862,Ejected
0.00168856,24000.0,257861,Ejected
0.00168856,31000.0,257840,Ejected
0.00168856,44000.0,3863042,Ejected
0.00168856,53000.0,981052,Ejected
0.00168856,19000.0,257851,Ejected
0.00168856,19000.0,460473,Ejected
0.00168856,26000.0,257830,Ejected
0.00168856,39000.0,3863043,Ejected
0.00168856,57000.0,3976176,Ejected
0.00168856,26000.0,460469,Ejected
0.00168856,18000.0,460483,Ejected
0.00168856,27000.0,460470,Ejected
0.00168856,21000.0,4024285,Ejected
0.00168856,90000.0,257875,Ejected
0.00168856,28000.0,3863041,Ejected
0.00168856,49000.0,981038,Ejected
0.00168856,30000.0,257847,Ejected
0.00168856,50000.0,437432,Ejected
0.00168856,22000.0,1743228,Ejected
0.00168856,33000.0,1441597,Ejected
0.00168856,152000.0,4024283,Ejected
0.00168856,44000.0,257844,Ejected
0.00168856,117000.0,3490391,Ejected
0.00168856,33000.0,460456,Ejected
0.00168856,40000.0,981025,Ejected
0.00168856,45000.0,257833,Ejected
0.00168856,49000.0,1583133,Ejected
0.00168856,91000.0,3258144,Ejected
0.00168856,82000.0,1583071,Ejected
0.00168856,61000.0,1583085,Ejected
0.00168856,36000.0,257852,Ejected
0.00168856,44000.0,1739230,Ejected
0.00168856,29000.0,1583130,Ejected
0.00168856,51000.0,3258128,Ejected
0.00168856,41000.0,3490386,Ejected
0.00168856,43000.0,4024268,Ejected
0.00168856,70000.0,1739236,Ejected
0.00168856,38000.0,460465,Ejected
0.00168856,25000.0,1441600,Ejected
0.00168856,43000.0,437431,Ejected
0.00168856,29000.0,4024264,Ejected
0.00168856,44000.0,4024261,Ejected
0.00168856,63000.0,981055,Ejected
0.00168856,47000.0,4024280,Ejected
0.00168856,92000.0,257866,Ejected
0.00168856,30000.0,4024260,Ejected
0.00168856,58000.0,1441609,Ejected
0.00168856,191000.0,4024246,Ejected
0.00168856,168000.0,3258142,Ejected
0.00168856,247000.0,437452,Ejected
0.00168856,297000.0,1743227,Ejected
0.00168856,136000.0,4024275,Ejected
0.00400422,0.0,2912478,Captured
0.00400422,6000.0,2912482,Ejected
0.00400422,4000.0,1741156,Ejected
0.00400422,5000.0,4026753,Ejected
0.00400422,7000.0,1741148,Ejected
0.00400422,5000.0,1741149,Ejected
0.00400422,14000.0,1741145,Ejected
0.00400422,4000.0,3528371,Ejected
0.00400422,4000.0,3528384,Ejected
0.00400422,9000.0,4026752,Ejected
0.00400422,5000.0,259878,Ejected
0.00400422,4000.0,4026744,Ejected
0.00400422,7000.0,2779512,Ejected
0.00400422,10000.0,438345,Ejected
0.00400422,6000.0,2779507,Ejected
0.00400422,5000.0,259817,Ejected
0.00400422,4000.0,982097,Ejected
0.00400422,4000.0,259841,Ejected
0.00400422,9000.0,259877,Ejected
0.00400422,13000.0,259843,Ejected
0.00400422,7000.0,259809,Ejected
0.00400422,11000.0,438323,Ejected
0.00400422,34000.0,3976820,Ejected
0.00400422,6000.0,3976828,Ejected
0.00400422,20000.0,2779506,Ejected
0.00400422,7000.0,982106,Ejected
0.00400422,6000.0,1468368,Ejected
0.00400422,5000.0,2779516,Ejected
0.00400422,5000.0,2779501,Ejected
0.00400422,5000.0,3259117,Ejected
0.00400422,4000.0,259873,Ejected
0.00400422,16000.0,1442515,Ejected
0.00400422,8000.0,438351,Ejected
0.00400422,6000.0,4026762,Ejected
0.00400422,22000.0,982103,Ejected
0.00400422,7000.0,2779504,Ejected
0.00400422,4000.0,3528372,Ejected
0.00400422,8000.0,4026758,Ejected
0.00400422,7000.0,982127,Ejected
0.00400422,18000.0,3863831,Ejected
0.00400422,49000.0,259796,Ejected
0.00400422,5000.0,3259113,Ejected
0.00400422,15000.0,4026759,Ejected
0.00400422,35000.0,1468369,Ejected
0.00400422,7000.0,259804,Ejected
0.00400422,35000.0,3863835,Ejected
0.00400422,10000.0,3528367,Ejected
0.00400422,10000.0,259858,Ejected
0.00400422,7000.0,259820,Ejected
0.00400422,4000.0,2779493,Ejected
0.00400422,19000.0,1442531,Ejected
0.00400422,4000.0,1442519,Ejected
0.00400422,11000.0,259879,Ejected
0.00400422,5000.0,2779513,Ejected
0.00400422,8000.0,982100,Ejected
0.00400422,5000.0,982093,Ejected
0.00400422,6000.0,3528376,Ejected
0.00400422,105000.0,4026783,Ejected
0.00400422,14000.0,259848,Ejected
0.00400422,8000.0,259794,Ejected
0.00400422,30000.0,982102,Ejected
0.00400422,28000.0,2912473,Ejected
0.00400422,18000.0,3259142,Ejected
0.00400422,5000.0,3259139,Ejected
0.00400422,14000.0,4026770,Ejected
0.00400422,7000.0,3528385,Ejected
0.00400422,6000.0,3863837,Ejected
0.00400422,24000.0,1442509,Ejected
0.00400422,6000.0,259821,Ejected
0.00400422,10000.0,259840,Ejected
0.00400422,30000.0,3528405,Ejected
0.00400422,6000.0,438332,Ejected
0.00400422,6000.0,1468357,Ejected
0.00400422,9000.0,4026782,Ejected
0.00400422,14000.0,982092,Ejected
0.00400422,6000.0,1442501,Ejected
0.00400422,18000.0,4026788,Ejected
0.00400422,9000.0,259867,Ejected
0.00400422,12000.0,1442521,Ejected
0.00400422,23000.0,1442523,Ejected
0.00400422,19000.0,3528393,Ejected
0.00400422,6000.0,4026775,Ejected
0.00400422,15000.0,1741155,Ejected
0.00400422,35000.0,1741163,Ejected
0.00400422,17000.0,3528401,Ejected
0.00400422,9000.0,2779499,Ejected
0.00400422,6000.0,3259146,Ejected
0.00400422,13000.0,1741147,Ejected
0.00400422,64000.0,3259133,Ejected
0.00400422,7000.0,4026743,Ejected
0.00400422,6000.0,438340,Ejected
0.00400422,11000.0,259874,Ejected
0.00400422,5000.0,4026745,Ejected
0.00400422,7000.0,3863838,Ejected
0.00400422,9000.0,259833,Ejected
0.00400422,28000.0,4026756,Ejected
0.00400422,6000.0,438333,Ejected
0.00400422,6000.0,1442528,Ejected
0.00400422,34000.0,438346,Ejected
0.00400422,19000.0,4026781,Ejected
0.00400422,21000.0,982112,Ejected
0.00400422,11000.0,438347,Ejected
0.00400422,8000.0,1468361,Ejected
0.00400422,9000.0,259798,Ejected
0.00400422,5000.0,1442506,Ejected
0.00400422,6000.0,982109,Ejected
0.00400422,9000.0,3259114,Ejected
0.00400422,4000.0,259822,Ejected
0.00400422,7000.0,4026772,Ejected
0.00400422,6000.0,3528389,Ejected
0.00400422,10000.0,1468363,Ejected
0.00400422,7000.0,259839,Ejected
0.00400422,8000.0,2779515,Ejected
0.00400422,28000.0,3976822,Ejected
0.00400422,5000.0,259870,Ejected
0.00400422,6000.0,259814,Ejected
0.00400422,9000.0,4026748,Ejected
0.00400422,6000.0,1468371,Ejected
0.00400422,10000.0,438327,Ejected
0.00400422,9000.0,2779489,Ejected
0.00400422,10000.0,1442500,Ejected
0.00400422,8000.0,982098,Ejected
0.00400422,16000.0,982129,Ejected
0.00400422,12000.0,259863,Ejected
0.00400422,7000.0,2779492,Ejected
0.00400422,8000.0,3259138,Ejected
0.00400422,11000.0,259813,Ejected
0.00400422,9000.0,3259124,Ejected
0.00400422,8000.0,259857,Ejected
0.00400422,16000.0,1741162,Ejected
0.00400422,14000.0,3863834,Ejected
0.00400422,13000.0,259826,Ejected
0.00400422,12000.0,3259130,Ejected
0.00400422,12000.0,3528395,Ejected
0.00400422,8000.0,1741166,Ejected
0.00400422,7000.0,259807,Ejected
0.00400422,30000.0,4026734,Ejected
0.00400422,8000.0,982091,Ejected
0.00400422,7000.0,1442520,Ejected
0.00400422,5000.0,3976826,Ejected
0.00400422,9000.0,1442530,Ejected
0.00400422,13000.0,982094,Ejected
0.00400422,8000.0,259808,Ejected
0.00400422,10000.0,3259145,Ejected
0.00400422,6000.0,259810,Ejected
0.00400422,10000.0,259824,Ejected
0.00400422,11000.0,3528406,Ejected
0.00400422,6000.0,259837,Ejected
0.00400422,24000.0,3259118,Ejected
0.00400422,8000.0,1741146,Ejected
0.00400422,11000.0,438341,Ejected
0.00400422,21000.0,3528394,Ejected
0.00400422,6000.0,259855,Ejected
0.00400422,5000.0,1442518,Ejected
0.00400422,19000.0,3528375,Ejected
0.00400422,10000.0,3259123,Ejected
0.00400422,10000.0,3528396,Ejected
0.00400422,6000.0,2912483,Ejected
0.00400422,8000.0,1442511,Ejected
0.00400422,9000.0,3528361,Ejected
0.00400422,20000.0,4026785,Ejected
0.00400422,27000.0,4026789,Ejected
0.00400422,6000.0,4026791,Ejected
0.00400422,8000.0,4026787,Ejected
0.00400422,11000.0,259818,Ejected
0.00400422,10000.0,2726632,Ejected
0.00400422,7000.0,438326,Ejected
0.00400422,12000.0,3528364,Ejected
0.00400422,6000.0,259865,Ejected
0.00400422,7000.0,3528388,Ejected
0.00400422,12000.0,4026761,Ejected
0.00400422,27000.0,3528366,Ejected
0.00400422,6000.0,3259116,Ejected
0.00400422,8000.0,259869,Ejected
0.00400422,10000.0,1442525,Ejected
0.00400422,12000.0,1442513,Ejected
0.00400422,6000.0,3259121,Ejected
0.00400422,17000.0,3863830,Ejected
0.00400422,47000.0,438338,Ejected
0.00400422,8000.0,4026757,Ejected
0.00400422,12000.0,259845,Ejected
0.00400422,15000.0,259823,Ejected
0.00400422,17000.0,982111,Ejected
0.00400422,7000.0,3528373,Ejected
0.00400422,7000.0,3976829,Ejected
0.00400422,10000.0,982115,Ejected
0.00400422,8000.0,259853,Ejected
0.00400422,15000.0,438325,Ejected
0.00400422,11000.0,259872,Ejected
0.00400422,10000.0,2912480,Ejected
0.00400422,36000.0,3259141,Ejected
0.00400422,15000.0,982116,Ejected
0.00400422,9000.0,3976827,Ejected
0.00400422,10000.0,1442526,Ejected
0.00400422,69000.0,982101,Ejected
0.00400422,8000.0,259805,Ejected
0.00400422,9000.0,2912474,Ejected
0.00400422,15000.0,4026777,Ejected
0.00400422,24000.0,3528391,Ejected
0.00400422,19000.0,1741159,Ejected
0.00400422,10000.0,982105,Ejected
0.00400422,88000.0,259832,Ejected
0.00400422,27000.0,259850,Ejected
0.00400422,23000.0,3528378,Ejected
0.00400422,15000.0,3976830,Ejected
0.00400422,28000.0,3259107,Ejected
0.00400422,9000.0,259871,Ejected
0.00400422,14000.0,3863842,Ejected
0.00400422,19000.0,3976823,Ejected
0.00400422,17000.0,982117,Ejected
0.00400422,33000.0,4026786,Ejected
0.00400422,19000.0,259812,Ejected
0.00400422,8000.0,3976831,Ejected
0.00400422,27000.0,4026769,Ejected
0.00400422,40000.0,259864,Ejected
0.00400422,6000.0,3863840,Ejected
0.00400422,6000.0,982088,Ejected
0.00400422,18000.0,259876,Ejected
0.00400422,9000.0,982090,Ejected
0.00400422,9000.0,4026735,Ejected
0.00400422,176000.0,3259125,Ejected
0.00400422,9000.0,4026741,Ejected
0.00400422,35000.0,2779498,Ejected
0.00400422,9000.0,3976817,Ejected
0.00400422,8000.0,3528383,Ejected
0.00400422,8000.0,2779494,Ejected
0.00400422,10000.0,1741143,Ejected
0.00400422,15000.0,2779496,Ejected
0.00400422,11000.0,1741150,Ejected
0.00400422,23000.0,3259127,Ejected
0.00400422,9000.0,259828,Ejected
0.00400422,7000.0,3259135,Ejected
0.00400422,13000.0,2912479,Ejected
0.00400422,24000.0,1442505,Ejected
0.00400422,38000.0,4026763,Ejected
0.00400422,20000.0,3259128,Ejected
0.00400422,17000.0,1442517,Ejected
0.00400422,23000.0,3259108,Ejected
0.00400422,7000.0,1442504,Ejected
0.00400422,14000.0,259830,Ejected
0.00400422,1000.0,4026774,Captured
0.00400422,15000.0,2779500,Ejected
0.00400422,85000.0,438329,Ejected
0.00400422,10000.0,4026780,Ejected
0.00400422,26000.0,1468370,Ejected
0.00400422,17000.0,2779511,Ejected
0.00400422,21000.0,438335,Ejected
0.00400422,22000.0,982113,Ejected
0.00400422,8000.0,438334,Ejected
0.00400422,8000.0,982087,Ejected
0.00400422,12000.0,3863839,Ejected
0.00400422,16000.0,3528374,Ejected
0.00400422,13000.0,3528379,Ejected
0.00400422,19000.0,3528392,Ejected
0.00400422,16000.0,4026767,Ejected
0.00400422,14000.0,1741164,Ejected
0.00400422,34000.0,2779518,Ejected
0.00400422,6000.0,3976825,Ejected
0.00400422,11000.0,3863847,Ejected
0.00400422,4000.0,461391,Ejected
0.00400422,6000.0,461367,Ejected
0.00400422,11000.0,982107,Ejected
0.00400422,48000.0,438324,Ejected
0.00400422,5000.0,461374,Ejected
0.00400422,8000.0,461380,Ejected
0.00400422,67000.0,461398,Ejected
0.00400422,8000.0,461369,Ejected
0.00400422,7000.0,461384,Ejected
0.00400422,6000.0,461387,Ejected
0.00400422,15000.0,461375,Ejected
0.00400422,7000.0,461381,Ejected
0.00400422,11000.0,461373,Ejected
0.00400422,15000.0,259802,Ejected
0.00400422,11000.0,461378,Ejected
0.00400422,6000.0,461393,Ejected
0.00400422,12000.0,982119,Ejected
0.00400422,15000.0,1741152,Ejected
0.00400422,11000.0,461389,Ejected
0.00400422,23000.0,461383,Ejected
0.00400422,23000.0,3528390,Ejected
0.00400422,11000.0,1468367,Ejected
0.00400422,2000.0,2779491,Captured
0.00400422,15000.0,982120,Ejected
0.00400422,17000.0,461377,Ejected
0.00400422,22000.0,461379,Ejected
0.00400422,18000.0,461386,Ejected
0.00400422,95000.0,259827,Ejected
0.00400422,14000.0,2779503,Ejected
0.00400422,31000.0,3976816,Ejected
0.00400422,34000.0,2779490,Ejected
0.00400422,32000.0,259881,Ejected
0.00400422,29000.0,4026750,Ejected
0.00400422,41000.0,4026784,Ejected
0.00400422,58000.0,3528404,Ejected
0.00400422,5000.0,259875,Captured
0.00400422,66000.0,4026747,Ejected
0.00400422,88000.0,982110,Ejected
0.00400422,101000.0,3863836,Ejected
0.00400422,33000.0,461368,Ejected
0.00400422,119000.0,259838,Ejected
0.00400422,131000.0,3259144,Ejected
0.00400422,140000.0,2779488,Ejected
0.00400422,32000.0,438342,Captured
0.00400422,38000.0,438330,Ejected
0.00400422,47000.0,4026790,Captured
0.00400422,77000.0,438321,Captured
0.0094955,5000.0,2788599,Ejected
0.0094955,0.0,2788583,Captured
0.0094955,3000.0,2788596,Ejected
0.0094955,4000.0,2788586,Ejected
0.0094955,6000.0,2788594,Ejected
0.0094955,3000.0,2788580,Ejected
0.0094955,6000.0,2788582,Ejected
0.0094955,3000.0,2788591,Ejected
0.0094955,4000.0,2788589,Ejected
0.0094955,4000.0,2788587,Ejected
0.0094955,12000.0,2788585,Ejected
0.0094955,18000.0,2788573,Ejected
0.0094955,6000.0,2788581,Ejected
0.0094955,3000.0,3534939,Ejected
0.0094955,5000.0,3534970,Ejected
0.0094955,3000.0,3534933,Ejected
0.0094955,4000.0,3534967,Ejected
0.0094955,3000.0,3534945,Ejected
0.0094955,4000.0,3534971,Ejected
0.0094955,3000.0,3534961,Ejected
0.0094955,6000.0,3534942,Ejected
0.0094955,4000.0,3534937,Ejected
0.0094955,6000.0,3534960,Ejected
0.0094955,6000.0,2788597,Ejected
0.0094955,4000.0,2788570,Ejected
0.0094955,7000.0,3534958,Ejected
0.0094955,10000.0,2788572,Ejected
0.0094955,13000.0,3534935,Ejected
0.0094955,5000.0,2788576,Ejected
0.0094955,4000.0,3534936,Ejected
0.0094955,4000.0,3534951,Ejected
0.0094955,1000.0,3534972,Ejected
0.0094955,3000.0,3534944,Ejected
0.0094955,3000.0,3534965,Ejected
0.0094955,18000.0,3534946,Ejected
0.0094955,10000.0,3534959,Ejected
0.0094955,13000.0,3534943,Ejected
0.0094955,7000.0,3534948,Ejected
0.0094955,3000.0,2788577,Ejected
0.0094955,7000.0,3534950,Ejected
0.0094955,4000.0,2788579,Ejected
0.0094955,45000.0,3534929,Ejected
0.0094955,4000.0,3534954,Ejected
0.0094955,6000.0,3534928,Ejected
0.0094955,5000.0,3534973,Ejected
0.0094955,15000.0,3534947,Ejected
0.0094955,16000.0,3534938,Ejected
0.0094955,4000.0,3534941,Ejected
0.0094955,7000.0,3534931,Ejected
0.0094955,33000.0,3534964,Ejected
0.0094955,14000.0,3534930,Ejected
0.0094955,15000.0,2788571,Ejected
0.0094955,0.0,439223,Captured
0.0094955,4000.0,439234,Ejected
0.0094955,7000.0,439230,Ejected
0.0094955,3000.0,439246,Ejected
0.0094955,4000.0,439214,Ejected
0.0094955,4000.0,439222,Ejected
0.0094955,4000.0,439225,Ejected
0.0094955,5000.0,3534949,Ejected
0.0094955,4000.0,439238,Ejected
0.0094955,6000.0,439244,Ejected
0.0094955,11000.0,439240,Ejected
0.0094955,4000.0,439218,Ejected
0.0094955,4000.0,439227,Ejected
0.0094955,67000.0,1588580,Ejected
0.0094955,9000.0,2890618,Ejected
0.0094955,9000.0,2890627,Ejected
0.0094955,12000.0,2890631,Ejected
0.0094955,3000.0,983173,Ejected
0.0094955,2000.0,983167,Ejected
0.0094955,3000.0,3864577,Ejected
0.0094955,9000.0,2727094,Ejected
0.0094955,7000.0,983194,Ejected
0.0094955,5000.0,439224,Ejected
0.0094955,8000.0,3864585,Ejected
0.0094955,3000.0,3864583,Ejected
0.0094955,7000.0,983181,Ejected
0.0094955,3000.0,2890636,Ejected
0.0094955,13000.0,983174,Ejected
0.0094955,5000.0,2890619,Ejected
0.0094955,6000.0,983169,Ejected
0.0094955,4000.0,983184,Ejected
0.0094955,4000.0,1443367,Ejected
0.0094955,6000.0,3864576,Ejected
0.0094955,6000.0,983180,Ejected
0.0094955,4000.0,1443385,Ejected
0.0094955,5000.0,2890635,Ejected
0.0094955,6000.0,1443370,Ejected
0.0094955,3000.0,1443376,Ejected
0.0094955,5000.0,3864579,Ejected
0.0094955,5000.0,983182,Ejected
0.0094955,8000.0,983158,Ejected
0.0094955,6000.0,983178,Ejected
0.0094955,4000.0,1443380,Ejected
0.0094955,3000.0,3260104,Ejected
0.0094955,3000.0,4029127,Ejected
0.0094955,6000.0,3864571,Ejected
0.0094955,16000.0,2890626,Ejected
0.0094955,0.0,4029135,Captured
0.0094955,3000.0,1443396,Ejected
0.0094955,4000.0,4029131,Ejected
0.0094955,7000.0,4029098,Ejected
0.0094955,3000.0,4029116,Ejected
0.0094955,4000.0,983188,Ejected
0.0094955,3000.0,3864572,Ejected
0.0094955,3000.0,4029085,Ejected
0.0094955,5000.0,1443368,Ejected
0.0094955,2000.0,3260119,Ejected
0.0094955,7000.0,4029115,Ejected
0.0094955,5000.0,1443372,Ejected
0.0094955,6000.0,983172,Ejected
0.0094955,6000.0,983175,Ejected
0.0094955,0.0,4029125,Captured
0.0094955,2000.0,3260117,Ejected
0.0094955,3000.0,4029123,Ejected
0.0094955,5000.0,3260085,Ejected
0.0094955,4000.0,3260110,Ejected
0.0094955,4000.0,983162,Ejected
0.0094955,8000.0,4029093,Ejected
0.0094955,6000.0,4029092,Ejected
0.0094955,10000.0,4029108,Ejected
0.0094955,6000.0,3864586,Ejected
0.0094955,4000.0,4029113,Ejected
0.0094955,4000.0,2890634,Ejected
0.0094955,6000.0,3260092,Ejected
0.0094955,4000.0,3260111,Ejected
0.0094955,4000.0,261478,Ejected
0.0094955,15000.0,261476,Ejected
0.0094955,6000.0,983159,Ejected
0.0094955,3000.0,3260105,Ejected
0.0094955,4000.0,1443375,Ejected
0.0094955,4000.0,261532,Ejected
0.0094955,7000.0,2890630,Ejected
0.0094955,9000.0,983152,Ejected
0.0094955,3000.0,4029118,Ejected
0.0094955,11000.0,2890632,Ejected
0.0094955,7000.0,261473,Ejected
0.0094955,6000.0,4029134,Ejected
0.0094955,4000.0,3260088,Ejected
0.0094955,2000.0,4029079,Ejected
0.0094955,4000.0,261517,Ejected
0.0094955,4000.0,261464,Ejected
0.0094955,5000.0,2890633,Ejected
0.0094955,3000.0,4029084,Ejected
0.0094955,9000.0,1443384,Ejected
0.0094955,4000.0,1443369,Ejected
0.0094955,4000.0,2890638,Ejected
0.0094955,13000.0,261474,Ejected
0.0094955,10000.0,4029077,Ejected
0.0094955,6000.0,261530,Ejected
0.0094955,4000.0,983166,Ejected
0.0094955,7000.0,983185,Ejected
0.0094955,67000.0,3260099,Ejected
0.0094955,5000.0,4029105,Ejected
0.0094955,4000.0,261509,Ejected
0.0094955,16000.0,983160,Ejected
0.0094955,3000.0,1742488,Ejected
0.0094955,11000.0,3864569,Ejected
0.0094955,5000.0,1443377,Ejected
0.0094955,6000.0,261512,Ejected
0.0094955,8000.0,4029091,Ejected
0.0094955,4000.0,3864581,Ejected
0.0094955,4000.0,261528,Ejected
0.0094955,3000.0,4029088,Ejected
0.0094955,3000.0,261515,Ejected
0.0094955,3000.0,4029078,Ejected
0.0094955,7000.0,4029100,Ejected
0.0094955,3000.0,3260116,Ejected
0.0094955,10000.0,1443365,Ejected
0.0094955,5000.0,1742489,Ejected
0.0094955,5000.0,1443379,Ejected
0.0094955,5000.0,1742486,Ejected
0.0094955,3000.0,1742493,Ejected
0.0094955,6000.0,4029117,Ejected
0.0094955,16000.0,261534,Ejected
0.0094955,9000.0,261520,Ejected
0.0094955,10000.0,4029128,Ejected
0.0094955,4000.0,4029124,Ejected
0.0094955,3000.0,261486,Ejected
0.0094955,3000.0,261503,Ejected
0.0094955,10000.0,3864578,Ejected
0.0094955,5000.0,1742485,Ejected
0.0094955,4000.0,261480,Ejected
0.0094955,7000.0,261460,Ejected
0.0094955,3000.0,3260086,Ejected
0.0094955,4000.0,4029096,Ejected
0.0094955,6000.0,1742500,Ejected
0.0094955,13000.0,261510,Ejected
0.0094955,3000.0,983187,Ejected
0.0094955,10000.0,3260122,Ejected
0.0094955,6000.0,3260097,Ejected
0.0094955,13000.0,983193,Ejected
0.0094955,4000.0,261494,Ejected
0.0094955,7000.0,261457,Ejected
0.0094955,5000.0,261538,Ejected
0.0094955,14000.0,3260113,Ejected
0.0094955,13000.0,439217,Ejected
0.0094955,5000.0,4029114,Ejected
0.0094955,10000.0,261495,Ejected
0.0094955,3000.0,261462,Ejected
0.0094955,4000.0,3260120,Ejected
0.0094955,6000.0,1443386,Ejected
0.0094955,6000.0,261459,Ejected
0.0094955,11000.0,983171,Ejected
0.0094955,5000.0,4029130,Ejected
0.0094955,10000.0,261506,Ejected
0.0094955,3000.0,1443374,Ejected
0.0094955,5000.0,1742507,Ejected
0.0094955,7000.0,983150,Ejected
0.0094955,3000.0,1742491,Ejected
0.0094955,5000.0,261463,Ejected
0.0094955,4000.0,261489,Ejected
0.0094955,4000.0,261500,Ejected
0.0094955,5000.0,4029106,Ejected
0.0094955,2000.0,261529,Ejected
0.0094955,17000.0,261477,Ejected
0.0094955,5000.0,4029090,Ejected
0.0094955,4000.0,3260103,Ejected
0.0094955,3000.0,261535,Ejected
0.0094955,4000.0,261496,Ejected
0.0094955,4000.0,261472,Ejected
0.0094955,4000.0,1443387,Ejected
0.0094955,3000.0,261461,Ejected
0.0094955,4000.0,261522,Ejected
0.0094955,5000.0,261511,Ejected
0.0094955,5000.0,3260102,Ejected
0.0094955,5000.0,261470,Ejected
0.0094955,4000.0,261519,Ejected
0.0094955,13000.0,3260106,Ejected
0.0094955,5000.0,261483,Ejected
0.0094955,5000.0,261501,Ejected
0.0094955,3000.0,1742492,Ejected
0.0094955,5000.0,1742487,Ejected
0.0094955,6000.0,3864574,Ejected
0.0094955,3000.0,3260121,Ejected
0.0094955,4000.0,983161,Ejected
0.0094955,41000.0,261458,Ejected
0.0094955,5000.0,1443373,Ejected
0.0094955,5000.0,261479,Ejected
0.0094955,6000.0,261497,Ejected
0.0094955,6000.0,1742497,Ejected
0.0094955,20000.0,983164,Ejected
0.0094955,6000.0,261469,Ejected
0.0094955,10000.0,261507,Ejected
0.0094955,9000.0,3864567,Ejected
0.0094955,4000.0,261467,Ejected
0.0094955,5000.0,4029094,Ejected
0.0094955,8000.0,1588581,Ejected
0.0094955,4000.0,1443393,Ejected
0.0094955,17000.0,3260084,Ejected
0.0094955,8000.0,4029132,Ejected
0.0094955,4000.0,261516,Ejected
0.0094955,5000.0,983183,Ejected
0.0094955,4000.0,261542,Ejected
0.0094955,12000.0,261485,Ejected
0.0094955,32000.0,261502,Ejected
0.0094955,35000.0,4029111,Ejected
0.0094955,7000.0,439247,Ejected
0.0094955,34000.0,3260091,Ejected
0.0094955,10000.0,261466,Ejected
0.0094955,11000.0,3260095,Ejected
0.0094955,11000.0,261526,Ejected
0.0094955,9000.0,3864570,Ejected
0.0094955,6000.0,1742490,Ejected
0.0094955,9000.0,4029129,Ejected
0.0094955,9000.0,261487,Ejected
0.0094955,10000.0,983149,Ejected
0.0094955,10000.0,3864584,Ejected
0.0094955,8000.0,1742496,Ejected
0.0094955,6000.0,4029103,Ejected
0.0094955,4000.0,4029097,Ejected
0.0094955,4000.0,3260087,Ejected
0.0094955,23000.0,261493,Ejected
0.0094955,5000.0,261544,Ejected
0.0094955,12000.0,3534963,Ejected
0.0094955,5000.0,261475,Ejected
0.0094955,12000.0,1742494,Ejected
0.0094955,5000.0,1742495,Ejected
0.0094955,13000.0,4029083,Ejected
0.0094955,12000.0,4029104,Ejected
0.0094955,4000.0,1471370,Ejected
0.0094955,4000.0,1471379,Ejected
0.0094955,4000.0,1471368,Ejected
0.0094955,11000.0,1471373,Ejected
0.0094955,9000.0,1471378,Ejected
0.0094955,11000.0,1471366,Ejected
0.0094955,3000.0,1471367,Ejected
0.0094955,23000.0,1471376,Ejected
0.0094955,11000.0,4029120,Ejected
0.0094955,9000.0,1471365,Ejected
0.0094955,11000.0,4029095,Ejected
0.0094955,17000.0,1443383,Ejected
0.0094955,19000.0,3534969,Ejected
0.0094955,31000.0,4029086,Ejected
0.0094955,30000.0,261523,Ejected
0.0094955,7000.0,462281,Ejected
0.0094955,5000.0,462258,Ejected
0.0094955,8000.0,462279,Ejected
0.0094955,10000.0,462284,Ejected
0.0094955,4000.0,462262,Ejected
0.0094955,10000.0,462282,Ejected
0.0094955,7000.0,462261,Ejected
0.0094955,5000.0,462265,Ejected
0.0094955,3000.0,462269,Ejected
0.0094955,3000.0,462287,Ejected
0.0094955,4000.0,462280,Ejected
0.0094955,0.0,462276,Captured
0.0094955,3000.0,462286,Ejected
0.0094955,4000.0,462270,Ejected
0.0094955,24000.0,462278,Ejected
0.0094955,21000.0,462267,Ejected
0.0094955,3000.0,462285,Ejected
0.0094955,7000.0,462271,Ejected
0.0094955,55000.0,261505,Ejected
0.0094955,23000.0,2788590,Ejected
0.0094955,27000.0,1443366,Ejected
0.0094955,32000.0,4029082,Captured
0.0094955,64000.0,2788595,Captured
0.0094955,79000.0,4029080,Captured
0.030027,1000.0,2892075,Ejected
0.030027,2000.0,2892063,Ejected
0.030027,5000.0,2892065,Ejected
0.030027,3000.0,2892064,Ejected
0.030027,2000.0,2892066,Ejected
0.030027,0.0,2892070,Captured
0.030027,2000.0,2913076,Ejected
0.030027,0.0,2892067,Captured
0.030027,3000.0,2892073,Ejected
0.030027,2000.0,2913078,Ejected
0.030027,9000.0,2892083,Ejected
0.030027,2000.0,2892080,Ejected
0.030027,2000.0,2913077,Ejected
0.030027,11000.0,2892082,Ejected
0.030027,3000.0,1444250,Ejected
0.030027,0.0,1444239,Captured
0.030027,2000.0,1444242,Ejected
0.030027,5000.0,1444243,Ejected
0.030027,2000.0,2892068,Ejected
0.030027,2000.0,1444267,Ejected
0.030027,4000.0,2913075,Ejected
0.030027,2000.0,1444253,Ejected
0.030027,3000.0,1444258,Ejected
0.030027,16000.0,1444260,Ejected
0.030027,2000.0,1444259,Ejected
0.030027,2000.0,1444240,Ejected
0.030027,5000.0,1444256,Ejected
0.030027,5000.0,1444245,Ejected
0.030027,2000.0,2892061,Ejected
0.030027,9000.0,1444249,Ejected
0.030027,3000.0,1444241,Ejected
0.030027,3000.0,1444237,Ejected
0.030027,3000.0,1444261,Ejected
0.030027,4000.0,1444251,Ejected
0.030027,2000.0,1444244,Ejected
0.030027,7000.0,2892072,Ejected
0.030027,5000.0,1444246,Ejected
0.030027,3000.0,2892076,Ejected
0.030027,2000.0,440128,Ejected
0.030027,2000.0,440124,Ejected
0.030027,2000.0,440129,Ejected
0.030027,2000.0,440131,Ejected
0.030027,1000.0,440140,Ejected
0.030027,3000.0,440142,Ejected
0.030027,2000.0,440123,Ejected
0.030027,4000.0,440134,Ejected
0.030027,4000.0,440138,Ejected
0.030027,5000.0,440117,Ejected
0.030027,2000.0,440127,Ejected
0.030027,5000.0,440125,Ejected
0.030027,3000.0,440112,Ejected
0.030027,3000.0,440126,Ejected
0.030027,3000.0,3543406,Ejected
0.030027,3000.0,3543398,Ejected
0.030027,4000.0,3543425,Ejected
0.030027,2000.0,3543421,Ejected
0.030027,2000.0,3543420,Ejected
0.030027,8000.0,3543401,Ejected
0.030027,6000.0,3543419,Ejected
0.030027,2000.0,3261079,Ejected
0.030027,1000.0,3543417,Ejected
0.030027,2000.0,3543407,Ejected
0.030027,2000.0,3261068,Ejected
0.030027,2000.0,3261080,Ejected
0.030027,2000.0,3543396,Ejected
0.030027,3000.0,3261096,Ejected
0.030027,2000.0,3543380,Ejected
0.030027,4000.0,3543412,Ejected
0.030027,2000.0,3543378,Ejected
0.030027,4000.0,3543405,Ejected
0.030027,14000.0,3261070,Ejected
0.030027,3000.0,3261071,Ejected
0.030027,12000.0,3543410,Ejected
0.030027,8000.0,3261091,Ejected
0.030027,3000.0,3261083,Ejected
0.030027,4000.0,3543376,Ejected
0.030027,2000.0,3261098,Ejected
0.030027,5000.0,3261089,Ejected
0.030027,12000.0,3261090,Ejected
0.030027,6000.0,3543383,Ejected
0.030027,9000.0,3543404,Ejected
0.030027,13000.0,3261092,Ejected
0.030027,3000.0,3543400,Ejected
0.030027,4000.0,3261077,Ejected
0.030027,3000.0,3261067,Ejected
0.030027,2000.0,3261102,Ejected
0.030027,3000.0,3261073,Ejected
0.030027,7000.0,3261093,Ejected
0.030027,8000.0,440137,Ejected
0.030027,2000.0,1744188,Ejected
0.030027,2000.0,1744187,Ejected
0.030027,2000.0,3543389,Ejected
0.030027,3000.0,3261097,Ejected
0.030027,10000.0,3543393,Ejected
0.030027,3000.0,3543424,Ejected
0.030027,1000.0,984254,Ejected
0.030027,4000.0,3543426,Ejected
0.030027,2000.0,3261085,Ejected
0.030027,2000.0,984260,Ejected
0.030027,2000.0,984252,Ejected
0.030027,2000.0,1744181,Ejected
0.030027,2000.0,1744176,Ejected
0.030027,2000.0,1744174,Ejected
0.030027,2000.0,984239,Ejected
0.030027,6000.0,1744169,Ejected
0.030027,7000.0,1744186,Ejected
0.030027,7000.0,1744185,Ejected
0.030027,2000.0,1744177,Ejected
0.030027,3000.0,984220,Ejected
0.030027,3000.0,984249,Ejected
0.030027,3000.0,440122,Ejected
0.030027,4000.0,1744167,Ejected
0.030027,5000.0,3543423,Ejected
0.030027,14000.0,984245,Ejected
0.030027,3000.0,984234,Ejected
0.030027,10000.0,984229,Ejected
0.030027,9000.0,984218,Ejected
0.030027,5000.0,984250,Ejected
0.030027,17000.0,3261087,Ejected
0.030027,3000.0,984224,Ejected
0.030027,6000.0,440143,Ejected
0.030027,3000.0,3261078,Ejected
0.030027,3000.0,984215,Ejected
0.030027,3000.0,984228,Ejected
0.030027,6000.0,1744179,Ejected
0.030027,5000.0,984223,Ejected
0.030027,8000.0,984227,Ejected
0.030027,7000.0,984241,Ejected
0.030027,6000.0,440121,Ejected
0.030027,8000.0,1744175,Ejected
0.030027,2000.0,3261066,Ejected
0.030027,2000.0,3261100,Ejected
0.030027,3000.0,2804603,Ejected
0.030027,14000.0,984216,Ejected
0.030027,1000.0,2804585,Ejected
0.030027,3000.0,2804584,Ejected
0.030027,1000.0,2804582,Ejected
0.030027,2000.0,2804568,Ejected
0.030027,9000.0,2804578,Ejected
0.030027,2000.0,2804612,Ejected
0.030027,2000.0,2804617,Ejected
0.030027,2000.0,2804589,Ejected
0.030027,2000.0,2804580,Ejected
0.030027,2000.0,2804610,Ejected
0.030027,7000.0,2804591,Ejected
0.030027,2000.0,2804624,Ejected
0.030027,3000.0,2804611,Ejected
0.030027,2000.0,2804627,Ejected
0.030027,4000.0,2804570,Ejected
0.030027,2000.0,2804616,Ejected
0.030027,2000.0,2804581,Ejected
0.030027,2000.0,2804629,Ejected
0.030027,3000.0,3543422,Ejected
0.030027,3000.0,440132,Ejected
0.030027,2000.0,2804594,Ejected
0.030027,10000.0,2804587,Ejected
0.030027,8000.0,2804575,Ejected
0.030027,12000.0,2804620,Ejected
0.030027,4000.0,4030869,Ejected
0.030027,3000.0,4030830,Ejected
0.030027,6000.0,4030829,Ejected
0.030027,3000.0,4030868,Ejected
0.030027,2000.0,4030816,Ejected
0.030027,7000.0,4030870,Ejected
0.030027,4000.0,4030847,Ejected
0.030027,3000.0,4030864,Ejected
0.030027,3000.0,4030823,Ejected
0.030027,3000.0,4030872,Ejected
0.030027,2000.0,4030860,Ejected
0.030027,1000.0,4030843,Ejected
0.030027,2000.0,4030859,Ejected
0.030027,3000.0,4030844,Ejected
0.030027,2000.0,4030819,Ejected
0.030027,4000.0,2804614,Ejected
0.030027,2000.0,4030855,Ejected
0.030027,3000.0,2804613,Ejected
0.030027,5000.0,4030845,Ejected
0.030027,4000.0,2804621,Ejected
0.030027,4000.0,2804602,Ejected
0.030027,4000.0,4030833,Ejected
0.030027,8000.0,4030835,Ejected
0.030027,2000.0,4030852,Ejected
0.030027,4000.0,4030822,Ejected
0.030027,3000.0,4030851,Ejected
0.030027,8000.0,4030863,Ejected
0.030027,8000.0,3543391,Ejected
0.030027,2000.0,4030874,Ejected
0.030027,10000.0,2804586,Ejected
0.030027,3000.0,4030817,Ejected
0.030027,3000.0,4030837,Ejected
0.030027,7000.0,984251,Ejected
0.030027,6000.0,2804576,Ejected
0.030027,5000.0,4030826,Ejected
0.030027,3000.0,4030850,Ejected
0.030027,2000.0,4030841,Ejected
0.030027,3000.0,4030846,Ejected
0.030027,2000.0,4030818,Ejected
0.030027,9000.0,4030871,Ejected
0.030027,3000.0,4030825,Ejected
0.030027,2000.0,4030821,Ejected
0.030027,3000.0,263160,Ejected
0.030027,1000.0,263168,Ejected
0.030027,3000.0,263130,Ejected
0.030027,5000.0,263162,Ejected
0.030027,2000.0,263165,Ejected
0.030027,2000.0,263190,Ejected
0.030027,3000.0,263129,Ejected
0.030027,2000.0,263153,Ejected
0.030027,65000.0,263133,Ejected
0.030027,2000.0,263137,Ejected
0.030027,2000.0,263184,Ejected
0.030027,4000.0,1744182,Ejected
0.030027,2000.0,263195,Ejected
0.030027,4000.0,263180,Ejected
0.030027,2000.0,263161,Ejected
0.030027,2000.0,263121,Ejected
0.030027,2000.0,263145,Ejected
0.030027,2000.0,263178,Ejected
0.030027,3000.0,263140,Ejected
0.030027,2000.0,263126,Ejected
0.030027,2000.0,263171,Ejected
0.030027,5000.0,263116,Ejected
0.030027,3000.0,263187,Ejected
0.030027,6000.0,263125,Ejected
0.030027,8000.0,263156,Ejected
0.030027,9000.0,263150,Ejected
0.030027,4000.0,263117,Ejected
0.030027,3000.0,263164,Ejected
0.030027,20000.0,263112,Ejected
0.030027,4000.0,263158,Ejected
0.030027,7000.0,263185,Ejected
0.030027,5000.0,440141,Ejected
0.030027,20000.0,4030824,Ejected
0.030027,3000.0,263138,Ejected
0.030027,3000.0,263127,Ejected
0.030027,2000.0,263144,Ejected
0.030027,3000.0,263169,Ejected
0.030027,3000.0,263118,Ejected
0.030027,4000.0,263167,Ejected
0.030027,3000.0,263192,Ejected
0.030027,4000.0,263124,Ejected
0.030027,11000.0,440113,Ejected
0.030027,4000.0,263115,Ejected
0.030027,3000.0,4030848,Ejected
0.030027,3000.0,263174,Ejected
0.030027,3000.0,4030836,Ejected
0.030027,4000.0,4030827,Ejected
0.030027,3000.0,2804607,Ejected
0.030027,6000.0,1444254,Ejected
0.030027,3000.0,263159,Ejected
0.030027,2000.0,463163,Ejected
0.030027,2000.0,463177,Ejected
0.030027,4000.0,463165,Ejected
0.030027,3000.0,463157,Ejected
0.030027,3000.0,463180,Ejected
0.030027,2000.0,463173,Ejected
0.030027,2000.0,463159,Ejected
0.030027,5000.0,463185,Ejected
0.030027,5000.0,463160,Ejected
0.030027,3000.0,463167,Ejected
0.030027,4000.0,463182,Ejected
0.030027,2000.0,463161,Ejected
0.030027,4000.0,463176,Ejected
0.030027,5000.0,463187,Ejected
0.030027,8000.0,463184,Ejected
0.030027,10000.0,440119,Ejected
0.030027,44000.0,263183,Ejected
0.030027,72000.0,2804618,Ejected
0.030027,14000.0,1744171,Ejected
0.030027,43000.0,984256,Captured
0.030027,24000.0,2892079,Captured
0.030027,59000.0,3543384,Captured
0.1,1000.0,985327,Ejected
0.1,1000.0,985336,Ejected
0.1,1000.0,1186312,Ejected
0.1,2000.0,1186316,Ejected
0.1,1000.0,1186286,Ejected
0.1,1000.0,1186324,Ejected
0.1,1000.0,1186309,Ejected
0.1,1000.0,3611,Ejected
0.1,1000.0,3596,Ejected
0.1,2000.0,1186305,Ejected
0.1,2000.0,3601,Ejected
0.1,16000.0,1186300,Ejected
0.1,5000.0,985335,Ejected
0.1,1000.0,1186287,Ejected
0.1,2000.0,3544,Ejected
0.1,4000.0,1186285,Ejected
0.1,1000.0,1591134,Ejected
0.1,2000.0,1591091,Ejected
0.1,1000.0,1591099,Ejected
0.1,2000.0,1591087,Ejected
0.1,2000.0,1591117,Ejected
0.1,1000.0,1591093,Ejected
0.1,3000.0,1591136,Ejected
0.1,2000.0,1591086,Ejected
0.1,2000.0,1591124,Ejected
0.1,2000.0,1591123,Ejected
0.1,4000.0,3598,Ejected
0.1,7000.0,1591088,Ejected
0.1,2000.0,3977552,Ejected
0.1,2000.0,3977540,Ejected
0.1,2000.0,1186291,Ejected
0.1,2000.0,3605,Ejected
0.1,3000.0,1591128,Ejected
0.1,6000.0,3566,Ejected
0.1,4000.0,1591113,Ejected
0.1,2000.0,3576,Ejected
0.1,2000.0,985326,Ejected
0.1,4000.0,3977574,Ejected
0.1,3000.0,1591089,Ejected
0.1,1000.0,3977536,Ejected
0.1,2000.0,3977535,Ejected
0.1,2000.0,3553,Ejected
0.1,3000.0,3555,Ejected
0.1,5000.0,3977531,Ejected
0.1,1000.0,3595,Ejected
0.1,2000.0,3977545,Ejected
0.1,2000.0,3562,Ejected
0.1,2000.0,1186325,Ejected
0.1,2000.0,3977532,Ejected
0.1,2000.0,3977547,Ejected
0.1,3000.0,1186295,Ejected
0.1,5000.0,1591085,Ejected
0.1,2000.0,3977534,Ejected
0.1,5000.0,3977551,Ejected
0.1,3000.0,3977539,Ejected
0.1,3000.0,3977571,Ejected
0.1,6000.0,1591126,Ejected
0.1,3000.0,3977528,Ejected
0.1,2000.0,3572,Ejected
0.1,2000.0,985329,Ejected
0.1,2000.0,3577,Ejected
0.1,1000.0,1591094,Ejected
0.1,2000.0,3546,Ejected
0.1,3000.0,3977559,Ejected
0.1,13000.0,1591096,Ejected
0.1,1000.0,1186306,Ejected
0.1,2000.0,3563,Ejected
0.1,4000.0,1591119,Ejected
0.1,3000.0,3568,Ejected
0.1,1000.0,3608,Ejected
0.1,2000.0,3592,Ejected
0.1,2000.0,3587,Ejected
0.1,3000.0,1186302,Ejected
0.1,5000.0,3977569,Ejected
0.1,2000.0,3547,Ejected
0.1,6000.0,3558,Ejected
0.1,1000.0,3977550,Ejected
0.1,2000.0,1591115,Ejected
0.1,2000.0,3977568,Ejected
0.1,2000.0,3977533,Ejected
0.1,2000.0,1591112,Ejected
0.1,1000.0,1186288,Ejected
0.1,4000.0,3593,Ejected
0.1,4000.0,1186303,Ejected
0.1,2000.0,3977519,Ejected
0.1,2000.0,3977526,Ejected
0.1,2000.0,2902400,Ejected
0.1,1000.0,2902356,Ejected
0.1,2000.0,2902387,Ejected
0.1,7000.0,2902396,Ejected
0.1,1000.0,2902381,Ejected
0.1,1000.0,2902354,Ejected
0.1,1000.0,2902385,Ejected
0.1,3000.0,2902386,Ejected
0.1,1000.0,2902361,Ejected
0.1,2000.0,2902369,Ejected
0.1,3000.0,1186279,Ejected
0.1,3000.0,2902411,Ejected
0.1,1000.0,2902378,Ejected
0.1,2000.0,2902366,Ejected
0.1,6000.0,2902380,Ejected
0.1,2000.0,2902358,Ejected
0.1,1000.0,2902399,Ejected
0.1,2000.0,2902382,Ejected
0.1,3000.0,1186290,Ejected
0.1,3000.0,1186289,Ejected
0.1,2000.0,3606,Ejected
0.1,7000.0,3543,Ejected
0.1,2000.0,2902372,Ejected
0.1,3000.0,1186317,Ejected
0.1,9000.0,3977543,Ejected
0.1,3000.0,3977546,Ejected
0.1,2000.0,3977561,Ejected
0.1,2000.0,3977525,Ejected
0.1,4000.0,923106,Ejected
0.1,2000.0,923113,Ejected
0.1,2000.0,923101,Ejected
0.1,2000.0,923092,Ejected
0.1,3000.0,923108,Ejected
0.1,4000.0,923096,Ejected
0.1,1000.0,2902412,Ejected
0.1,2000.0,3569,Ejected
0.1,1000.0,3548,Ejected
0.1,2000.0,2902389,Ejected
0.1,6000.0,3977572,Ejected
0.1,2000.0,3591,Ejected
0.1,4000.0,2902348,Ejected
0.1,1000.0,1591090,Ejected
0.1,2000.0,1591133,Ejected
0.1,2000.0,3977555,Ejected
0.1,2000.0,2902357,Ejected
0.1,2000.0,2902401,Ejected
0.1,1000.0,4147323,Ejected
0.1,2000.0,4147321,Ejected
0.1,2000.0,4147307,Ejected
0.1,1000.0,4147342,Ejected
0.1,3000.0,923094,Ejected
0.1,2000.0,923110,Ejected
0.1,2000.0,923097,Ejected
0.1,2000.0,923088,Ejected
0.1,1000.0,3977554,Ejected
0.1,8000.0,3599,Ejected
0.1,0.0,2902394,Captured
0.1,0.0,1186281,Captured
0.1,6000.0,2902350,Ejected
0.1,6000.0,2902367,Ejected
0.1,3000.0,1186304,Ejected
0.1,1000.0,4147331,Ejected
0.1,2000.0,4147338,Ejected
0.1,2000.0,1186319,Ejected
0.1,2000.0,2902397,Ejected
0.1,7000.0,3600,Ejected
0.1,2000.0,4147300,Ejected
0.1,2000.0,1591104,Ejected
0.1,1000.0,2902342,Ejected
0.1,2000.0,3557,Ejected
0.1,2000.0,3589,Ejected
0.1,5000.0,4147316,Ejected
0.1,16000.0,1591129,Ejected
0.1,2000.0,3977558,Ejected
0.1,3000.0,4147328,Ejected
0.1,2000.0,4147329,Ejected
0.1,2000.0,4147301,Ejected
0.1,2000.0,2902406,Ejected
0.1,3000.0,4147339,Ejected
0.1,0.0,3583,Captured
0.1,2000.0,2902360,Ejected
0.1,6000.0,3977527,Ejected
0.1,3000.0,4147335,Ejected
0.1,2000.0,3977544,Ejected
0.1,2000.0,4147336,Ejected
0.1,1000.0,1591101,Ejected
0.1,2000.0,2796295,Ejected
0.1,1000.0,2796297,Ejected
0.1,6000.0,4147340,Ejected
0.1,2000.0,4147341,Ejected
0.1,2000.0,2902402,Ejected
0.1,2000.0,2796292,Ejected
0.1,6000.0,923112,Ejected
0.1,2000.0,4147322,Ejected
0.1,3000.0,3559,Ejected
0.1,2000.0,1186283,Ejected
0.1,3000.0,3977537,Ejected
0.1,2000.0,4147309,Ejected
0.1,5000.0,2902346,Ejected
0.1,2000.0,2796293,Ejected
0.1,2000.0,4147306,Ejected
0.1,3000.0,4147308,Ejected
0.1,1000.0,2902391,Ejected
0.1,10000.0,4147332,Ejected
0.1,2000.0,4147337,Ejected
0.1,2000.0,1186318,Ejected
0.1,2000.0,3865795,Ejected
0.1,5000.0,3865800,Ejected
0.1,4000.0,3865807,Ejected
0.1,2000.0,3865789,Ejected
0.1,3000.0,3865803,Ejected
0.1,2000.0,3865806,Ejected
0.1,3000.0,3865804,Ejected
0.1,10000.0,2902351,Ejected
0.1,4000.0,2902362,Ejected
0.1,3000.0,923098,Ejected
0.1,8000.0,4147319,Ejected
0.1,20000.0,985324,Ejected
0.1,9000.0,1591130,Ejected
0.1,2000.0,985333,Ejected
0.1,2000.0,1796586,Ejected
0.1,3000.0,4147312,Ejected
0.1,3000.0,3865805,Ejected
0.1,2000.0,3865793,Ejected
0.1,6000.0,3865809,Ejected
0.1,2000.0,3604,Ejected
0.1,3000.0,2796296,Ejected
0.1,8000.0,3865814,Ejected
0.1,2000.0,4147299,Ejected
0.1,2000.0,3556,Ejected
0.1,2000.0,923107,Ejected
0.1,1000.0,923099,Ejected
0.1,2000.0,2902407,Ejected
0.1,3000.0,3865792,Ejected
0.1,2000.0,4147334,Ejected
0.1,3000.0,923089,Ejected
0.1,4000.0,4147324,Ejected
0.1,2000.0,4147318,Ejected
0.1,15000.0,1591092,Ejected
0.1,4000.0,3575,Ejected
0.1,1000.0,2902377,Ejected
0.1,3000.0,3865813,Ejected
0.1,3000.0,2796294,Ejected
0.1,5000.0,2902405,Ejected
0.1,1000.0,3865799,Ejected
0.1,2000.0,2902365,Ejected
0.1,0.0,3552,Captured
0.1,2000.0,2902393,Ejected
0.1,2000.0,3865791,Ejected
0.1,3000.0,3977573,Ejected
0.1,3000.0,1796585,Ejected
0.1,2000.0,3865802,Ejected
0.1,2000.0,3865796,Ejected
0.1,9000.0,2902376,Ejected
0.1,6000.0,985330,Ejected
0.1,3000.0,4147310,Ejected
0.1,7000.0,3865801,Ejected
0.1,10000.0,3865820,Ejected
0.1,3000.0,4147320,Ejected
0.1,12000.0,3586,Ejected
0.1,2000.0,4147330,Ejected
0.1,3000.0,3571,Ejected
0.1,0.0,1186282,Captured
0.1,2000.0,3426590,Ejected
0.1,3000.0,3426601,Ejected
0.1,4000.0,3426597,Ejected
0.1,1000.0,3426587,Ejected
0.1,0.0,3426605,Captured
0.1,3000.0,3426595,Ejected
0.1,2000.0,3426593,Ejected
0.1,4000.0,3426599,Ejected
0.1,2000.0,3426611,Ejected
0.1,2000.0,3426598,Ejected
0.1,9000.0,3426588,Ejected
0.1,4000.0,3426592,Ejected
0.1,2000.0,3426609,Ejected
0.1,2000.0,3426606,Ejected
0.1,4000.0,2902392,Ejected
0.1,3000.0,1591127,Ejected
0.1,2000.0,3426610,Ejected
0.1,1000.0,3734538,Ejected
0.1,2000.0,3734539,Ejected
0.1,2000.0,3734554,Ejected
0.1,3000.0,3734547,Ejected
0.1,1000.0,3734532,Ejected
0.1,3000.0,3734531,Ejected
0.1,3000.0,3734529,Ejected
0.1,4000.0,3734535,Ejected
0.1,2000.0,3734533,Ejected
0.1,6000.0,3734555,Ejected
0.1,7000.0,3734549,Ejected
0.1,28000.0,3734528,Ejected
0.1,2000.0,3734541,Ejected
0.1,2000.0,3734536,Ejected
0.1,2000.0,3734524,Ejected
0.1,2000.0,3734553,Ejected
0.1,5000.0,2902398,Ejected
0.1,21000.0,3734552,Ejected
0.1,3000.0,3734534,Ejected
0.1,8000.0,3865819,Ejected
0.1,0.0,3734530,Captured
0.1,1000.0,2902373,Captured
0.1,27000.0,1186292,Ejected
0.1,38000.0,3977541,Ejected
0.1,7000.0,3734544,Captured
0.1,9000.0,2902390,Captured
0.1,17000.0,2902371,Captured
0.1,17000.0,1186321,Captured
0.1,50000.0,4147343,Captured
0.1,10000.0,2902345,Captured
5e-05,83000.0,1797436,Ejected
5e-05,149000.0,134694,Ejected
5e-05,195000.0,134708,Ejected
5e-05,3999000.0,1797440,Ejected
5e-05,434000.0,1797454,Ejected
5e-05,351000.0,1797450,Ejected
5e-05,4744000.0,1942880,Ejected
5e-05,3335000.0,4052153,Ejected
5e-05,446000.0,1797419,Captured
5e-05,738000.0,1797426,Ejected
5e-05,1113000.0,3347342,Ejected
5e-05,3025000.0,3347324,Ejected
5e-05,2647000.0,1942812,Ejected
5e-05,4012000.0,4148410,Ejected
5e-05,4223000.0,2797022,Ejected
5e-05,4827000.0,1592515,Ejected
5e-05,3572000.0,4052148,Ejected
5e-05,3491000.0,3347317,Ejected
5e-05,3532000.0,572313,Ejected
5e-05,4976000.0,134680,Ejected
0.1,95000.0,1591120,Captured
5e-05,1801000.0,1592518,Ejected
5e-05,4918000.0,572327,Ejected
5e-05,956000.0,1942816,Captured
5e-05,4571000.0,1942811,Ejected
5e-05,4011000.0,1797473,Ejected
5e-05,1724000.0,1592521,Ejected
5e-05,4824000.0,3118436,Ejected
5e-05,2683000.0,134683,Ejected
5e-05,3078000.0,4052126,Ejected
5e-05,4613000.0,1942861,Ejected
5e-05,4038000.0,1942802,Ejected
5e-05,4512000.0,4052117,Ejected
5e-05,4662000.0,134709,Ejected
5e-05,4340000.0,1797471,Ejected
5e-05,1371000.0,1942837,Captured
5e-05,3491000.0,4052124,Ejected
5e-05,2930000.0,1797459,Ejected
5e-05,1021000.0,3118447,Ejected
5e-05,2970000.0,1942822,Ejected
5e-05,3244000.0,3118418,Ejected
5e-05,3259000.0,4052157,Ejected
5e-05,4340000.0,4052152,Ejected
5e-05,3804000.0,3347307,Ejected
5e-05,2910000.0,3347330,Ejected
5e-05,4784000.0,1797446,Ejected
5e-05,1338000.0,1942821,Ejected
5e-05,3421000.0,1942856,Ejected
5e-05,3938000.0,3118462,Ejected
5e-05,2759000.0,4052138,Ejected
5e-05,3551000.0,1797476,Ejected
5e-05,4727000.0,134684,Ejected
5e-05,4493000.0,1942879,Ejected
5e-05,2645000.0,3347306,Ejected
5e-05,4445000.0,572317,Ejected
5e-05,1829000.0,572294,Ejected
5e-05,4403000.0,572298,Ejected
5e-05,3744000.0,572292,Ejected
5e-05,4546000.0,1797415,Ejected
5e-05,1844000.0,4052109,Ejected
5e-05,4415000.0,572319,Ejected
5e-05,4355000.0,134660,Ejected
5e-05,1806000.0,1797430,Ejected
5e-05,3796000.0,1942808,Ejected
5e-05,2306000.0,572316,Captured
5e-05,4193000.0,1942825,Ejected
5e-05,3975000.0,4148415,Ejected
5e-05,3483000.0,4052169,Ejected
5e-05,3271000.0,3118466,Ejected
5e-05,4866000.0,3347341,Ejected
5e-05,2856000.0,2797032,Ejected
5e-05,4372000.0,134656,Ejected
5e-05,2815000.0,3347337,Ejected
0.0001,3000.0,1084883,Captured
0.0001,878000.0,4066020,Ejected
0.0001,52000.0,1608795,Captured
0.0001,41000.0,3586287,Captured
0.0001,960000.0,1084880,Ejected
0.0001,1003000.0,1084868,Ejected
0.0001,816000.0,1608797,Ejected
0.0001,654000.0,4065962,Ejected
0.0001,788000.0,1084898,Ejected
0.0001,999000.0,4065995,Ejected
0.0001,543000.0,4065998,Ejected
0.0001,1582000.0,3586325,Ejected
0.0001,1275000.0,1084891,Ejected
0.0001,859000.0,4066021,Ejected
0.0001,1078000.0,4050995,Ejected
0.0001,900000.0,3586316,Ejected
0.0001,797000.0,1608782,Ejected
0.0001,845000.0,1084895,Ejected
0.0001,1133000.0,1084881,Ejected
0.0001,2136000.0,1084870,Ejected
0.0001,1315000.0,4050933,Ejected
0.0001,1251000.0,5742,Ejected
0.0001,1821000.0,4191773,Ejected
0.0001,228000.0,1608805,Captured
0.0001,828000.0,1608769,Ejected
0.0001,3344000.0,1608752,Ejected
0.0001,2671000.0,3269100,Ejected
0.0001,1655000.0,3269131,Ejected
0.0001,2818000.0,5691,Ejected
0.0001,2882000.0,984399,Ejected
0.0001,1944000.0,3586320,Ejected
0.0001,1030000.0,4065985,Ejected
0.0001,921000.0,1084852,Ejected
0.0001,1093000.0,1608793,Ejected
0.0001,1417000.0,4191764,Ejected
0.0001,973000.0,5720,Ejected
0.0001,1972000.0,5704,Ejected
0.0001,2335000.0,3586315,Ejected
0.0001,1429000.0,3269157,Ejected
0.0001,1667000.0,3586309,Ejected
0.0001,1131000.0,4050909,Ejected
0.0001,948000.0,4065976,Ejected
0.0001,1466000.0,4050948,Ejected
0.0001,879000.0,4065991,Ejected
0.0001,1202000.0,3586285,Ejected
0.0001,1058000.0,4050919,Ejected
0.0001,1700000.0,4065960,Ejected
0.0001,752000.0,5696,Ejected
0.0001,2404000.0,4050963,Ejected
0.0001,2283000.0,3269142,Ejected
0.0001,1180000.0,3586303,Ejected
0.0001,2226000.0,4050983,Ejected
0.0001,1543000.0,1084864,Ejected
0.0001,1100000.0,3269145,Ejected
0.0001,1478000.0,1608764,Ejected
0.0001,1314000.0,3269156,Ejected
0.0001,1652000.0,3586299,Ejected
0.0001,1620000.0,1084872,Ejected
0.0001,1691000.0,4050970,Ejected
0.0001,1540000.0,1608806,Ejected
0.0001,2030000.0,5733,Ejected
0.0001,1093000.0,4066006,Ejected
0.0001,2196000.0,5735,Ejected
0.0001,2478000.0,1084847,Ejected
0.0001,2732000.0,4050974,Ejected
0.0001,2006000.0,3269119,Ejected
0.0001,2998000.0,984410,Ejected
0.0001,2870000.0,4065956,Ejected
0.0001,2800000.0,4050908,Ejected
0.0001,1627000.0,4191776,Ejected
0.0001,1382000.0,1084867,Ejected
0.0001,1279000.0,1084844,Ejected
0.0001,1473000.0,4050982,Ejected
0.0001,2085000.0,4065972,Ejected
0.0001,2616000.0,984405,Ejected
0.0001,2199000.0,3269102,Ejected
0.0001,237000.0,4065994,Ejected
0.0001,1624000.0,5697,Ejected
0.0001,1368000.0,984406,Ejected
0.0001,3221000.0,3586321,Ejected
0.0001,2324000.0,5716,Ejected
0.0001,1087000.0,3269127,Ejected
0.0001,2330000.0,4050990,Ejected
0.0001,3158000.0,4050939,Ejected
0.0001,1904000.0,4066011,Ejected
0.0001,1842000.0,1084906,Ejected
0.0001,1506000.0,1084837,Ejected
0.0001,1148000.0,1084861,Ejected
0.0001,1414000.0,1608788,Ejected
0.0001,1569000.0,1084849,Ejected
0.0001,2840000.0,5743,Ejected
0.0001,1042000.0,4050944,Ejected
0.0001,2152000.0,1084841,Ejected
0.0001,1722000.0,5737,Ejected
0.0001,1527000.0,1084876,Captured
0.0001,1532000.0,4065989,Ejected
0.0001,2264000.0,1084873,Ejected
0.0001,2262000.0,1608802,Ejected
0.0001,1570000.0,5721,Ejected
0.0001,3139000.0,3269118,Ejected
0.0001,2326000.0,4191758,Ejected
0.0001,1679000.0,3269123,Ejected
0.0001,2972000.0,4050931,Ejected
0.0001,2151000.0,4191755,Ejected
0.0001,1869000.0,3269115,Ejected
0.0001,3113000.0,4191762,Ejected
0.0001,1851000.0,4050937,Ejected
0.0001,1821000.0,5731,Ejected
0.0001,2665000.0,3586293,Ejected
0.0001,935000.0,2869359,Ejected
0.0001,1852000.0,984396,Ejected
0.0001,3996000.0,1084840,Ejected
0.0001,1714000.0,5694,Ejected
0.0001,1928000.0,3586304,Ejected
0.0001,2090000.0,3269147,Ejected
0.0001,1453000.0,4065992,Ejected
0.0001,3835000.0,5732,Ejected
0.0001,3601000.0,2869357,Ejected
0.0001,877000.0,984401,Ejected
0.0001,1616000.0,5701,Ejected
0.0001,4040000.0,4050978,Ejected
0.0001,4368000.0,4191756,Ejected
0.0001,4362000.0,1084902,Ejected
0.0001,1578000.0,1084874,Ejected
0.0001,1089000.0,3269143,Ejected
0.0001,2580000.0,5709,Ejected
0.0001,1382000.0,4065971,Ejected
0.0001,1672000.0,3269159,Ejected
0.0001,4383000.0,1084875,Ejected
0.0001,1131000.0,3269116,Ejected
0.0001,3165000.0,4191766,Ejected
0.0001,1635000.0,1084862,Ejected
0.0001,3249000.0,4050932,Ejected
0.0001,2573000.0,4065983,Ejected
0.0001,2489000.0,4065980,Ejected
0.0001,1927000.0,3269128,Ejected
0.0001,1843000.0,1084887,Ejected
0.0001,2165000.0,4050941,Ejected
0.0001,2949000.0,4191782,Ejected
0.0001,2730000.0,1084877,Ejected
0.0001,2591000.0,2869360,Ejected
0.0001,2195000.0,3269124,Ejected
0.0001,2296000.0,3269104,Ejected
0.0001,2379000.0,1608783,Ejected
0.0001,3117000.0,4065988,Ejected
0.0001,1921000.0,984404,Ejected
0.0001,2566000.0,3586283,Ejected
0.0001,2344000.0,4191759,Ejected
0.0001,3239000.0,1084857,Ejected
0.0001,3646000.0,1608776,Ejected
0.0001,3256000.0,3586288,Ejected
0.0001,2334000.0,4050964,Ejected
0.0001,1372000.0,4066013,Ejected
0.0001,1572000.0,3586284,Ejected
0.0001,2394000.0,5685,Ejected
0.0001,4039000.0,4066019,Ejected
0.0001,2543000.0,5748,Ejected
0.0001,2901000.0,5727,Ejected
0.0001,1634000.0,4066018,Ejected
0.0001,3297000.0,5681,Ejected
0.0001,3739000.0,3269165,Ejected
0.0001,2511000.0,5684,Ejected
0.0001,1698000.0,4050953,Ejected
0.0001,3572000.0,5690,Ejected
0.0001,2103000.0,984402,Ejected
0.0001,2178000.0,1608753,Ejected
0.0001,2668000.0,3269133,Ejected
0.0001,1426000.0,5702,Ejected
0.0001,3948000.0,4050989,Ejected
0.0001,2018000.0,5729,Ejected
0.0001,2535000.0,984415,Ejected
0.0001,2354000.0,5707,Ejected
0.0001,3683000.0,3586310,Ejected
0.0001,2208000.0,4066003,Ejected
0.0001,4874000.0,3269160,Ejected
0.0001,4339000.0,1084854,Ejected
0.0001,2605000.0,4066001,Ejected
0.0001,2875000.0,1084888,Ejected
0.0001,2447000.0,5715,Ejected
0.0001,3832000.0,3269132,Ejected
0.0001,3231000.0,4050946,Ejected
0.0001,3254000.0,4065982,Ejected
0.0001,3265000.0,1084903,Ejected
0.0001,2649000.0,1084879,Ejected
0.0001,3298000.0,1608774,Ejected
0.0001,3105000.0,3269151,Ejected
0.0001,2974000.0,4191769,Ejected
0.0001,2042000.0,1084855,Ejected
0.0001,1888000.0,4050986,Ejected
0.0001,4042000.0,5700,Ejected
0.0001,2733000.0,5724,Ejected
0.0001,2866000.0,1084839,Ejected
0.0001,1247000.0,984398,Ejected
0.0001,2359000.0,3269149,Ejected
0.0001,2882000.0,3269094,Ejected
0.0001,1831000.0,1084899,Ejected
0.0001,3856000.0,1608801,Ejected
0.0001,3922000.0,4065966,Ejected
0.0001,3640000.0,3586307,Ejected
0.0001,4364000.0,4050925,Ejected
0.0001,4960000.0,3269162,Ejected
0.0001,3446000.0,4191775,Ejected
0.0001,2932000.0,4065987,Ejected
0.0001,3803000.0,4050915,Ejected
0.0001,3454000.0,4066017,Ejected
0.0001,2847000.0,4050930,Ejected
0.0001,3407000.0,5708,Ejected
0.0001,3295000.0,1084886,Ejected
0.0001,1766000.0,5698,Ejected
0.0001,3663000.0,4065958,Ejected
0.0001,3411000.0,3586300,Ejected
0.0001,4071000.0,5714,Ejected
0.0001,2749000.0,3269099,Ejected
0.0001,3578000.0,4050947,Ejected
0.0001,3297000.0,1084848,Ejected
0.0001,2121000.0,1608757,Ejected
0.0001,3985000.0,4065993,Ejected
0.0001,2918000.0,5741,Ejected
0.0001,4220000.0,1084843,Ejected
0.0001,2944000.0,5747,Ejected
0.0001,1432000.0,5680,Ejected
0.0001,3276000.0,4065959,Ejected
0.0001,3113000.0,4065968,Ejected
0.0001,2675000.0,1084904,Ejected
0.0001,3699000.0,3269096,Ejected
0.0001,3996000.0,5738,Ejected
0.0001,3303000.0,1084889,Ejected
0.0001,4156000.0,1084865,Ejected
0.0001,2586000.0,5744,Ejected
0.0001,2790000.0,3269105,Ejected
0.0001,1936000.0,4050965,Captured
0.0001,4340000.0,3586319,Ejected
0.0001,4241000.0,5719,Ejected
0.0001,3967000.0,4065977,Ejected
0.0001,4604000.0,3269117,Ejected
0.0001,4745000.0,1608784,Ejected
0.0001,4598000.0,4050911,Ejected
0.0001,3373000.0,3586281,Captured
0.0001,4583000.0,2869362,Ejected
0.0001,4852000.0,4066008,Ejected
0.00030027,0.0,4052740,Captured
0.00030027,3000.0,3589742,Captured
0.00030027,119000.0,3589750,Ejected
0.00030027,63000.0,3270639,Ejected
0.00030027,214000.0,7198,Ejected
0.00030027,178000.0,7150,Ejected
0.00030027,135000.0,3270615,Ejected
0.00030027,237000.0,7161,Ejected
0.00030027,148000.0,7194,Ejected
0.00030027,289000.0,4067433,Ejected
0.00030027,110000.0,3270618,Ejected
0.00030027,632000.0,3270653,Ejected
0.00030027,179000.0,4067464,Ejected
0.00030027,163000.0,7151,Ejected
0.00030027,98000.0,3589732,Ejected
0.00030027,286000.0,1086380,Ejected
0.00030027,118000.0,1615784,Ejected
0.00030027,160000.0,1716,Ejected
0.00030027,78000.0,1086354,Ejected
0.00030027,137000.0,1086363,Ejected
0.00030027,157000.0,1176369,Ejected
0.00030027,171000.0,7141,Ejected
0.00030027,105000.0,1712,Ejected
0.00030027,309000.0,4052761,Ejected
0.00030027,467000.0,4052734,Ejected
0.00030027,117000.0,4052695,Ejected
0.00030027,390000.0,7185,Ejected
0.00030027,164000.0,1086344,Ejected
0.00030027,19000.0,4052758,Captured
0.00030027,110000.0,1615777,Ejected
0.00030027,117000.0,4067426,Ejected
0.00030027,141000.0,1176367,Ejected
0.00030027,142000.0,7167,Ejected
0.00030027,193000.0,1724,Ejected
0.00030027,121000.0,1615770,Ejected
0.00030027,398000.0,4052772,Ejected
0.00030027,468000.0,3589751,Ejected
0.00030027,131000.0,7170,Ejected
0.00030027,178000.0,1615807,Ejected
0.00030027,178000.0,3270627,Ejected
0.00030027,195000.0,1086356,Ejected
0.00030027,204000.0,1723,Ejected
0.00030027,94000.0,4067440,Ejected
0.00030027,322000.0,3270625,Ejected
0.00030027,186000.0,1615798,Ejected
0.00030027,306000.0,4052703,Ejected
0.00030027,201000.0,1615799,Ejected
0.00030027,158000.0,1086413,Ejected
0.00030027,141000.0,4067436,Ejected
0.00030027,281000.0,7171,Ejected
0.00030027,126000.0,4052731,Ejected
0.00030027,101000.0,1615789,Ejected
0.00030027,369000.0,4052683,Ejected
0.00030027,265000.0,3270620,Ejected
0.00030027,170000.0,1086374,Ejected
0.00030027,155000.0,1719,Ejected
0.00030027,105000.0,1086407,Ejected
0.00030027,289000.0,3589749,Ejected
0.00030027,290000.0,1715,Ejected
0.00030027,165000.0,4052707,Ejected
0.00030027,169000.0,3270598,Ejected
0.00030027,91000.0,4052751,Ejected
0.00030027,285000.0,3270644,Ejected
0.00030027,102000.0,3589731,Ejected
0.00030027,145000.0,1086401,Ejected
0.00030027,390000.0,1714,Ejected
0.00030027,184000.0,7142,Ejected
0.00030027,289000.0,1615793,Ejected
0.00030027,271000.0,7153,Ejected
0.00030027,171000.0,3270626,Ejected
0.00030027,548000.0,3270604,Ejected
0.00030027,232000.0,3270614,Ejected
0.00030027,148000.0,3270624,Ejected
0.00030027,430000.0,4067424,Ejected
0.00030027,164000.0,1086412,Ejected
0.00030027,129000.0,3270647,Ejected
0.00030027,318000.0,7136,Ejected
0.00030027,292000.0,1086408,Ejected
0.00030027,194000.0,7189,Ejected
0.00030027,508000.0,3270610,Ejected
0.00030027,487000.0,1086355,Ejected
0.00030027,519000.0,1086386,Ejected
0.00030027,281000.0,4067439,Ejected
0.00030027,129000.0,4052709,Ejected
0.00030027,388000.0,7143,Ejected
0.00030027,129000.0,3270646,Ejected
0.00030027,238000.0,1176377,Ejected
0.00030027,334000.0,4067469,Ejected
0.00030027,165000.0,4052765,Ejected
0.00030027,195000.0,4067429,Ejected
0.00030027,127000.0,1086360,Ejected
0.00030027,253000.0,3270656,Ejected
0.00030027,700000.0,3270621,Ejected
0.00030027,221000.0,4052769,Ejected
0.00030027,143000.0,4067455,Ejected
0.00030027,137000.0,7157,Ejected
0.00030027,351000.0,3270666,Ejected
0.00030027,393000.0,7183,Ejected
0.00030027,310000.0,1176370,Ejected
0.00030027,321000.0,4052760,Ejected
0.00030027,108000.0,4052735,Ejected
0.00030027,62000.0,4052750,Ejected
0.00030027,133000.0,7195,Ejected
0.00030027,138000.0,4067448,Ejected
0.00030027,302000.0,7159,Ejected
0.00030027,216000.0,1086391,Ejected
0.00030027,393000.0,1701,Ejected
0.00030027,363000.0,4052682,Ejected
0.00030027,158000.0,4052710,Ejected
0.00030027,220000.0,4067459,Ejected
0.00030027,179000.0,3589747,Ejected
0.00030027,294000.0,1086414,Ejected
0.00030027,229000.0,4052696,Ejected
0.00030027,124000.0,4052739,Ejected
0.00030027,274000.0,7147,Ejected
0.00030027,286000.0,1086411,Ejected
0.00030027,131000.0,7191,Ejected
0.00030027,234000.0,1086395,Ejected
0.00030027,277000.0,4052687,Ejected
0.00030027,186000.0,3270629,Ejected
0.00030027,286000.0,4052741,Ejected
0.00030027,195000.0,3270658,Ejected
0.00030027,414000.0,4052744,Ejected
0.00030027,287000.0,4052762,Ejected
0.00030027,451000.0,4052746,Ejected
0.00030027,301000.0,1086353,Ejected
0.00030027,446000.0,7163,Ejected
0.00030027,308000.0,3589739,Ejected
0.00030027,306000.0,1086398,Ejected
0.00030027,318000.0,4052723,Ejected
0.00030027,301000.0,3270630,Ejected
0.00030027,224000.0,3270633,Ejected
0.00030027,240000.0,4067477,Ejected
0.00030027,189000.0,4067481,Ejected
0.00030027,138000.0,1615804,Ejected
0.00030027,241000.0,4052689,Ejected
0.00030027,365000.0,7156,Ejected
0.00030027,247000.0,1706,Ejected
0.00030027,243000.0,4067452,Ejected
0.00030027,177000.0,4052743,Ejected
0.00030027,203000.0,1086359,Ejected
0.00030027,193000.0,7131,Ejected
0.00030027,226000.0,1615797,Ejected
0.00030027,436000.0,4067430,Ejected
0.00030027,277000.0,4067450,Ejected
0.00030027,246000.0,1086350,Ejected
0.00030027,384000.0,1086393,Ejected
0.00030027,261000.0,4067478,Ejected
0.00030027,393000.0,1615771,Ejected
0.00030027,326000.0,1086366,Ejected
0.00030027,383000.0,4052733,Ejected
0.00030027,277000.0,4052686,Ejected
0.00030027,473000.0,3270642,Ejected
0.00030027,368000.0,4067442,Ejected
0.00030027,349000.0,4067443,Ejected
0.00030027,257000.0,3270612,Ejected
0.00030027,490000.0,4052724,Ejected
0.00030027,488000.0,7154,Ejected
0.00030027,181000.0,1615801,Ejected
0.00030027,282000.0,1718,Ejected
0.00030027,278000.0,1176376,Ejected
0.00030027,98000.0,1720,Ejected
0.00030027,334000.0,1615787,Ejected
0.00030027,195000.0,1615785,Ejected
0.00030027,325000.0,4052738,Ejected
0.00030027,492000.0,1176374,Ejected
0.00030027,568000.0,4052717,Ejected
0.00030027,257000.0,3270643,Ejected
0.00030027,232000.0,4052708,Ejected
0.00030027,238000.0,1086349,Ejected
0.00030027,199000.0,1176365,Ejected
0.00030027,491000.0,3270649,Ejected
0.00030027,209000.0,1086348,Ejected
0.00030027,272000.0,7155,Ejected
0.00030027,205000.0,4052770,Ejected
0.00030027,628000.0,7149,Ejected
0.00030027,297000.0,3270638,Ejected
0.00030027,382000.0,1615795,Ejected
0.00030027,497000.0,3270602,Ejected
0.00030027,409000.0,3589744,Ejected
0.00030027,317000.0,7133,Ejected
0.00030027,292000.0,7177,Ejected
0.00030027,846000.0,7193,Ejected
0.00030027,661000.0,1615790,Ejected
0.00030027,624000.0,2971081,Ejected
0.00030027,621000.0,7138,Ejected
0.00030027,242000.0,4067472,Ejected
0.00030027,370000.0,4052702,Ejected
0.00030027,303000.0,4052692,Ejected
0.00030027,369000.0,4067476,Ejected
0.00030027,434000.0,3589754,Ejected
0.00030027,471000.0,4052718,Ejected
0.00030027,615000.0,1086376,Ejected
0.00030027,306000.0,1615774,Ejected
0.00030027,235000.0,4067474,Ejected
0.00030027,429000.0,4067467,Ejected
0.00030027,372000.0,7148,Ejected
0.00030027,308000.0,1086357,Ejected
0.00030027,223000.0,3270609,Ejected
0.00030027,589000.0,4067419,Ejected
0.00030027,334000.0,4052747,Ejected
0.00030027,495000.0,1086365,Ejected
0.00030027,278000.0,1615814,Ejected
0.00030027,455000.0,2971080,Ejected
0.00030027,328000.0,1615775,Ejected
0.00030027,348000.0,3270655,Ejected
0.00030027,410000.0,4067451,Ejected
0.00030027,748000.0,4052715,Ejected
0.00030027,265000.0,4052705,Ejected
0.00030027,422000.0,3270597,Ejected
0.00030027,1062000.0,7179,Ejected
0.00030027,439000.0,3270623,Ejected
0.00030027,592000.0,3270648,Ejected
0.00030027,175000.0,1615792,Ejected
0.00030027,691000.0,4052753,Ejected
0.00030027,761000.0,4052690,Ejected
0.00030027,697000.0,3270619,Ejected
0.00030027,1128000.0,1086409,Ejected
0.00030027,393000.0,1615805,Ejected
0.00030027,451000.0,1176378,Ejected
0.00030027,480000.0,4052691,Ejected
0.00030027,468000.0,4052725,Ejected
0.00030027,493000.0,3270631,Ejected
0.00030027,451000.0,4052698,Ejected
0.00030027,556000.0,7134,Ejected
0.00030027,602000.0,4052745,Ejected
0.00030027,577000.0,1176372,Ejected
0.00030027,301000.0,4067437,Ejected
0.00030027,373000.0,3589740,Ejected
0.00030027,456000.0,4052684,Ejected
0.00030027,190000.0,4052730,Ejected
0.00030027,352000.0,4067465,Ejected
0.00030027,307000.0,3589745,Ejected
0.00030027,502000.0,4052716,Ejected
0.00030027,409000.0,3589730,Ejected
0.00030027,436000.0,1721,Ejected
0.00030027,567000.0,1086404,Ejected
0.00030027,541000.0,4052706,Ejected
0.00030027,833000.0,3270663,Ejected
0.00030027,788000.0,7144,Ejected
0.00030027,369000.0,3589759,Ejected
0.00030027,247000.0,1615778,Ejected
0.00030027,457000.0,3589737,Ejected
0.00030027,473000.0,3270662,Ejected
0.00030027,691000.0,3589734,Ejected
0.00030027,904000.0,7152,Ejected
0.00030027,605000.0,4067423,Ejected
0.00030027,633000.0,4052697,Ejected
0.00030027,282000.0,7197,Ejected
0.00030027,733000.0,7187,Ejected
0.00030027,1001000.0,4067417,Ejected
0.00030027,365000.0,4052763,Ejected
0.00030027,421000.0,1176383,Ejected
0.00030027,431000.0,4067466,Ejected
0.00030027,457000.0,3589738,Ejected
0.00030027,717000.0,7166,Ejected
0.00030027,633000.0,4067457,Ejected
0.00030027,626000.0,4067449,Ejected
0.00030027,437000.0,7199,Ejected
0.00030027,608000.0,1086388,Ejected
0.00030027,244000.0,1615776,Ejected
0.00030027,252000.0,1176366,Ejected
0.00030027,825000.0,1615786,Ejected
0.00030027,491000.0,1086403,Ejected
0.00030027,1354000.0,1615796,Ejected
0.00030027,1049000.0,3270628,Ejected
0.00030027,435000.0,1086397,Ejected
0.00030027,723000.0,1615803,Ejected
0.00030027,850000.0,1615779,Ejected
0.00030027,560000.0,3589746,Ejected
0.00030027,892000.0,1176373,Ejected
0.00030027,445000.0,4067428,Ejected
0.00030027,415000.0,3270651,Ejected
0.00030027,431000.0,1086367,Ejected
0.00030027,1908000.0,3270645,Ejected
0.00030027,1033000.0,1176379,Ejected
0.00030027,1089000.0,3270607,Ejected
0.00030027,412000.0,3270632,Ejected
0.00030027,590000.0,3589752,Ejected
0.00030027,834000.0,3589748,Ejected
0.00030027,1992000.0,3589763,Ejected
0.00030027,986000.0,4067432,Ejected
0.00030027,832000.0,1709,Ejected
0.00030027,1202000.0,1086399,Ejected
0.00030027,696000.0,3270595,Ejected
0.00030027,740000.0,3270605,Ejected
0.00030027,1162000.0,3589735,Ejected
0.00030027,728000.0,1086378,Ejected
0.00030027,558000.0,1615811,Ejected
0.00030027,758000.0,4052727,Ejected
0.00030027,1320000.0,1615802,Ejected
0.00030027,2149000.0,3270652,Ejected
0.00030027,755000.0,7175,Ejected
0.00030027,1224000.0,1615788,Ejected
0.00030027,710000.0,3270637,Ejected
0.00030027,1703000.0,3270659,Ejected
0.00030027,713000.0,2971076,Ejected
0.00030027,653000.0,4067468,Ejected
0.00030027,898000.0,3270640,Ejected
0.00030027,1156000.0,1086352,Ejected
0.00030027,1313000.0,3270654,Ejected
0.00030027,721000.0,1615772,Ejected
0.00030027,2007000.0,4052699,Ejected
0.00030027,1523000.0,3270664,Ejected
0.00030027,1994000.0,1615812,Ejected
0.00030027,3715000.0,1086383,Ejected
0.00030027,1915000.0,1176375,Ejected
0.00030027,3081000.0,1086377,Ejected
0.00030027,3053000.0,1086384,Ejected
0.00071206,23000.0,1201595,Ejected
0.00071206,24000.0,67926,Ejected
0.00071206,87000.0,67938,Ejected
0.00071206,20000.0,1201603,Ejected
0.00071206,101000.0,936639,Ejected
0.00071206,51000.0,67911,Ejected
0.00071206,34000.0,3378648,Ejected
0.00071206,48000.0,936693,Ejected
0.00071206,46000.0,936644,Ejected
0.00071206,29000.0,3378594,Ejected
0.00071206,5000.0,1201600,Ejected
0.00071206,36000.0,3378632,Ejected
0.00071206,31000.0,2017964,Ejected
0.00071206,28000.0,4040036,Ejected
0.00071206,33000.0,1201584,Ejected
0.00071206,58000.0,3378661,Ejected
0.00071206,81000.0,3378655,Ejected
0.00071206,45000.0,1201588,Ejected
0.00071206,53000.0,3378639,Ejected
0.00071206,28000.0,67896,Ejected
0.00071206,28000.0,67887,Ejected
0.00071206,33000.0,5385,Ejected
0.00071206,28000.0,1201602,Ejected
0.00071206,110000.0,2017987,Ejected
0.00071206,45000.0,936648,Ejected
0.00071206,17000.0,1458228,Ejected
0.00071206,31000.0,936657,Ejected
0.00071206,30000.0,936635,Ejected
0.00071206,45000.0,936684,Ejected
0.00071206,29000.0,4040046,Ejected
0.00071206,32000.0,1624262,Ejected
0.00071206,25000.0,67919,Ejected
0.00071206,77000.0,3097847,Ejected
0.00071206,113000.0,4040032,Ejected
0.00071206,96000.0,1458206,Ejected
0.00071206,38000.0,3378602,Ejected
0.00071206,83000.0,2250452,Ejected
0.00071206,44000.0,1201605,Ejected
0.00071206,69000.0,936675,Ejected
0.00071206,25000.0,4040045,Ejected
0.00071206,51000.0,5387,Ejected
0.00071206,72000.0,936660,Ejected
0.00071206,29000.0,2250437,Ejected
0.00071206,27000.0,936645,Ejected
0.00071206,97000.0,1624253,Ejected
0.00071206,56000.0,2250449,Ejected
0.00071206,21000.0,5377,Ejected
0.00071206,40000.0,3378640,Ejected
0.00071206,31000.0,2250458,Ejected
0.00071206,71000.0,3378650,Ejected
0.00071206,32000.0,1458207,Ejected
0.00071206,88000.0,67942,Ejected
0.00071206,28000.0,1458219,Ejected
0.00071206,41000.0,936656,Ejected
0.00071206,33000.0,1201608,Ejected
0.00071206,45000.0,936642,Ejected
0.00071206,49000.0,3378601,Ejected
0.00071206,64000.0,3097846,Ejected
0.00071206,69000.0,1458209,Ejected
0.00071206,109000.0,5373,Ejected
0.00071206,48000.0,2017979,Ejected
0.00071206,55000.0,3378627,Ejected
0.00071206,50000.0,2250464,Ejected
0.00071206,31000.0,67952,Ejected
0.00071206,47000.0,936650,Ejected
0.00071206,60000.0,67914,Ejected
0.00071206,42000.0,936627,Ejected
0.00071206,117000.0,3378633,Ejected
0.00071206,108000.0,3378665,Ejected
0.00071206,48000.0,1458220,Ejected
0.00071206,86000.0,3378664,Ejected
0.00071206,41000.0,5376,Ejected
0.00071206,37000.0,2017951,Ejected
0.00071206,40000.0,1624284,Ejected
0.00071206,30000.0,1624258,Ejected
0.00071206,70000.0,2017957,Ejected
0.00071206,138000.0,1624275,Ejected
0.00071206,70000.0,2017962,Ejected
0.00071206,111000.0,3378611,Ejected
0.00071206,157000.0,1201578,Ejected
0.00071206,99000.0,3378653,Ejected
0.00071206,44000.0,3378647,Ejected
0.00071206,42000.0,2250463,Ejected
0.00071206,272000.0,3097850,Ejected
0.00071206,177000.0,936689,Ejected
0.00071206,45000.0,2250439,Ejected
0.00071206,53000.0,2017982,Ejected
0.00071206,48000.0,67929,Ejected
0.00071206,84000.0,1624280,Ejected
0.00071206,106000.0,1624260,Ejected
0.00071206,92000.0,2017981,Ejected
0.00071206,90000.0,936652,Ejected
0.00071206,48000.0,5379,Ejected
0.00071206,71000.0,2017974,Ejected
0.00071206,52000.0,3097852,Ejected
0.00071206,85000.0,3097844,Ejected
0.00071206,37000.0,1458238,Ejected
0.00071206,58000.0,936692,Ejected
0.00071206,44000.0,2017983,Ejected
0.00071206,74000.0,5374,Ejected
0.00071206,104000.0,936701,Ejected
0.00071206,59000.0,936707,Ejected
0.00071206,67000.0,3378663,Ejected
0.00071206,106000.0,936638,Ejected
0.00071206,76000.0,1624276,Ejected
0.00071206,90000.0,1624254,Ejected
0.00071206,46000.0,5391,Ejected
0.00071206,40000.0,67904,Ejected
0.00071206,44000.0,67898,Ejected
0.00071206,91000.0,936694,Ejected
0.00071206,45000.0,585295,Ejected
0.00071206,57000.0,936687,Ejected
0.00071206,43000.0,1201587,Ejected
0.00071206,37000.0,67925,Ejected
0.00071206,99000.0,1624241,Ejected
0.00071206,39000.0,3378613,Ejected
0.00071206,46000.0,1624257,Ejected
0.00071206,108000.0,936672,Ejected
0.00071206,118000.0,67932,Ejected
0.00071206,75000.0,936706,Ejected
0.00071206,68000.0,1624255,Ejected
0.00071206,150000.0,3378614,Ejected
0.00071206,59000.0,3378634,Ejected
0.00071206,88000.0,936624,Ejected
0.00071206,38000.0,4040037,Ejected
0.00071206,78000.0,1624243,Ejected
0.00071206,37000.0,936695,Ejected
0.00071206,331000.0,67918,Ejected
0.00071206,68000.0,67964,Ejected
0.00071206,45000.0,67899,Ejected
0.00071206,56000.0,2017986,Ejected
0.00071206,56000.0,1624248,Ejected
0.00071206,65000.0,3378635,Ejected
0.00071206,101000.0,5386,Ejected
0.00071206,73000.0,67930,Ejected
0.00071206,50000.0,1458222,Ejected
0.00071206,74000.0,3097849,Ejected
0.00071206,51000.0,67949,Captured
0.00071206,136000.0,67944,Ejected
0.00071206,226000.0,1458227,Ejected
0.00071206,134000.0,67962,Ejected
0.00071206,90000.0,585290,Ejected
0.00071206,67000.0,3378599,Ejected
0.00071206,71000.0,1458213,Ejected
0.00071206,61000.0,1458229,Ejected
0.00071206,60000.0,936646,Ejected
0.00071206,49000.0,67927,Ejected
0.00071206,55000.0,936696,Ejected
0.00071206,71000.0,3378646,Ejected
0.00071206,127000.0,936681,Ejected
0.00071206,189000.0,2250465,Ejected
0.00071206,52000.0,2250456,Ejected
0.00071206,51000.0,3378616,Ejected
0.00071206,79000.0,2017984,Ejected
0.00071206,202000.0,67950,Ejected
0.00071206,54000.0,1458231,Ejected
0.00071206,169000.0,1458203,Ejected
0.00071206,116000.0,4040044,Ejected
0.00071206,38000.0,67892,Ejected
0.00071206,135000.0,2250450,Ejected
0.00071206,109000.0,3378607,Ejected
0.00071206,139000.0,3378637,Ejected
0.00071206,53000.0,1624272,Ejected
0.00071206,63000.0,3378625,Ejected
0.00071206,221000.0,2017990,Ejected
0.00071206,84000.0,936664,Ejected
0.00071206,109000.0,3378658,Ejected
0.00071206,81000.0,585294,Ejected
0.00071206,59000.0,936663,Ejected
0.00071206,87000.0,67907,Ejected
0.00071206,91000.0,2250446,Ejected
0.00071206,72000.0,2017954,Ejected
0.00071206,75000.0,3378630,Ejected
0.00071206,136000.0,3097842,Ejected
0.00071206,119000.0,936632,Ejected
0.00071206,98000.0,936674,Ejected
0.00071206,75000.0,3378595,Ejected
0.00071206,66000.0,67933,Ejected
0.00071206,55000.0,1201579,Ejected
0.00071206,136000.0,67936,Ejected
0.00071206,78000.0,1201585,Ejected
0.00071206,72000.0,67943,Ejected
0.00071206,102000.0,1458226,Ejected
0.00071206,70000.0,2017970,Ejected
0.00071206,42000.0,1201577,Ejected
0.00071206,158000.0,1624240,Ejected
0.00071206,63000.0,3378649,Ejected
0.00071206,65000.0,1201601,Ejected
0.00071206,45000.0,67941,Ejected
0.00071206,71000.0,3378612,Ejected
0.00071206,207000.0,1201581,Ejected
0.00071206,53000.0,936690,Ejected
0.00071206,98000.0,3378652,Ejected
0.00071206,72000.0,67945,Ejected
0.00071206,139000.0,2250438,Ejected
0.00071206,169000.0,936634,Ejected
0.00071206,94000.0,936680,Ejected
0.00071206,52000.0,3097848,Ejected
0.00071206,182000.0,1624250,Ejected
0.00071206,136000.0,936668,Ejected
0.00071206,86000.0,2250443,Ejected
0.00071206,245000.0,3378603,Ejected
0.00071206,227000.0,1624266,Ejected
0.00071206,61000.0,936678,Ejected
0.00071206,105000.0,2250448,Ejected
0.00071206,94000.0,2250436,Ejected
0.00071206,66000.0,3378592,Ejected
0.00071206,76000.0,3378644,Ejected
0.00071206,178000.0,67966,Ejected
0.00071206,53000.0,1458217,Ejected
0.00071206,78000.0,67946,Ejected
0.00071206,62000.0,3378619,Ejected
0.00071206,89000.0,936667,Ejected
0.00071206,175000.0,3378645,Ejected
0.00071206,72000.0,2017965,Ejected
0.00071206,98000.0,4040038,Ejected
0.00071206,58000.0,3378638,Ejected
0.00071206,250000.0,1458202,Ejected
0.00071206,103000.0,3378654,Ejected
0.00071206,116000.0,1624242,Ejected
0.00071206,73000.0,3378591,Ejected
0.00071206,81000.0,1458218,Ejected
0.00071206,115000.0,1458197,Ejected
0.00071206,62000.0,1201586,Ejected
0.00071206,91000.0,936710,Ejected
0.00071206,184000.0,2250461,Ejected
0.00071206,176000.0,1201583,Ejected
0.00071206,295000.0,2250435,Ejected
0.00071206,122000.0,2017973,Ejected
0.00071206,54000.0,585293,Ejected
0.00071206,58000.0,1458199,Ejected
0.00071206,78000.0,936673,Ejected
0.00071206,190000.0,3378636,Ejected
0.00071206,81000.0,1624278,Ejected
0.00071206,76000.0,2017985,Ejected
0.00071206,189000.0,1624251,Ejected
0.00071206,193000.0,1201606,Ejected
0.00071206,78000.0,1624259,Ejected
0.00071206,125000.0,3378641,Ejected
0.00071206,156000.0,67889,Ejected
0.00071206,109000.0,2017963,Ejected
0.00071206,173000.0,1201598,Ejected
0.00071206,66000.0,2017955,Ejected
0.00071206,155000.0,1458230,Ejected
0.00071206,56000.0,2017952,Ejected
0.00071206,174000.0,936685,Ejected
0.00071206,58000.0,1458234,Ejected
0.00071206,112000.0,3378657,Ejected
0.00071206,170000.0,1624271,Ejected
0.00071206,154000.0,3378622,Ejected
0.00071206,104000.0,1458215,Ejected
0.00071206,158000.0,1624279,Ejected
0.00071206,86000.0,1458233,Ejected
0.00071206,236000.0,1624264,Ejected
0.00071206,89000.0,1201599,Ejected
0.00071206,202000.0,3378620,Ejected
0.00071206,160000.0,936640,Ejected
0.00071206,314000.0,67940,Ejected
0.00071206,107000.0,936697,Ejected
0.00071206,145000.0,936631,Ejected
0.00071206,105000.0,67955,Ejected
0.00071206,138000.0,1624270,Ejected
0.00071206,251000.0,936700,Ejected
0.00071206,119000.0,67901,Ejected
0.00071206,102000.0,67917,Ejected
0.00071206,470000.0,1201592,Ejected
0.00071206,225000.0,67923,Ejected
0.00071206,116000.0,936705,Ejected
0.00071206,171000.0,2017971,Ejected
0.00071206,168000.0,936626,Ejected
0.00071206,330000.0,4040031,Ejected
0.00071206,218000.0,1624267,Ejected
0.00071206,280000.0,1624263,Ejected
0.00071206,79000.0,936636,Ejected
0.00071206,161000.0,936671,Ejected
0.00071206,183000.0,4040039,Ejected
0.00071206,193000.0,67959,Ejected
0.00071206,171000.0,5384,Ejected
0.00071206,164000.0,3378596,Ejected
0.00071206,125000.0,3378617,Ejected
0.00071206,285000.0,67965,Ejected
0.00071206,316000.0,4040034,Ejected
0.00071206,431000.0,5388,Ejected
0.00071206,188000.0,936649,Ejected
0.00071206,271000.0,936643,Ejected
0.00071206,588000.0,67939,Ejected
0.00071206,412000.0,1624274,Ejected
0.00071206,457000.0,1458232,Ejected
0.00168856,9000.0,1625316,Ejected
0.00168856,64000.0,1625332,Ejected
0.00168856,8000.0,1625319,Ejected
0.00168856,119000.0,1625336,Ejected
0.00168856,14000.0,1625310,Ejected
0.00168856,12000.0,1625335,Ejected
0.00168856,14000.0,3099436,Ejected
0.00168856,31000.0,2020244,Ejected
0.00168856,12000.0,1625325,Ejected
0.00168856,10000.0,938335,Ejected
0.00168856,16000.0,2020246,Ejected
0.00168856,16000.0,1625318,Ejected
0.00168856,14000.0,3380113,Ejected
0.00168856,14000.0,72585,Ejected
0.00168856,12000.0,72582,Ejected
0.00168856,13000.0,938346,Ejected
0.00168856,92000.0,938347,Ejected
0.00168856,11000.0,3099435,Ejected
0.00168856,23000.0,72592,Ejected
0.00168856,23000.0,938341,Ejected
0.00168856,9000.0,938331,Ejected
0.00168856,38000.0,72554,Ejected
0.00168856,23000.0,3380121,Ejected
0.00168856,11000.0,938362,Ejected
0.00168856,11000.0,2020245,Ejected
0.00168856,11000.0,938351,Ejected
0.00168856,16000.0,3380170,Ejected
0.00168856,19000.0,72575,Ejected
0.00168856,13000.0,72577,Ejected
0.00168856,11000.0,72589,Ejected
0.00168856,8000.0,938323,Ejected
0.00168856,19000.0,1625321,Ejected
0.00168856,13000.0,938310,Ejected
0.00168856,21000.0,1625314,Ejected
0.00168856,17000.0,1625309,Ejected
0.00168856,13000.0,1625312,Ejected
0.00168856,15000.0,2020273,Ejected
0.00168856,10000.0,2020267,Ejected
0.00168856,44000.0,3099439,Ejected
0.00168856,12000.0,938345,Ejected
0.00168856,50000.0,938357,Ejected
0.00168856,14000.0,1625333,Ejected
0.00168856,53000.0,72581,Ejected
0.00168856,12000.0,1625334,Ejected
0.00168856,18000.0,2020240,Ejected
0.00168856,14000.0,3380171,Ejected
0.00168856,9000.0,3380107,Ejected
0.00168856,91000.0,938380,Ejected
0.00168856,25000.0,938371,Ejected
0.00168856,18000.0,3380139,Ejected
0.00168856,15000.0,938352,Ejected
0.00168856,22000.0,3380112,Ejected
0.00168856,19000.0,2020255,Ejected
0.00168856,17000.0,3380151,Ejected
0.00168856,11000.0,72598,Ejected
0.00168856,15000.0,72567,Ejected
0.00168856,9000.0,3380147,Ejected
0.00168856,17000.0,2020248,Ejected
0.00168856,85000.0,72603,Ejected
0.00168856,16000.0,72595,Ejected
0.00168856,14000.0,938316,Ejected
0.00168856,14000.0,938333,Ejected
0.00168856,43000.0,3380141,Ejected
0.00168856,18000.0,2020271,Ejected
0.00168856,26000.0,2020264,Ejected
0.00168856,13000.0,72538,Ejected
0.00168856,63000.0,938338,Ejected
0.00168856,30000.0,3380118,Ejected
0.00168856,17000.0,2020252,Ejected
0.00168856,15000.0,938324,Ejected
0.00168856,10000.0,938353,Ejected
0.00168856,20000.0,938354,Ejected
0.00168856,9000.0,3099440,Ejected
0.00168856,30000.0,938356,Ejected
0.00168856,17000.0,3380165,Ejected
0.00168856,15000.0,72545,Ejected
0.00168856,91000.0,72578,Ejected
0.00168856,14000.0,1625320,Ejected
0.00168856,28000.0,72559,Ejected
0.00168856,32000.0,938304,Ejected
0.00168856,23000.0,3380134,Ejected
0.00168856,28000.0,938301,Ejected
0.00168856,15000.0,1625348,Ejected
0.00168856,15000.0,938302,Ejected
0.00168856,11000.0,3380155,Ejected
0.00168856,29000.0,1625313,Ejected
0.00168856,19000.0,2020247,Ejected
0.00168856,13000.0,2020259,Ejected
0.00168856,56000.0,938317,Ejected
0.00168856,47000.0,72543,Ejected
0.00168856,19000.0,938372,Ejected
0.00168856,74000.0,2020251,Ejected
0.00168856,31000.0,3099438,Ejected
0.00168856,145000.0,1625337,Ejected
0.00168856,76000.0,3380150,Ejected
0.00168856,24000.0,938363,Ejected
0.00168856,28000.0,938329,Ejected
0.00168856,115000.0,3099441,Ejected
0.00168856,24000.0,3380169,Ejected
0.00168856,57000.0,3380103,Ejected
0.00168856,15000.0,3099433,Ejected
0.00168856,28000.0,72576,Ejected
0.00168856,101000.0,2020258,Ejected
0.00168856,18000.0,2020243,Ejected
0.00168856,106000.0,2020239,Ejected
0.00168856,25000.0,3380156,Ejected
0.00168856,23000.0,2020276,Ejected
0.00168856,39000.0,938297,Ejected
0.00168856,22000.0,938361,Ejected
0.00168856,23000.0,1625344,Ejected
0.00168856,125000.0,3380125,Ejected
0.00168856,25000.0,2020249,Ejected
0.00168856,26000.0,938312,Ejected
0.00168856,25000.0,3380137,Ejected
0.00168856,46000.0,72604,Ejected
0.00168856,30000.0,1625329,Ejected
0.00168856,20000.0,3380149,Ejected
0.00168856,14000.0,72573,Ejected
0.00168856,21000.0,3380104,Ejected
0.00168856,18000.0,1226229,Ejected
0.00168856,27000.0,3380116,Ejected
0.00168856,19000.0,938303,Ejected
0.00168856,19000.0,1625330,Ejected
0.00168856,41000.0,3099431,Ejected
0.00168856,22000.0,938343,Ejected
0.00168856,80000.0,1625346,Ejected
0.00168856,30000.0,1625315,Ejected
0.00168856,97000.0,2020277,Ejected
0.00168856,38000.0,72539,Ejected
0.00168856,34000.0,1226232,Ejected
0.00168856,12000.0,1226250,Ejected
0.00168856,12000.0,1226243,Ejected
0.00168856,22000.0,3099432,Ejected
0.00168856,53000.0,1226248,Ejected
0.00168856,31000.0,525358,Ejected
0.00168856,14000.0,1226255,Ejected
0.00168856,21000.0,72557,Ejected
0.00168856,58000.0,938364,Ejected
0.00168856,19000.0,3380145,Ejected
0.00168856,146000.0,2020270,Ejected
0.00168856,22000.0,938298,Ejected
0.00168856,20000.0,72594,Ejected
0.00168856,18000.0,1226230,Ejected
0.00168856,17000.0,1226221,Ejected
0.00168856,108000.0,938375,Ejected
0.00168856,27000.0,3380173,Ejected
0.00168856,11000.0,1226256,Ejected
0.00168856,30000.0,72551,Ejected
0.00168856,24000.0,2252174,Ejected
0.00168856,58000.0,3380099,Ejected
0.00168856,24000.0,938314,Ejected
0.00168856,12000.0,2252177,Ejected
0.00168856,52000.0,2252186,Ejected
0.00168856,22000.0,1226245,Ejected
0.00168856,41000.0,72608,Ejected
0.00168856,21000.0,2020265,Ejected
0.00168856,16000.0,1625307,Ejected
0.00168856,19000.0,3380144,Ejected
0.00168856,109000.0,1226228,Ejected
0.00168856,38000.0,72534,Ejected
0.00168856,11000.0,2252182,Ejected
0.00168856,75000.0,938339,Ejected
0.00168856,14000.0,2252188,Ejected
0.00168856,51000.0,938382,Ejected
0.00168856,27000.0,938360,Ejected
0.00168856,11000.0,2252196,Ejected
0.00168856,63000.0,72596,Ejected
0.00168856,22000.0,72588,Ejected
0.00168856,26000.0,3380160,Ejected
0.00168856,17000.0,1226242,Ejected
0.00168856,30000.0,938342,Ejected
0.00168856,37000.0,2252193,Ejected
0.00168856,30000.0,938374,Ejected
0.00168856,42000.0,72574,Ejected
0.00168856,8000.0,2675817,Ejected
0.00168856,21000.0,1226254,Ejected
0.00168856,52000.0,2252184,Ejected
0.00168856,17000.0,2252180,Ejected
0.00168856,31000.0,6184,Ejected
0.00168856,9000.0,2675824,Ejected
0.00168856,14000.0,2252195,Ejected
0.00168856,22000.0,1226227,Ejected
0.00168856,13000.0,6179,Ejected
0.00168856,21000.0,1226246,Ejected
0.00168856,22000.0,3380115,Ejected
0.00168856,9000.0,6196,Ejected
0.00168856,28000.0,1226252,Ejected
0.00168856,15000.0,2675825,Ejected
0.00168856,85000.0,6177,Ejected
0.00168856,35000.0,938365,Ejected
0.00168856,49000.0,3380164,Ejected
0.00168856,25000.0,1226237,Ejected
0.00168856,48000.0,3380123,Ejected
0.00168856,67000.0,2675823,Ejected
0.00168856,21000.0,1226224,Ejected
0.00168856,56000.0,3380131,Ejected
0.00168856,21000.0,938349,Ejected
0.00168856,65000.0,1226220,Ejected
0.00168856,14000.0,72547,Ejected
0.00168856,25000.0,6186,Ejected
0.00168856,13000.0,585842,Ejected
0.00168856,23000.0,2252198,Ejected
0.00168856,54000.0,2252178,Ejected
0.00168856,38000.0,3380153,Ejected
0.00168856,45000.0,938309,Ejected
0.00168856,34000.0,2252199,Ejected
0.00168856,46000.0,3380168,Ejected
0.00168856,14000.0,2252185,Ejected
0.00168856,24000.0,2675828,Ejected
0.00168856,54000.0,6185,Ejected
0.00168856,40000.0,3380142,Ejected
0.00168856,23000.0,6180,Ejected
0.00168856,53000.0,6197,Ejected
0.00168856,25000.0,6187,Ejected
0.00168856,13000.0,2020260,Captured
0.00168856,24000.0,2252179,Ejected
0.00168856,108000.0,585844,Ejected
0.00168856,34000.0,585848,Ejected
0.00168856,16000.0,6194,Ejected
0.00168856,24000.0,6195,Ejected
0.00168856,24000.0,585841,Ejected
0.00168856,8000.0,1459260,Ejected
0.00168856,24000.0,1226251,Ejected
0.00168856,126000.0,2675820,Ejected
0.00168856,29000.0,3380117,Ejected
0.00168856,8000.0,1459268,Ejected
0.00168856,33000.0,1459264,Ejected
0.00168856,20000.0,2252201,Ejected
0.00168856,10000.0,1459263,Ejected
0.00168856,170000.0,1459259,Ejected
0.00168856,19000.0,1459286,Ejected
0.00168856,148000.0,1459256,Ejected
0.00168856,16000.0,1459274,Ejected
0.00168856,36000.0,1459293,Ejected
0.00168856,31000.0,1459270,Ejected
0.00168856,9000.0,1459279,Ejected
0.00168856,22000.0,1459292,Ejected
0.00168856,76000.0,1459273,Ejected
0.00168856,46000.0,72572,Ejected
0.00168856,52000.0,1459254,Ejected
0.00168856,15000.0,1459276,Ejected
0.00168856,52000.0,585845,Ejected
0.00168856,14000.0,1459257,Ejected
0.00168856,39000.0,1459269,Ejected
0.00168856,26000.0,72609,Ejected
0.00168856,137000.0,938322,Ejected
0.00168856,38000.0,938318,Ejected
0.00168856,56000.0,938373,Ejected
0.00168856,31000.0,1459281,Ejected
0.00168856,31000.0,72552,Ejected
0.00168856,58000.0,1459278,Ejected
0.00168856,25000.0,6188,Ejected
0.00168856,30000.0,1459284,Ejected
0.00168856,29000.0,1459285,Ejected
0.00168856,22000.0,1459258,Ejected
0.00168856,24000.0,1459288,Ejected
0.00168856,56000.0,1459251,Ejected
0.00168856,49000.0,1459252,Ejected
0.00168856,30000.0,1459289,Ejected
0.00168856,45000.0,1459255,Ejected
0.00168856,48000.0,1625326,Ejected
0.00168856,45000.0,72612,Ejected
0.00168856,67000.0,1459275,Ejected
0.00168856,45000.0,938359,Ejected
0.00168856,6000.0,938295,Ejected
0.00168856,52000.0,938344,Ejected
0.00168856,241000.0,938350,Ejected
0.00400422,5000.0,1626370,Ejected
0.00400422,7000.0,3100417,Ejected
0.00400422,4000.0,1626396,Ejected
0.00400422,8000.0,1626405,Ejected
0.00400422,7000.0,3100413,Ejected
0.00400422,12000.0,3100418,Ejected
0.00400422,13000.0,1626381,Ejected
0.00400422,18000.0,3100422,Ejected
0.00400422,24000.0,1626368,Ejected
0.00400422,10000.0,1626387,Ejected
0.00400422,7000.0,1626380,Ejected
0.00400422,8000.0,1626399,Ejected
0.00400422,9000.0,1626389,Ejected
0.00400422,5000.0,1626386,Ejected
0.00400422,6000.0,1626373,Ejected
0.00400422,13000.0,2021994,Ejected
0.00400422,4000.0,2022006,Ejected
0.00400422,20000.0,2022004,Ejected
0.00400422,8000.0,2021995,Ejected
0.00400422,7000.0,1626394,Ejected
0.00400422,16000.0,3100411,Ejected
0.00400422,42000.0,1626388,Ejected
0.00400422,6000.0,2021991,Ejected
0.00400422,9000.0,2022005,Ejected
0.00400422,48000.0,3100414,Ejected
0.00400422,8000.0,2021979,Ejected
0.00400422,4000.0,75676,Ejected
0.00400422,6000.0,75650,Ejected
0.00400422,13000.0,1626365,Ejected
0.00400422,0.0,940034,Captured
0.00400422,5000.0,940016,Ejected
0.00400422,18000.0,2021990,Ejected
0.00400422,15000.0,2021992,Ejected
0.00400422,5000.0,939961,Ejected
0.00400422,5000.0,939952,Ejected
0.00400422,5000.0,549663,Ejected
0.00400422,6000.0,75648,Ejected
0.00400422,8000.0,75608,Ejected
0.00400422,7000.0,940010,Ejected
0.00400422,4000.0,940008,Ejected
0.00400422,35000.0,940029,Ejected
0.00400422,10000.0,940035,Ejected
0.00400422,29000.0,75662,Ejected
0.00400422,5000.0,939974,Ejected
0.00400422,4000.0,939962,Ejected
0.00400422,28000.0,939986,Ejected
0.00400422,4000.0,940027,Ejected
0.00400422,4000.0,939957,Ejected
0.00400422,26000.0,940026,Ejected
0.00400422,11000.0,939978,Ejected
0.00400422,9000.0,2022002,Ejected
0.00400422,36000.0,75655,Ejected
0.00400422,24000.0,940013,Ejected
0.00400422,16000.0,939960,Ejected
0.00400422,18000.0,2021993,Ejected
0.00400422,22000.0,75609,Ejected
0.00400422,8000.0,939956,Ejected
0.00400422,6000.0,75660,Ejected
0.00400422,12000.0,75672,Ejected
0.00400422,8000.0,75682,Ejected
0.00400422,36000.0,75624,Ejected
0.00400422,9000.0,75643,Ejected
0.00400422,6000.0,940028,Ejected
0.00400422,19000.0,2021982,Ejected
0.00400422,7000.0,3381642,Ejected
0.00400422,11000.0,3381629,Ejected
0.00400422,11000.0,3100421,Ejected
0.00400422,9000.0,939987,Ejected
0.00400422,9000.0,940002,Ejected
0.00400422,12000.0,939990,Ejected
0.00400422,7000.0,939992,Ejected
0.00400422,12000.0,1626374,Ejected
0.00400422,7000.0,75679,Ejected
0.00400422,9000.0,939963,Ejected
0.00400422,11000.0,75623,Ejected
0.00400422,6000.0,939997,Ejected
0.00400422,15000.0,75673,Ejected
0.00400422,5000.0,3381622,Ejected
0.00400422,15000.0,3381641,Ejected
0.00400422,5000.0,75668,Ejected
0.00400422,5000.0,3381604,Ejected
0.00400422,6000.0,3381634,Ejected
0.00400422,7000.0,3381619,Ejected
0.00400422,7000.0,940018,Ejected
0.00400422,5000.0,940004,Ejected
0.00400422,6000.0,3381659,Ejected
0.00400422,9000.0,75631,Ejected
0.00400422,29000.0,2021988,Ejected
0.00400422,7000.0,939980,Ejected
0.00400422,24000.0,75678,Ejected
0.00400422,21000.0,939959,Ejected
0.00400422,5000.0,940025,Ejected
0.00400422,17000.0,75613,Ejected
0.00400422,6000.0,939973,Ejected
0.00400422,17000.0,940014,Ejected
0.00400422,11000.0,3381643,Ejected
0.00400422,11000.0,75638,Ejected
0.00400422,8000.0,3381623,Ejected
0.00400422,8000.0,75658,Ejected
0.00400422,7000.0,75620,Ejected
0.00400422,10000.0,3381624,Ejected
0.00400422,8000.0,3381614,Ejected
0.00400422,6000.0,939993,Ejected
0.00400422,6000.0,3381603,Ejected
0.00400422,5000.0,940007,Ejected
0.00400422,4000.0,3381646,Ejected
0.00400422,24000.0,939995,Ejected
0.00400422,6000.0,3381605,Ejected
0.00400422,7000.0,939968,Ejected
0.00400422,20000.0,75665,Ejected
0.00400422,6000.0,75619,Ejected
0.00400422,10000.0,940015,Ejected
0.00400422,26000.0,3100419,Ejected
0.00400422,30000.0,75607,Ejected
0.00400422,13000.0,940006,Ejected
0.00400422,43000.0,75612,Ejected
0.00400422,10000.0,75632,Ejected
0.00400422,17000.0,1626403,Ejected
0.00400422,6000.0,939971,Ejected
0.00400422,20000.0,3381625,Ejected
0.00400422,15000.0,939983,Ejected
0.00400422,31000.0,3100420,Ejected
0.00400422,16000.0,3381636,Ejected
0.00400422,8000.0,939955,Ejected
0.00400422,13000.0,3381628,Ejected
0.00400422,10000.0,939982,Ejected
0.00400422,21000.0,939984,Ejected
0.00400422,45000.0,3381602,Ejected
0.00400422,12000.0,3381652,Ejected
0.00400422,8000.0,3381662,Ejected
0.00400422,17000.0,2021971,Ejected
0.00400422,10000.0,940009,Ejected
0.00400422,6000.0,940037,Ejected
0.00400422,140000.0,940011,Ejected
0.00400422,16000.0,75659,Ejected
0.00400422,18000.0,940003,Ejected
0.00400422,16000.0,2021987,Ejected
0.00400422,21000.0,939996,Ejected
0.00400422,6000.0,75669,Ejected
0.00400422,8000.0,2022001,Ejected
0.00400422,6000.0,75618,Ejected
0.00400422,9000.0,939969,Ejected
0.00400422,8000.0,2021999,Ejected
0.00400422,7000.0,2021983,Ejected
0.00400422,29000.0,3381596,Ejected
0.00400422,8000.0,75640,Ejected
0.00400422,14000.0,940017,Ejected
0.00400422,11000.0,75677,Ejected
0.00400422,9000.0,3381654,Ejected
0.00400422,12000.0,75634,Ejected
0.00400422,14000.0,1626366,Ejected
0.00400422,10000.0,75686,Ejected
0.00400422,12000.0,939953,Ejected
0.00400422,11000.0,3381664,Ejected
0.00400422,26000.0,3100416,Ejected
0.00400422,7000.0,3381595,Ejected
0.00400422,10000.0,3381640,Ejected
0.00400422,11000.0,3381658,Ejected
0.00400422,12000.0,1626383,Ejected
0.00400422,9000.0,2021981,Ejected
0.00400422,18000.0,940023,Ejected
0.00400422,10000.0,75610,Ejected
0.00400422,17000.0,3381617,Ejected
0.00400422,7000.0,939994,Ejected
0.00400422,16000.0,75681,Ejected
0.00400422,17000.0,75615,Ejected
0.00400422,23000.0,75621,Ejected
0.00400422,12000.0,75649,Ejected
0.00400422,11000.0,3381647,Ejected
0.00400422,10000.0,939964,Ejected
0.00400422,12000.0,1626378,Ejected
0.00400422,21000.0,3381601,Ejected
0.00400422,25000.0,75671,Ejected
0.00400422,7000.0,3381657,Ejected
0.00400422,14000.0,2021974,Ejected
0.00400422,13000.0,3381618,Ejected
0.00400422,9000.0,3381615,Ejected
0.00400422,20000.0,3381649,Ejected
0.00400422,15000.0,939967,Ejected
0.00400422,56000.0,1240685,Ejected
0.00400422,10000.0,1240690,Ejected
0.00400422,10000.0,75614,Ejected
0.00400422,15000.0,1240705,Ejected
0.00400422,5000.0,1240698,Ejected
0.00400422,6000.0,940022,Ejected
0.00400422,9000.0,1240691,Ejected
0.00400422,46000.0,1240676,Ejected
0.00400422,9000.0,1626392,Ejected
0.00400422,29000.0,2021978,Ejected
0.00400422,39000.0,939985,Ejected
0.00400422,7000.0,1240697,Ejected
0.00400422,10000.0,1240703,Ejected
0.00400422,10000.0,1240701,Ejected
0.00400422,11000.0,3381630,Ejected
0.00400422,11000.0,1240681,Ejected
0.00400422,9000.0,1240670,Ejected
0.00400422,20000.0,1240695,Ejected
0.00400422,25000.0,1240683,Ejected
0.00400422,7000.0,2021997,Ejected
0.00400422,13000.0,1240684,Ejected
0.00400422,12000.0,1240688,Ejected
0.00400422,58000.0,1240694,Ejected
0.00400422,15000.0,1240679,Ejected
0.00400422,31000.0,1240702,Ejected
0.00400422,9000.0,1240687,Ejected
0.00400422,10000.0,1240675,Ejected
0.00400422,6000.0,1240689,Ejected
0.00400422,0.0,2253299,Captured
0.00400422,17000.0,1240677,Ejected
0.00400422,4000.0,2253307,Ejected
0.00400422,14000.0,2253305,Ejected
0.00400422,14000.0,1240673,Ejected
0.00400422,17000.0,2253304,Ejected
0.00400422,16000.0,2253321,Ejected
0.00400422,42000.0,2253292,Ejected
0.00400422,20000.0,2253320,Ejected
0.00400422,6000.0,2253314,Ejected
0.00400422,7000.0,2253298,Ejected
0.00400422,8000.0,2253319,Ejected
0.00400422,10000.0,2253322,Ejected
0.00400422,14000.0,2253316,Ejected
0.00400422,81000.0,1626364,Ejected
0.00400422,9000.0,2677286,Ejected
0.00400422,0.0,6949,Captured
0.00400422,20000.0,6942,Ejected
0.00400422,25000.0,2677288,Ejected
0.00400422,21000.0,6954,Ejected
0.00400422,5000.0,6955,Ejected
0.00400422,18000.0,2253293,Ejected
0.00400422,5000.0,2677296,Ejected
0.00400422,9000.0,2677289,Ejected
0.00400422,8000.0,6960,Ejected
0.00400422,6000.0,6963,Ejected
0.00400422,26000.0,1240686,Ejected
0.00400422,11000.0,588060,Ejected
0.00400422,8000.0,588061,Ejected
0.00400422,37000.0,2253317,Ejected
0.00400422,10000.0,6946,Ejected
0.00400422,11000.0,6945,Ejected
0.00400422,8000.0,2677290,Ejected
0.00400422,7000.0,588062,Ejected
0.00400422,24000.0,6962,Ejected
0.00400422,36000.0,2677294,Ejected
0.00400422,8000.0,6947,Ejected
0.00400422,11000.0,6957,Ejected
0.00400422,20000.0,2253311,Ejected
0.00400422,7000.0,588056,Ejected
0.00400422,12000.0,3381621,Ejected
0.00400422,35000.0,2253310,Ejected
0.00400422,10000.0,6943,Ejected
0.00400422,26000.0,6956,Ejected
0.00400422,18000.0,1460305,Ejected
0.00400422,7000.0,1460304,Ejected
0.00400422,6000.0,1460335,Ejected
0.00400422,12000.0,1460319,Ejected
0.00400422,8000.0,1460315,Ejected
0.00400422,6000.0,1460325,Ejected
0.00400422,8000.0,1460317,Ejected
0.00400422,6000.0,1460323,Ejected
0.00400422,32000.0,1460310,Ejected
0.00400422,5000.0,1460301,Ejected
0.00400422,9000.0,1460297,Ejected
0.00400422,4000.0,1460331,Ejected
0.00400422,12000.0,1460334,Ejected
0.00400422,10000.0,1460336,Ejected
0.00400422,8000.0,1460303,Ejected
0.00400422,50000.0,1460302,Ejected
0.00400422,6000.0,1460294,Ejected
0.00400422,35000.0,1460322,Ejected
0.00400422,5000.0,1460312,Ejected
0.00400422,6000.0,1460306,Ejected
0.00400422,10000.0,1460318,Ejected
0.00400422,11000.0,1460324,Ejected
0.00400422,11000.0,1460320,Ejected
0.00400422,12000.0,1460295,Ejected
0.00400422,7000.0,1460296,Ejected
0.00400422,9000.0,1460316,Ejected
0.00400422,13000.0,1460300,Ejected
0.00400422,31000.0,75666,Ejected
0.00400422,54000.0,1460293,Ejected
0.00400422,23000.0,1460330,Ejected
0.00400422,33000.0,3381620,Ejected
0.00400422,58000.0,939989,Ejected
0.00400422,15000.0,75656,Ejected
0.00400422,24000.0,3381608,Ejected
0.00400422,21000.0,2253312,Ejected
0.00400422,14000.0,1460298,Ejected
0.00400422,15000.0,1460308,Ejected
0.00400422,150000.0,2021977,Ejected
0.00400422,46000.0,1240678,Captured
0.00400422,67000.0,2253294,Captured
0.00400422,124000.0,1626367,Captured
0.00400422,141000.0,1626384,Captured
0.0094955,0.0,77855,Captured
0.0094955,3000.0,1627443,Ejected
0.0094955,3000.0,941644,Ejected
0.0094955,4000.0,941664,Ejected
0.0094955,4000.0,3101203,Ejected
0.0094955,4000.0,941608,Ejected
0.0094955,5000.0,941667,Ejected
0.0094955,4000.0,941662,Ejected
0.0094955,8000.0,941616,Ejected
0.0094955,8000.0,1627422,Ejected
0.0094955,4000.0,941607,Ejected
0.0094955,4000.0,941612,Ejected
0.0094955,4000.0,941627,Ejected
0.0094955,5000.0,941628,Ejected
0.0094955,9000.0,941615,Ejected
0.0094955,4000.0,77803,Ejected
0.0094955,4000.0,77819,Ejected
0.0094955,5000.0,77848,Ejected
0.0094955,4000.0,77780,Ejected
0.0094955,5000.0,77830,Ejected
0.0094955,3000.0,77821,Ejected
0.0094955,3000.0,941675,Ejected
0.0094955,16000.0,941665,Ejected
0.0094955,3000.0,3383094,Ejected
0.0094955,4000.0,3383144,Ejected
0.0094955,3000.0,77839,Ejected
0.0094955,5000.0,3383148,Ejected
0.0094955,5000.0,941619,Ejected
0.0094955,6000.0,1627454,Ejected
0.0094955,4000.0,77838,Ejected
0.0094955,5000.0,941653,Ejected
0.0094955,3000.0,941611,Ejected
0.0094955,4000.0,3383136,Ejected
0.0094955,8000.0,941623,Ejected
0.0094955,10000.0,941668,Ejected
0.0094955,4000.0,941639,Ejected
0.0094955,8000.0,77792,Ejected
0.0094955,36000.0,941676,Ejected
0.0094955,3000.0,941613,Ejected
0.0094955,10000.0,941625,Ejected
0.0094955,21000.0,3383126,Ejected
0.0094955,5000.0,941606,Ejected
0.0094955,4000.0,941641,Ejected
0.0094955,4000.0,941682,Ejected
0.0094955,3000.0,3383140,Ejected
0.0094955,4000.0,1627417,Ejected
0.0094955,4000.0,1627414,Ejected
0.0094955,6000.0,3383139,Ejected
0.0094955,4000.0,3383146,Ejected
0.0094955,5000.0,3383129,Ejected
0.0094955,5000.0,3383145,Ejected
0.0094955,4000.0,3383120,Ejected
0.0094955,3000.0,3383086,Ejected
0.0094955,8000.0,2023184,Ejected
0.0094955,5000.0,1627457,Ejected
0.0094955,3000.0,77809,Ejected
0.0094955,6000.0,3383079,Ejected
0.0094955,12000.0,941648,Ejected
0.0094955,5000.0,77796,Ejected
0.0094955,8000.0,1627430,Ejected
0.0094955,26000.0,1627448,Ejected
0.0094955,8000.0,1627451,Ejected
0.0094955,3000.0,941604,Ejected
0.0094955,18000.0,77820,Ejected
0.0094955,59000.0,941688,Ejected
0.0094955,17000.0,941658,Ejected
0.0094955,6000.0,941646,Ejected
0.0094955,4000.0,941678,Ejected
0.0094955,26000.0,941673,Ejected
0.0094955,4000.0,941638,Ejected
0.0094955,7000.0,77802,Ejected
0.0094955,54000.0,77791,Ejected
0.0094955,18000.0,3383078,Ejected
0.0094955,4000.0,77831,Ejected
0.0094955,3000.0,2023209,Ejected
0.0094955,4000.0,2023208,Ejected
0.0094955,5000.0,2023199,Ejected
0.0094955,55000.0,2023185,Ejected
0.0094955,3000.0,77832,Ejected
0.0094955,5000.0,77854,Ejected
0.0094955,3000.0,941650,Ejected
0.0094955,8000.0,2023193,Ejected
0.0094955,4000.0,2023178,Ejected
0.0094955,6000.0,1627420,Ejected
0.0094955,12000.0,3383106,Ejected
0.0094955,7000.0,1627429,Ejected
0.0094955,15000.0,3383122,Ejected
0.0094955,7000.0,77789,Ejected
0.0094955,8000.0,3383082,Ejected
0.0094955,3000.0,77823,Ejected
0.0094955,4000.0,77824,Ejected
0.0094955,6000.0,2023187,Ejected
0.0094955,6000.0,2254180,Ejected
0.0094955,4000.0,2254194,Ejected
0.0094955,4000.0,2254186,Ejected
0.0094955,8000.0,1627427,Ejected
0.0094955,8000.0,77849,Ejected
0.0094955,4000.0,941663,Ejected
0.0094955,4000.0,2023188,Ejected
0.0094955,5000.0,2023203,Ejected
0.0094955,8000.0,3383104,Ejected
0.0094955,4000.0,941609,Ejected
0.0094955,4000.0,1627442,Ejected
0.0094955,10000.0,3101202,Ejected
0.0094955,0.0,77801,Captured
0.0094955,16000.0,77850,Ejected
0.0094955,5000.0,77827,Ejected
0.0094955,7000.0,941679,Ejected
0.0094955,8000.0,941677,Ejected
0.0094955,3000.0,2254185,Ejected
0.0094955,5000.0,2023194,Ejected
0.0094955,15000.0,2023211,Ejected
0.0094955,5000.0,77810,Ejected
0.0094955,4000.0,2254168,Ejected
0.0094955,17000.0,3101200,Ejected
0.0094955,6000.0,77805,Ejected
0.0094955,3000.0,77853,Ejected
0.0094955,5000.0,2254178,Ejected
0.0094955,3000.0,2254177,Ejected
0.0094955,3000.0,2254179,Ejected
0.0094955,5000.0,3383116,Ejected
0.0094955,3000.0,2023198,Ejected
0.0094955,11000.0,941614,Ejected
0.0094955,8000.0,2254176,Ejected
0.0094955,12000.0,77829,Ejected
0.0094955,25000.0,3101199,Ejected
0.0094955,6000.0,941617,Ejected
0.0094955,4000.0,3383151,Ejected
0.0094955,5000.0,3383088,Ejected
0.0094955,3000.0,941603,Ejected
0.0094955,4000.0,1627456,Ejected
0.0094955,3000.0,77833,Ejected
0.0094955,3000.0,1627455,Ejected
0.0094955,9000.0,77837,Ejected
0.0094955,5000.0,3101195,Ejected
0.0094955,7000.0,941652,Ejected
0.0094955,5000.0,3383113,Ejected
0.0094955,5000.0,941683,Ejected
0.0094955,5000.0,2023176,Ejected
0.0094955,8000.0,3383118,Ejected
0.0094955,11000.0,2023183,Ejected
0.0094955,7000.0,77797,Ejected
0.0094955,4000.0,77779,Ejected
0.0094955,4000.0,941649,Ejected
0.0094955,4000.0,3383084,Ejected
0.0094955,4000.0,3383080,Ejected
0.0094955,6000.0,77799,Ejected
0.0094955,13000.0,77812,Ejected
0.0094955,10000.0,3383081,Ejected
0.0094955,6000.0,3383077,Ejected
0.0094955,27000.0,3383147,Ejected
0.0094955,3000.0,3383098,Ejected
0.0094955,12000.0,2023177,Ejected
0.0094955,9000.0,941621,Ejected
0.0094955,3000.0,2254189,Ejected
0.0094955,7000.0,2023190,Ejected
0.0094955,6000.0,2254165,Ejected
0.0094955,4000.0,2254193,Ejected
0.0094955,12000.0,2254175,Ejected
0.0094955,7000.0,941660,Ejected
0.0094955,5000.0,941666,Ejected
0.0094955,5000.0,3383142,Ejected
0.0094955,5000.0,1627445,Ejected
0.0094955,4000.0,77785,Ejected
0.0094955,8000.0,941635,Ejected
0.0094955,5000.0,3383149,Ejected
0.0094955,48000.0,941674,Ejected
0.0094955,4000.0,3383092,Ejected
0.0094955,31000.0,77844,Ejected
0.0094955,7000.0,941685,Ejected
0.0094955,14000.0,3383111,Ejected
0.0094955,6000.0,941618,Ejected
0.0094955,20000.0,3383112,Ejected
0.0094955,5000.0,1627441,Ejected
0.0094955,7000.0,77777,Ejected
0.0094955,5000.0,2254166,Ejected
0.0094955,12000.0,941671,Ejected
0.0094955,6000.0,77806,Ejected
0.0094955,7000.0,941602,Ejected
0.0094955,3000.0,77825,Ejected
0.0094955,15000.0,3101196,Ejected
0.0094955,6000.0,77800,Ejected
0.0094955,11000.0,2023180,Ejected
0.0094955,18000.0,77795,Ejected
0.0094955,5000.0,2023201,Ejected
0.0094955,30000.0,2023175,Ejected
0.0094955,10000.0,77817,Ejected
0.0094955,6000.0,77781,Ejected
0.0094955,7000.0,3383109,Ejected
0.0094955,42000.0,941681,Ejected
0.0094955,3000.0,1627428,Ejected
0.0094955,8000.0,941669,Ejected
0.0094955,4000.0,2254173,Ejected
0.0094955,7000.0,2254191,Ejected
0.0094955,7000.0,2254190,Ejected
0.0094955,9000.0,2254170,Ejected
0.0094955,5000.0,560527,Ejected
0.0094955,5000.0,1627434,Ejected
0.0094955,6000.0,2023191,Ejected
0.0094955,4000.0,1627439,Ejected
0.0094955,8000.0,3383135,Ejected
0.0094955,7000.0,941622,Ejected
0.0094955,15000.0,941645,Ejected
0.0094955,3000.0,2023189,Ejected
0.0094955,13000.0,1627438,Ejected
0.0094955,5000.0,2023210,Ejected
0.0094955,6000.0,3383096,Ejected
0.0094955,6000.0,77834,Ejected
0.0094955,15000.0,2254192,Ejected
0.0094955,6000.0,941633,Ejected
0.0094955,14000.0,3101198,Ejected
0.0094955,4000.0,3383133,Ejected
0.0094955,18000.0,1627431,Ejected
0.0094955,11000.0,3383110,Ejected
0.0094955,4000.0,77851,Ejected
0.0094955,6000.0,1627435,Ejected
0.0094955,3000.0,2678710,Ejected
0.0094955,7000.0,3383099,Ejected
0.0094955,5000.0,2678706,Ejected
0.0094955,25000.0,2678707,Ejected
0.0094955,5000.0,2678709,Ejected
0.0094955,4000.0,2678700,Ejected
0.0094955,3000.0,1241990,Ejected
0.0094955,4000.0,1241993,Ejected
0.0094955,6000.0,1241981,Ejected
0.0094955,7000.0,1241985,Ejected
0.0094955,4000.0,1241964,Ejected
0.0094955,3000.0,1241983,Ejected
0.0094955,13000.0,1241969,Ejected
0.0094955,6000.0,1241966,Ejected
0.0094955,6000.0,1241959,Ejected
0.0094955,22000.0,1241991,Ejected
0.0094955,5000.0,1241961,Ejected
0.0094955,3000.0,1241965,Ejected
0.0094955,4000.0,1241974,Ejected
0.0094955,4000.0,1241987,Ejected
0.0094955,12000.0,1241973,Ejected
0.0094955,16000.0,2678708,Ejected
0.0094955,3000.0,1241979,Ejected
0.0094955,45000.0,1241988,Ejected
0.0094955,5000.0,1241960,Ejected
0.0094955,7000.0,1241986,Ejected
0.0094955,7000.0,1241978,Ejected
0.0094955,5000.0,2678702,Ejected
0.0094955,5000.0,2678701,Ejected
0.0094955,9000.0,1241957,Ejected
0.0094955,9000.0,2678704,Ejected
0.0094955,13000.0,3383127,Ejected
0.0094955,13000.0,2023181,Ejected
0.0094955,12000.0,1241976,Ejected
0.0094955,5000.0,7719,Ejected
0.0094955,22000.0,7725,Ejected
0.0094955,6000.0,7716,Ejected
0.0094955,5000.0,7728,Ejected
0.0094955,4000.0,7714,Ejected
0.0094955,6000.0,7721,Ejected
0.0094955,14000.0,7715,Ejected
0.0094955,7000.0,7729,Ejected
0.0094955,6000.0,3101201,Ejected
0.0094955,5000.0,7713,Ejected
0.0094955,4000.0,7720,Ejected
0.0094955,6000.0,7727,Ejected
0.0094955,5000.0,7717,Ejected
0.0094955,6000.0,7709,Ejected
0.0094955,5000.0,7722,Ejected
0.0094955,7000.0,7711,Ejected
0.0094955,6000.0,588593,Ejected
0.0094955,23000.0,588587,Ejected
0.0094955,6000.0,588594,Ejected
0.0094955,12000.0,588592,Ejected
0.0094955,24000.0,3383100,Ejected
0.0094955,5000.0,1461368,Ejected
0.0094955,7000.0,1461352,Ejected
0.0094955,3000.0,1461338,Ejected
0.0094955,5000.0,1461358,Ejected
0.0094955,7000.0,1461344,Ejected
0.0094955,8000.0,1461337,Ejected
0.0094955,5000.0,1461330,Ejected
0.0094955,5000.0,1461339,Ejected
0.0094955,6000.0,1461345,Ejected
0.0094955,6000.0,1461371,Ejected
0.0094955,7000.0,1461343,Ejected
0.0094955,10000.0,1461372,Ejected
0.0094955,5000.0,1461335,Ejected
0.0094955,11000.0,1461357,Ejected
0.0094955,3000.0,1461363,Ejected
0.0094955,3000.0,1461341,Ejected
0.0094955,4000.0,77822,Ejected
0.0094955,8000.0,1461360,Ejected
0.0094955,4000.0,1461356,Ejected
0.0094955,10000.0,1461369,Ejected
0.0094955,4000.0,1461370,Ejected
0.0094955,13000.0,1461336,Ejected
0.0094955,7000.0,1461366,Ejected
0.0094955,5000.0,1461354,Ejected
0.0094955,4000.0,1461364,Ejected
0.0094955,8000.0,1461367,Ejected
0.0094955,5000.0,1461359,Ejected
0.0094955,6000.0,1461346,Ejected
0.0094955,13000.0,1461355,Ejected
0.0094955,17000.0,1461353,Ejected
0.0094955,7000.0,1461361,Ejected
0.0094955,27000.0,1241977,Ejected
0.0094955,6000.0,1461362,Ejected
0.0094955,66000.0,1627436,Ejected
0.0094955,66000.0,3383105,Captured
0.030027,1000.0,943342,Ejected
0.030027,2000.0,943264,Ejected
0.030027,2000.0,943336,Ejected
0.030027,3000.0,943271,Ejected
0.030027,2000.0,943263,Ejected
0.030027,0.0,943312,Captured
0.030027,2000.0,943324,Ejected
0.030027,6000.0,943306,Ejected
0.030027,2000.0,943257,Ejected
0.030027,3000.0,943301,Ejected
0.030027,4000.0,943315,Ejected
0.030027,3000.0,943321,Ejected
0.030027,3000.0,943304,Ejected
0.030027,3000.0,943260,Ejected
0.030027,4000.0,943285,Ejected
0.030027,3000.0,943341,Ejected
0.030027,4000.0,943307,Ejected
0.030027,5000.0,943319,Ejected
0.030027,5000.0,943326,Ejected
0.030027,3000.0,943292,Ejected
0.030027,2000.0,943316,Ejected
0.030027,3000.0,943268,Ejected
0.030027,2000.0,943320,Ejected
0.030027,2000.0,943284,Ejected
0.030027,2000.0,943331,Ejected
0.030027,3000.0,943261,Ejected
0.030027,2000.0,943256,Ejected
0.030027,7000.0,943291,Ejected
0.030027,5000.0,943295,Ejected
0.030027,7000.0,943298,Ejected
0.030027,6000.0,943290,Ejected
0.030027,3000.0,943327,Ejected
0.030027,2000.0,943322,Ejected
0.030027,43000.0,943258,Ejected
0.030027,2000.0,943273,Ejected
0.030027,9000.0,943297,Ejected
0.030027,4000.0,943294,Ejected
0.030027,3000.0,943330,Ejected
0.030027,6000.0,943308,Ejected
0.030027,2000.0,943343,Ejected
0.030027,3000.0,943287,Ejected
0.030027,3000.0,943325,Ejected
0.030027,2000.0,1628513,Ejected
0.030027,2000.0,1628498,Ejected
0.030027,2000.0,1628486,Ejected
0.030027,3000.0,1628481,Ejected
0.030027,2000.0,1628478,Ejected
0.030027,1000.0,1628511,Ejected
0.030027,3000.0,1628510,Ejected
0.030027,6000.0,1628480,Ejected
0.030027,3000.0,1628508,Ejected
0.030027,3000.0,1628506,Ejected
0.030027,1000.0,1628488,Ejected
0.030027,3000.0,1628502,Ejected
0.030027,2000.0,1628484,Ejected
0.030027,3000.0,1628496,Ejected
0.030027,39000.0,943280,Ejected
0.030027,9000.0,943335,Ejected
0.030027,2000.0,1628491,Ejected
0.030027,3000.0,943279,Ejected
0.030027,2000.0,1628490,Ejected
0.030027,5000.0,2024670,Ejected
0.030027,2000.0,2024667,Ejected
0.030027,3000.0,2024663,Ejected
0.030027,2000.0,2024681,Ejected
0.030027,3000.0,2024701,Ejected
0.030027,2000.0,1628504,Ejected
0.030027,2000.0,1628489,Ejected
0.030027,3000.0,1628503,Ejected
0.030027,3000.0,943276,Ejected
0.030027,4000.0,2024675,Ejected
0.030027,5000.0,2024690,Ejected
0.030027,2000.0,2024676,Ejected
0.030027,6000.0,1628477,Ejected
0.030027,2000.0,2024669,Ejected
0.030027,2000.0,2024696,Ejected
0.030027,7000.0,1628479,Ejected
0.030027,5000.0,1628483,Ejected
0.030027,2000.0,1628471,Ejected
0.030027,4000.0,1628497,Ejected
0.030027,3000.0,1628487,Ejected
0.030027,10000.0,1628473,Ejected
0.030027,3000.0,2024691,Ejected
0.030027,3000.0,2024699,Ejected
0.030027,3000.0,943333,Ejected
0.030027,2000.0,80594,Ejected
0.030027,10000.0,80611,Ejected
0.030027,2000.0,80568,Ejected
0.030027,7000.0,943272,Ejected
0.030027,5000.0,80572,Ejected
0.030027,2000.0,80596,Ejected
0.030027,2000.0,80571,Ejected
0.030027,12000.0,80564,Ejected
0.030027,3000.0,80555,Ejected
0.030027,2000.0,80635,Ejected
0.030027,2000.0,80553,Ejected
0.030027,3000.0,80599,Ejected
0.030027,3000.0,80628,Ejected
0.030027,6000.0,80603,Ejected
0.030027,2000.0,80597,Ejected
0.030027,3000.0,80556,Ejected
0.030027,3000.0,80612,Ejected
0.030027,5000.0,80633,Ejected
0.030027,3000.0,80609,Ejected
0.030027,3000.0,80617,Ejected
0.030027,6000.0,80554,Ejected
0.030027,4000.0,2024665,Ejected
0.030027,4000.0,80622,Ejected
0.030027,4000.0,80582,Ejected
0.030027,5000.0,80607,Ejected
0.030027,3000.0,1628492,Ejected
0.030027,7000.0,80585,Ejected
0.030027,2000.0,1628494,Ejected
0.030027,5000.0,80578,Ejected
0.030027,1000.0,3384600,Ejected
0.030027,4000.0,3384598,Ejected
0.030027,3000.0,3384574,Ejected
0.030027,3000.0,3102171,Ejected
0.030027,5000.0,3384608,Ejected
0.030027,8000.0,3384606,Ejected
0.030027,2000.0,3384613,Ejected
0.030027,2000.0,80610,Ejected
0.030027,5000.0,3384603,Ejected
0.030027,3000.0,80615,Ejected
0.030027,3000.0,2024684,Ejected
0.030027,5000.0,80634,Ejected
0.030027,3000.0,3384566,Ejected
0.030027,3000.0,3384601,Ejected
0.030027,11000.0,80562,Ejected
0.030027,2000.0,3384605,Ejected
0.030027,2000.0,3384635,Ejected
0.030027,2000.0,3384634,Ejected
0.030027,4000.0,3384630,Ejected
0.030027,2000.0,3384577,Ejected
0.030027,2000.0,3102175,Ejected
0.030027,5000.0,3384611,Ejected
0.030027,4000.0,3384620,Ejected
0.030027,3000.0,80627,Ejected
0.030027,5000.0,3102176,Ejected
0.030027,2000.0,3384638,Ejected
0.030027,3000.0,2024694,Ejected
0.030027,2000.0,80606,Ejected
0.030027,3000.0,3384612,Ejected
0.030027,5000.0,3384596,Ejected
0.030027,4000.0,80593,Ejected
0.030027,8000.0,80618,Ejected
0.030027,2000.0,3384585,Ejected
0.030027,4000.0,3384592,Ejected
0.030027,4000.0,3384627,Ejected
0.030027,2000.0,3384610,Ejected
0.030027,3000.0,80577,Ejected
0.030027,19000.0,80589,Ejected
0.030027,3000.0,3384571,Ejected
0.030027,2000.0,3384573,Ejected
0.030027,3000.0,2024680,Ejected
0.030027,2000.0,3384609,Ejected
0.030027,8000.0,80576,Ejected
0.030027,13000.0,3384607,Ejected
0.030027,3000.0,3384583,Ejected
0.030027,3000.0,3384622,Ejected
0.030027,3000.0,80602,Ejected
0.030027,2000.0,1434913,Ejected
0.030027,10000.0,80620,Ejected
0.030027,3000.0,2024683,Ejected
0.030027,5000.0,3102173,Ejected
0.030027,3000.0,3384593,Ejected
0.030027,2000.0,3384637,Ejected
0.030027,19000.0,1434921,Ejected
0.030027,2000.0,1434920,Ejected
0.030027,10000.0,2024686,Ejected
0.030027,2000.0,1434914,Ejected
0.030027,3000.0,80566,Ejected
0.030027,7000.0,3384567,Ejected
0.030027,3000.0,3384623,Ejected
0.030027,4000.0,2024664,Ejected
0.030027,2000.0,2024692,Ejected
0.030027,2000.0,3384621,Ejected
0.030027,2000.0,3102170,Ejected
0.030027,3000.0,3384618,Ejected
0.030027,2000.0,80584,Ejected
0.030027,2000.0,3384632,Ejected
0.030027,9000.0,3384578,Ejected
0.030027,3000.0,80631,Ejected
0.030027,3000.0,3102169,Ejected
0.030027,5000.0,3102178,Ejected
0.030027,3000.0,3384579,Ejected
0.030027,2000.0,3384584,Ejected
0.030027,3000.0,2024678,Ejected
0.030027,2000.0,1434917,Ejected
0.030027,3000.0,3384569,Ejected
0.030027,6000.0,80569,Ejected
0.030027,8000.0,3384591,Ejected
0.030027,4000.0,80595,Ejected
0.030027,7000.0,2024679,Ejected
0.030027,3000.0,3384625,Ejected
0.030027,3000.0,1628512,Ejected
0.030027,7000.0,80557,Ejected
0.030027,7000.0,80558,Ejected
0.030027,3000.0,943293,Ejected
0.030027,8000.0,3384576,Ejected
0.030027,5000.0,8487,Ejected
0.030027,2000.0,8488,Ejected
0.030027,3000.0,8491,Ejected
0.030027,2000.0,8484,Ejected
0.030027,6000.0,8482,Ejected
0.030027,2000.0,8492,Ejected
0.030027,3000.0,8494,Ejected
0.030027,2000.0,8496,Ejected
0.030027,2000.0,8486,Ejected
0.030027,3000.0,2255123,Ejected
0.030027,6000.0,8498,Ejected
0.030027,4000.0,8499,Ejected
0.030027,13000.0,2255140,Ejected
0.030027,3000.0,2255131,Ejected
0.030027,1000.0,2255125,Ejected
0.030027,2000.0,2255143,Ejected
0.030027,8000.0,2255141,Ejected
0.030027,4000.0,2255132,Ejected
0.030027,3000.0,2255149,Ejected
0.030027,2000.0,2255135,Ejected
0.030027,2000.0,2255146,Ejected
0.030027,7000.0,2255124,Ejected
0.030027,2000.0,2255151,Ejected
0.030027,6000.0,2255127,Ejected
0.030027,3000.0,2255126,Ejected
0.030027,4000.0,1243059,Ejected
0.030027,4000.0,1243049,Ejected
0.030027,2000.0,1243074,Ejected
0.030027,3000.0,1243063,Ejected
0.030027,5000.0,1243065,Ejected
0.030027,2000.0,1243084,Ejected
0.030027,2000.0,1243083,Ejected
0.030027,2000.0,1243048,Ejected
0.030027,4000.0,1243077,Ejected
0.030027,2000.0,1243055,Ejected
0.030027,2000.0,1243054,Ejected
0.030027,3000.0,1243086,Ejected
0.030027,3000.0,1243062,Ejected
0.030027,15000.0,1243058,Ejected
0.030027,5000.0,1243091,Ejected
0.030027,3000.0,1243090,Ejected
0.030027,3000.0,1243070,Ejected
0.030027,3000.0,1243060,Ejected
0.030027,5000.0,2255120,Ejected
0.030027,2000.0,1243053,Ejected
0.030027,3000.0,1243072,Ejected
0.030027,4000.0,1243057,Ejected
0.030027,3000.0,589123,Ejected
0.030027,0.0,589122,Captured
0.030027,14000.0,589126,Ejected
0.030027,2000.0,589125,Ejected
0.030027,2000.0,589121,Ejected
0.030027,2000.0,1462379,Ejected
0.030027,10000.0,1462372,Ejected
0.030027,7000.0,1462383,Ejected
0.030027,2000.0,1462382,Ejected
0.030027,5000.0,1462370,Ejected
0.030027,18000.0,1462367,Ejected
0.030027,2000.0,1462384,Ejected
0.030027,8000.0,1462373,Ejected
0.030027,2000.0,1462394,Ejected
0.030027,2000.0,1462410,Ejected
0.030027,2000.0,1462402,Ejected
0.030027,3000.0,1462369,Ejected
0.030027,3000.0,1462376,Ejected
0.030027,10000.0,1462374,Ejected
0.030027,10000.0,1462393,Ejected
0.030027,2000.0,1462397,Ejected
0.030027,4000.0,1462380,Ejected
0.030027,3000.0,1462400,Ejected
0.030027,4000.0,1462409,Ejected
0.030027,37000.0,3384617,Captured
0.030027,35000.0,1462368,Captured
0.030027,82000.0,1628495,Captured
0.030027,95000.0,2024677,Captured
0.1,2000.0,2841021,Ejected
0.1,1000.0,2841015,Ejected
0.1,4000.0,2840990,Ejected
0.1,1000.0,2840995,Ejected
0.1,3000.0,2840978,Ejected
0.1,3000.0,2840987,Ejected
0.1,2000.0,2841022,Ejected
0.1,1000.0,2840979,Ejected
0.1,2000.0,2841017,Ejected
0.1,5000.0,2840999,Ejected
0.1,2000.0,2840988,Ejected
0.1,10000.0,2841000,Ejected
0.1,4000.0,2840998,Ejected
0.1,3000.0,2841009,Ejected
0.1,8000.0,2840992,Ejected
0.1,4000.0,2840983,Ejected
0.1,5000.0,2841011,Ejected
0.1,2000.0,2840982,Ejected
0.1,2000.0,2840976,Ejected
0.1,3000.0,2840996,Ejected
0.1,0.0,2840980,Captured
0.1,2000.0,1998219,Ejected
0.1,1000.0,1998259,Ejected
0.1,1000.0,1998265,Ejected
0.1,1000.0,1998222,Ejected
0.1,3000.0,1998242,Ejected
0.1,3000.0,1998225,Ejected
0.1,2000.0,1998263,Ejected
0.1,3000.0,1998243,Ejected
0.1,0.0,1998228,Captured
0.1,3000.0,1998253,Ejected
0.1,2000.0,1998230,Ejected
0.1,2000.0,1998246,Ejected
0.1,1000.0,1998261,Ejected
0.1,2000.0,3125136,Ejected
0.1,4000.0,2841019,Ejected
0.1,2000.0,1998240,Ejected
0.1,1000.0,1998250,Ejected
0.1,2000.0,1294268,Ejected
0.1,2000.0,1294286,Ejected
0.1,1000.0,1294294,Ejected
0.1,4000.0,1294284,Ejected
0.1,1000.0,1294266,Ejected
0.1,1000.0,1294269,Ejected
0.1,4000.0,1998260,Ejected
0.1,1000.0,1839975,Ejected
0.1,2000.0,1839946,Ejected
0.1,2000.0,1839943,Ejected
0.1,4000.0,1294278,Ejected
0.1,4000.0,1839968,Ejected
0.1,3000.0,1294295,Ejected
0.1,2000.0,1998244,Ejected
0.1,3000.0,1998231,Ejected
0.1,6000.0,1998255,Ejected
0.1,8000.0,1839969,Ejected
0.1,1000.0,1294270,Ejected
0.1,5000.0,1839950,Ejected
0.1,2000.0,3125133,Ejected
0.1,7000.0,3125135,Ejected
0.1,2000.0,1998234,Ejected
0.1,1000.0,1839964,Ejected
0.1,2000.0,1294271,Ejected
0.1,2000.0,1294272,Ejected
0.1,6000.0,1294273,Ejected
0.1,3000.0,1839952,Ejected
0.1,2000.0,1059989,Ejected
0.1,2000.0,1060019,Ejected
0.1,2000.0,1060020,Ejected
0.1,1000.0,1060008,Ejected
0.1,16000.0,1839958,Ejected
0.1,1000.0,1060009,Ejected
0.1,2000.0,1060002,Ejected
0.1,1000.0,1060005,Ejected
0.1,3000.0,1059997,Ejected
0.1,2000.0,1059998,Ejected
0.1,2000.0,1060024,Ejected
0.1,2000.0,1060034,Ejected
0.1,2000.0,1060018,Ejected
0.1,2000.0,1060022,Ejected
0.1,2000.0,1060006,Ejected
0.1,1000.0,1060021,Ejected
0.1,6000.0,1060017,Ejected
0.1,4000.0,1060016,Ejected
0.1,1000.0,1060001,Ejected
0.1,3000.0,1839953,Ejected
0.1,2000.0,1059999,Ejected
0.1,3000.0,1060038,Ejected
0.1,2000.0,1839971,Ejected
0.1,0.0,1060012,Captured
0.1,3000.0,1294288,Ejected
0.1,4000.0,1839962,Ejected
0.1,1000.0,1839941,Ejected
0.1,2000.0,1059996,Ejected
0.1,4000.0,1839938,Ejected
0.1,2000.0,1998224,Ejected
0.1,5000.0,1060003,Ejected
0.1,2000.0,1998229,Ejected
0.1,6000.0,1060014,Ejected
0.1,3000.0,1998266,Ejected
0.1,3000.0,3125138,Ejected
0.1,1000.0,1998254,Ejected
0.1,1000.0,1839960,Ejected
0.1,0.0,2840981,Captured
0.1,3000.0,3125132,Ejected
0.1,2000.0,3125129,Ejected
0.1,4000.0,1839977,Ejected
0.1,3000.0,3125134,Ejected
0.1,3000.0,1839973,Ejected
0.1,3000.0,1998258,Ejected
0.1,3000.0,1839954,Ejected
0.1,2000.0,1060027,Ejected
0.1,2000.0,764344,Ejected
0.1,3000.0,764346,Ejected
0.1,2000.0,764372,Ejected
0.1,2000.0,764342,Ejected
0.1,3000.0,3519793,Ejected
0.1,2000.0,1839948,Ejected
0.1,0.0,1839940,Captured
0.1,1000.0,3519790,Ejected
0.1,2000.0,3519796,Ejected
0.1,4000.0,1839967,Ejected
0.1,1000.0,3675870,Ejected
0.1,1000.0,3675917,Ejected
0.1,1000.0,3675916,Ejected
0.1,2000.0,3675884,Ejected
0.1,1000.0,3675881,Ejected
0.1,3000.0,1839956,Ejected
0.1,2000.0,3675898,Ejected
0.1,2000.0,3675873,Ejected
0.1,1000.0,3675915,Ejected
0.1,2000.0,3675909,Ejected
0.1,2000.0,764369,Ejected
0.1,3000.0,764367,Ejected
0.1,2000.0,764353,Ejected
0.1,4000.0,3675895,Ejected
0.1,2000.0,3675926,Ejected
0.1,3000.0,764341,Ejected
0.1,2000.0,764337,Ejected
0.1,2000.0,3675882,Ejected
0.1,2000.0,764340,Ejected
0.1,2000.0,764338,Ejected
0.1,12000.0,3675896,Ejected
0.1,2000.0,3675888,Ejected
0.1,1000.0,3675875,Ejected
0.1,1000.0,3675922,Ejected
0.1,3000.0,3675920,Ejected
0.1,2000.0,3675927,Ejected
0.1,2000.0,3675876,Ejected
0.1,3000.0,3675900,Ejected
0.1,4000.0,3675880,Ejected
0.1,5000.0,3675891,Ejected
0.1,0.0,3675905,Captured
0.1,2000.0,3675928,Ejected
0.1,10000.0,1998264,Ejected
0.1,2000.0,764364,Ejected
0.1,4000.0,764339,Ejected
0.1,2000.0,764371,Ejected
0.1,4000.0,764366,Ejected
0.1,9000.0,764335,Ejected
0.1,3000.0,764358,Ejected
0.1,2000.0,764368,Ejected
0.1,3000.0,764360,Ejected
0.1,2000.0,1294287,Ejected
0.1,2000.0,3125141,Ejected
0.1,3000.0,1839945,Ejected
0.1,2000.0,1839974,Ejected
0.1,2000.0,764345,Ejected
0.1,2000.0,1839978,Ejected
0.1,2000.0,1998247,Ejected
0.1,2000.0,3675918,Ejected
0.1,2000.0,3675911,Ejected
0.1,3000.0,3675910,Ejected
0.1,2000.0,1839957,Ejected
0.1,2000.0,1839980,Ejected
0.1,2000.0,1059993,Ejected
0.1,4000.0,2841016,Ejected
0.1,1000.0,769284,Ejected
0.1,1000.0,769286,Ejected
0.1,2000.0,1294292,Ejected
0.1,4000.0,1998235,Ejected
0.1,2000.0,769297,Ejected
0.1,4000.0,769298,Ejected
0.1,4000.0,769289,Ejected
0.1,3000.0,769292,Ejected
0.1,1000.0,3519792,Ejected
0.1,1000.0,3675894,Ejected
0.1,2000.0,3675914,Ejected
0.1,2000.0,3675872,Ejected
0.1,2000.0,3519804,Ejected
0.1,2000.0,3675925,Ejected
0.1,2000.0,3675921,Ejected
0.1,3000.0,3675874,Ejected
0.1,2000.0,3675885,Ejected
0.1,2000.0,1060015,Ejected
0.1,2000.0,1839972,Ejected
0.1,3000.0,1294291,Ejected
0.1,8000.0,769290,Ejected
0.1,2000.0,1060040,Ejected
0.1,6000.0,1998220,Ejected
0.1,9000.0,1060036,Ejected
0.1,3000.0,764332,Ejected
0.1,2000.0,2841012,Ejected
0.1,1000.0,3675869,Ejected
0.1,1000.0,764373,Ejected
0.1,2000.0,3125143,Ejected
0.1,5000.0,3675906,Ejected
0.1,39000.0,3675878,Ejected
0.1,2000.0,1839981,Ejected
0.1,2000.0,3125142,Ejected
0.1,4000.0,1998227,Ejected
0.1,7000.0,1998245,Ejected
0.1,4000.0,2841003,Ejected
0.1,27000.0,3125140,Ejected
0.1,2000.0,3519801,Ejected
0.1,3000.0,769294,Ejected
0.1,2000.0,769296,Ejected
0.1,2000.0,2840977,Ejected
0.1,5000.0,1839944,Ejected
0.1,2000.0,3675879,Ejected
0.1,2000.0,1059986,Ejected
0.1,1000.0,764351,Ejected
0.1,28000.0,764352,Ejected
0.1,2000.0,1059988,Ejected
0.1,2000.0,769293,Ejected
0.1,7000.0,3675883,Ejected
0.1,3000.0,1059990,Ejected
0.1,4000.0,2841010,Ejected
0.1,3000.0,1839959,Ejected
0.1,3000.0,1059994,Ejected
0.1,1000.0,3287029,Ejected
0.1,7000.0,3519795,Ejected
0.1,2000.0,4102104,Ejected
0.1,1000.0,4102099,Ejected
0.1,2000.0,4102107,Ejected
0.1,2000.0,4102097,Ejected
0.1,2000.0,4102100,Ejected
0.1,1000.0,4102102,Ejected
0.1,2000.0,1992577,Ejected
0.1,4000.0,1992568,Ejected
0.1,1000.0,1992567,Ejected
0.1,3000.0,1992580,Ejected
0.1,3000.0,1992575,Ejected
0.1,1000.0,1992579,Ejected
0.1,2000.0,1992570,Ejected
0.1,2000.0,1992571,Ejected
0.1,2000.0,1992578,Ejected
0.1,2000.0,3287027,Ejected
0.1,2000.0,1992582,Ejected
0.1,4000.0,1992581,Ejected
0.1,6000.0,764349,Ejected
0.1,3000.0,450842,Ejected
0.1,0.0,450839,Captured
0.1,2000.0,450844,Ejected
0.1,1000.0,450847,Ejected
0.1,2000.0,450846,Ejected
0.1,2000.0,450856,Ejected
0.1,2000.0,450858,Ejected
0.1,3000.0,450851,Ejected
0.1,2000.0,450838,Ejected
0.1,8000.0,450840,Ejected
0.1,3000.0,450860,Ejected
0.1,2000.0,450841,Ejected
0.1,3000.0,450849,Ejected
0.1,5000.0,1992576,Ejected
0.1,3000.0,3519802,Ejected
0.1,6000.0,3125137,Ejected
0.1,2000.0,1060029,Ejected
0.1,2000.0,3155825,Ejected
0.1,3000.0,3155820,Ejected
0.1,2000.0,3155833,Ejected
0.1,2000.0,3155824,Ejected
0.1,2000.0,3155830,Ejected
0.1,4000.0,3155828,Ejected
0.1,3000.0,3155823,Ejected
0.1,7000.0,3155829,Ejected
0.1,2000.0,2084951,Ejected
0.1,5000.0,2084955,Ejected
0.1,3000.0,2084949,Ejected
0.1,4000.0,2084947,Ejected
0.1,2000.0,2084953,Ejected
0.1,3000.0,2084943,Ejected
0.1,3000.0,2084956,Ejected
0.1,1000.0,2084954,Ejected
0.1,2000.0,2084948,Ejected
0.1,9000.0,1998251,Ejected
0.1,2000.0,2912406,Ejected
0.1,6000.0,2912414,Ejected
0.1,1000.0,2912405,Ejected
0.1,2000.0,2912409,Ejected
0.1,2000.0,2912410,Ejected
0.1,23000.0,2912415,Ejected
0.1,3000.0,2912404,Ejected
0.1,2000.0,2840991,Captured
0.1,1000.0,2981544,Ejected
0.1,3000.0,2981542,Ejected
0.1,2000.0,2981538,Ejected
0.1,2000.0,2981546,Ejected
0.1,2000.0,2981534,Ejected
0.1,2000.0,2981539,Ejected
0.1,3000.0,2981535,Ejected
0.1,2000.0,2981532,Ejected
0.1,2000.0,2981547,Ejected
0.1,2000.0,2981540,Ejected
0.1,2000.0,2981545,Ejected
0.1,30000.0,1998236,Ejected
0.1,12000.0,769295,Captured
0.1,18000.0,764343,Captured
0.1,19000.0,3675871,Captured
0.1,26000.0,4102098,Captured
0.1,40000.0,1998252,Captured
0.1,51000.0,4102101,Ejected
0.1,37000.0,1060032,Captured
5e-05,1000.0,2281311,Captured
5e-05,4000.0,945207,Captured
5e-05,29000.0,945218,Ejected
5e-05,38000.0,2047187,Ejected
5e-05,381000.0,2281307,Captured
5e-05,333000.0,1295296,Captured
5e-05,253000.0,2030884,Ejected
5e-05,2697000.0,1295299,Ejected
5e-05,3236000.0,1295304,Ejected
5e-05,1627000.0,1464209,Ejected
5e-05,3748000.0,945214,Ejected
5e-05,3345000.0,2030917,Ejected
5e-05,3186000.0,1464218,Ejected
5e-05,3294000.0,2047204,Ejected
5e-05,3683000.0,1464200,Ejected
5e-05,645000.0,2047213,Ejected
5e-05,4177000.0,2030868,Ejected
5e-05,4877000.0,1464220,Ejected
5e-05,3417000.0,1464213,Ejected
5e-05,692000.0,1295326,Ejected
5e-05,4886000.0,2281313,Ejected
5e-05,1987000.0,2047196,Ejected
5e-05,2869000.0,2047194,Ejected
5e-05,3764000.0,17449,Ejected
5e-05,4113000.0,2047201,Ejected
5e-05,3766000.0,2030928,Ejected
5e-05,3823000.0,1464212,Ejected
5e-05,1148000.0,945198,Ejected
5e-05,4906000.0,17456,Ejected
5e-05,3962000.0,1295291,Ejected
5e-05,1062000.0,2030941,Ejected
5e-05,4462000.0,17441,Ejected
5e-05,1179000.0,1998318,Captured
5e-05,1163000.0,945221,Ejected
5e-05,4204000.0,3177985,Ejected
5e-05,1026000.0,17443,Captured
5e-05,4284000.0,2982265,Ejected
5e-05,1029000.0,2982267,Captured
5e-05,4124000.0,2030922,Ejected
5e-05,3925000.0,2281310,Ejected
5e-05,2445000.0,2281322,Ejected
5e-05,4394000.0,3177999,Ejected
5e-05,1194000.0,2047191,Ejected
5e-05,4260000.0,3128211,Ejected
5e-05,4994000.0,2030933,Ejected
5e-05,2925000.0,2030934,Ejected
5e-05,1959000.0,945258,Ejected
5e-05,4412000.0,945267,Ejected
5e-05,4814000.0,945257,Ejected
5e-05,3012000.0,945200,Ejected
5e-05,1714000.0,1638739,Ejected
5e-05,3199000.0,3177975,Ejected
5e-05,2954000.0,1464202,Ejected
5e-05,3418000.0,2030902,Ejected
5e-05,2111000.0,1464201,Captured
5e-05,3834000.0,945243,Ejected
5e-05,2201000.0,2281333,Ejected
5e-05,3540000.0,2982262,Ejected
5e-05,4536000.0,945272,Ejected
5e-05,2847000.0,17455,Ejected
5e-05,2190000.0,1464235,Ejected
5e-05,1478000.0,945275,Ejected
5e-05,3675000.0,2047210,Ejected
5e-05,1924000.0,1295318,Ejected
5e-05,3175000.0,1464210,Ejected
5e-05,3561000.0,945202,Ejected
5e-05,3337000.0,945224,Ejected
5e-05,4594000.0,1638711,Ejected
5e-05,3177000.0,3177987,Ejected
5e-05,3421000.0,945234,Ejected
5e-05,4094000.0,945216,Ejected
5e-05,3653000.0,2281309,Captured
5e-05,4320000.0,2047195,Ejected
5e-05,4419000.0,2982256,Ejected
5e-05,4334000.0,1464232,Ejected
5e-05,4463000.0,2030860,Ejected
5e-05,4388000.0,3128221,Ejected
0.1,90000.0,3675919,Captured
0.0001,0.0,2172273,Captured
0.0001,1707000.0,959236,Ejected
0.0001,815000.0,1646637,Ejected
0.0001,827000.0,959164,Ejected
0.0001,1812000.0,2172227,Ejected
0.0001,2106000.0,3768954,Ejected
0.0001,1856000.0,959231,Ejected
0.0001,779000.0,2989946,Ejected
0.0001,772000.0,468103,Ejected
0.0001,1447000.0,2172204,Ejected
0.0001,1148000.0,25304,Ejected
0.0001,1005000.0,3147160,Ejected
0.0001,2239000.0,959203,Ejected
0.0001,1266000.0,959229,Ejected
0.0001,692000.0,3768956,Ejected
0.0001,242000.0,1646630,Captured
0.0001,1562000.0,1646642,Ejected
0.0001,820000.0,468089,Ejected
0.0001,1661000.0,25257,Ejected
0.0001,1121000.0,25244,Ejected
0.0001,966000.0,3769004,Ejected
0.0001,1031000.0,25237,Ejected
0.0001,1293000.0,25272,Ejected
0.0001,1331000.0,468082,Ejected
0.0001,1275000.0,2172202,Ejected
0.0001,2132000.0,959208,Ejected
0.0001,2747000.0,25288,Ejected
0.0001,2841000.0,2172252,Ejected
0.0001,1409000.0,2172209,Ejected
0.0001,1440000.0,2172232,Ejected
0.0001,1527000.0,3769006,Ejected
0.0001,1691000.0,3768996,Ejected
0.0001,2030000.0,25255,Ejected
0.0001,200000.0,2989928,Captured
0.0001,1490000.0,25252,Ejected
0.0001,1733000.0,1646623,Ejected
0.0001,2162000.0,25296,Ejected
0.0001,1564000.0,25277,Ejected
0.0001,670000.0,25247,Ejected
0.0001,216000.0,3768978,Ejected
0.0001,1882000.0,25294,Ejected
0.0001,1506000.0,2172215,Ejected
0.0001,1227000.0,25302,Ejected
0.0001,1116000.0,959184,Ejected
0.0001,1836000.0,3147155,Ejected
0.0001,622000.0,3768970,Ejected
0.0001,1600000.0,2989945,Ejected
0.0001,1678000.0,2172240,Ejected
0.0001,1963000.0,1646631,Ejected
0.0001,2679000.0,3185913,Ejected
0.0001,1342000.0,468094,Ejected
0.0001,225000.0,959243,Ejected
0.0001,2031000.0,468098,Ejected
0.0001,1621000.0,3185932,Ejected
0.0001,1234000.0,1646607,Ejected
0.0001,330000.0,25308,Captured
0.0001,2281000.0,1646644,Ejected
0.0001,1325000.0,2172222,Ejected
0.0001,1210000.0,1646628,Ejected
0.0001,1106000.0,3185915,Ejected
0.0001,1767000.0,25314,Ejected
0.0001,2228000.0,3768966,Ejected
0.0001,1340000.0,2172239,Ejected
0.0001,1021000.0,3768979,Ejected
0.0001,1198000.0,1646627,Ejected
0.0001,2206000.0,1646632,Ejected
0.0001,1083000.0,2989924,Ejected
0.0001,1378000.0,468105,Ejected
0.0001,1907000.0,3768999,Ejected
0.0001,649000.0,25240,Captured
0.0001,2667000.0,3768958,Ejected
0.0001,913000.0,2172267,Ejected
0.0001,1636000.0,1646643,Ejected
0.0001,2199000.0,2172193,Ejected
0.0001,2029000.0,2989930,Ejected
0.0001,1055000.0,468074,Ejected
0.0001,2324000.0,2172214,Ejected
0.0001,1426000.0,3768963,Ejected
0.0001,2006000.0,2172256,Ejected
0.0001,1373000.0,3768959,Ejected
0.0001,905000.0,959232,Ejected
0.0001,1768000.0,959166,Ejected
0.0001,2060000.0,468097,Ejected
0.0001,1387000.0,25250,Ejected
0.0001,2683000.0,959161,Ejected
0.0001,2218000.0,959201,Ejected
0.0001,3078000.0,3768960,Ejected
0.0001,1557000.0,3768948,Ejected
0.0001,605000.0,2172195,Ejected
0.0001,3263000.0,959223,Ejected
0.0001,680000.0,3768953,Ejected
0.0001,1395000.0,25236,Ejected
0.0001,931000.0,959197,Ejected
0.0001,1692000.0,3185924,Ejected
0.0001,3005000.0,25243,Ejected
0.0001,1978000.0,25262,Ejected
0.0001,2569000.0,25281,Ejected
0.0001,2324000.0,3185904,Ejected
0.0001,1007000.0,3768951,Ejected
0.0001,2640000.0,2172237,Ejected
0.0001,1564000.0,3769005,Ejected
0.0001,769000.0,2172205,Ejected
0.0001,2838000.0,25273,Ejected
0.0001,2048000.0,959169,Ejected
0.0001,823000.0,2172203,Ejected
0.0001,2603000.0,468064,Ejected
0.0001,2381000.0,2172244,Ejected
0.0001,1649000.0,468101,Ejected
0.0001,2361000.0,468070,Ejected
0.0001,1684000.0,1646646,Ejected
0.0001,2387000.0,468071,Ejected
0.0001,3708000.0,1646622,Ejected
0.0001,1151000.0,959212,Ejected
0.0001,1685000.0,2989920,Ejected
0.0001,2226000.0,3185912,Ejected
0.0001,3535000.0,1646625,Ejected
0.0001,3614000.0,2172211,Ejected
0.0001,3530000.0,959237,Ejected
0.0001,1118000.0,3147161,Ejected
0.0001,1775000.0,468095,Ejected
0.0001,2201000.0,25258,Ejected
0.0001,1010000.0,2172216,Ejected
0.0001,1471000.0,468060,Ejected
0.0001,2549000.0,25254,Ejected
0.0001,3670000.0,2172243,Ejected
0.0001,1351000.0,25246,Ejected
0.0001,2568000.0,959248,Ejected
0.0001,2303000.0,468106,Ejected
0.0001,4697000.0,2172206,Ejected
0.0001,3118000.0,3769001,Ejected
0.0001,1788000.0,3769010,Ejected
0.0001,2241000.0,959206,Ejected
0.0001,2902000.0,25290,Ejected
0.0001,2443000.0,959224,Ejected
0.0001,2350000.0,2172196,Ejected
0.0001,3317000.0,3185905,Ejected
0.0001,2575000.0,25287,Ejected
0.0001,2282000.0,2172219,Ejected
0.0001,1408000.0,3185909,Ejected
0.0001,2670000.0,959217,Ejected
0.0001,2130000.0,959173,Ejected
0.0001,3444000.0,959227,Ejected
0.0001,2840000.0,2172192,Ejected
0.0001,2130000.0,3768969,Ejected
0.0001,3681000.0,3185933,Ejected
0.0001,4063000.0,3147150,Ejected
0.0001,1404000.0,25293,Ejected
0.0001,2315000.0,1646650,Ejected
0.0001,2129000.0,2989934,Ejected
0.0001,2170000.0,25268,Ejected
0.0001,2839000.0,3147149,Ejected
0.0001,2932000.0,2172258,Ejected
0.0001,4481000.0,25291,Ejected
0.0001,737000.0,468108,Captured
0.0001,2812000.0,959242,Ejected
0.0001,1408000.0,25241,Ejected
0.0001,1908000.0,959202,Ejected
0.0001,2062000.0,1646639,Ejected
0.0001,2290000.0,959244,Ejected
0.0001,3495000.0,959167,Ejected
0.0001,1837000.0,2172265,Ejected
0.0001,3187000.0,3185928,Ejected
0.0001,2815000.0,25283,Ejected
0.0001,2578000.0,468059,Ejected
0.0001,4067000.0,2989921,Ejected
0.0001,1666000.0,2172262,Ejected
0.0001,1945000.0,3185908,Ejected
0.0001,3546000.0,959171,Ejected
0.0001,2902000.0,2989944,Ejected
0.0001,3823000.0,2172236,Ejected
0.0001,2929000.0,2989940,Ejected
0.0001,4680000.0,959191,Ejected
0.0001,4649000.0,468062,Ejected
0.0001,4276000.0,3185921,Ejected
0.0001,3226000.0,25249,Ejected
0.0001,3437000.0,3768983,Ejected
0.0001,3861000.0,2172217,Ejected
0.0001,1069000.0,3185920,Ejected
0.0001,3658000.0,2172228,Ejected
0.0001,3522000.0,959177,Ejected
0.0001,3893000.0,959238,Ejected
0.0001,3520000.0,959192,Ejected
0.0001,2829000.0,3768984,Ejected
0.0001,3247000.0,959179,Ejected
0.0001,963000.0,2172213,Captured
0.0001,3777000.0,959226,Ejected
0.0001,3696000.0,2172198,Ejected
0.0001,3375000.0,3185903,Ejected
0.0001,3387000.0,468107,Ejected
0.0001,3991000.0,959207,Ejected
0.0001,3607000.0,3185907,Ejected
0.0001,3246000.0,25267,Ejected
0.0001,2140000.0,3185930,Ejected
0.0001,3482000.0,25313,Ejected
0.0001,1655000.0,3185914,Ejected
0.0001,3134000.0,1646648,Ejected
0.0001,4281000.0,959245,Ejected
0.0001,4072000.0,2172270,Ejected
0.0001,3340000.0,959194,Ejected
0.0001,1263000.0,2172208,Ejected
0.0001,2606000.0,1646609,Ejected
0.0001,3789000.0,3769003,Ejected
0.0001,2634000.0,468087,Ejected
0.0001,4030000.0,25259,Ejected
0.0001,4169000.0,25231,Ejected
0.0001,3010000.0,25312,Ejected
0.0001,4365000.0,959172,Ejected
0.0001,2708000.0,959218,Ejected
0.0001,4024000.0,25298,Ejected
0.0001,3916000.0,959183,Ejected
0.0001,3332000.0,25235,Ejected
0.0001,3768000.0,3768997,Ejected
0.0001,4782000.0,3768987,Ejected
0.0001,2994000.0,25239,Ejected
0.0001,3436000.0,959200,Ejected
0.0001,4303000.0,2172207,Ejected
0.0001,3233000.0,3768971,Ejected
0.0001,3152000.0,2989948,Ejected
0.0001,3541000.0,3147163,Ejected
0.0001,3505000.0,3147153,Ejected
0.0001,1396000.0,25256,Ejected
0.0001,3283000.0,25286,Ejected
0.0001,4288000.0,25248,Ejected
0.0001,2137000.0,2989949,Ejected
0.0001,4958000.0,1646629,Ejected
0.0001,2940000.0,25305,Ejected
0.0001,3192000.0,959213,Ejected
0.0001,4277000.0,25310,Ejected
0.0001,4187000.0,468096,Ejected
0.0001,3373000.0,2989925,Ejected
0.0001,4984000.0,959188,Ejected
0.0001,3573000.0,2989927,Ejected
0.0001,3445000.0,25253,Ejected
0.0001,4239000.0,3185922,Ejected
0.0001,4848000.0,1646621,Ejected
0.0001,3149000.0,25278,Ejected
0.0001,4719000.0,25279,Ejected
0.0001,4858000.0,959186,Ejected
0.0001,4443000.0,1646610,Ejected
0.0001,3922000.0,3769002,Ejected
0.0001,4897000.0,3147152,Ejected
0.00030027,1000.0,2186570,Captured
0.00030027,145000.0,27024,Ejected
0.00030027,97000.0,1653351,Ejected
0.00030027,183000.0,960964,Ejected
0.00030027,120000.0,696257,Ejected
0.00030027,156000.0,960931,Ejected
0.00030027,63000.0,212886,Ejected
0.00030027,321000.0,319601,Ejected
0.00030027,111000.0,960912,Ejected
0.00030027,169000.0,2186495,Ejected
0.00030027,68000.0,3960569,Ejected
0.00030027,176000.0,2186554,Ejected
0.00030027,162000.0,3153093,Ejected
0.00030027,84000.0,2186522,Ejected
0.00030027,183000.0,696275,Ejected
0.00030027,217000.0,960917,Ejected
0.00030027,216000.0,2186526,Ejected
0.00030027,123000.0,3960596,Ejected
0.00030027,101000.0,27062,Ejected
0.00030027,135000.0,26992,Ejected
0.00030027,121000.0,3960556,Ejected
0.00030027,95000.0,1653368,Ejected
0.00030027,257000.0,26988,Ejected
0.00030027,222000.0,2186528,Ejected
0.00030027,233000.0,212891,Ejected
0.00030027,161000.0,212908,Ejected
0.00030027,120000.0,3960590,Ejected
0.00030027,110000.0,3153092,Ejected
0.00030027,191000.0,27033,Ejected
0.00030027,116000.0,212914,Ejected
0.00030027,142000.0,2186571,Ejected
0.00030027,235000.0,319593,Ejected
0.00030027,177000.0,2186545,Ejected
0.00030027,303000.0,3153090,Ejected
0.00030027,257000.0,27035,Ejected
0.00030027,211000.0,1653329,Ejected
0.00030027,267000.0,3960567,Ejected
0.00030027,155000.0,960971,Ejected
0.00030027,124000.0,2186567,Ejected
0.00030027,241000.0,3960600,Ejected
0.00030027,245000.0,27051,Ejected
0.00030027,329000.0,960900,Ejected
0.00030027,493000.0,696314,Ejected
0.00030027,124000.0,696256,Ejected
0.00030027,260000.0,2186494,Ejected
0.00030027,326000.0,960950,Ejected
0.00030027,154000.0,27064,Ejected
0.00030027,205000.0,696249,Ejected
0.00030027,139000.0,212919,Ejected
0.00030027,126000.0,3153095,Ejected
0.00030027,147000.0,27017,Ejected
0.00030027,109000.0,696254,Ejected
0.00030027,131000.0,212889,Ejected
0.00030027,160000.0,960937,Ejected
0.00030027,174000.0,3960561,Ejected
0.00030027,253000.0,2186544,Ejected
0.00030027,249000.0,212904,Ejected
0.00030027,158000.0,212924,Ejected
0.00030027,145000.0,696356,Ejected
0.00030027,223000.0,3960554,Ejected
0.00030027,159000.0,3960559,Ejected
0.00030027,152000.0,696278,Ejected
0.00030027,236000.0,26994,Ejected
0.00030027,318000.0,3960555,Ejected
0.00030027,125000.0,212910,Ejected
0.00030027,380000.0,960922,Ejected
0.00030027,378000.0,212884,Ejected
0.00030027,228000.0,27065,Ejected
0.00030027,129000.0,212921,Ejected
0.00030027,520000.0,1653363,Ejected
0.00030027,371000.0,960951,Ejected
0.00030027,218000.0,2186515,Ejected
0.00030027,454000.0,3960562,Ejected
0.00030027,256000.0,3960603,Ejected
0.00030027,375000.0,2186510,Ejected
0.00030027,232000.0,696297,Ejected
0.00030027,254000.0,960965,Ejected
0.00030027,199000.0,960896,Ejected
0.00030027,196000.0,2186538,Ejected
0.00030027,207000.0,960909,Ejected
0.00030027,114000.0,3153085,Ejected
0.00030027,304000.0,3960568,Ejected
0.00030027,134000.0,3960572,Ejected
0.00030027,185000.0,27014,Ejected
0.00030027,108000.0,212909,Ejected
0.00030027,139000.0,3960551,Ejected
0.00030027,226000.0,960956,Ejected
0.00030027,467000.0,3960557,Ejected
0.00030027,321000.0,960918,Ejected
0.00030027,261000.0,960963,Ejected
0.00030027,271000.0,960924,Ejected
0.00030027,183000.0,212918,Ejected
0.00030027,422000.0,696347,Ejected
0.00030027,474000.0,27067,Ejected
0.00030027,324000.0,960955,Ejected
0.00030027,279000.0,319595,Ejected
0.00030027,244000.0,319599,Ejected
0.00030027,492000.0,2186507,Ejected
0.00030027,259000.0,2186561,Ejected
0.00030027,254000.0,1653369,Ejected
0.00030027,745000.0,960919,Ejected
0.00030027,354000.0,3960608,Ejected
0.00030027,661000.0,3960571,Ejected
0.00030027,300000.0,1653370,Ejected
0.00030027,265000.0,3960581,Ejected
0.00030027,335000.0,3960614,Ejected
0.00030027,339000.0,696353,Ejected
0.00030027,117000.0,2186548,Ejected
0.00030027,431000.0,696333,Ejected
0.00030027,160000.0,27010,Ejected
0.00030027,206000.0,319590,Ejected
0.00030027,159000.0,960959,Ejected
0.00030027,169000.0,319596,Ejected
0.00030027,297000.0,960889,Ejected
0.00030027,178000.0,3960552,Ejected
0.00030027,293000.0,27050,Ejected
0.00030027,360000.0,2186558,Ejected
0.00030027,247000.0,27039,Ejected
0.00030027,331000.0,696281,Ejected
0.00030027,178000.0,212926,Ejected
0.00030027,229000.0,2186562,Ejected
0.00030027,207000.0,27066,Ejected
0.00030027,457000.0,3960564,Ejected
0.00030027,656000.0,960958,Ejected
0.00030027,215000.0,2186560,Ejected
0.00030027,204000.0,27055,Ejected
0.00030027,350000.0,2186542,Ejected
0.00030027,670000.0,3960582,Ejected
0.00030027,345000.0,27034,Ejected
0.00030027,283000.0,3960563,Ejected
0.00030027,208000.0,696252,Ejected
0.00030027,379000.0,2186496,Ejected
0.00030027,360000.0,3960595,Ejected
0.00030027,290000.0,960890,Ejected
0.00030027,393000.0,212915,Ejected
0.00030027,356000.0,1653332,Ejected
0.00030027,385000.0,3960602,Ejected
0.00030027,300000.0,1653371,Ejected
0.00030027,221000.0,3960589,Ejected
0.00030027,197000.0,960906,Ejected
0.00030027,315000.0,27044,Ejected
0.00030027,516000.0,1653350,Ejected
0.00030027,189000.0,27048,Ejected
0.00030027,326000.0,696326,Ejected
0.00030027,587000.0,696287,Ejected
0.00030027,350000.0,27023,Ejected
0.00030027,357000.0,3153083,Ejected
0.00030027,171000.0,212895,Ejected
0.00030027,263000.0,1653372,Ejected
0.00030027,357000.0,960972,Ejected
0.00030027,493000.0,27027,Ejected
0.00030027,383000.0,212903,Ejected
0.00030027,446000.0,319597,Ejected
0.00030027,397000.0,3153082,Ejected
0.00030027,241000.0,1653347,Ejected
0.00030027,424000.0,960954,Ejected
0.00030027,257000.0,1653360,Ejected
0.00030027,526000.0,27015,Ejected
0.00030027,276000.0,2186505,Ejected
0.00030027,173000.0,2186547,Ejected
0.00030027,571000.0,3960604,Ejected
0.00030027,538000.0,26998,Ejected
0.00030027,277000.0,27013,Ejected
0.00030027,289000.0,27045,Ejected
0.00030027,311000.0,960897,Ejected
0.00030027,286000.0,3960609,Ejected
0.00030027,353000.0,2186500,Ejected
0.00030027,559000.0,696258,Ejected
0.00030027,342000.0,3960606,Ejected
0.00030027,316000.0,27058,Ejected
0.00030027,893000.0,319598,Ejected
0.00030027,358000.0,212896,Ejected
0.00030027,427000.0,960892,Ejected
0.00030027,863000.0,27056,Ejected
0.00030027,279000.0,960962,Ejected
0.00030027,425000.0,1653330,Ejected
0.00030027,284000.0,696268,Ejected
0.00030027,263000.0,3153087,Ejected
0.00030027,414000.0,27052,Ejected
0.00030027,484000.0,27053,Ejected
0.00030027,482000.0,960970,Ejected
0.00030027,456000.0,2186563,Ejected
0.00030027,425000.0,27069,Ejected
0.00030027,669000.0,212894,Ejected
0.00030027,394000.0,696334,Ejected
0.00030027,458000.0,960921,Ejected
0.00030027,250000.0,319594,Ejected
0.00030027,616000.0,2186517,Ejected
0.00030027,246000.0,27022,Ejected
0.00030027,234000.0,3960612,Ejected
0.00030027,464000.0,2186564,Ejected
0.00030027,465000.0,960928,Ejected
0.00030027,471000.0,960913,Ejected
0.00030027,635000.0,1653342,Ejected
0.00030027,228000.0,2186566,Ejected
0.00030027,267000.0,1653333,Ejected
0.00030027,305000.0,319605,Ejected
0.00030027,278000.0,27060,Ejected
0.00030027,260000.0,2186569,Ejected
0.00030027,539000.0,696296,Ejected
0.00030027,654000.0,27037,Ejected
0.00030027,327000.0,696251,Ejected
0.00030027,492000.0,1653348,Ejected
0.00030027,419000.0,27009,Ejected
0.00030027,271000.0,3960592,Ejected
0.00030027,457000.0,2186524,Ejected
0.00030027,433000.0,3153084,Ejected
0.00030027,576000.0,27020,Ejected
0.00030027,248000.0,27025,Ejected
0.00030027,991000.0,960945,Ejected
0.00030027,305000.0,27032,Ejected
0.00030027,372000.0,2186541,Ejected
0.00030027,387000.0,960929,Ejected
0.00030027,293000.0,1653341,Ejected
0.00030027,559000.0,960903,Ejected
0.00030027,327000.0,960914,Ejected
0.00030027,681000.0,319603,Ejected
0.00030027,414000.0,3960560,Ejected
0.00030027,455000.0,2186534,Ejected
0.00030027,386000.0,696352,Ejected
0.00030027,271000.0,212885,Ejected
0.00030027,841000.0,696339,Ejected
0.00030027,298000.0,3960584,Ejected
0.00030027,510000.0,3960598,Ejected
0.00030027,459000.0,212923,Ejected
0.00030027,1006000.0,960974,Ejected
0.00030027,458000.0,2186537,Ejected
0.00030027,596000.0,696330,Ejected
0.00030027,284000.0,1653367,Ejected
0.00030027,238000.0,212911,Ejected
0.00030027,445000.0,212920,Ejected
0.00030027,578000.0,960888,Ejected
0.00030027,1221000.0,2186572,Ejected
0.00030027,407000.0,696357,Ejected
0.00030027,718000.0,27038,Ejected
0.00030027,565000.0,27040,Ejected
0.00030027,439000.0,2186497,Ejected
0.00030027,604000.0,212897,Ejected
0.00030027,712000.0,960940,Ejected
0.00030027,885000.0,696253,Ejected
0.00030027,393000.0,27043,Ejected
0.00030027,660000.0,1653352,Ejected
0.00030027,494000.0,27003,Ejected
0.00030027,744000.0,2186546,Ejected
0.00030027,516000.0,319600,Ejected
0.00030027,499000.0,960947,Ejected
0.00030027,588000.0,27011,Ejected
0.00030027,480000.0,696274,Ejected
0.00030027,463000.0,3960601,Ejected
0.00030027,737000.0,3960565,Ejected
0.00030027,970000.0,212905,Ejected
0.00030027,506000.0,696279,Ejected
0.00030027,527000.0,2186573,Ejected
0.00030027,573000.0,696263,Ejected
0.00030027,440000.0,696280,Ejected
0.00030027,427000.0,2186532,Ejected
0.00030027,554000.0,1653354,Ejected
0.00030027,926000.0,3960593,Ejected
0.00030027,1278000.0,319592,Ejected
0.00030027,508000.0,319604,Ejected
0.00030027,358000.0,960927,Ejected
0.00030027,176000.0,696291,Ejected
0.00030027,383000.0,1653355,Ejected
0.00030027,613000.0,27004,Ejected
0.00030027,562000.0,2186491,Ejected
0.00030027,708000.0,212906,Ejected
0.00030027,405000.0,1653349,Ejected
0.00030027,731000.0,26999,Ejected
0.00030027,680000.0,960926,Ejected
0.00030027,1617000.0,212902,Ejected
0.00030027,606000.0,3960558,Ejected
0.00030027,727000.0,27047,Ejected
0.00030027,727000.0,960902,Ejected
0.00030027,933000.0,960961,Ejected
0.00030027,522000.0,27000,Ejected
0.00030027,729000.0,2186527,Ejected
0.00030027,877000.0,2186492,Ejected
0.00030027,339000.0,696332,Ejected
0.00030027,730000.0,960894,Ejected
0.00030027,603000.0,960952,Ejected
0.00030027,517000.0,27063,Ejected
0.00030027,363000.0,2186530,Ejected
0.00030027,1190000.0,2186540,Ejected
0.00030027,1381000.0,696255,Ejected
0.00030027,548000.0,3153096,Ejected
0.00030027,546000.0,2186523,Ejected
0.00030027,635000.0,212893,Ejected
0.00030027,1278000.0,3960570,Ejected
0.00030027,527000.0,2186549,Ejected
0.00030027,1390000.0,960893,Ejected
0.00030027,857000.0,27041,Ejected
0.00071206,30000.0,3154607,Ejected
0.00071206,24000.0,3154634,Ejected
0.00071206,37000.0,2179061,Ejected
0.00071206,18000.0,3154624,Ejected
0.00071206,18000.0,3909676,Ejected
0.00071206,57000.0,2179064,Ejected
0.00071206,32000.0,2923723,Ejected
0.00071206,32000.0,3788762,Ejected
0.00071206,44000.0,3788738,Ejected
0.00071206,41000.0,3154640,Ejected
0.00071206,37000.0,3154620,Ejected
0.00071206,4000.0,3909669,Ejected
0.00071206,47000.0,638926,Ejected
0.00071206,74000.0,638936,Ejected
0.00071206,31000.0,638964,Ejected
0.00071206,55000.0,3909634,Ejected
0.00071206,118000.0,2923717,Ejected
0.00071206,139000.0,3154598,Ejected
0.00071206,23000.0,638959,Ejected
0.00071206,81000.0,3909629,Ejected
0.00071206,62000.0,638992,Ejected
0.00071206,53000.0,3154626,Ejected
0.00071206,45000.0,2923715,Ejected
0.00071206,39000.0,3162076,Ejected
0.00071206,32000.0,638922,Ejected
0.00071206,30000.0,3909636,Ejected
0.00071206,32000.0,638942,Ejected
0.00071206,78000.0,3788765,Ejected
0.00071206,139000.0,3154615,Ejected
0.00071206,311000.0,2923716,Ejected
0.00071206,33000.0,3162068,Ejected
0.00071206,30000.0,638956,Ejected
0.00071206,46000.0,2923685,Ejected
0.00071206,85000.0,3154622,Ejected
0.00071206,43000.0,3154603,Ejected
0.00071206,90000.0,638924,Ejected
0.00071206,34000.0,638963,Ejected
0.00071206,32000.0,3154628,Ejected
0.00071206,62000.0,3788747,Ejected
0.00071206,53000.0,3154594,Ejected
0.00071206,34000.0,638913,Ejected
0.00071206,111000.0,2923712,Ejected
0.00030027,1091000.0,212917,Ejected
0.00071206,64000.0,3162072,Ejected
0.00071206,64000.0,3909644,Ejected
0.00071206,111000.0,3788725,Ejected
0.00071206,40000.0,3788759,Ejected
0.00071206,32000.0,638941,Ejected
0.00071206,54000.0,3154627,Ejected
0.00071206,59000.0,3788721,Ejected
0.00071206,88000.0,2923698,Ejected
0.00071206,90000.0,2923693,Ejected
0.00071206,63000.0,3162048,Ejected
0.00071206,205000.0,2923680,Ejected
0.00071206,43000.0,2923688,Ejected
0.00071206,90000.0,3909632,Ejected
0.00071206,56000.0,3788733,Ejected
0.00071206,34000.0,3788766,Ejected
0.00071206,108000.0,3154608,Ejected
0.00071206,45000.0,3909646,Ejected
0.00071206,63000.0,4107625,Ejected
0.00071206,118000.0,3909650,Ejected
0.00071206,52000.0,2923682,Ejected
0.00071206,55000.0,3154632,Ejected
0.00071206,34000.0,3788764,Ejected
0.00071206,52000.0,3909668,Ejected
0.00071206,68000.0,3154633,Ejected
0.00071206,47000.0,3849334,Ejected
0.00071206,32000.0,638952,Ejected
0.00071206,42000.0,2923683,Ejected
0.00071206,33000.0,3909651,Ejected
0.00071206,41000.0,3909658,Ejected
0.00071206,20000.0,3849331,Ejected
0.00071206,170000.0,3154612,Ejected
0.00071206,77000.0,3909657,Ejected
0.00071206,71000.0,2179062,Ejected
0.00071206,57000.0,3154639,Ejected
0.00071206,64000.0,638983,Ejected
0.00071206,152000.0,2923705,Ejected
0.00071206,155000.0,2923701,Ejected
0.00071206,40000.0,3849324,Ejected
0.00071206,59000.0,3154617,Ejected
0.00071206,253000.0,3788742,Ejected
0.00071206,76000.0,638987,Ejected
0.00071206,66000.0,3162070,Ejected
0.00071206,36000.0,3162055,Ejected
0.00071206,65000.0,3909655,Ejected
0.00071206,110000.0,3909675,Ejected
0.00071206,118000.0,638994,Ejected
0.00071206,47000.0,3154625,Ejected
0.00071206,68000.0,3849328,Ejected
0.00071206,46000.0,3909679,Ejected
0.00071206,56000.0,2923679,Ejected
0.00071206,148000.0,3788743,Ejected
0.00071206,156000.0,4107627,Ejected
0.00071206,50000.0,2923676,Ejected
0.00071206,113000.0,3162037,Ejected
0.00071206,0.0,4105297,Captured
0.00071206,67000.0,3788729,Ejected
0.00071206,34000.0,638927,Ejected
0.00071206,31000.0,2918510,Ejected
0.00071206,53000.0,3909627,Ejected
0.00071206,57000.0,638989,Ejected
0.00071206,121000.0,3909641,Ejected
0.00071206,347000.0,638977,Ejected
0.00071206,90000.0,3849352,Ejected
0.00071206,32000.0,3788756,Ejected
0.00071206,47000.0,3788758,Ejected
0.00071206,85000.0,638957,Ejected
0.00071206,65000.0,3162075,Ejected
0.00071206,88000.0,638945,Ejected
0.00071206,33000.0,3849340,Ejected
0.00071206,37000.0,3849356,Ejected
0.00071206,93000.0,3154635,Ejected
0.00071206,88000.0,2179065,Ejected
0.00071206,135000.0,3849355,Ejected
0.00071206,79000.0,3154600,Ejected
0.00071206,51000.0,638974,Ejected
0.00071206,95000.0,3849354,Ejected
0.00071206,21000.0,2918513,Ejected
0.00071206,192000.0,3909638,Ejected
0.00071206,89000.0,2923681,Ejected
0.00071206,31000.0,3849359,Ejected
0.00071206,100000.0,3849332,Ejected
0.00071206,90000.0,4105292,Ejected
0.00071206,114000.0,3154610,Ejected
0.00071206,46000.0,2918500,Ejected
0.00071206,74000.0,4105271,Ejected
0.00071206,36000.0,2918490,Ejected
0.00071206,45000.0,2179066,Ejected
0.00071206,51000.0,638930,Ejected
0.00071206,61000.0,2918493,Ejected
0.00071206,69000.0,638940,Ejected
0.00071206,28000.0,4105300,Ejected
0.00071206,79000.0,3162067,Ejected
0.00071206,218000.0,3154618,Ejected
0.00071206,51000.0,2918522,Ejected
0.00071206,98000.0,3849319,Ejected
0.00071206,272000.0,3162050,Ejected
0.00071206,91000.0,2923720,Ejected
0.00071206,49000.0,4105275,Ejected
0.00071206,56000.0,3909663,Ejected
0.00071206,35000.0,4105293,Ejected
0.00071206,234000.0,3849313,Ejected
0.00071206,245000.0,3154631,Ejected
0.00071206,163000.0,4105288,Ejected
0.00071206,47000.0,2918499,Ejected
0.00071206,116000.0,2923695,Ejected
0.00071206,52000.0,3849320,Ejected
0.00071206,51000.0,4105284,Ejected
0.00071206,34000.0,4105291,Ejected
0.00071206,88000.0,2918494,Ejected
0.00071206,75000.0,3154596,Ejected
0.00071206,52000.0,3788734,Ejected
0.00071206,142000.0,638968,Ejected
0.00071206,47000.0,2918509,Ejected
0.00071206,192000.0,2923677,Ejected
0.00071206,68000.0,2918508,Ejected
0.00071206,42000.0,2918482,Ejected
0.00071206,55000.0,638929,Ejected
0.00071206,81000.0,3162052,Ejected
0.00071206,70000.0,2918491,Ejected
0.00071206,46000.0,4105263,Ejected
0.00071206,137000.0,3909639,Ejected
0.00071206,246000.0,4107630,Ejected
0.00071206,218000.0,2918481,Ejected
0.00071206,39000.0,2918478,Ejected
0.00071206,73000.0,3788730,Ejected
0.00071206,119000.0,3154606,Ejected
0.00071206,62000.0,2918520,Ejected
0.00071206,37000.0,4105294,Ejected
0.00071206,107000.0,638969,Ejected
0.00071206,112000.0,4107628,Ejected
0.00071206,89000.0,2918497,Ejected
0.00071206,137000.0,4105285,Ejected
0.00071206,83000.0,4105272,Ejected
0.00071206,51000.0,4105307,Ejected
0.00071206,84000.0,4105301,Ejected
0.00071206,101000.0,2918511,Ejected
0.00071206,126000.0,638973,Ejected
0.00071206,73000.0,4105302,Ejected
0.00071206,109000.0,3162060,Ejected
0.00071206,151000.0,638999,Ejected
0.00071206,63000.0,3849339,Ejected
0.00071206,95000.0,3788751,Ejected
0.00071206,92000.0,3162066,Ejected
0.00071206,77000.0,3788741,Ejected
0.00071206,73000.0,4105262,Ejected
0.00071206,99000.0,4105260,Ejected
0.00071206,79000.0,3849351,Ejected
0.00071206,248000.0,2918498,Ejected
0.00071206,85000.0,3849316,Ejected
0.00071206,70000.0,3909682,Ejected
0.00071206,63000.0,638925,Ejected
0.00071206,110000.0,2918485,Ejected
0.00071206,118000.0,638931,Ejected
0.00071206,85000.0,2923697,Ejected
0.00071206,161000.0,3909666,Ejected
0.00071206,23000.0,4105273,Captured
0.00071206,58000.0,4105267,Ejected
0.00071206,106000.0,638944,Ejected
0.00071206,192000.0,4107635,Ejected
0.00071206,117000.0,3154602,Ejected
0.00071206,140000.0,4105269,Ejected
0.00071206,124000.0,3909671,Ejected
0.00071206,68000.0,2918504,Ejected
0.00071206,165000.0,2923694,Ejected
0.00071206,103000.0,2918507,Ejected
0.00071206,174000.0,3154619,Ejected
0.00071206,74000.0,638998,Ejected
0.00071206,328000.0,638958,Ejected
0.00071206,108000.0,3162053,Ejected
0.00071206,52000.0,4105265,Ejected
0.00071206,123000.0,638948,Ejected
0.00071206,172000.0,4105295,Ejected
0.00071206,111000.0,3909649,Ejected
0.00071206,135000.0,2918525,Ejected
0.00071206,116000.0,2918515,Ejected
0.00071206,87000.0,3788726,Ejected
0.00071206,81000.0,3849338,Ejected
0.00071206,214000.0,2179059,Ejected
0.00071206,112000.0,2918487,Ejected
0.00071206,94000.0,2918480,Ejected
0.00071206,133000.0,3788763,Ejected
0.00071206,122000.0,638946,Ejected
0.00071206,188000.0,3849347,Ejected
0.00071206,159000.0,4105306,Ejected
0.00071206,86000.0,3154601,Ejected
0.00071206,89000.0,3162045,Ejected
0.00071206,107000.0,3849335,Ejected
0.00071206,213000.0,2918503,Ejected
0.00071206,143000.0,3909648,Ejected
0.00071206,155000.0,3909653,Ejected
0.00071206,179000.0,638981,Ejected
0.00071206,144000.0,2918488,Ejected
0.00071206,104000.0,2918521,Ejected
0.00071206,151000.0,3849336,Ejected
0.00071206,237000.0,3788728,Ejected
0.00071206,103000.0,4107624,Ejected
0.00071206,121000.0,4105296,Ejected
0.00071206,110000.0,638934,Ejected
0.00071206,181000.0,4105305,Ejected
0.00071206,166000.0,3849325,Ejected
0.00071206,142000.0,3849330,Ejected
0.00071206,146000.0,4105266,Ejected
0.00071206,153000.0,638920,Ejected
0.00071206,129000.0,2918519,Ejected
0.00071206,317000.0,638949,Ejected
0.00071206,120000.0,2923692,Ejected
0.00030027,1110000.0,3960607,Ejected
0.00071206,100000.0,2918518,Ejected
0.00071206,138000.0,638919,Ejected
0.00071206,95000.0,3849358,Ejected
0.00071206,206000.0,2923684,Ejected
0.00071206,212000.0,3849346,Ejected
0.00071206,258000.0,4105274,Ejected
0.00071206,97000.0,3849321,Ejected
0.00071206,80000.0,4105278,Ejected
0.00071206,79000.0,638918,Ejected
0.00071206,170000.0,2918492,Ejected
0.00071206,83000.0,2918512,Ejected
0.00071206,111000.0,2923690,Ejected
0.00071206,241000.0,2923708,Ejected
0.00071206,122000.0,4105264,Ejected
0.00071206,155000.0,3788740,Ejected
0.00071206,62000.0,3162079,Ejected
0.00071206,133000.0,2918496,Ejected
0.00071206,116000.0,3162082,Ejected
0.00071206,143000.0,638986,Ejected
0.00071206,133000.0,2918486,Ejected
0.00071206,119000.0,3154609,Ejected
0.00071206,105000.0,3909635,Ejected
0.00071206,441000.0,3849322,Ejected
0.00071206,296000.0,3788752,Ejected
0.00071206,255000.0,638954,Ejected
0.00071206,273000.0,3849337,Ejected
0.00071206,107000.0,3788746,Ejected
0.00071206,142000.0,3162049,Ejected
0.00071206,222000.0,3788749,Ejected
0.00071206,618000.0,2923710,Ejected
0.00071206,189000.0,2179063,Ejected
0.00071206,248000.0,4105268,Ejected
0.00071206,309000.0,638971,Ejected
0.00030027,1797000.0,960910,Ejected
0.00071206,615000.0,3909665,Ejected
0.00071206,249000.0,3154595,Ejected
0.00071206,311000.0,3788720,Ejected
0.00030027,2109000.0,3960566,Ejected
0.00030027,2419000.0,2186551,Ejected
0.00071206,463000.0,638965,Ejected
0.00030027,1113000.0,26997,Ejected
0.00071206,275000.0,2923687,Ejected
0.00030027,3773000.0,26991,Ejected
0.00030027,1826000.0,26990,Ejected
0.00030027,1181000.0,2186516,Ejected
0.00030027,3492000.0,26993,Ejected
0.00030027,3838000.0,2186513,Ejected
0.00168856,0.0,962660,Captured
0.00168856,19000.0,962682,Ejected
0.00168856,9000.0,2195775,Ejected
0.00168856,10000.0,2195730,Ejected
0.00168856,9000.0,2195771,Ejected
0.00168856,14000.0,2195767,Ejected
0.00168856,16000.0,962690,Ejected
0.00168856,17000.0,28686,Ejected
0.00168856,9000.0,2195769,Ejected
0.00168856,10000.0,962652,Ejected
0.00168856,46000.0,2195787,Ejected
0.00168856,54000.0,2195770,Ejected
0.00168856,11000.0,28761,Ejected
0.00168856,15000.0,2195749,Ejected
0.00168856,10000.0,2195744,Ejected
0.00168856,20000.0,962692,Ejected
0.00168856,14000.0,962625,Ejected
0.00168856,16000.0,28694,Ejected
0.00168856,51000.0,28680,Ejected
0.00168856,9000.0,28726,Ejected
0.00168856,11000.0,1654553,Ejected
0.00168856,14000.0,2195772,Ejected
0.00168856,33000.0,2195791,Ejected
0.00168856,10000.0,3855966,Ejected
0.00168856,7000.0,3855974,Ejected
0.00168856,14000.0,28744,Ejected
0.00168856,202000.0,28702,Ejected
0.00168856,28000.0,28745,Ejected
0.00168856,13000.0,2195761,Ejected
0.00168856,43000.0,1654516,Ejected
0.00168856,16000.0,28710,Ejected
0.00168856,13000.0,3855999,Ejected
0.00168856,8000.0,28692,Ejected
0.00168856,86000.0,28747,Ejected
0.00168856,10000.0,1654519,Ejected
0.00168856,27000.0,3855981,Ejected
0.00168856,17000.0,2195786,Ejected
0.00168856,1000.0,2195788,Captured
0.00168856,12000.0,1654530,Ejected
0.00168856,12000.0,1654518,Ejected
0.00168856,44000.0,962684,Ejected
0.00168856,16000.0,2195809,Ejected
0.00168856,91000.0,962637,Ejected
0.00168856,14000.0,1654512,Ejected
0.00168856,9000.0,1654521,Ejected
0.00168856,13000.0,28736,Ejected
0.00168856,10000.0,962671,Ejected
0.00168856,21000.0,962686,Ejected
0.00168856,6000.0,962659,Ejected
0.00168856,12000.0,962644,Ejected
0.00168856,21000.0,2195768,Ejected
0.00168856,21000.0,28698,Ejected
0.00168856,13000.0,3855964,Ejected
0.00168856,13000.0,4150588,Ejected
0.00168856,17000.0,962666,Ejected
0.00168856,14000.0,28752,Ejected
0.00168856,55000.0,962632,Ejected
0.00168856,21000.0,1654544,Ejected
0.00168856,13000.0,4150600,Ejected
0.00168856,14000.0,28688,Ejected
0.00168856,9000.0,962634,Ejected
0.00168856,9000.0,3855973,Ejected
0.00168856,76000.0,3855992,Ejected
0.00168856,23000.0,3855996,Ejected
0.00168856,58000.0,1654537,Ejected
0.00168856,25000.0,2195743,Ejected
0.00168856,13000.0,3855975,Ejected
0.00168856,20000.0,4150613,Ejected
0.00168856,47000.0,1654522,Ejected
0.00168856,24000.0,962624,Ejected
0.00168856,38000.0,962618,Ejected
0.00168856,54000.0,2195782,Ejected
0.00168856,11000.0,28763,Ejected
0.00168856,15000.0,4111786,Ejected
0.00168856,25000.0,962638,Ejected
0.00168856,17000.0,3855995,Ejected
0.00168856,58000.0,962676,Ejected
0.00168856,18000.0,28749,Ejected
0.00168856,15000.0,2195755,Ejected
0.00168856,33000.0,3855991,Ejected
0.00168856,56000.0,28725,Ejected
0.00168856,15000.0,962691,Ejected
0.00168856,13000.0,28715,Ejected
0.00168856,12000.0,28730,Ejected
0.00168856,13000.0,2195756,Ejected
0.00168856,27000.0,2195807,Ejected
0.00168856,22000.0,28717,Ejected
0.00168856,26000.0,2195742,Ejected
0.00168856,17000.0,962628,Ejected
0.00168856,23000.0,28728,Ejected
0.00168856,21000.0,2195804,Ejected
0.00168856,24000.0,28721,Ejected
0.00168856,15000.0,2195740,Ejected
0.00168856,16000.0,28709,Ejected
0.00168856,16000.0,1654545,Ejected
0.00168856,23000.0,28691,Ejected
0.00168856,35000.0,2195733,Ejected
0.00168856,20000.0,962653,Ejected
0.00168856,29000.0,3855963,Ejected
0.00168856,35000.0,962662,Ejected
0.00168856,23000.0,2195800,Ejected
0.00168856,17000.0,28753,Ejected
0.00168856,12000.0,28696,Ejected
0.00168856,22000.0,28738,Ejected
0.00168856,15000.0,2195762,Ejected
0.00168856,132000.0,1654541,Ejected
0.00168856,23000.0,4150579,Ejected
0.00168856,18000.0,3855987,Ejected
0.00168856,15000.0,1654549,Ejected
0.00168856,20000.0,962619,Ejected
0.00168856,14000.0,4150586,Ejected
0.00168856,15000.0,962680,Ejected
0.00168856,16000.0,962672,Ejected
0.00168856,14000.0,28756,Ejected
0.00168856,14000.0,962681,Ejected
0.00168856,30000.0,962643,Ejected
0.00168856,13000.0,4150611,Ejected
0.00168856,140000.0,4150580,Ejected
0.00168856,152000.0,2195792,Ejected
0.00168856,74000.0,28727,Ejected
0.00168856,32000.0,962678,Ejected
0.00168856,19000.0,3855980,Ejected
0.00168856,47000.0,962627,Ejected
0.00168856,33000.0,1654551,Ejected
0.00168856,14000.0,2929947,Ejected
0.00168856,106000.0,28682,Ejected
0.00168856,22000.0,4111785,Ejected
0.00168856,37000.0,1654543,Ejected
0.00168856,15000.0,962688,Ejected
0.00168856,15000.0,3855986,Ejected
0.00168856,52000.0,962683,Ejected
0.00168856,22000.0,2195812,Ejected
0.00168856,20000.0,2195785,Ejected
0.00168856,41000.0,4150621,Ejected
0.00168856,19000.0,3855960,Ejected
0.00168856,21000.0,4150574,Ejected
0.00168856,16000.0,28742,Ejected
0.00168856,21000.0,962611,Ejected
0.00168856,21000.0,1654524,Ejected
0.00168856,27000.0,1654532,Ejected
0.00168856,30000.0,2195753,Ejected
0.00168856,47000.0,28750,Ejected
0.00168856,17000.0,4150602,Ejected
0.00168856,30000.0,28712,Ejected
0.00168856,16000.0,2195774,Ejected
0.00168856,19000.0,2929952,Ejected
0.00168856,13000.0,2195764,Ejected
0.00168856,20000.0,1654514,Ejected
0.00168856,20000.0,4150591,Ejected
0.00168856,16000.0,4150593,Ejected
0.00168856,11000.0,2929953,Ejected
0.00168856,23000.0,28685,Ejected
0.00168856,35000.0,962620,Ejected
0.00168856,16000.0,2195738,Ejected
0.00168856,33000.0,2195811,Ejected
0.00168856,39000.0,1654527,Ejected
0.00168856,15000.0,3855988,Ejected
0.00168856,27000.0,3855959,Ejected
0.00168856,30000.0,4150597,Ejected
0.00168856,35000.0,2195758,Ejected
0.00168856,16000.0,2195734,Ejected
0.00168856,29000.0,2195805,Ejected
0.00168856,27000.0,962616,Ejected
0.00168856,68000.0,2195747,Ejected
0.00168856,23000.0,3171323,Ejected
0.00168856,21000.0,3171300,Ejected
0.00168856,82000.0,3171309,Ejected
0.00168856,30000.0,1654528,Ejected
0.00168856,34000.0,962673,Ejected
0.00168856,51000.0,962629,Ejected
0.00168856,20000.0,28701,Ejected
0.00168856,57000.0,28724,Ejected
0.00168856,16000.0,962687,Ejected
0.00168856,24000.0,2195760,Ejected
0.00168856,11000.0,3171297,Ejected
0.00168856,15000.0,962651,Ejected
0.00168856,78000.0,3171298,Ejected
0.00168856,20000.0,2929949,Ejected
0.00168856,41000.0,2195763,Ejected
0.00168856,31000.0,2195790,Ejected
0.00168856,22000.0,28755,Ejected
0.00168856,52000.0,962623,Ejected
0.00168856,34000.0,4150587,Ejected
0.00168856,31000.0,4150608,Ejected
0.00168856,16000.0,4150592,Ejected
0.00168856,29000.0,3171307,Ejected
0.00168856,13000.0,3171292,Ejected
0.00168856,23000.0,2195736,Ejected
0.00168856,18000.0,3171296,Ejected
0.00168856,19000.0,3552426,Ejected
0.00168856,38000.0,2929942,Ejected
0.00168856,26000.0,3855962,Ejected
0.00168856,27000.0,3171294,Ejected
0.00168856,75000.0,28722,Ejected
0.00168856,37000.0,2929954,Ejected
0.00168856,32000.0,4150577,Ejected
0.00168856,22000.0,3171310,Ejected
0.00168856,32000.0,2929948,Ejected
0.00168856,8000.0,3552438,Ejected
0.00168856,31000.0,28757,Ejected
0.00168856,20000.0,3552445,Ejected
0.00168856,12000.0,3552416,Ejected
0.00168856,58000.0,962640,Ejected
0.00168856,42000.0,3171311,Ejected
0.00168856,12000.0,3171303,Ejected
0.00168856,29000.0,962667,Ejected
0.00168856,28000.0,1654548,Ejected
0.00168856,39000.0,962612,Ejected
0.00168856,18000.0,2195732,Ejected
0.00168856,22000.0,4150607,Ejected
0.00168856,76000.0,28760,Ejected
0.00168856,30000.0,3171302,Ejected
0.00168856,18000.0,3171305,Ejected
0.00168856,28000.0,3552413,Ejected
0.00168856,27000.0,962655,Ejected
0.00168856,25000.0,3171313,Ejected
0.00168856,38000.0,1654513,Ejected
0.00168856,23000.0,3552410,Ejected
0.00168856,44000.0,1654539,Ejected
0.00168856,14000.0,2929956,Ejected
0.00168856,13000.0,3552437,Ejected
0.00168856,118000.0,3552439,Ejected
0.00168856,48000.0,962663,Ejected
0.00168856,17000.0,3552433,Ejected
0.00168856,26000.0,4111784,Ejected
0.00168856,47000.0,962639,Ejected
0.00168856,40000.0,2195754,Ejected
0.00168856,16000.0,3552442,Ejected
0.00168856,27000.0,962670,Ejected
0.00168856,47000.0,3552446,Ejected
0.00168856,34000.0,2195739,Ejected
0.00168856,21000.0,1654552,Ejected
0.00168856,73000.0,1654531,Ejected
0.00168856,46000.0,3171314,Ejected
0.00168856,96000.0,3552422,Ejected
0.00168856,36000.0,3552453,Ejected
0.00168856,62000.0,3552414,Ejected
0.00168856,18000.0,2929955,Ejected
0.00168856,44000.0,4111783,Ejected
0.00168856,47000.0,4150576,Ejected
0.00168856,27000.0,962693,Ejected
0.00168856,29000.0,2195735,Ejected
0.00168856,34000.0,3552419,Ejected
0.00168856,45000.0,28693,Ejected
0.00168856,36000.0,2929950,Ejected
0.00168856,60000.0,962669,Ejected
0.00168856,26000.0,3552443,Ejected
0.00168856,75000.0,4150603,Ejected
0.00168856,185000.0,3552447,Ejected
0.00168856,33000.0,2929943,Ejected
0.00168856,82000.0,3171295,Ejected
0.00168856,29000.0,3855984,Ejected
0.00168856,183000.0,1654520,Ejected
0.00168856,26000.0,3552448,Ejected
0.00168856,32000.0,28759,Ejected
0.00168856,33000.0,2195777,Ejected
0.00168856,22000.0,2929951,Ejected
0.00168856,39000.0,3552429,Ejected
0.00168856,35000.0,3171316,Ejected
0.00168856,73000.0,4150581,Ejected
0.00168856,32000.0,3855961,Ejected
0.00168856,32000.0,3552452,Ejected
0.00168856,26000.0,3171317,Ejected
0.00168856,47000.0,2195751,Ejected
0.00168856,30000.0,962679,Ejected
0.00168856,52000.0,28718,Ejected
0.00168856,65000.0,2195803,Ejected
0.00168856,38000.0,2195793,Ejected
0.00168856,34000.0,962613,Ejected
0.00168856,39000.0,3171320,Ejected
0.00168856,32000.0,28713,Ejected
0.00168856,26000.0,4150578,Ejected
0.00168856,42000.0,28739,Ejected
0.00168856,58000.0,3552454,Ejected
0.00168856,30000.0,3552450,Ejected
0.00168856,47000.0,1654511,Ejected
0.00168856,24000.0,28689,Ejected
0.00168856,32000.0,3855965,Ejected
0.00168856,55000.0,28734,Ejected
0.00168856,68000.0,28683,Ejected
0.00168856,46000.0,1654538,Ejected
0.00168856,62000.0,4150612,Ejected
0.00168856,46000.0,962645,Ejected
0.00168856,30000.0,962633,Ejected
0.00168856,100000.0,2929946,Ejected
0.00168856,85000.0,4150615,Ejected
0.00168856,39000.0,28764,Ejected
0.00168856,150000.0,3552424,Ejected
0.00168856,66000.0,28765,Ejected
0.00168856,104000.0,3855978,Ejected
0.00168856,131000.0,3171299,Ejected
0.00400422,4000.0,1655592,Ejected
0.00400422,4000.0,1655564,Ejected
0.00400422,4000.0,1655562,Ejected
0.00400422,7000.0,1655588,Ejected
0.00400422,9000.0,1655597,Ejected
0.00400422,58000.0,1655565,Ejected
0.00400422,6000.0,1655602,Ejected
0.00400422,4000.0,2198787,Ejected
0.00400422,6000.0,2198794,Ejected
0.00400422,8000.0,2198793,Ejected
0.00400422,7000.0,1655566,Ejected
0.00400422,5000.0,2198856,Ejected
0.00400422,5000.0,2198826,Ejected
0.00400422,29000.0,2198867,Ejected
0.00400422,29000.0,1655591,Ejected
0.00400422,8000.0,1655578,Ejected
0.00400422,5000.0,2198829,Ejected
0.00400422,9000.0,2198853,Ejected
0.00400422,6000.0,2198805,Ejected
0.00400422,6000.0,1655581,Ejected
0.00400422,23000.0,1655594,Ejected
0.00400422,8000.0,2198815,Ejected
0.00400422,7000.0,2198842,Ejected
0.00400422,12000.0,2198841,Ejected
0.00400422,5000.0,2198824,Ejected
0.00400422,6000.0,1655584,Ejected
0.00400422,6000.0,964315,Ejected
0.00400422,5000.0,2198864,Ejected
0.00400422,16000.0,964288,Ejected
0.00400422,5000.0,2198798,Ejected
0.00400422,10000.0,2198802,Ejected
0.00400422,7000.0,1655601,Ejected
0.00400422,13000.0,1655586,Ejected
0.00400422,13000.0,2198862,Ejected
0.00400422,30000.0,2198823,Ejected
0.00400422,6000.0,2198811,Ejected
0.00400422,4000.0,964303,Ejected
0.00400422,6000.0,964320,Ejected
0.00400422,10000.0,1655583,Ejected
0.00400422,8000.0,964311,Ejected
0.00400422,10000.0,964292,Ejected
0.00400422,8000.0,2198828,Ejected
0.00400422,0.0,30319,Captured
0.00400422,8000.0,1655580,Ejected
0.00400422,10000.0,964334,Ejected
0.00400422,5000.0,964332,Ejected
0.00400422,11000.0,964293,Ejected
0.00400422,6000.0,30364,Ejected
0.00400422,34000.0,30385,Ejected
0.00400422,11000.0,964276,Ejected
0.00400422,15000.0,964266,Ejected
0.00400422,5000.0,30361,Ejected
0.00400422,8000.0,30359,Ejected
0.00400422,19000.0,1655587,Ejected
0.00400422,20000.0,2198850,Ejected
0.00400422,28000.0,964264,Ejected
0.00400422,13000.0,30310,Ejected
0.00400422,5000.0,1655605,Ejected
0.00400422,37000.0,964347,Ejected
0.00400422,12000.0,964301,Ejected
0.00400422,4000.0,964304,Ejected
0.00400422,21000.0,2198810,Ejected
0.00400422,5000.0,964349,Ejected
0.00400422,11000.0,964307,Ejected
0.00400422,5000.0,964296,Ejected
0.00400422,7000.0,2198863,Ejected
0.00400422,4000.0,3968861,Ejected
0.00400422,5000.0,3968860,Ejected
0.00400422,6000.0,2198808,Ejected
0.00400422,18000.0,2198835,Ejected
0.00400422,16000.0,3968831,Ejected
0.00400422,6000.0,3968849,Ejected
0.00400422,20000.0,30369,Ejected
0.00400422,6000.0,30388,Ejected
0.00400422,14000.0,30333,Ejected
0.00400422,10000.0,1655589,Ejected
0.00400422,6000.0,964324,Ejected
0.00400422,9000.0,964339,Ejected
0.00400422,74000.0,3968835,Ejected
0.00400422,8000.0,3968846,Ejected
0.00400422,11000.0,30370,Ejected
0.00400422,5000.0,30373,Ejected
0.00400422,10000.0,964335,Ejected
0.00400422,8000.0,3968844,Ejected
0.00400422,16000.0,964284,Ejected
0.00400422,4000.0,964308,Ejected
0.00400422,1000.0,2198846,Ejected
0.00400422,8000.0,2198806,Ejected
0.00400422,5000.0,964294,Ejected
0.00400422,59000.0,2198860,Ejected
0.00400422,6000.0,30324,Ejected
0.00400422,5000.0,2198861,Ejected
0.00400422,6000.0,30337,Ejected
0.00400422,21000.0,2198807,Ejected
0.00400422,6000.0,30344,Ejected
0.00400422,14000.0,2198797,Ejected
0.00400422,8000.0,2198868,Ejected
0.00400422,7000.0,2198869,Ejected
0.00400422,8000.0,3968865,Ejected
0.00400422,20000.0,3968838,Ejected
0.00400422,15000.0,964274,Ejected
0.00400422,24000.0,30371,Ejected
0.00400422,5000.0,3968854,Ejected
0.00400422,32000.0,30317,Ejected
0.00400422,14000.0,30392,Ejected
0.00400422,27000.0,2198845,Ejected
0.00400422,7000.0,30335,Ejected
0.00400422,10000.0,1655577,Ejected
0.00400422,13000.0,1655567,Ejected
0.00400422,8000.0,30389,Ejected
0.00400422,30000.0,30393,Ejected
0.00400422,35000.0,964331,Ejected
0.00400422,5000.0,964279,Ejected
0.00400422,12000.0,30358,Ejected
0.00400422,7000.0,30347,Ejected
0.00400422,19000.0,3968840,Ejected
0.00400422,15000.0,964282,Ejected
0.00400422,9000.0,3968834,Ejected
0.00400422,9000.0,3968824,Ejected
0.00400422,14000.0,2198843,Ejected
0.00400422,11000.0,4119339,Ejected
0.00400422,21000.0,2198804,Ejected
0.00400422,18000.0,30320,Ejected
0.00400422,5000.0,4119328,Ejected
0.00400422,8000.0,30315,Ejected
0.00400422,10000.0,30382,Ejected
0.00400422,24000.0,4119364,Ejected
0.00400422,8000.0,4119368,Ejected
0.00400422,7000.0,3968827,Ejected
0.00400422,17000.0,4119317,Ejected
0.00400422,9000.0,30343,Ejected
0.00400422,12000.0,2198816,Ejected
0.00400422,13000.0,4119318,Ejected
0.00400422,6000.0,4119380,Ejected
0.00400422,8000.0,30318,Ejected
0.00400422,7000.0,30362,Ejected
0.00400422,9000.0,4119332,Ejected
0.00400422,16000.0,30330,Ejected
0.00400422,11000.0,4119323,Ejected
0.00400422,14000.0,2198792,Ejected
0.00400422,10000.0,1655570,Ejected
0.00400422,16000.0,1655575,Ejected
0.00400422,5000.0,4119322,Ejected
0.00400422,11000.0,30341,Ejected
0.00400422,10000.0,4119335,Ejected
0.00400422,12000.0,964346,Ejected
0.00400422,6000.0,30311,Ejected
0.00400422,6000.0,3968847,Ejected
0.00400422,13000.0,30379,Ejected
0.00400422,6000.0,4119376,Ejected
0.00400422,8000.0,2198821,Ejected
0.00400422,10000.0,3968836,Ejected
0.00400422,8000.0,4119331,Ejected
0.00400422,11000.0,964323,Ejected
0.00400422,16000.0,30342,Ejected
0.00400422,11000.0,4119330,Ejected
0.00400422,7000.0,3968832,Ejected
0.00400422,8000.0,4119363,Ejected
0.00400422,6000.0,4119350,Ejected
0.00400422,6000.0,964333,Ejected
0.00400422,14000.0,964341,Ejected
0.00400422,7000.0,3968830,Ejected
0.00400422,9000.0,30352,Ejected
0.00400422,9000.0,1655573,Ejected
0.00400422,11000.0,4119344,Ejected
0.00400422,22000.0,4119324,Ejected
0.00400422,6000.0,30326,Ejected
0.00400422,9000.0,3968868,Ejected
0.00400422,17000.0,964273,Ejected
0.00400422,9000.0,30340,Ejected
0.00400422,20000.0,4119321,Ejected
0.00400422,10000.0,3968862,Ejected
0.00400422,6000.0,4119365,Ejected
0.00400422,13000.0,964281,Ejected
0.00400422,9000.0,3968863,Ejected
0.00400422,8000.0,3968856,Ejected
0.00400422,12000.0,3968855,Ejected
0.00400422,8000.0,2198813,Ejected
0.00400422,24000.0,964325,Ejected
0.00400422,18000.0,4119362,Ejected
0.00400422,23000.0,2198790,Ejected
0.00400422,12000.0,4119334,Ejected
0.00400422,20000.0,30363,Ejected
0.00400422,60000.0,30313,Ejected
0.00400422,20000.0,2198795,Ejected
0.00400422,0.0,4151692,Captured
0.00400422,14000.0,964328,Ejected
0.00400422,13000.0,2198836,Ejected
0.00400422,6000.0,964340,Ejected
0.00400422,4000.0,4151714,Ejected
0.00400422,26000.0,1655604,Ejected
0.00400422,30000.0,30321,Ejected
0.00400422,7000.0,2198799,Ejected
0.00400422,6000.0,4119351,Ejected
0.00400422,8000.0,4119341,Ejected
0.00400422,21000.0,2198822,Ejected
0.00400422,16000.0,3968837,Ejected
0.00400422,4000.0,4151709,Ejected
0.00400422,12000.0,30349,Ejected
0.00400422,18000.0,4151698,Ejected
0.00400422,16000.0,30328,Ejected
0.00400422,10000.0,3968851,Ejected
0.00400422,11000.0,4151680,Ejected
0.00400422,8000.0,4151701,Ejected
0.00400422,26000.0,4151710,Ejected
0.00400422,33000.0,4151715,Ejected
0.00400422,34000.0,4151674,Ejected
0.00400422,25000.0,4151679,Ejected
0.00400422,7000.0,4151685,Ejected
0.00400422,46000.0,4151705,Ejected
0.00400422,16000.0,4151711,Ejected
0.00400422,29000.0,4119374,Ejected
0.00400422,17000.0,4151690,Ejected
0.00400422,10000.0,4119361,Ejected
0.00400422,8000.0,4151706,Ejected
0.00400422,14000.0,4151708,Ejected
0.00400422,25000.0,4151678,Ejected
0.00400422,42000.0,4151684,Ejected
0.00400422,34000.0,4119329,Ejected
0.00400422,6000.0,4151703,Ejected
0.00400422,23000.0,4151707,Ejected
0.00400422,20000.0,30322,Ejected
0.00400422,8000.0,4151683,Ejected
0.00400422,9000.0,4119342,Ejected
0.00400422,10000.0,4151675,Ejected
0.00400422,12000.0,30351,Ejected
0.00400422,14000.0,30384,Ejected
0.00400422,8000.0,4151712,Ejected
0.00400422,15000.0,964287,Ejected
0.00400422,53000.0,4119366,Ejected
0.00400422,11000.0,3968826,Ejected
0.00400422,22000.0,4151687,Ejected
0.00400422,26000.0,30327,Ejected
0.00400422,16000.0,4119369,Ejected
0.00400422,58000.0,4119347,Ejected
0.00400422,16000.0,2198825,Ejected
0.00400422,44000.0,2198788,Ejected
0.00400422,19000.0,30355,Ejected
0.00400422,10000.0,964280,Ejected
0.00400422,9000.0,4151672,Ejected
0.00400422,11000.0,4119327,Ejected
0.00400422,14000.0,30312,Ejected
0.00400422,8000.0,4151681,Ejected
0.00400422,14000.0,4119355,Ejected
0.00400422,19000.0,964295,Ejected
0.00400422,28000.0,4119358,Ejected
0.00400422,13000.0,1655598,Ejected
0.00400422,14000.0,2198859,Ejected
0.00400422,8000.0,964290,Ejected
0.00400422,7000.0,30357,Ejected
0.00400422,8000.0,30345,Ejected
0.00400422,15000.0,30346,Ejected
0.00400422,17000.0,4119379,Ejected
0.00400422,7000.0,3172747,Ejected
0.00400422,4000.0,3172768,Ejected
0.00400422,8000.0,3172740,Ejected
0.00400422,32000.0,3172762,Ejected
0.00400422,11000.0,3968845,Ejected
0.00400422,7000.0,3172764,Ejected
0.00400422,17000.0,3172754,Ejected
0.00400422,9000.0,3172760,Ejected
0.00400422,40000.0,3172752,Ejected
0.00400422,7000.0,3172765,Ejected
0.00400422,8000.0,3172741,Ejected
0.00400422,5000.0,3172759,Ejected
0.00400422,10000.0,3172763,Ejected
0.00400422,25000.0,3172745,Ejected
0.00400422,37000.0,3172744,Ejected
0.00400422,8000.0,3172749,Ejected
0.00400422,26000.0,964272,Ejected
0.00400422,7000.0,3172756,Ejected
0.00400422,32000.0,3172761,Ejected
0.00400422,8000.0,2198812,Ejected
0.00400422,23000.0,3172757,Ejected
0.00400422,9000.0,3172748,Ejected
0.00400422,8000.0,3172750,Ejected
0.00400422,4000.0,30309,Captured
0.00400422,8000.0,3172769,Ejected
0.00400422,83000.0,3172739,Ejected
0.00400422,8000.0,30383,Ejected
0.00400422,16000.0,3172758,Ejected
0.00400422,10000.0,2198870,Ejected
0.00400422,35000.0,4119319,Ejected
0.00400422,13000.0,4119372,Captured
0.00400422,133000.0,30314,Ejected
0.00400422,106000.0,4151704,Ejected
0.00400422,176000.0,2198855,Ejected
0.00400422,52000.0,4119336,Captured
0.00400422,54000.0,964314,Ejected
0.00400422,75000.0,964270,Ejected
0.00400422,112000.0,4119326,Captured
0.0094955,6000.0,4130708,Ejected
0.0094955,4000.0,4130712,Ejected
0.0094955,6000.0,4130713,Ejected
0.0094955,7000.0,4130695,Ejected
0.0094955,3000.0,4130686,Ejected
0.0094955,3000.0,4130698,Ejected
0.0094955,3000.0,4130719,Ejected
0.0094955,16000.0,4130731,Ejected
0.0094955,6000.0,4130692,Ejected
0.0094955,2000.0,4130701,Ejected
0.0094955,4000.0,4130677,Ejected
0.0094955,4000.0,1656643,Ejected
0.0094955,4000.0,1656642,Ejected
0.0094955,3000.0,1656659,Ejected
0.0094955,8000.0,1656663,Ejected
0.0094955,3000.0,1656671,Ejected
0.0094955,4000.0,4130674,Ejected
0.0094955,26000.0,4130729,Ejected
0.0094955,2000.0,4130707,Ejected
0.0094955,4000.0,1656664,Ejected
0.0094955,4000.0,1656669,Ejected
0.0094955,16000.0,1656649,Ejected
0.0094955,6000.0,1656675,Ejected
0.0094955,5000.0,4130672,Ejected
0.0094955,3000.0,4130685,Ejected
0.0094955,35000.0,4130691,Ejected
0.0094955,4000.0,4130682,Ejected
0.0094955,3000.0,4130704,Ejected
0.0094955,9000.0,4130717,Ejected
0.0094955,4000.0,4130715,Ejected
0.0094955,4000.0,1656662,Ejected
0.0094955,4000.0,1656666,Ejected
0.0094955,5000.0,4130706,Ejected
0.0094955,4000.0,4130681,Ejected
0.0094955,3000.0,1656645,Ejected
0.0094955,10000.0,4130728,Ejected
0.0094955,3000.0,1656651,Ejected
0.0094955,24000.0,4130709,Ejected
0.0094955,4000.0,4130688,Ejected
0.0094955,5000.0,4130689,Ejected
0.0094955,4000.0,4130730,Ejected
0.0094955,56000.0,4130725,Ejected
0.0094955,13000.0,1656648,Ejected
0.0094955,12000.0,1656650,Ejected
0.0094955,4000.0,1656679,Ejected
0.0094955,3000.0,1656678,Ejected
0.0094955,4000.0,1656658,Ejected
0.0094955,7000.0,4130727,Ejected
0.0094955,5000.0,3174214,Ejected
0.0094955,7000.0,3174212,Ejected
0.0094955,4000.0,3174235,Ejected
0.0094955,5000.0,1656640,Ejected
0.0094955,8000.0,4130673,Ejected
0.0094955,4000.0,3174233,Ejected
0.0094955,4000.0,3174210,Ejected
0.0094955,7000.0,3174213,Ejected
0.0094955,5000.0,3174223,Ejected
0.0094955,14000.0,1656644,Ejected
0.0094955,4000.0,1656639,Ejected
0.0094955,5000.0,4130714,Ejected
0.0094955,13000.0,3174225,Ejected
0.0094955,7000.0,3174234,Ejected
0.0094955,3000.0,3174221,Ejected
0.0094955,13000.0,4130693,Ejected
0.0094955,7000.0,3174226,Ejected
0.0094955,4000.0,1656676,Ejected
0.0094955,5000.0,3174207,Ejected
0.0094955,5000.0,3174247,Ejected
0.0094955,30000.0,4130726,Ejected
0.0094955,32000.0,3174215,Ejected
0.0094955,6000.0,3174219,Ejected
0.0094955,5000.0,3174209,Ejected
0.0094955,6000.0,3174246,Ejected
0.0094955,14000.0,3174239,Ejected
0.0094955,3000.0,3174211,Ejected
0.0094955,5000.0,3174201,Ejected
0.0094955,4000.0,3174236,Ejected
0.0094955,3000.0,3174227,Ejected
0.0094955,4000.0,3174245,Ejected
0.0094955,11000.0,1656653,Ejected
0.0094955,17000.0,4130679,Ejected
0.0094955,5000.0,4130718,Ejected
0.0094955,7000.0,1656680,Ejected
0.0094955,12000.0,3174242,Ejected
0.0094955,4000.0,3174218,Ejected
0.0094955,4000.0,3174238,Ejected
0.0094955,4000.0,4130733,Ejected
0.0094955,3000.0,3174243,Ejected
0.0094955,3000.0,2201572,Ejected
0.0094955,10000.0,2201575,Ejected
0.0094955,6000.0,2201600,Ejected
0.0094955,4000.0,2201553,Ejected
0.0094955,5000.0,1656660,Ejected
0.0094955,3000.0,2201599,Ejected
0.0094955,3000.0,2201593,Ejected
0.0094955,5000.0,2201584,Ejected
0.0094955,8000.0,2201548,Ejected
0.0094955,30000.0,2201546,Ejected
0.0094955,3000.0,2201545,Ejected
0.0094955,4000.0,1656647,Ejected
0.0094955,5000.0,2201559,Ejected
0.0094955,16000.0,3174203,Ejected
0.0094955,11000.0,2201544,Ejected
0.0094955,3000.0,2201538,Ejected
0.0094955,4000.0,2201562,Ejected
0.0094955,14000.0,2201577,Ejected
0.0094955,3000.0,2201573,Ejected
0.0094955,5000.0,965969,Ejected
0.0094955,4000.0,965977,Ejected
0.0094955,5000.0,2201557,Ejected
0.0094955,3000.0,2201554,Ejected
0.0094955,5000.0,2201567,Ejected
0.0094955,3000.0,2201605,Ejected
0.0094955,3000.0,2201540,Ejected
0.0094955,4000.0,965921,Ejected
0.0094955,4000.0,2201556,Ejected
0.0094955,5000.0,2201537,Ejected
0.0094955,7000.0,2201560,Ejected
0.0094955,4000.0,2201578,Ejected
0.0094955,5000.0,2201542,Ejected
0.0094955,4000.0,965945,Ejected
0.0094955,6000.0,965957,Ejected
0.0094955,7000.0,965931,Ejected
0.0094955,4000.0,965984,Ejected
0.0094955,6000.0,3174224,Ejected
0.0094955,8000.0,2201536,Ejected
0.0094955,10000.0,3174202,Ejected
0.0094955,4000.0,965968,Ejected
0.0094955,10000.0,965982,Ejected
0.0094955,49000.0,4130705,Ejected
0.0094955,9000.0,2201550,Ejected
0.0094955,2000.0,965951,Ejected
0.0094955,4000.0,965934,Ejected
0.0094955,3000.0,965998,Ejected
0.0094955,33000.0,965997,Ejected
0.0094955,5000.0,31988,Ejected
0.0094955,8000.0,965922,Ejected
0.0094955,23000.0,2201574,Ejected
0.0094955,4000.0,965960,Ejected
0.0094955,6000.0,965915,Ejected
0.0094955,6000.0,2201535,Ejected
0.0094955,3000.0,965972,Ejected
0.0094955,6000.0,965929,Ejected
0.0094955,4000.0,2201576,Ejected
0.0094955,6000.0,965943,Ejected
0.0094955,5000.0,965970,Ejected
0.0094955,5000.0,31965,Ejected
0.0094955,0.0,965919,Captured
0.0094955,7000.0,4130680,Ejected
0.0094955,4000.0,31949,Ejected
0.0094955,11000.0,31974,Ejected
0.0094955,3000.0,31987,Ejected
0.0094955,10000.0,965986,Ejected
0.0094955,6000.0,31948,Ejected
0.0094955,4000.0,965939,Ejected
0.0094955,6000.0,31961,Ejected
0.0094955,5000.0,32016,Ejected
0.0094955,4000.0,31960,Ejected
0.0094955,3000.0,2201609,Ejected
0.0094955,5000.0,965933,Ejected
0.0094955,6000.0,2201566,Ejected
0.0094955,5000.0,31942,Ejected
0.0094955,8000.0,32010,Ejected
0.0094955,17000.0,31980,Ejected
0.0094955,8000.0,31936,Ejected
0.0094955,4000.0,965965,Ejected
0.0094955,4000.0,965948,Ejected
0.0094955,6000.0,31993,Ejected
0.0094955,12000.0,2201563,Ejected
0.0094955,5000.0,31984,Ejected
0.0094955,3000.0,31935,Ejected
0.0094955,10000.0,32011,Ejected
0.0094955,3000.0,965958,Ejected
0.0094955,3000.0,965947,Ejected
0.0094955,19000.0,32007,Ejected
0.0094955,3000.0,31975,Ejected
0.0094955,3000.0,31997,Ejected
0.0094955,9000.0,965996,Ejected
0.0094955,8000.0,31959,Ejected
0.0094955,3000.0,31976,Ejected
0.0094955,5000.0,31982,Ejected
0.0094955,5000.0,1656661,Ejected
0.0094955,7000.0,4130734,Ejected
0.0094955,4000.0,965959,Ejected
0.0094955,3000.0,811429,Ejected
0.0094955,4000.0,2201571,Ejected
0.0094955,3000.0,965928,Ejected
0.0094955,15000.0,965978,Ejected
0.0094955,0.0,811418,Captured
0.0094955,5000.0,811426,Ejected
0.0094955,5000.0,32013,Ejected
0.0094955,4000.0,965954,Ejected
0.0094955,8000.0,965979,Ejected
0.0094955,3000.0,31956,Ejected
0.0094955,4000.0,31952,Ejected
0.0094955,8000.0,31996,Ejected
0.0094955,14000.0,965936,Ejected
0.0094955,5000.0,2201595,Ejected
0.0094955,7000.0,965940,Ejected
0.0094955,5000.0,811394,Ejected
0.0094955,5000.0,811416,Ejected
0.0094955,4000.0,965913,Ejected
0.0094955,4000.0,2201582,Ejected
0.0094955,4000.0,31991,Ejected
0.0094955,17000.0,811386,Ejected
0.0094955,6000.0,965917,Ejected
0.0094955,18000.0,811436,Ejected
0.0094955,3000.0,32002,Ejected
0.0094955,11000.0,811408,Ejected
0.0094955,4000.0,2201568,Ejected
0.0094955,6000.0,2201533,Ejected
0.0094955,8000.0,1656646,Ejected
0.0094955,4000.0,811398,Ejected
0.0094955,4000.0,4130697,Ejected
0.0094955,5000.0,965952,Ejected
0.0094955,4000.0,32003,Ejected
0.0094955,16000.0,965926,Ejected
0.0094955,14000.0,811413,Ejected
0.0094955,6000.0,2201585,Ejected
0.0094955,12000.0,1656657,Ejected
0.0094955,3000.0,31969,Ejected
0.0094955,7000.0,811417,Ejected
0.0094955,3000.0,811419,Ejected
0.0094955,4000.0,965944,Ejected
0.0094955,4000.0,32009,Ejected
0.0094955,6000.0,811441,Ejected
0.0094955,6000.0,965925,Ejected
0.0094955,5000.0,31994,Ejected
0.0094955,6000.0,31944,Ejected
0.0094955,9000.0,965992,Ejected
0.0094955,4000.0,2201586,Ejected
0.0094955,23000.0,31954,Ejected
0.0094955,6000.0,811403,Ejected
0.0094955,19000.0,811396,Ejected
0.0094955,22000.0,31979,Ejected
0.0094955,17000.0,965949,Ejected
0.0094955,3000.0,31978,Ejected
0.0094955,13000.0,965946,Ejected
0.0094955,6000.0,811387,Ejected
0.0094955,4000.0,965932,Ejected
0.0094955,5000.0,811435,Ejected
0.0094955,8000.0,31981,Ejected
0.0094955,5000.0,3174241,Ejected
0.0094955,5000.0,31983,Ejected
0.0094955,5000.0,3174231,Ejected
0.0094955,54000.0,2201551,Ejected
0.0094955,43000.0,811431,Ejected
0.0094955,5000.0,965994,Ejected
0.0094955,10000.0,811405,Ejected
0.0094955,6000.0,811391,Ejected
0.0094955,8000.0,811420,Ejected
0.0094955,6000.0,811409,Ejected
0.0094955,5000.0,811407,Ejected
0.0094955,10000.0,31955,Ejected
0.0094955,5000.0,965924,Ejected
0.0094955,9000.0,965938,Ejected
0.0094955,5000.0,811399,Ejected
0.0094955,4000.0,2201598,Ejected
0.0094955,11000.0,31951,Ejected
0.0094955,24000.0,32000,Ejected
0.0094955,5000.0,2201597,Ejected
0.0094955,7000.0,32008,Ejected
0.0094955,24000.0,965967,Ejected
0.0094955,5000.0,31957,Ejected
0.0094955,6000.0,965966,Ejected
0.0094955,13000.0,2201613,Ejected
0.0094955,8000.0,2201565,Ejected
0.0094955,6000.0,31990,Ejected
0.0094955,7000.0,811421,Ejected
0.0094955,3000.0,2201602,Ejected
0.0094955,4000.0,811392,Ejected
0.0094955,9000.0,31950,Ejected
0.0094955,6000.0,2201555,Ejected
0.0094955,5000.0,2201569,Ejected
0.0094955,6000.0,3174228,Ejected
0.0094955,14000.0,31992,Ejected
0.0094955,7000.0,811397,Ejected
0.0094955,5000.0,3174206,Ejected
0.0094955,18000.0,811411,Ejected
0.0094955,6000.0,811395,Ejected
0.0094955,8000.0,2201541,Ejected
0.0094955,9000.0,31941,Ejected
0.0094955,8000.0,811414,Ejected
0.0094955,9000.0,1656674,Ejected
0.0094955,8000.0,31972,Ejected
0.0094955,20000.0,3174222,Ejected
0.0094955,9000.0,31945,Ejected
0.0094955,9000.0,2201601,Ejected
0.0094955,23000.0,965987,Ejected
0.0094955,16000.0,31934,Ejected
0.0094955,13000.0,2201589,Ejected
0.0094955,14000.0,965975,Ejected
0.0094955,30000.0,965962,Ejected
0.0094955,14000.0,3174244,Ejected
0.0094955,7000.0,2201590,Ejected
0.0094955,3000.0,2935612,Ejected
0.0094955,3000.0,2935617,Ejected
0.0094955,9000.0,2935610,Ejected
0.0094955,5000.0,2935616,Ejected
0.0094955,3000.0,2935609,Ejected
0.0094955,4000.0,2935621,Ejected
0.0094955,3000.0,2935624,Ejected
0.0094955,8000.0,2935625,Ejected
0.0094955,3000.0,2935606,Ejected
0.0094955,4000.0,2935603,Ejected
0.0094955,3000.0,2935614,Ejected
0.0094955,11000.0,2935626,Ejected
0.0094955,5000.0,2935607,Ejected
0.0094955,22000.0,2935604,Ejected
0.0094955,5000.0,2935613,Ejected
0.0094955,5000.0,2935601,Ejected
0.0094955,13000.0,965974,Ejected
0.0094955,13000.0,2935615,Ejected
0.0094955,42000.0,965914,Ejected
0.0094955,11000.0,32005,Ejected
0.0094955,41000.0,4130700,Ejected
0.0094955,67000.0,3174237,Ejected
0.0094955,6000.0,2935618,Captured
0.0094955,77000.0,2201603,Captured
0.030027,2000.0,1657710,Ejected
0.030027,2000.0,1657749,Ejected
0.030027,0.0,1657743,Captured
0.030027,2000.0,1657736,Ejected
0.030027,3000.0,1657734,Ejected
0.030027,5000.0,1657729,Ejected
0.030027,3000.0,1657717,Ejected
0.030027,5000.0,1657731,Ejected
0.030027,2000.0,1657715,Ejected
0.030027,2000.0,1657714,Ejected
0.030027,2000.0,1657740,Ejected
0.030027,5000.0,1657727,Ejected
0.030027,3000.0,1657722,Ejected
0.030027,6000.0,1657748,Ejected
0.030027,3000.0,1657735,Ejected
0.030027,2000.0,1657711,Ejected
0.030027,4000.0,1657728,Ejected
0.030027,3000.0,1657744,Ejected
0.030027,3000.0,1657724,Ejected
0.030027,5000.0,1657733,Ejected
0.030027,3000.0,4147006,Ejected
0.030027,2000.0,4147039,Ejected
0.030027,3000.0,4147037,Ejected
0.030027,2000.0,4147029,Ejected
0.030027,2000.0,4147016,Ejected
0.030027,2000.0,4147054,Ejected
0.030027,2000.0,4147027,Ejected
0.030027,3000.0,4147005,Ejected
0.030027,3000.0,3175882,Ejected
0.030027,3000.0,4147007,Ejected
0.030027,6000.0,4147012,Ejected
0.030027,5000.0,3175917,Ejected
0.030027,3000.0,4147015,Ejected
0.030027,3000.0,4147013,Ejected
0.030027,4000.0,4146999,Ejected
0.030027,4000.0,4146993,Ejected
0.030027,2000.0,4147042,Ejected
0.030027,2000.0,3175878,Ejected
0.030027,2000.0,4147000,Ejected
0.030027,2000.0,3175911,Ejected
0.030027,4000.0,4147036,Ejected
0.030027,5000.0,3175907,Ejected
0.030027,3000.0,3175900,Ejected
0.030027,2000.0,3175873,Ejected
0.030027,3000.0,3175910,Ejected
0.030027,3000.0,3175901,Ejected
0.030027,8000.0,3175895,Ejected
0.030027,3000.0,3175885,Ejected
0.030027,3000.0,3175875,Ejected
0.030027,2000.0,4147052,Ejected
0.030027,2000.0,4147038,Ejected
0.030027,7000.0,4147044,Ejected
0.030027,7000.0,3175906,Ejected
0.030027,3000.0,4147053,Ejected
0.030027,2000.0,4146994,Ejected
0.030027,2000.0,3175916,Ejected
0.030027,3000.0,3175899,Ejected
0.030027,4000.0,3175879,Ejected
0.030027,5000.0,4147047,Ejected
0.030027,3000.0,4147041,Ejected
0.030027,2000.0,4147049,Ejected
0.030027,3000.0,4147031,Ejected
0.030027,5000.0,3175913,Ejected
0.030027,3000.0,4147022,Ejected
0.030027,3000.0,3175918,Ejected
0.030027,3000.0,2204598,Ejected
0.030027,2000.0,2204568,Ejected
0.030027,2000.0,2204575,Ejected
0.030027,2000.0,2204611,Ejected
0.030027,2000.0,2204582,Ejected
0.030027,2000.0,2204638,Ejected
0.030027,2000.0,2204628,Ejected
0.030027,5000.0,2204649,Ejected
0.030027,6000.0,2204567,Ejected
0.030027,7000.0,3175889,Ejected
0.030027,11000.0,3175884,Ejected
0.030027,2000.0,3175898,Ejected
0.030027,6000.0,3175890,Ejected
0.030027,2000.0,2204581,Ejected
0.030027,1000.0,2204601,Ejected
0.030027,7000.0,2204621,Ejected
0.030027,2000.0,2204603,Ejected
0.030027,4000.0,2204648,Ejected
0.030027,6000.0,2204595,Ejected
0.030027,2000.0,2204644,Ejected
0.030027,3000.0,2204632,Ejected
0.030027,16000.0,2204641,Ejected
0.030027,3000.0,2204593,Ejected
0.030027,9000.0,2204600,Ejected
0.030027,2000.0,2204570,Ejected
0.030027,3000.0,2204622,Ejected
0.030027,2000.0,2204642,Ejected
0.030027,6000.0,4147008,Ejected
0.030027,4000.0,2204608,Ejected
0.030027,3000.0,2204619,Ejected
0.030027,4000.0,2204591,Ejected
0.030027,2000.0,2204586,Ejected
0.030027,11000.0,2204577,Ejected
0.030027,3000.0,2204580,Ejected
0.030027,8000.0,2204646,Ejected
0.030027,6000.0,2204647,Ejected
0.030027,3000.0,2204614,Ejected
0.030027,10000.0,3175891,Ejected
0.030027,3000.0,2204566,Ejected
0.030027,5000.0,1657752,Ejected
0.030027,2000.0,4147021,Ejected
0.030027,4000.0,4146997,Ejected
0.030027,2000.0,2204623,Ejected
0.030027,6000.0,2204610,Ejected
0.030027,3000.0,2204571,Ejected
0.030027,3000.0,2204634,Ejected
0.030027,2000.0,2204596,Ejected
0.030027,3000.0,2204629,Ejected
0.030027,2000.0,2204618,Ejected
0.030027,3000.0,4147004,Ejected
0.030027,5000.0,2204633,Ejected
0.030027,1000.0,33577,Ejected
0.030027,2000.0,33609,Ejected
0.030027,2000.0,33634,Ejected
0.030027,6000.0,33597,Ejected
0.030027,2000.0,33604,Ejected
0.030027,2000.0,33610,Ejected
0.030027,2000.0,33636,Ejected
0.030027,2000.0,33633,Ejected
0.030027,7000.0,33628,Ejected
0.030027,5000.0,33625,Ejected
0.030027,6000.0,33605,Ejected
0.030027,3000.0,33589,Ejected
0.030027,4000.0,33572,Ejected
0.030027,6000.0,33606,Ejected
0.030027,5000.0,33608,Ejected
0.030027,2000.0,33570,Ejected
0.030027,17000.0,33567,Ejected
0.030027,3000.0,33566,Ejected
0.030027,3000.0,33559,Ejected
0.030027,4000.0,33640,Ejected
0.030027,3000.0,33593,Ejected
0.030027,14000.0,33560,Ejected
0.030027,2000.0,33611,Ejected
0.030027,3000.0,33612,Ejected
0.030027,5000.0,33616,Ejected
0.030027,3000.0,33558,Ejected
0.030027,3000.0,33630,Ejected
0.030027,3000.0,33556,Ejected
0.030027,6000.0,33585,Ejected
0.030027,2000.0,33574,Ejected
0.030027,5000.0,33586,Ejected
0.030027,2000.0,33595,Ejected
0.030027,2000.0,33583,Ejected
0.030027,13000.0,33579,Ejected
0.030027,5000.0,33598,Ejected
0.030027,2000.0,967617,Ejected
0.030027,1000.0,967591,Ejected
0.030027,2000.0,967593,Ejected
0.030027,2000.0,967569,Ejected
0.030027,2000.0,967575,Ejected
0.030027,5000.0,967597,Ejected
0.030027,1000.0,967607,Ejected
0.030027,2000.0,967623,Ejected
0.030027,6000.0,967580,Ejected
0.030027,2000.0,967594,Ejected
0.030027,6000.0,967592,Ejected
0.030027,12000.0,967600,Ejected
0.030027,3000.0,967604,Ejected
0.030027,3000.0,967612,Ejected
0.030027,3000.0,967650,Ejected
0.030027,2000.0,967636,Ejected
0.030027,3000.0,967579,Ejected
0.030027,2000.0,967610,Ejected
0.030027,6000.0,967640,Ejected
0.030027,4000.0,967626,Ejected
0.030027,6000.0,967602,Ejected
0.030027,4000.0,967646,Ejected
0.030027,3000.0,967639,Ejected
0.030027,3000.0,967576,Ejected
0.030027,3000.0,967601,Ejected
0.030027,2000.0,967566,Ejected
0.030027,3000.0,967572,Ejected
0.030027,4000.0,967573,Ejected
0.030027,2000.0,967571,Ejected
0.030027,18000.0,967596,Ejected
0.030027,4000.0,967584,Ejected
0.030027,8000.0,967582,Ejected
0.030027,3000.0,33631,Ejected
0.030027,4000.0,33623,Ejected
0.030027,2000.0,967634,Ejected
0.030027,6000.0,33575,Ejected
0.030027,3000.0,967632,Ejected
0.030027,2000.0,33561,Ejected
0.030027,2000.0,33624,Ejected
0.030027,3000.0,2204624,Ejected
0.030027,4000.0,33637,Ejected
0.030027,3000.0,967608,Ejected
0.030027,6000.0,967577,Ejected
0.030027,3000.0,33635,Ejected
0.030027,2000.0,33562,Ejected
0.030027,3000.0,33629,Ejected
0.030027,6000.0,967648,Ejected
0.030027,3000.0,967643,Ejected
0.030027,3000.0,33632,Ejected
0.030027,58000.0,967605,Ejected
0.030027,3000.0,967587,Ejected
0.030027,3000.0,967615,Ejected
0.030027,3000.0,2204616,Ejected
0.030027,2000.0,967619,Ejected
0.030027,4000.0,33588,Ejected
0.030027,3000.0,967631,Ejected
0.030027,2000.0,3175874,Ejected
0.030027,3000.0,967609,Ejected
0.030027,14000.0,967574,Ejected
0.030027,12000.0,33615,Ejected
0.030027,2000.0,33596,Ejected
0.030027,2000.0,967585,Ejected
0.030027,3000.0,967567,Ejected
0.030027,10000.0,967628,Ejected
0.030027,5000.0,967635,Ejected
0.030027,3000.0,967616,Ejected
0.030027,10000.0,3970493,Ejected
0.030027,3000.0,3970450,Ejected
0.030027,2000.0,3970451,Ejected
0.030027,2000.0,3970477,Ejected
0.030027,2000.0,3970437,Ejected
0.030027,2000.0,3970444,Ejected
0.030027,2000.0,3970438,Ejected
0.030027,2000.0,3970479,Ejected
0.030027,2000.0,3970440,Ejected
0.030027,3000.0,3970430,Ejected
0.030027,2000.0,3970471,Ejected
0.030027,3000.0,3970494,Ejected
0.030027,5000.0,3970446,Ejected
0.030027,7000.0,3970469,Ejected
0.030027,2000.0,3970422,Ejected
0.030027,0.0,3970423,Captured
0.030027,2000.0,3970421,Ejected
0.030027,2000.0,3970481,Ejected
0.030027,2000.0,3970483,Ejected
0.030027,30000.0,3970443,Ejected
0.030027,4000.0,3970468,Ejected
0.030027,73000.0,3970419,Ejected
0.030027,3000.0,3970492,Ejected
0.030027,5000.0,3970466,Ejected
0.030027,2000.0,3970458,Ejected
0.030027,3000.0,3970490,Ejected
0.030027,2000.0,3970495,Ejected
0.030027,6000.0,3970426,Ejected
0.030027,2000.0,3970464,Ejected
0.030027,5000.0,3970424,Ejected
0.030027,9000.0,3970433,Ejected
0.030027,5000.0,3970473,Ejected
0.030027,11000.0,3970486,Ejected
0.030027,6000.0,3970460,Ejected
0.030027,3000.0,3970475,Ejected
0.030027,5000.0,3970456,Ejected
0.030027,5000.0,3970462,Ejected
0.030027,3000.0,3970439,Ejected
0.030027,4000.0,3970488,Ejected
0.030027,8000.0,3970425,Ejected
0.030027,7000.0,3970478,Ejected
0.030027,3000.0,3970465,Ejected
0.030027,5000.0,3175872,Ejected
0.030027,3000.0,33584,Ejected
0.030027,4000.0,2204606,Captured
0.030027,7000.0,3970442,Captured
0.030027,56000.0,3970489,Ejected
0.030027,16000.0,967645,Captured
0.030027,14000.0,33620,Captured
0.030027,13000.0,33600,Captured
0.030027,23000.0,4147020,Captured
0.030027,36000.0,3970484,Captured
0.030027,58000.0,1657730,Ejected
0.1,1000.0,4174260,Ejected
0.1,1000.0,4174284,Ejected
0.1,2000.0,4174275,Ejected
0.1,1000.0,4174277,Ejected
0.1,4000.0,4174270,Ejected
0.1,2000.0,4174259,Ejected
0.1,3000.0,4174272,Ejected
0.1,2000.0,4174280,Ejected
0.1,2000.0,4174283,Ejected
0.1,3000.0,4174278,Ejected
0.1,2000.0,453446,Ejected
0.1,2000.0,453451,Ejected
0.1,2000.0,453441,Ejected
0.1,1000.0,453439,Ejected
0.1,5000.0,453438,Ejected
0.1,3000.0,453449,Ejected
0.1,2000.0,4174281,Ejected
0.1,2000.0,4174264,Ejected
0.1,2000.0,4174255,Ejected
0.1,0.0,4174274,Captured
0.1,3000.0,453450,Ejected
0.1,2000.0,4174265,Ejected
0.1,0.0,4174268,Captured
0.1,2000.0,4174267,Ejected
0.1,3000.0,4174271,Ejected
0.1,2000.0,4174285,Ejected
0.1,2000.0,4174279,Ejected
0.1,6000.0,453444,Ejected
0.1,3000.0,4174256,Ejected
0.1,2000.0,4174282,Ejected
0.1,7000.0,2949486,Ejected
0.1,1000.0,2949508,Ejected
0.1,5000.0,2949499,Ejected
0.1,2000.0,2949493,Ejected
0.1,6000.0,2949502,Ejected
0.1,5000.0,2949507,Ejected
0.1,7000.0,2949488,Ejected
0.1,4000.0,2949492,Ejected
0.1,3000.0,2949487,Ejected
0.1,3000.0,2949479,Ejected
0.1,1000.0,776060,Ejected
0.1,1000.0,776054,Ejected
0.1,5000.0,776065,Ejected
0.1,2000.0,776059,Ejected
0.1,2000.0,776078,Ejected
0.1,1000.0,776053,Ejected
0.1,3000.0,776049,Ejected
0.1,0.0,776075,Captured
0.1,2000.0,776061,Ejected
0.1,2000.0,776079,Ejected
0.1,4000.0,776056,Ejected
0.1,2000.0,2949484,Ejected
0.1,3000.0,2949483,Ejected
0.1,3000.0,776062,Ejected
0.1,9000.0,776085,Ejected
0.1,5000.0,2949481,Ejected
0.1,11000.0,776063,Ejected
0.1,1000.0,776058,Ejected
0.1,2000.0,2949506,Ejected
0.1,5000.0,2949495,Ejected
0.1,1000.0,776046,Ejected
0.1,2000.0,2949503,Ejected
0.1,7000.0,776080,Ejected
0.1,5000.0,776073,Ejected
0.1,3000.0,2949480,Ejected
0.1,1000.0,822740,Ejected
0.1,2000.0,822757,Ejected
0.1,1000.0,822727,Ejected
0.1,2000.0,822729,Ejected
0.1,4000.0,822716,Ejected
0.1,9000.0,822714,Ejected
0.1,1000.0,822734,Ejected
0.1,2000.0,822710,Ejected
0.1,2000.0,776055,Ejected
0.1,3000.0,822728,Ejected
0.1,1000.0,822755,Ejected
0.1,2000.0,822738,Ejected
0.1,0.0,822759,Captured
0.1,1000.0,822763,Ejected
0.1,2000.0,822764,Ejected
0.1,2000.0,822741,Ejected
0.1,2000.0,2949500,Ejected
0.1,3000.0,822760,Ejected
0.1,2000.0,822750,Ejected
0.1,2000.0,822733,Ejected
0.1,9000.0,822748,Ejected
0.1,4000.0,822712,Ejected
0.1,2000.0,822743,Ejected
0.1,2000.0,822715,Ejected
0.1,5000.0,822745,Ejected
0.1,2000.0,822753,Ejected
0.1,3000.0,822735,Ejected
0.1,2000.0,822754,Ejected
0.1,2000.0,822721,Ejected
0.1,2000.0,776070,Ejected
0.1,2000.0,822726,Ejected
0.1,3000.0,2949482,Ejected
0.1,3000.0,4174262,Ejected
0.1,2000.0,822744,Ejected
0.1,6000.0,822725,Ejected
0.1,2000.0,822737,Ejected
0.1,2000.0,822758,Ejected
0.1,2000.0,776083,Ejected
0.1,2000.0,822747,Ejected
0.1,2000.0,822756,Ejected
0.1,5000.0,776064,Ejected
0.1,4000.0,679022,Ejected
0.1,1000.0,679007,Ejected
0.1,2000.0,678981,Ejected
0.1,2000.0,679024,Ejected
0.1,4000.0,679032,Ejected
0.1,1000.0,678997,Ejected
0.1,2000.0,678995,Ejected
0.1,2000.0,678998,Ejected
0.1,1000.0,678979,Ejected
0.1,1000.0,679016,Ejected
0.1,2000.0,678977,Ejected
0.1,3000.0,678991,Ejected
0.1,3000.0,679029,Ejected
0.1,6000.0,679026,Ejected
0.1,23000.0,679021,Ejected
0.1,1000.0,678989,Ejected
0.1,6000.0,678985,Ejected
0.1,1000.0,679027,Ejected
0.1,3000.0,679014,Ejected
0.1,2000.0,679012,Ejected
0.1,2000.0,679030,Ejected
0.1,0.0,679010,Captured
0.1,3000.0,822731,Ejected
0.1,2000.0,678984,Ejected
0.1,1000.0,678990,Ejected
0.1,0.0,678994,Captured
0.1,2000.0,678978,Ejected
0.1,0.0,679002,Captured
0.1,4000.0,678983,Ejected
0.1,0.0,679015,Captured
0.1,2000.0,678982,Ejected
0.1,3000.0,679000,Ejected
0.1,4000.0,678996,Ejected
0.1,7000.0,678980,Ejected
0.1,5000.0,2949485,Ejected
0.1,2000.0,679023,Ejected
0.1,0.0,679018,Captured
0.1,3000.0,822713,Ejected
0.1,3000.0,2909304,Ejected
0.1,0.0,2909266,Captured
0.1,11000.0,2909303,Ejected
0.1,2000.0,2909288,Ejected
0.1,1000.0,2909282,Ejected
0.1,1000.0,2909287,Ejected
0.1,1000.0,2909277,Ejected
0.1,1000.0,2909275,Ejected
0.1,4000.0,2909283,Ejected
0.1,1000.0,2909263,Ejected
0.1,2000.0,2909292,Ejected
0.1,2000.0,2909262,Ejected
0.1,1000.0,2909284,Ejected
0.1,2000.0,2909290,Ejected
0.1,1000.0,2909274,Ejected
0.1,3000.0,2909269,Ejected
0.1,2000.0,2909281,Ejected
0.1,3000.0,2909268,Ejected
0.1,2000.0,2909279,Ejected
0.1,3000.0,2909278,Ejected
0.1,2000.0,4112426,Ejected
0.1,1000.0,4112377,Ejected
0.1,2000.0,4112376,Ejected
0.1,1000.0,4112401,Ejected
0.1,3000.0,4112404,Ejected
0.1,1000.0,4112402,Ejected
0.1,1000.0,4112373,Ejected
0.1,2000.0,4112409,Ejected
0.1,2000.0,4112378,Ejected
0.1,1000.0,4112418,Ejected
0.1,3000.0,4112416,Ejected
0.1,1000.0,4112391,Ejected
0.1,2000.0,4112379,Ejected
0.1,10000.0,4112400,Ejected
0.1,3000.0,4112405,Ejected
0.1,2000.0,4112374,Ejected
0.1,2000.0,4112393,Ejected
0.1,2000.0,2909301,Ejected
0.1,9000.0,2909285,Ejected
0.1,1000.0,4112399,Ejected
0.1,2000.0,4112403,Ejected
0.1,10000.0,4112423,Ejected
0.1,2000.0,4112398,Ejected
0.1,5000.0,4112389,Ejected
0.1,1000.0,4112383,Ejected
0.1,2000.0,4112372,Ejected
0.1,5000.0,2909260,Ejected
0.1,2000.0,2909299,Ejected
0.1,3000.0,2909289,Ejected
0.1,4000.0,4112390,Ejected
0.1,18000.0,4112406,Ejected
0.1,2000.0,4112385,Ejected
0.1,2000.0,4112380,Ejected
0.1,5000.0,4112414,Ejected
0.1,3000.0,3989188,Ejected
0.1,4000.0,3989205,Ejected
0.1,2000.0,3989195,Ejected
0.1,1000.0,3989165,Ejected
0.1,2000.0,3989183,Ejected
0.1,3000.0,3989200,Ejected
0.1,4000.0,3989187,Ejected
0.1,2000.0,3989170,Ejected
0.1,0.0,3989204,Captured
0.1,2000.0,3989175,Ejected
0.1,3000.0,3989160,Ejected
0.1,3000.0,3989159,Ejected
0.1,1000.0,3989180,Ejected
0.1,2000.0,3989181,Ejected
0.1,9000.0,3989158,Ejected
0.1,4000.0,3989168,Ejected
0.1,28000.0,3989152,Ejected
0.1,8000.0,3989144,Ejected
0.1,2000.0,3989182,Ejected
0.1,6000.0,3989174,Ejected
0.1,2000.0,3989156,Ejected
0.1,2000.0,3989189,Ejected
0.1,3000.0,3989147,Ejected
0.1,17000.0,3989169,Ejected
0.1,2000.0,3989154,Ejected
0.1,2000.0,4112388,Ejected
0.1,5000.0,3989177,Ejected
0.1,1000.0,3989193,Ejected
0.1,2000.0,3989173,Ejected
0.1,2000.0,3989148,Ejected
0.1,5000.0,3989149,Ejected
0.1,3000.0,3989164,Ejected
0.1,2000.0,3989145,Ejected
0.1,2000.0,3989192,Ejected
0.1,2000.0,3989203,Ejected
0.1,1000.0,3989176,Ejected
0.1,1000.0,3989197,Ejected
0.1,2000.0,3989199,Ejected
0.1,4000.0,3989190,Ejected
0.1,8000.0,3989178,Ejected
0.1,2000.0,3989166,Ejected
0.1,2000.0,2909267,Ejected
0.1,4000.0,3989198,Ejected
0.1,3000.0,4112420,Ejected
0.1,2000.0,3989186,Ejected
0.1,2000.0,2194364,Ejected
0.1,4000.0,2194355,Ejected
0.1,3000.0,2194359,Ejected
0.1,4000.0,2194351,Ejected
0.1,3000.0,2194350,Ejected
0.1,2000.0,2194366,Ejected
0.1,2000.0,2194349,Ejected
0.1,46000.0,2194353,Ejected
0.1,7000.0,2194352,Ejected
0.1,2000.0,2194365,Ejected
0.1,2000.0,2194360,Ejected
0.1,2000.0,2194345,Ejected
0.1,2000.0,2194346,Ejected
0.1,5000.0,776072,Ejected
0.1,6000.0,2194361,Ejected
0.1,1000.0,1120144,Ejected
0.1,3000.0,1120141,Ejected
0.1,2000.0,1120142,Ejected
0.1,2000.0,1120143,Ejected
0.1,0.0,1120148,Captured
0.1,5000.0,1120147,Ejected
0.1,3000.0,3857764,Ejected
0.1,2000.0,3857751,Ejected
0.1,3000.0,3857729,Ejected
0.1,1000.0,3857736,Ejected
0.1,3000.0,3857747,Ejected
0.1,4000.0,3857765,Ejected
0.1,1000.0,3857735,Ejected
0.1,2000.0,3857755,Ejected
0.1,3000.0,3857732,Ejected
0.1,2000.0,3857742,Ejected
0.1,3000.0,3857738,Ejected
0.1,1000.0,3857733,Ejected
0.1,1000.0,3857767,Ejected
0.1,2000.0,3857770,Ejected
0.1,2000.0,3857757,Ejected
0.1,0.0,3857725,Captured
0.1,2000.0,3857758,Ejected
0.1,2000.0,3857734,Ejected
0.1,3000.0,3857726,Ejected
0.1,2000.0,3857743,Ejected
0.1,3000.0,3857761,Ejected
0.1,8000.0,3857741,Ejected
0.1,0.0,3857748,Captured
0.1,3000.0,3857744,Ejected
0.1,5000.0,3857739,Ejected
0.1,5000.0,3857745,Ejected
0.1,2000.0,3857769,Ejected
0.1,2000.0,3857740,Ejected
0.1,2000.0,3857762,Ejected
0.1,20000.0,2909291,Ejected
0.1,2000.0,1967648,Ejected
0.1,1000.0,1967647,Ejected
0.1,2000.0,1967636,Ejected
0.1,2000.0,1967649,Ejected
0.1,6000.0,1967644,Ejected
0.1,2000.0,1967640,Ejected
0.1,4000.0,1967635,Ejected
0.1,0.0,1967638,Captured
0.1,5000.0,1967634,Ejected
0.1,2000.0,1967645,Ejected
0.1,9000.0,1120138,Ejected
0.1,22000.0,2194363,Ejected
0.1,3000.0,776071,Captured
0.1,4000.0,822723,Captured
0.1,26000.0,3857727,Captured
0.1,6000.0,4112382,Captured
0.1,54000.0,679011,Captured
0.1,52000.0,4112422,Captured
0.1,36000.0,2194348,Ejected
5e-05,3803000.0,1209502,Ejected
5e-05,273000.0,142111,Captured
5e-05,4228000.0,3197339,Ejected
5e-05,682000.0,3500979,Ejected
5e-05,2586000.0,1979964,Ejected
5e-05,2491000.0,3197363,Ejected
5e-05,4472000.0,2930732,Ejected
5e-05,3422000.0,2930727,Ejected
5e-05,679000.0,680280,Ejected
5e-05,2430000.0,4113633,Ejected
5e-05,3411000.0,4113634,Ejected
5e-05,469000.0,3501048,Ejected
5e-05,542000.0,1209515,Ejected
5e-05,4722000.0,1144181,Ejected
5e-05,3975000.0,3500982,Ejected
5e-05,3190000.0,3197347,Ejected
5e-05,3744000.0,3197324,Ejected
5e-05,3558000.0,1209493,Ejected
5e-05,4138000.0,142132,Ejected
5e-05,4219000.0,142109,Ejected
5e-05,4836000.0,142138,Ejected
5e-05,1294000.0,1209497,Ejected
5e-05,749000.0,3006591,Ejected
5e-05,4635000.0,1209541,Ejected
5e-05,4042000.0,2930702,Ejected
5e-05,1208000.0,1209518,Ejected
5e-05,4474000.0,1209482,Ejected
5e-05,790000.0,3197323,Captured
5e-05,3686000.0,4166577,Ejected
5e-05,4587000.0,3197364,Ejected
5e-05,4930000.0,142146,Ejected
5e-05,4039000.0,142119,Ejected
5e-05,4939000.0,3197318,Ejected
5e-05,2638000.0,3501052,Ejected
0.0001,5000.0,1269974,Captured
0.0001,35000.0,1123737,Ejected
0.0001,38000.0,2405503,Ejected
0.0001,565000.0,193696,Ejected
0.0001,530000.0,193762,Ejected
0.0001,1629000.0,1270004,Ejected
0.0001,857000.0,2326824,Ejected
0.0001,86000.0,2326860,Captured
0.0001,97000.0,193705,Captured
0.0001,1638000.0,1695368,Ejected
0.0001,1646000.0,193751,Ejected
0.0001,697000.0,2326803,Ejected
0.0001,698000.0,1270050,Ejected
0.0001,536000.0,1270011,Ejected
0.0001,815000.0,2405494,Ejected
0.0001,710000.0,2326874,Ejected
0.0001,545000.0,1123732,Ejected
0.0001,1196000.0,193746,Ejected
0.0001,1889000.0,2405480,Ejected
0.0001,2348000.0,1123750,Ejected
0.0001,1047000.0,1269987,Ejected
0.0001,1457000.0,2326892,Ejected
0.0001,821000.0,1270048,Ejected
0.0001,2549000.0,1269996,Ejected
0.0001,806000.0,2405505,Ejected
0.0001,1095000.0,1269991,Ejected
0.0001,1394000.0,2405497,Ejected
0.0001,745000.0,2405464,Ejected
0.0001,801000.0,2326857,Ejected
0.0001,1993000.0,1695284,Ejected
0.0001,1797000.0,2326827,Ejected
0.0001,589000.0,193745,Ejected
0.0001,347000.0,2326823,Ejected
0.0001,1922000.0,1983201,Ejected
0.0001,229000.0,2326854,Ejected
0.0001,1126000.0,1695337,Ejected
0.0001,1761000.0,2326809,Ejected
0.0001,1235000.0,2405504,Ejected
0.0001,1446000.0,1695329,Ejected
0.0001,1049000.0,1983203,Ejected
0.0001,1256000.0,2326833,Ejected
0.0001,2181000.0,1983202,Ejected
0.0001,373000.0,2326826,Captured
0.0001,265000.0,2405509,Captured
0.0001,826000.0,193688,Ejected
0.0001,1582000.0,1695339,Ejected
0.0001,1118000.0,193761,Ejected
0.0001,1640000.0,193738,Ejected
0.0001,1175000.0,193722,Ejected
0.0001,1238000.0,1269975,Ejected
5e-05,4250000.0,1209538,Ejected
0.0001,1286000.0,1269982,Ejected
0.0001,1179000.0,193697,Ejected
0.0001,1017000.0,2326865,Ejected
0.0001,969000.0,1695310,Ejected
0.0001,2185000.0,1123733,Ejected
0.0001,1357000.0,193771,Ejected
0.0001,1691000.0,1269979,Ejected
0.0001,1910000.0,193724,Ejected
0.0001,1551000.0,2405465,Ejected
0.0001,1539000.0,1695302,Ejected
0.0001,1444000.0,2093188,Ejected
0.0001,2291000.0,193781,Ejected
0.0001,1205000.0,2405512,Ejected
0.0001,1354000.0,2093176,Ejected
0.0001,1575000.0,193702,Ejected
0.0001,1923000.0,1695343,Ejected
0.0001,1989000.0,1123749,Ejected
0.0001,2369000.0,1695315,Ejected
0.0001,1442000.0,1695356,Ejected
0.0001,2193000.0,1270066,Ejected
0.0001,265000.0,1269971,Captured
0.0001,683000.0,1695352,Ejected
0.0001,2608000.0,2326872,Ejected
0.0001,1205000.0,2405472,Ejected
0.0001,1045000.0,2326825,Ejected
0.0001,1403000.0,1695334,Ejected
0.0001,952000.0,1270041,Ejected
0.0001,1619000.0,1123729,Ejected
0.0001,2399000.0,2326835,Ejected
0.0001,1998000.0,1695353,Ejected
0.0001,1879000.0,193752,Ejected
0.0001,1743000.0,2326830,Ejected
0.0001,2484000.0,2326813,Ejected
0.0001,1432000.0,1270012,Ejected
0.0001,2074000.0,1695314,Ejected
0.0001,1399000.0,193749,Ejected
0.0001,984000.0,1123753,Ejected
0.0001,2357000.0,1695311,Ejected
0.0001,2443000.0,2326885,Ejected
0.0001,2356000.0,1123743,Ejected
0.0001,1374000.0,2093181,Ejected
0.0001,2195000.0,1270044,Ejected
0.0001,2198000.0,193754,Ejected
0.0001,3012000.0,193715,Ejected
0.0001,1741000.0,1270006,Ejected
0.0001,2360000.0,2326805,Ejected
0.0001,871000.0,1695305,Ejected
0.0001,2237000.0,1269999,Ejected
0.0001,1527000.0,193726,Ejected
0.0001,2165000.0,1123755,Ejected
0.0001,1682000.0,2326812,Ejected
0.0001,2740000.0,2405498,Ejected
0.0001,1913000.0,1270063,Ejected
0.0001,1532000.0,193733,Ejected
0.0001,1668000.0,2326889,Ejected
0.0001,1633000.0,193689,Ejected
0.0001,2759000.0,1695324,Ejected
0.0001,1518000.0,2326887,Ejected
0.0001,1446000.0,193731,Ejected
0.0001,1346000.0,1695360,Ejected
0.0001,2052000.0,2326808,Ejected
5e-05,4361000.0,142125,Ejected
0.0001,2088000.0,2093175,Ejected
0.0001,1717000.0,2326828,Ejected
0.0001,3443000.0,1269980,Ejected
0.0001,2036000.0,1270022,Ejected
0.0001,2356000.0,2093189,Ejected
0.0001,2644000.0,1269978,Ejected
0.0001,1538000.0,1123744,Ejected
0.0001,1040000.0,193707,Ejected
5e-05,4856000.0,3500967,Ejected
0.0001,2588000.0,2326846,Ejected
0.0001,1919000.0,1123740,Ejected
0.0001,1229000.0,1695371,Ejected
0.0001,2238000.0,1695282,Ejected
0.0001,3034000.0,193770,Ejected
5e-05,2019000.0,3501022,Ejected
0.0001,3119000.0,1269988,Ejected
0.0001,2857000.0,1270021,Ejected
0.0001,1465000.0,1695281,Ejected
0.0001,2260000.0,1123748,Ejected
0.0001,2176000.0,193709,Ejected
0.0001,2993000.0,1270040,Ejected
0.0001,3501000.0,2326811,Ejected
0.0001,1032000.0,1695297,Ejected
0.0001,2803000.0,1695330,Ejected
5e-05,1628000.0,3501037,Ejected
0.0001,2857000.0,1270046,Ejected
0.0001,3129000.0,1269972,Ejected
0.0001,3489000.0,1270008,Ejected
0.0001,3688000.0,2405469,Ejected
0.0001,1554000.0,193780,Ejected
0.0001,2124000.0,1270060,Ejected
0.0001,1114000.0,2326837,Ejected
0.0001,2576000.0,1123731,Ejected
0.0001,2475000.0,1270015,Ejected
0.0001,1837000.0,1695327,Ejected
0.0001,2577000.0,2326832,Ejected
0.0001,1272000.0,1270020,Ejected
0.0001,3406000.0,193748,Ejected
0.0001,2463000.0,1695307,Ejected
0.0001,4124000.0,193756,Ejected
0.0001,1714000.0,193706,Ejected
0.0001,2020000.0,2326867,Ejected
0.0001,1061000.0,1270062,Ejected
0.0001,2944000.0,2326806,Ejected
0.0001,2180000.0,1270038,Ejected
0.0001,1519000.0,2405500,Ejected
0.0001,1782000.0,193783,Ejected
5e-05,4966000.0,3500990,Ejected
0.0001,2946000.0,1695288,Ejected
0.0001,1598000.0,1270051,Ejected
0.0001,1697000.0,2405510,Ejected
0.0001,2390000.0,193744,Ejected
0.0001,2169000.0,1270058,Ejected
0.0001,1985000.0,2405517,Ejected
0.0001,2201000.0,2405461,Ejected
0.0001,2409000.0,2326862,Ejected
0.0001,2489000.0,1270016,Ejected
0.0001,2725000.0,1270055,Ejected
0.0001,2909000.0,193732,Ejected
0.0001,2986000.0,1270057,Ejected
0.0001,4530000.0,2405507,Ejected
0.0001,2603000.0,2326845,Ejected
0.0001,2337000.0,1695331,Ejected
0.0001,4333000.0,1695278,Ejected
0.0001,4790000.0,2326881,Ejected
5e-05,4196000.0,2930716,Ejected
0.0001,2145000.0,2326801,Ejected
0.0001,1086000.0,193699,Ejected
0.0001,3942000.0,2326850,Ejected
0.0001,4449000.0,1270056,Ejected
0.0001,3064000.0,1695342,Ejected
0.0001,1859000.0,1123736,Ejected
0.0001,3611000.0,2405513,Ejected
0.0001,1276000.0,2326841,Ejected
0.0001,4051000.0,1123751,Ejected
0.0001,2979000.0,2405502,Ejected
0.0001,1889000.0,1270002,Ejected
0.0001,2584000.0,1695290,Ejected
0.0001,2561000.0,2326847,Ejected
0.0001,1337000.0,193736,Ejected
0.0001,2201000.0,1695348,Ejected
5e-05,4090000.0,3197330,Ejected
0.0001,4266000.0,2326876,Ejected
0.0001,1289000.0,2405471,Ejected
0.0001,2509000.0,1123745,Ejected
0.0001,1758000.0,2326873,Ejected
0.0001,1598000.0,1695276,Ejected
0.0001,2372000.0,193768,Ejected
0.0001,780000.0,193718,Ejected
0.0001,2180000.0,1695287,Ejected
0.0001,2293000.0,1695322,Ejected
0.0001,3525000.0,193750,Ejected
5e-05,4231000.0,142122,Ejected
5e-05,2399000.0,1144176,Ejected
0.0001,2776000.0,1270039,Ejected
0.0001,1863000.0,2326864,Ejected
0.0001,3381000.0,1123725,Ejected
0.0001,3223000.0,193767,Ejected
0.0001,1508000.0,1270010,Ejected
0.0001,2746000.0,1695320,Ejected
0.0001,4452000.0,1270042,Ejected
0.0001,3250000.0,1695298,Ejected
0.0001,4233000.0,1695317,Ejected
0.0001,3202000.0,193725,Ejected
0.0001,4354000.0,1123730,Ejected
5e-05,3534000.0,4166612,Ejected
5e-05,3778000.0,680275,Ejected
5e-05,2894000.0,3501047,Ejected
0.0001,4176000.0,1695323,Ejected
0.0001,3641000.0,2326848,Ejected
0.0001,2590000.0,2326882,Ejected
0.0001,3236000.0,1695280,Ejected
0.0001,3298000.0,2326842,Ejected
0.0001,3586000.0,1695300,Ejected
0.0001,2958000.0,1270047,Ejected
0.0001,2321000.0,2326888,Ejected
0.0001,3666000.0,1123758,Ejected
0.0001,2578000.0,193760,Ejected
0.0001,1903000.0,1269984,Ejected
0.0001,3209000.0,2326866,Ejected
0.0001,4558000.0,2405479,Ejected
0.0001,3496000.0,2405490,Ejected
5e-05,1679000.0,3501030,Captured
0.0001,4826000.0,1695333,Ejected
0.0001,1506000.0,2326844,Ejected
0.0001,2934000.0,2326869,Ejected
0.0001,2616000.0,2326849,Ejected
0.0001,3121000.0,1270035,Ejected
0.0001,2779000.0,1269977,Ejected
0.0001,4823000.0,2405489,Ejected
0.0001,3542000.0,2326816,Ejected
0.0001,4446000.0,1270045,Ejected
0.0001,3873000.0,1270018,Ejected
0.0001,3449000.0,2326884,Ejected
0.0001,2499000.0,193737,Ejected
0.0001,2835000.0,2326878,Ejected
5e-05,4937000.0,2930701,Ejected
5e-05,3531000.0,3500966,Captured
0.0001,3338000.0,1123734,Ejected
0.0001,2299000.0,1695345,Ejected
0.0001,4707000.0,1269994,Ejected
0.0001,4972000.0,1123754,Ejected
0.0001,4382000.0,193769,Ejected
0.0001,3650000.0,193693,Ejected
0.0001,4505000.0,1123746,Ejected
0.0001,2421000.0,2405499,Ejected
0.0001,2958000.0,1695336,Ejected
0.0001,3933000.0,1270032,Ejected
5e-05,4266000.0,3500983,Ejected
0.0001,4939000.0,1270043,Ejected
0.0001,3717000.0,2093186,Ejected
0.0001,4090000.0,193694,Ejected
0.0001,4737000.0,1123757,Ejected
0.0001,4693000.0,193721,Ejected
5e-05,4333000.0,142145,Ejected
0.0001,4248000.0,2405506,Ejected
5e-05,4641000.0,1144183,Ejected
0.0001,4963000.0,2093179,Ejected
0.0001,3332000.0,2326883,Ejected
0.0001,3557000.0,193758,Ejected
5e-05,3551000.0,3197307,Ejected
0.0001,4805000.0,1695365,Ejected
5e-05,4662000.0,1144194,Ejected
0.0001,3356000.0,193712,Ejected
5e-05,4900000.0,4166585,Ejected
0.0001,3532000.0,2326852,Ejected
5e-05,4436000.0,4166602,Ejected
0.0001,2688000.0,2326853,Captured
5e-05,4312000.0,4166613,Ejected
0.0001,4601000.0,2405486,Ejected
0.0001,3295000.0,2405511,Ejected
0.0001,3247000.0,1270023,Ejected
5e-05,3443000.0,3501001,Ejected
5e-05,4995000.0,3197331,Ejected
0.1,59000.0,776074,Captured
0.00030027,1000.0,2145626,Captured
0.00030027,67000.0,1018277,Ejected
0.00030027,156000.0,2525403,Ejected
0.00030027,187000.0,3963865,Ejected
0.00030027,112000.0,1230378,Ejected
0.00030027,180000.0,2525427,Ejected
0.00030027,12000.0,2145625,Captured
0.00030027,139000.0,4157939,Ejected
0.00030027,99000.0,3839378,Ejected
0.00030027,93000.0,3208612,Ejected
0.00030027,114000.0,1388470,Ejected
0.00030027,322000.0,2525423,Ejected
0.00030027,72000.0,1018260,Ejected
0.00030027,216000.0,4111338,Ejected
0.00030027,155000.0,1230394,Ejected
0.00030027,149000.0,3839367,Ejected
0.00030027,105000.0,716357,Ejected
0.00030027,160000.0,52872,Ejected
0.00030027,143000.0,2525367,Ejected
0.00030027,395000.0,1388482,Ejected
0.00030027,84000.0,1230391,Ejected
0.00030027,137000.0,4157941,Ejected
0.00030027,249000.0,1230372,Ejected
0.00030027,145000.0,2154345,Ejected
0.00030027,221000.0,3839390,Ejected
0.00030027,187000.0,1680274,Ejected
0.00030027,363000.0,1018262,Ejected
0.00030027,345000.0,3963835,Ejected
0.00030027,241000.0,1230374,Ejected
0.00030027,148000.0,3208603,Ejected
0.00030027,317000.0,1388463,Ejected
0.00030027,164000.0,4157923,Ejected
0.00030027,360000.0,709735,Ejected
0.00030027,170000.0,1230392,Ejected
0.00030027,161000.0,1388464,Ejected
0.00030027,176000.0,1388478,Ejected
0.00030027,221000.0,1680272,Ejected
0.00030027,215000.0,1680234,Ejected
0.00030027,156000.0,1238895,Ejected
0.00030027,372000.0,1680262,Ejected
0.00030027,114000.0,3208604,Ejected
0.00030027,356000.0,3963862,Ejected
0.00030027,243000.0,2942576,Ejected
0.00030027,199000.0,3963866,Ejected
0.00030027,151000.0,3963851,Ejected
0.00030027,219000.0,1230405,Ejected
0.00030027,258000.0,2154353,Ejected
0.00030027,148000.0,2154355,Ejected
0.00030027,402000.0,2525379,Ejected
0.00030027,231000.0,2380236,Ejected
0.00030027,88000.0,4111342,Ejected
0.00030027,303000.0,910201,Ejected
0.00030027,131000.0,2525388,Ejected
0.00030027,134000.0,1238901,Ejected
0.00030027,298000.0,2525410,Ejected
0.00030027,223000.0,709729,Ejected
0.00030027,115000.0,1018267,Ejected
0.00030027,173000.0,3963842,Ejected
0.00030027,147000.0,3839360,Ejected
0.00030027,82000.0,2525408,Ejected
0.00030027,393000.0,1018292,Ejected
0.00030027,340000.0,52871,Ejected
0.00030027,140000.0,3839361,Ejected
0.00030027,215000.0,1230383,Ejected
0.00030027,187000.0,3963859,Ejected
0.00030027,142000.0,1186362,Ejected
0.00030027,207000.0,2380237,Ejected
0.00030027,177000.0,1230381,Ejected
0.00030027,199000.0,1680248,Ejected
0.00030027,137000.0,3963857,Ejected
0.00030027,212000.0,3839366,Ejected
0.00030027,185000.0,1388479,Ejected
0.00030027,96000.0,1388472,Ejected
0.00030027,257000.0,4157929,Ejected
0.00030027,271000.0,4111332,Ejected
0.00030027,109000.0,3839369,Ejected
0.00030027,371000.0,2525378,Ejected
0.00030027,570000.0,2154346,Ejected
0.00030027,208000.0,1680233,Ejected
0.00030027,203000.0,2942567,Ejected
0.00030027,161000.0,1388467,Ejected
0.00030027,175000.0,1680266,Ejected
0.00030027,521000.0,910198,Ejected
0.00030027,196000.0,2525376,Ejected
0.00030027,184000.0,3839389,Ejected
0.00030027,142000.0,1680236,Ejected
0.00030027,120000.0,1680265,Ejected
0.00030027,148000.0,1230407,Ejected
0.00030027,391000.0,1388445,Ejected
0.00030027,644000.0,1388465,Ejected
0.00030027,310000.0,1018280,Ejected
0.00030027,181000.0,1388477,Ejected
0.00030027,218000.0,1680253,Ejected
0.00030027,223000.0,1238897,Ejected
0.00030027,464000.0,1680263,Ejected
0.00030027,146000.0,52881,Ejected
0.00030027,297000.0,1238891,Ejected
0.00030027,251000.0,2525373,Ejected
0.00030027,138000.0,1680249,Ejected
0.00030027,283000.0,52877,Ejected
0.00030027,307000.0,3839362,Ejected
0.00030027,216000.0,3839384,Ejected
0.00030027,200000.0,2525424,Ejected
0.00030027,181000.0,1230376,Ejected
0.00030027,164000.0,2525371,Ejected
0.00030027,225000.0,1680258,Ejected
0.00030027,195000.0,910195,Ejected
0.00030027,228000.0,3208615,Ejected
0.00030027,114000.0,1680259,Ejected
0.00030027,324000.0,1238893,Ejected
0.00030027,354000.0,1230387,Ejected
0.00030027,104000.0,1230416,Ejected
0.00030027,315000.0,2525415,Ejected
0.00030027,277000.0,1388460,Ejected
0.00030027,366000.0,1388446,Ejected
0.00030027,239000.0,1018291,Ejected
0.00030027,431000.0,709732,Ejected
0.00030027,275000.0,2525380,Ejected
0.00030027,244000.0,1238876,Ejected
0.00030027,435000.0,1238873,Ejected
0.00030027,218000.0,2154359,Ejected
0.00030027,489000.0,2525362,Ejected
0.00030027,363000.0,1680271,Ejected
0.00030027,366000.0,2380238,Ejected
0.00030027,334000.0,3963852,Ejected
0.00030027,228000.0,2525426,Ejected
0.00030027,170000.0,2145624,Ejected
0.00030027,278000.0,1018289,Ejected
0.00030027,233000.0,2525385,Ejected
0.00030027,219000.0,1238880,Ejected
0.00030027,205000.0,4111341,Ejected
0.00030027,189000.0,1018264,Ejected
0.00030027,208000.0,2525349,Ejected
0.00030027,178000.0,2145622,Ejected
0.00030027,277000.0,2380241,Ejected
0.00030027,373000.0,1238881,Ejected
0.00030027,303000.0,1230413,Ejected
0.00030027,193000.0,2525387,Ejected
0.00030027,265000.0,1230402,Ejected
0.00030027,762000.0,2154356,Ejected
0.00030027,438000.0,1680251,Ejected
0.00030027,262000.0,1238877,Ejected
0.00030027,235000.0,52866,Ejected
0.00030027,373000.0,52876,Ejected
0.00030027,120000.0,1230380,Ejected
0.00030027,270000.0,1388452,Ejected
0.00030027,267000.0,1230408,Ejected
0.00030027,217000.0,3963861,Ejected
0.00030027,336000.0,4111331,Ejected
0.00030027,362000.0,52868,Ejected
0.00030027,295000.0,910196,Ejected
0.00030027,725000.0,3963868,Ejected
0.00030027,316000.0,52878,Ejected
0.00030027,433000.0,1230419,Ejected
0.00030027,251000.0,52875,Ejected
0.00030027,405000.0,2525372,Ejected
0.00030027,373000.0,3839379,Ejected
0.00030027,435000.0,910200,Ejected
0.00030027,216000.0,1230386,Ejected
0.00030027,330000.0,1680239,Ejected
0.00030027,556000.0,2525368,Ejected
0.00030027,309000.0,1230388,Ejected
0.00030027,452000.0,1680277,Ejected
0.00030027,216000.0,2525391,Ejected
0.00030027,197000.0,1388466,Ejected
0.00030027,293000.0,4157932,Ejected
0.00030027,312000.0,1388447,Ejected
0.00030027,463000.0,1680246,Ejected
0.00030027,152000.0,4157938,Ejected
0.00030027,617000.0,3208616,Ejected
0.00030027,474000.0,1680261,Ejected
0.00030027,221000.0,3963854,Ejected
0.00030027,320000.0,716358,Ejected
0.00030027,573000.0,3963843,Ejected
0.00030027,507000.0,1680237,Ejected
0.00030027,345000.0,2525356,Ejected
0.00030027,201000.0,1388450,Ejected
0.00030027,525000.0,1018256,Ejected
0.00030027,572000.0,1018257,Ejected
0.00030027,360000.0,1018268,Ejected
0.00030027,293000.0,1018258,Ejected
0.00030027,338000.0,3208611,Ejected
0.00030027,350000.0,2154360,Ejected
0.00030027,403000.0,2942573,Ejected
0.00030027,447000.0,1018294,Ejected
0.00030027,952000.0,2525383,Ejected
0.00030027,478000.0,2525353,Ejected
0.00030027,324000.0,4111339,Ejected
0.00030027,804000.0,1230393,Ejected
0.00030027,495000.0,4111334,Ejected
0.00030027,211000.0,2525401,Ejected
0.00030027,365000.0,2525429,Ejected
0.00030027,671000.0,2525358,Ejected
0.00030027,622000.0,1388475,Ejected
0.00030027,572000.0,3963840,Ejected
0.00030027,470000.0,1018283,Ejected
0.00030027,332000.0,1680256,Ejected
0.00030027,338000.0,709734,Ejected
0.00030027,266000.0,3208606,Ejected
0.00030027,422000.0,4157927,Ejected
0.00030027,753000.0,1018261,Ejected
0.00030027,446000.0,3839372,Ejected
0.00030027,229000.0,2525374,Ejected
0.00030027,448000.0,1230409,Ejected
0.00030027,434000.0,1388476,Ejected
0.00030027,337000.0,1680255,Ejected
0.00030027,452000.0,2525359,Ejected
0.00030027,327000.0,3208602,Ejected
0.00030027,282000.0,52865,Ejected
0.00030027,387000.0,2380233,Ejected
0.00030027,277000.0,1388453,Ejected
0.00030027,682000.0,4111335,Ejected
0.00030027,275000.0,3963864,Ejected
0.00030027,218000.0,1388468,Ejected
0.00030027,759000.0,2525389,Ejected
0.00030027,356000.0,52870,Ejected
0.00030027,337000.0,1230406,Ejected
0.00030027,896000.0,4157922,Ejected
0.00030027,289000.0,1186363,Ejected
0.00030027,760000.0,1388469,Ejected
0.00030027,288000.0,2525394,Ejected
0.00030027,515000.0,3963850,Ejected
0.00030027,950000.0,1388456,Ejected
0.00030027,739000.0,1018270,Ejected
0.00030027,504000.0,1680252,Ejected
0.00030027,718000.0,3839373,Ejected
0.00030027,266000.0,4157926,Ejected
0.00030027,613000.0,1230414,Ejected
0.00030027,330000.0,1680254,Ejected
0.00030027,527000.0,1230398,Ejected
0.00030027,397000.0,1238874,Ejected
0.00030027,379000.0,3839382,Ejected
0.00030027,724000.0,1018293,Ejected
0.00030027,537000.0,2942575,Ejected
0.00030027,550000.0,3839388,Ejected
0.00030027,642000.0,4157930,Ejected
0.00030027,246000.0,1230411,Ejected
0.00030027,369000.0,1680264,Ejected
0.00030027,266000.0,1018272,Ejected
0.00030027,817000.0,2154358,Ejected
0.00030027,625000.0,3963856,Ejected
0.00030027,952000.0,1680273,Ejected
0.00030027,391000.0,3839365,Ejected
0.00030027,394000.0,1238879,Ejected
0.00030027,325000.0,3963853,Ejected
0.00030027,403000.0,1018259,Ejected
0.00030027,1469000.0,1680250,Ejected
0.00030027,542000.0,3839371,Ejected
0.00030027,370000.0,2525363,Ejected
0.00030027,505000.0,2154352,Ejected
0.00030027,595000.0,1230400,Ejected
0.00030027,1289000.0,2942565,Ejected
0.00030027,580000.0,1230390,Ejected
0.00030027,916000.0,716356,Ejected
0.00030027,1012000.0,2525428,Ejected
0.00030027,425000.0,1018285,Ejected
0.00030027,834000.0,2942574,Ejected
0.00030027,1261000.0,1238882,Ejected
0.00030027,472000.0,2525382,Ejected
0.00030027,699000.0,3839381,Ejected
0.00030027,455000.0,3963839,Ejected
0.00030027,427000.0,1680260,Ejected
0.00030027,293000.0,1018276,Ejected
0.00030027,831000.0,1230384,Ejected
0.00030027,675000.0,1018279,Ejected
0.00030027,1251000.0,4111336,Ejected
0.00030027,812000.0,1230379,Ejected
0.00030027,764000.0,1680269,Ejected
0.00030027,540000.0,1238886,Ejected
0.00030027,668000.0,1230395,Ejected
0.00030027,1315000.0,3963849,Ejected
0.00030027,1462000.0,1230377,Ejected
0.00030027,1354000.0,1238894,Ejected
0.00030027,1317000.0,52874,Ejected
0.00030027,810000.0,52867,Ejected
0.00030027,1004000.0,2525351,Ejected
0.00030027,877000.0,2525350,Ejected
0.00030027,645000.0,1238903,Ejected
0.00030027,696000.0,1680270,Ejected
0.00030027,482000.0,1388449,Ejected
0.00030027,686000.0,1238904,Ejected
0.00030027,532000.0,2154354,Ejected
0.00030027,613000.0,1230396,Ejected
0.00030027,775000.0,3208610,Ejected
0.00030027,441000.0,1018273,Ejected
0.00030027,423000.0,1680247,Ejected
0.00030027,668000.0,2525355,Ejected
0.00030027,1934000.0,3963867,Ejected
0.00030027,1819000.0,1680240,Ejected
0.00030027,921000.0,2380243,Ejected
0.00030027,1290000.0,1238887,Ejected
0.00030027,1048000.0,2525395,Ejected
0.00030027,1157000.0,2525407,Ejected
0.00030027,2223000.0,2525405,Ejected
0.00030027,2069000.0,3963847,Ejected
0.00030027,2633000.0,2145621,Ejected
0.00030027,3256000.0,1018281,Ejected
0.00030027,2245000.0,1238899,Ejected
0.00071206,33000.0,3798694,Ejected
0.00071206,53000.0,3798649,Ejected
0.00071206,116000.0,4026565,Ejected
0.00071206,37000.0,4170664,Ejected
0.00071206,36000.0,3498523,Ejected
0.00071206,21000.0,3209366,Ejected
0.00071206,22000.0,3209365,Ejected
0.00071206,190000.0,3498501,Ejected
0.00071206,40000.0,507853,Ejected
0.00071206,64000.0,507903,Ejected
0.00071206,22000.0,3498581,Ejected
0.00071206,33000.0,2181444,Ejected
0.00071206,44000.0,4026510,Ejected
0.00071206,55000.0,4026499,Ejected
0.00071206,28000.0,4026573,Ejected
0.00071206,46000.0,507808,Ejected
0.00071206,38000.0,507852,Ejected
0.00071206,48000.0,3798706,Ejected
0.00071206,23000.0,4026560,Ejected
0.00071206,42000.0,3798708,Ejected
0.00071206,29000.0,3798699,Ejected
0.00071206,27000.0,44804,Ejected
0.00071206,24000.0,3798700,Ejected
0.00071206,43000.0,3798654,Ejected
0.00071206,32000.0,4026581,Ejected
0.00071206,51000.0,3209354,Ejected
0.00071206,30000.0,3798627,Ejected
0.00071206,49000.0,4026574,Ejected
0.00071206,78000.0,3798640,Ejected
0.00071206,137000.0,3498515,Ejected
0.00071206,69000.0,3498497,Ejected
0.00071206,38000.0,4174737,Ejected
0.00071206,85000.0,3798669,Ejected
0.00071206,100000.0,3798641,Ejected
0.00071206,44000.0,2181445,Ejected
0.00071206,106000.0,1026924,Ejected
0.00071206,46000.0,4170670,Ejected
0.00071206,75000.0,4026515,Ejected
0.00071206,54000.0,4026553,Ejected
0.00071206,25000.0,3798628,Ejected
0.00071206,101000.0,507816,Ejected
0.00071206,42000.0,1688020,Ejected
0.00071206,165000.0,4174738,Ejected
0.00071206,44000.0,507843,Ejected
0.00071206,49000.0,3498494,Ejected
0.00071206,26000.0,507836,Ejected
0.00071206,53000.0,4170661,Ejected
0.00071206,29000.0,2198697,Ejected
0.00071206,36000.0,3798644,Ejected
0.00071206,128000.0,1358587,Ejected
0.00071206,43000.0,4170660,Ejected
0.00071206,73000.0,3798676,Ejected
0.00071206,43000.0,507855,Ejected
0.00071206,40000.0,507815,Ejected
0.00071206,121000.0,3798691,Ejected
0.00071206,36000.0,4026588,Ejected
0.00071206,34000.0,3498549,Ejected
0.00071206,41000.0,60791,Ejected
0.00071206,53000.0,4026575,Ejected
0.00071206,67000.0,507866,Ejected
0.00071206,82000.0,507823,Ejected
0.00071206,42000.0,507881,Ejected
0.00071206,44000.0,4045477,Ejected
0.00071206,24000.0,4026554,Ejected
0.00071206,43000.0,3798712,Ejected
0.00071206,39000.0,507900,Ejected
0.00071206,62000.0,4026571,Ejected
0.00071206,41000.0,3498560,Ejected
0.00071206,142000.0,3798631,Ejected
0.00071206,28000.0,4026577,Ejected
0.00071206,37000.0,3498534,Ejected
0.00071206,63000.0,3798646,Ejected
0.00071206,91000.0,4026508,Ejected
0.00071206,38000.0,3498503,Ejected
0.00071206,37000.0,3798710,Ejected
0.00071206,47000.0,3498510,Ejected
0.00071206,29000.0,44800,Ejected
0.00071206,71000.0,3498552,Ejected
0.00071206,58000.0,4026576,Ejected
0.00071206,55000.0,4170678,Ejected
0.00071206,71000.0,2562935,Ejected
0.00071206,35000.0,507827,Ejected
0.00071206,199000.0,507838,Ejected
0.00071206,40000.0,4026570,Ejected
0.00071206,79000.0,1358585,Ejected
0.00071206,25000.0,1688019,Ejected
0.00071206,43000.0,4026514,Ejected
0.00071206,56000.0,4026566,Ejected
0.00071206,229000.0,507854,Ejected
0.00071206,29000.0,4026543,Ejected
0.00071206,39000.0,507894,Ejected
0.00071206,82000.0,3498570,Ejected
0.00071206,59000.0,4026546,Ejected
0.00071206,115000.0,3498492,Ejected
0.00071206,61000.0,4026557,Ejected
0.00071206,85000.0,507896,Ejected
0.00071206,42000.0,4026516,Ejected
0.00071206,108000.0,507819,Ejected
0.00071206,41000.0,4026520,Ejected
0.00071206,64000.0,507846,Ejected
0.00071206,93000.0,507822,Ejected
0.00071206,91000.0,507889,Ejected
0.00071206,59000.0,507870,Ejected
0.00071206,82000.0,3209360,Ejected
0.00071206,42000.0,3475333,Ejected
0.00071206,105000.0,3498528,Ejected
0.00071206,42000.0,507826,Ejected
0.00071206,82000.0,507886,Ejected
0.00071206,92000.0,3498509,Ejected
0.00071206,106000.0,2181448,Ejected
0.00071206,46000.0,4170677,Ejected
0.00071206,153000.0,4170680,Ejected
0.00071206,55000.0,3498521,Ejected
0.00071206,35000.0,507893,Ejected
0.00071206,72000.0,3209358,Ejected
0.00071206,151000.0,3798652,Ejected
0.00071206,100000.0,3798645,Ejected
0.00071206,39000.0,3475327,Ejected
0.00071206,63000.0,507818,Ejected
0.00071206,42000.0,3498540,Ejected
0.00071206,79000.0,4170663,Ejected
0.00071206,137000.0,3498505,Ejected
0.00071206,65000.0,3209369,Ejected
0.00071206,53000.0,4170667,Ejected
0.00071206,46000.0,3798693,Ejected
0.00071206,52000.0,3498511,Ejected
0.00071206,159000.0,4026527,Ejected
0.00071206,111000.0,3798635,Ejected
0.00071206,43000.0,3498518,Ejected
0.00071206,210000.0,3798651,Ejected
0.00071206,44000.0,3798648,Ejected
0.00071206,46000.0,3798686,Ejected
0.00071206,111000.0,3475330,Ejected
0.00071206,41000.0,3498513,Ejected
0.00071206,115000.0,1358591,Ejected
0.00071206,145000.0,3498564,Ejected
0.00071206,103000.0,507880,Ejected
0.00071206,94000.0,44802,Ejected
0.00071206,102000.0,4026494,Ejected
0.00071206,81000.0,3498568,Ejected
0.00071206,53000.0,507871,Ejected
0.00071206,38000.0,4026541,Ejected
0.00071206,54000.0,1688030,Ejected
0.00071206,75000.0,507861,Ejected
0.00071206,227000.0,3475323,Ejected
0.00071206,69000.0,3498541,Ejected
0.00071206,36000.0,1688029,Ejected
0.00071206,129000.0,3798692,Ejected
0.00071206,48000.0,3475329,Ejected
0.00071206,59000.0,3498519,Ejected
0.00071206,49000.0,44801,Ejected
0.00071206,76000.0,1358584,Ejected
0.00071206,62000.0,4026539,Ejected
0.00071206,75000.0,3798697,Ejected
0.00071206,121000.0,4026579,Ejected
0.00071206,81000.0,1688018,Ejected
0.00071206,66000.0,3498516,Ejected
0.00071206,86000.0,3498571,Ejected
0.00071206,145000.0,4026585,Ejected
0.00071206,66000.0,4026534,Ejected
0.00071206,53000.0,3209357,Ejected
0.00071206,82000.0,3798689,Ejected
0.00071206,125000.0,507865,Ejected
0.00071206,91000.0,3498565,Ejected
0.00071206,41000.0,3498532,Ejected
0.00071206,62000.0,4026509,Ejected
0.00071206,358000.0,4026549,Ejected
0.00071206,89000.0,3498566,Ejected
0.00071206,37000.0,60788,Ejected
0.00071206,135000.0,3798685,Ejected
0.00071206,100000.0,3798670,Ejected
0.00071206,100000.0,3498520,Ejected
0.00071206,63000.0,3498558,Ejected
0.00071206,47000.0,1358586,Ejected
0.00071206,93000.0,3498536,Ejected
0.00071206,103000.0,507884,Ejected
0.00071206,76000.0,4026561,Ejected
0.00071206,75000.0,3798665,Ejected
0.00071206,87000.0,3798634,Ejected
0.00071206,177000.0,507849,Ejected
0.00071206,56000.0,60793,Ejected
0.00071206,55000.0,4026507,Ejected
0.00071206,60000.0,3498554,Ejected
0.00071206,123000.0,4026587,Ejected
0.00071206,140000.0,507837,Ejected
0.00071206,51000.0,507835,Ejected
0.00071206,61000.0,3498547,Ejected
0.00071206,47000.0,4026536,Ejected
0.00071206,72000.0,4170669,Ejected
0.00071206,72000.0,1688023,Ejected
0.00071206,121000.0,507820,Ejected
0.00071206,89000.0,507891,Ejected
0.00071206,54000.0,3798633,Ejected
0.00071206,87000.0,44799,Ejected
0.00071206,154000.0,3209361,Ejected
0.00071206,60000.0,507859,Ejected
0.00071206,85000.0,4026551,Ejected
0.00071206,177000.0,3498502,Ejected
0.00071206,194000.0,3798662,Ejected
0.00071206,77000.0,507863,Ejected
0.00071206,79000.0,3498506,Ejected
0.00071206,71000.0,4026533,Ejected
0.00071206,74000.0,4174736,Ejected
0.00071206,59000.0,4026500,Ejected
0.00071206,158000.0,4026532,Ejected
0.00071206,77000.0,3798687,Ejected
0.00071206,174000.0,3498567,Ejected
0.00071206,121000.0,3798664,Ejected
0.00071206,81000.0,3798711,Ejected
0.00071206,102000.0,507858,Ejected
0.00071206,90000.0,507883,Ejected
0.00071206,106000.0,3798636,Ejected
0.00071206,64000.0,3798681,Ejected
0.00071206,170000.0,507875,Ejected
0.00071206,89000.0,4026568,Ejected
0.00071206,126000.0,507874,Ejected
0.00071206,78000.0,507898,Ejected
0.00071206,142000.0,3798714,Ejected
0.00071206,142000.0,507812,Ejected
0.00071206,73000.0,3498514,Ejected
0.00071206,121000.0,3798625,Ejected
0.00071206,43000.0,507877,Ejected
0.00071206,107000.0,3798715,Ejected
0.00071206,320000.0,1688022,Ejected
0.00071206,153000.0,507902,Ejected
0.00071206,97000.0,4026493,Ejected
0.00071206,63000.0,3498499,Ejected
0.00071206,192000.0,4026495,Ejected
0.00071206,128000.0,3498522,Ejected
0.00071206,139000.0,3798668,Ejected
0.00071206,114000.0,4026528,Ejected
0.00071206,295000.0,1688025,Ejected
0.00071206,80000.0,4026542,Ejected
0.00071206,121000.0,3498557,Ejected
0.00071206,274000.0,3798663,Ejected
0.00071206,107000.0,1688026,Ejected
0.00071206,60000.0,3498551,Captured
0.00071206,53000.0,507895,Ejected
0.00071206,126000.0,3798657,Ejected
0.00071206,58000.0,3498555,Ejected
0.00071206,74000.0,1026928,Ejected
0.00071206,149000.0,4026524,Ejected
0.00071206,145000.0,4170675,Ejected
0.00071206,77000.0,3475326,Ejected
0.00071206,65000.0,3498531,Ejected
0.00071206,165000.0,3498550,Ejected
0.00071206,95000.0,4026567,Ejected
0.00071206,154000.0,4026538,Ejected
0.00071206,248000.0,507869,Ejected
0.00071206,128000.0,4026544,Ejected
0.00071206,105000.0,4026503,Ejected
0.00071206,140000.0,3498539,Ejected
0.00071206,201000.0,3798637,Ejected
0.00071206,78000.0,4170679,Ejected
0.00071206,194000.0,3498530,Ejected
0.00071206,132000.0,3498584,Ejected
0.00071206,106000.0,507821,Ejected
0.00071206,179000.0,3798643,Ejected
0.00071206,149000.0,3498553,Ejected
0.00071206,120000.0,44798,Ejected
0.00071206,103000.0,507892,Ejected
0.00071206,110000.0,4026545,Ejected
0.00071206,191000.0,3498576,Ejected
0.00071206,116000.0,2198695,Ejected
0.00071206,203000.0,3798690,Ejected
0.00071206,93000.0,507901,Ejected
0.00071206,117000.0,3498504,Ejected
0.00071206,95000.0,4026496,Ejected
0.00071206,129000.0,507841,Ejected
0.00071206,100000.0,507878,Ejected
0.00071206,385000.0,4026552,Ejected
0.00071206,166000.0,4045480,Ejected
0.00071206,348000.0,3498543,Ejected
0.00071206,129000.0,3475336,Ejected
0.00071206,171000.0,4170674,Ejected
0.00071206,232000.0,4026513,Ejected
0.00071206,111000.0,1026926,Ejected
0.00071206,287000.0,4026519,Ejected
0.00071206,201000.0,3798678,Ejected
0.00071206,121000.0,3498573,Ejected
0.00071206,163000.0,3498569,Ejected
0.00071206,139000.0,3498556,Ejected
0.00071206,101000.0,3209356,Ejected
0.00071206,345000.0,3798673,Ejected
0.00071206,137000.0,3475328,Ejected
0.00071206,87000.0,3798621,Ejected
0.00071206,231000.0,3498542,Ejected
0.00071206,148000.0,4026556,Ejected
0.00071206,143000.0,3475331,Ejected
0.00071206,98000.0,507847,Ejected
0.00071206,184000.0,4026511,Ejected
0.00071206,291000.0,4026578,Ejected
0.00071206,302000.0,3498529,Ejected
0.00071206,77000.0,507832,Ejected
0.00071206,324000.0,507829,Ejected
0.00071206,227000.0,4026550,Ejected
0.00071206,459000.0,4026529,Ejected
0.00168856,122000.0,3800445,Ejected
0.00168856,11000.0,3800463,Ejected
0.00168856,11000.0,3800496,Ejected
0.00168856,11000.0,3800478,Ejected
0.00168856,9000.0,509635,Ejected
0.00168856,9000.0,3800497,Ejected
0.00168856,10000.0,3800495,Ejected
0.00168856,0.0,3869907,Captured
0.00168856,0.0,4028277,Captured
0.00168856,18000.0,509601,Ejected
0.00168856,11000.0,509666,Ejected
0.00168856,53000.0,509633,Ejected
0.00168856,10000.0,509637,Ejected
0.00168856,10000.0,3800467,Ejected
0.00168856,12000.0,3869903,Ejected
0.00168856,33000.0,1688641,Ejected
0.00168856,12000.0,509638,Ejected
0.00168856,29000.0,509616,Ejected
0.00168856,22000.0,509647,Ejected
0.00168856,73000.0,4045966,Ejected
0.00168856,18000.0,3800485,Ejected
0.00168856,8000.0,509644,Ejected
0.00168856,9000.0,3500331,Ejected
0.00168856,9000.0,3500346,Ejected
0.00168856,7000.0,3500289,Ejected
0.00168856,14000.0,3800424,Ejected
0.00168856,19000.0,3800510,Ejected
0.00168856,10000.0,4028349,Ejected
0.00168856,8000.0,4028307,Ejected
0.00168856,19000.0,3800501,Ejected
0.00168856,30000.0,3800477,Ejected
0.00168856,16000.0,3800454,Ejected
0.00168856,78000.0,3500349,Ejected
0.00168856,26000.0,4028339,Ejected
0.00168856,15000.0,509622,Ejected
0.00168856,42000.0,509636,Ejected
0.00168856,13000.0,4171426,Ejected
0.00168856,17000.0,509658,Ejected
0.00168856,14000.0,509673,Ejected
0.00168856,10000.0,3800505,Ejected
0.00168856,14000.0,3800443,Ejected
0.00168856,12000.0,3500330,Ejected
0.00168856,20000.0,509642,Ejected
0.00168856,9000.0,4171440,Ejected
0.00168856,13000.0,3869900,Ejected
0.00168856,26000.0,509643,Ejected
0.00168856,12000.0,509631,Ejected
0.00168856,16000.0,509685,Ejected
0.00168856,8000.0,4028315,Ejected
0.00168856,38000.0,3869887,Ejected
0.00168856,14000.0,4028287,Ejected
0.00168856,14000.0,3500306,Ejected
0.00168856,33000.0,509662,Ejected
0.00168856,13000.0,3500310,Ejected
0.00168856,8000.0,1688639,Ejected
0.00168856,33000.0,4028354,Ejected
0.00168856,41000.0,4028312,Ejected
0.00168856,57000.0,3869904,Ejected
0.00168856,13000.0,3210011,Ejected
0.00168856,13000.0,3800503,Ejected
0.00168856,10000.0,509619,Ejected
0.00168856,32000.0,3869896,Ejected
0.00168856,54000.0,3500327,Ejected
0.00168856,20000.0,4028273,Ejected
0.00168856,27000.0,3500341,Ejected
0.00168856,20000.0,4028299,Ejected
0.00168856,40000.0,3500348,Ejected
0.00168856,13000.0,1027454,Ejected
0.00168856,17000.0,3800504,Ejected
0.00168856,10000.0,3500284,Ejected
0.00168856,18000.0,3869913,Ejected
0.00168856,10000.0,4028323,Ejected
0.00168856,15000.0,4171439,Ejected
0.00168856,13000.0,3800514,Ejected
0.00168856,23000.0,3500296,Ejected
0.00168856,28000.0,509653,Ejected
0.00168856,41000.0,3800461,Ejected
0.00168856,11000.0,4171431,Ejected
0.00168856,10000.0,4028293,Ejected
0.00168856,15000.0,509606,Ejected
0.00168856,24000.0,509692,Ejected
0.00168856,16000.0,3869886,Ejected
0.00168856,14000.0,3869893,Ejected
0.00168856,16000.0,3869891,Ejected
0.00168856,23000.0,4171424,Ejected
0.00168856,16000.0,4028272,Ejected
0.00168856,21000.0,4028275,Ejected
0.00168856,26000.0,3800450,Ejected
0.00168856,14000.0,509639,Ejected
0.00168856,13000.0,3869872,Ejected
0.00168856,65000.0,4028300,Ejected
0.00168856,20000.0,509676,Ejected
0.00168856,17000.0,3869911,Ejected
0.00168856,13000.0,4028326,Ejected
0.00168856,47000.0,3869909,Ejected
0.00168856,19000.0,4028359,Ejected
0.00168856,58000.0,509614,Ejected
0.00168856,14000.0,3500281,Ejected
0.00168856,18000.0,3800483,Ejected
0.00168856,9000.0,3800439,Ejected
0.00168856,18000.0,4028303,Ejected
0.00168856,26000.0,3800481,Ejected
0.00168856,11000.0,3800456,Ejected
0.00168856,16000.0,4028331,Ejected
0.00168856,11000.0,3869880,Ejected
0.00168856,42000.0,3500267,Ejected
0.00168856,17000.0,509659,Ejected
0.00168856,42000.0,3869892,Ejected
0.00168856,9000.0,3869870,Ejected
0.00168856,13000.0,3869888,Ejected
0.00168856,13000.0,3500274,Ejected
0.00168856,12000.0,4028296,Ejected
0.00168856,66000.0,4028284,Ejected
0.00168856,16000.0,3500321,Ejected
0.00168856,33000.0,3869868,Ejected
0.00168856,15000.0,4028345,Ejected
0.00168856,59000.0,3800500,Ejected
0.00168856,20000.0,3500270,Ejected
0.00168856,21000.0,3869914,Ejected
0.00168856,13000.0,3800509,Ejected
0.00168856,11000.0,4028276,Ejected
0.00168856,16000.0,3869906,Ejected
0.00168856,53000.0,509645,Ejected
0.00168856,40000.0,509684,Ejected
0.00168856,46000.0,1688647,Ejected
0.00168856,9000.0,4028318,Ejected
0.00168856,14000.0,3210006,Ejected
0.00168856,16000.0,509629,Ejected
0.00168856,13000.0,3869879,Ejected
0.00168856,13000.0,3800429,Ejected
0.00168856,21000.0,3869894,Ejected
0.00168856,10000.0,4028278,Ejected
0.00168856,13000.0,4171423,Ejected
0.00168856,31000.0,3800474,Ejected
0.00168856,26000.0,1027455,Ejected
0.00168856,10000.0,3869890,Ejected
0.00168856,55000.0,3500322,Ejected
0.00168856,33000.0,509657,Ejected
0.00168856,41000.0,3800428,Ejected
0.00168856,22000.0,3500279,Ejected
0.00168856,24000.0,3800470,Ejected
0.00168856,21000.0,1688638,Ejected
0.00168856,15000.0,4028314,Ejected
0.00168856,12000.0,3869875,Ejected
0.00168856,32000.0,3869899,Ejected
0.00168856,22000.0,3500297,Ejected
0.00168856,24000.0,3800472,Ejected
0.00168856,109000.0,1688642,Ejected
0.00168856,13000.0,4171427,Ejected
0.00168856,31000.0,3869874,Ejected
0.00168856,15000.0,3500355,Ejected
0.00168856,166000.0,3500360,Ejected
0.00168856,31000.0,509683,Ejected
0.00168856,55000.0,4028267,Ejected
0.00168856,26000.0,3500318,Ejected
0.00168856,12000.0,3800493,Ejected
0.00168856,165000.0,4028353,Ejected
0.00168856,86000.0,509664,Ejected
0.00168856,24000.0,3500285,Ejected
0.00168856,14000.0,3800438,Ejected
0.00168856,23000.0,3800423,Ejected
0.00168856,21000.0,3869882,Ejected
0.00168856,22000.0,3869895,Ejected
0.00168856,17000.0,1027453,Ejected
0.00168856,37000.0,3800508,Ejected
0.00168856,27000.0,3210007,Ejected
0.00168856,12000.0,4028283,Ejected
0.00168856,21000.0,3800451,Ejected
0.00168856,19000.0,509618,Ejected
0.00168856,20000.0,3500309,Ejected
0.00168856,39000.0,509672,Ejected
0.00168856,37000.0,3800476,Ejected
0.00168856,21000.0,4028288,Ejected
0.00168856,31000.0,509611,Ejected
0.00168856,186000.0,4045967,Ejected
0.00168856,19000.0,509652,Ejected
0.00168856,41000.0,3500353,Ejected
0.00168856,15000.0,3210018,Ejected
0.00168856,18000.0,4028327,Ejected
0.00168856,17000.0,3800431,Ejected
0.00168856,18000.0,4028346,Ejected
0.00168856,12000.0,3500361,Ejected
0.00168856,12000.0,61305,Ejected
0.00168856,36000.0,3500314,Ejected
0.00168856,21000.0,3500271,Ejected
0.00168856,19000.0,509651,Ejected
0.00168856,19000.0,509620,Ejected
0.00168856,21000.0,509628,Ejected
0.00168856,13000.0,509641,Ejected
0.00168856,18000.0,3869881,Ejected
0.00168856,18000.0,3500286,Ejected
0.00168856,17000.0,3500276,Ejected
0.00168856,13000.0,3500350,Ejected
0.00168856,24000.0,3800458,Ejected
0.00168856,23000.0,3800420,Ejected
0.00168856,22000.0,509668,Ejected
0.00168856,17000.0,4028295,Ejected
0.00168856,74000.0,509605,Ejected
0.00168856,21000.0,3500268,Ejected
0.00168856,60000.0,3500300,Ejected
0.00168856,27000.0,3800475,Ejected
0.00168856,40000.0,3500290,Ejected
0.00168856,49000.0,509634,Ejected
0.00168856,22000.0,3500305,Ejected
0.00168856,21000.0,3210008,Ejected
0.00168856,12000.0,3800442,Ejected
0.00168856,25000.0,4171432,Ejected
0.00168856,28000.0,61302,Ejected
0.00168856,33000.0,3800426,Ejected
0.00168856,28000.0,509670,Ejected
0.00168856,21000.0,61303,Ejected
0.00168856,31000.0,4028265,Ejected
0.00168856,17000.0,509679,Ejected
0.00168856,31000.0,3500272,Ejected
0.00168856,36000.0,3500315,Ejected
0.00168856,32000.0,3500317,Ejected
0.00168856,27000.0,3800469,Ejected
0.00168856,25000.0,3210009,Ejected
0.00168856,39000.0,3500336,Ejected
0.00168856,121000.0,3869908,Ejected
0.00168856,31000.0,509674,Ejected
0.00168856,44000.0,3210005,Ejected
0.00168856,44000.0,3800460,Ejected
0.00168856,25000.0,509612,Ejected
0.00168856,30000.0,3500294,Ejected
0.00168856,55000.0,3500320,Ejected
0.00168856,41000.0,509687,Ejected
0.00168856,22000.0,509630,Ejected
0.00168856,34000.0,3800466,Ejected
0.00168856,19000.0,4171437,Ejected
0.00168856,24000.0,3800502,Ejected
0.00168856,28000.0,4028348,Ejected
0.00168856,27000.0,3210016,Ejected
0.00168856,20000.0,3500275,Ejected
0.00168856,15000.0,4028302,Ejected
0.00168856,27000.0,3500269,Ejected
0.00168856,52000.0,4045965,Ejected
0.00168856,29000.0,4028310,Ejected
0.00168856,28000.0,3500319,Ejected
0.00168856,15000.0,509615,Ejected
0.00168856,55000.0,3800468,Ejected
0.00168856,27000.0,3800457,Ejected
0.00168856,15000.0,509626,Ejected
0.00168856,19000.0,3800421,Ejected
0.00168856,33000.0,4028329,Ejected
0.00168856,42000.0,3869873,Ejected
0.00168856,24000.0,3800492,Ejected
0.00168856,129000.0,4028350,Ejected
0.00168856,27000.0,3800499,Ejected
0.00168856,53000.0,3500303,Ejected
0.00168856,23000.0,3500329,Ejected
0.00168856,14000.0,3800437,Ejected
0.00168856,67000.0,4028347,Ejected
0.00168856,35000.0,509660,Ejected
0.00168856,77000.0,509604,Ejected
0.00168856,17000.0,3500282,Ejected
0.00168856,58000.0,4028352,Ejected
0.00168856,27000.0,3800490,Ejected
0.00168856,32000.0,1688637,Ejected
0.00168856,24000.0,4028264,Ejected
0.00168856,51000.0,509650,Ejected
0.00168856,29000.0,3869902,Ejected
0.00168856,54000.0,3500302,Ejected
0.00168856,32000.0,4028305,Ejected
0.00168856,68000.0,3500308,Ejected
0.00168856,72000.0,3500332,Ejected
0.00168856,71000.0,4028334,Ejected
0.00168856,30000.0,509603,Ejected
0.00168856,21000.0,1027452,Ejected
0.00168856,198000.0,4028324,Ejected
0.00168856,30000.0,4028332,Ejected
0.00168856,27000.0,4171443,Ejected
0.00168856,62000.0,3869877,Ejected
0.00168856,38000.0,3500339,Ejected
0.00168856,47000.0,4028330,Ejected
0.00168856,46000.0,4028290,Ejected
0.00168856,29000.0,3869898,Ejected
0.00168856,28000.0,3800464,Ejected
0.00168856,24000.0,509608,Ejected
0.00168856,27000.0,509681,Ejected
0.00168856,52000.0,3500357,Ejected
0.00168856,19000.0,1688636,Ejected
0.00168856,77000.0,509680,Ejected
0.00168856,32000.0,3869883,Ejected
0.00168856,30000.0,509654,Ejected
0.00168856,44000.0,3500351,Ejected
0.00168856,70000.0,1688644,Ejected
0.00168856,81000.0,61304,Ejected
0.00168856,35000.0,1688635,Ejected
0.00168856,45000.0,3800440,Ejected
0.00168856,21000.0,3800430,Ejected
0.00168856,81000.0,4028357,Ejected
0.00168856,15000.0,509690,Ejected
0.00168856,74000.0,509610,Ejected
0.00168856,58000.0,4028308,Ejected
0.00168856,59000.0,4028336,Ejected
0.00168856,31000.0,4028266,Ejected
0.00168856,82000.0,3500324,Ejected
0.00168856,38000.0,4171438,Ejected
0.00168856,23000.0,3800511,Ejected
0.00168856,58000.0,3500304,Ejected
0.00168856,40000.0,3500326,Ejected
0.00168856,40000.0,1688645,Ejected
0.00168856,57000.0,3500335,Ejected
0.00168856,72000.0,4028285,Ejected
0.00168856,104000.0,3500307,Ejected
0.00168856,53000.0,4028281,Ejected
0.00168856,128000.0,3210013,Ejected
0.00168856,288000.0,3500301,Ejected
0.00168856,202000.0,4028320,Ejected
0.00400422,5000.0,3802282,Ejected
0.00400422,4000.0,3802285,Ejected
0.00400422,19000.0,3802275,Ejected
0.00400422,7000.0,3802307,Ejected
0.00400422,7000.0,3802337,Ejected
0.00400422,10000.0,3802278,Ejected
0.00400422,4000.0,3802260,Ejected
0.00400422,6000.0,3802332,Ejected
0.00400422,5000.0,3802317,Ejected
0.00400422,6000.0,3802291,Ejected
0.00400422,7000.0,3802261,Ejected
0.00400422,9000.0,3802289,Ejected
0.00400422,7000.0,3802256,Ejected
0.00400422,6000.0,3802320,Ejected
0.00400422,7000.0,3802286,Ejected
0.00400422,5000.0,3802312,Ejected
0.00400422,6000.0,3802290,Ejected
0.00400422,21000.0,3802343,Ejected
0.00400422,12000.0,3802326,Ejected
0.00400422,10000.0,3802257,Ejected
0.00400422,14000.0,3802316,Ejected
0.00400422,11000.0,3802298,Ejected
0.00400422,9000.0,19457,Ejected
0.00400422,21000.0,1193378,Ejected
0.00400422,8000.0,1193438,Ejected
0.00400422,49000.0,3502134,Ejected
0.00400422,5000.0,3502132,Ejected
0.00400422,5000.0,1193435,Ejected
0.00400422,9000.0,3502131,Ejected
0.00400422,8000.0,1193383,Ejected
0.00400422,9000.0,19433,Ejected
0.00400422,5000.0,3502048,Ejected
0.00400422,28000.0,3802268,Ejected
0.00400422,5000.0,1193442,Ejected
0.00400422,11000.0,3502083,Ejected
0.00400422,34000.0,1193369,Ejected
0.00400422,7000.0,3802322,Ejected
0.00400422,6000.0,1193384,Ejected
0.00400422,11000.0,3502085,Ejected
0.00400422,23000.0,3881676,Ejected
0.00400422,7000.0,4030137,Ejected
0.00400422,20000.0,4030139,Ejected
0.00400422,31000.0,4030057,Ejected
0.00400422,7000.0,3502071,Ejected
0.00400422,12000.0,3502053,Ejected
0.00400422,7000.0,1193388,Ejected
0.00400422,6000.0,1193415,Ejected
0.00400422,4000.0,4030129,Ejected
0.00400422,6000.0,4030095,Ejected
0.00400422,11000.0,4030110,Ejected
0.00400422,7000.0,1193389,Ejected
0.00400422,5000.0,3881651,Ejected
0.00400422,32000.0,3802250,Ejected
0.00400422,5000.0,1193410,Ejected
0.00400422,10000.0,3502079,Ejected
0.00400422,12000.0,4030082,Ejected
0.00400422,9000.0,3802269,Ejected
0.00400422,4000.0,1193412,Ejected
0.00400422,7000.0,3502059,Ejected
0.00400422,8000.0,3502063,Ejected
0.00400422,5000.0,3881649,Ejected
0.00400422,4000.0,3502114,Ejected
0.00400422,24000.0,3502102,Ejected
0.00400422,11000.0,3502138,Ejected
0.00400422,4000.0,19445,Ejected
0.00400422,5000.0,1193434,Ejected
0.00400422,19000.0,1193424,Ejected
0.00400422,4000.0,1193402,Ejected
0.00400422,6000.0,3502068,Ejected
0.00400422,7000.0,4030059,Ejected
0.00400422,11000.0,1193366,Ejected
0.00400422,9000.0,3502062,Ejected
0.00400422,14000.0,4030050,Ejected
0.00400422,20000.0,1193416,Ejected
0.00400422,70000.0,4046458,Ejected
0.00400422,6000.0,3802266,Ejected
0.00400422,71000.0,3881671,Ejected
0.00400422,8000.0,3502108,Ejected
0.00400422,11000.0,3881647,Ejected
0.00400422,20000.0,3502116,Ejected
0.00400422,7000.0,3502113,Ejected
0.00400422,11000.0,3881685,Ejected
0.00400422,55000.0,3502066,Ejected
0.00400422,5000.0,4030078,Ejected
0.00400422,7000.0,4030062,Ejected
0.00400422,5000.0,19425,Ejected
0.00400422,8000.0,3881680,Ejected
0.00400422,19000.0,19460,Ejected
0.00400422,11000.0,3881666,Ejected
0.00400422,7000.0,19456,Ejected
0.00400422,13000.0,19453,Ejected
0.00400422,7000.0,19452,Ejected
0.00400422,18000.0,3502105,Ejected
0.00400422,12000.0,3881654,Ejected
0.00400422,6000.0,19432,Ejected
0.00400422,18000.0,19427,Ejected
0.00400422,8000.0,1193386,Ejected
0.00400422,12000.0,3502111,Ejected
0.00400422,6000.0,19451,Ejected
0.00400422,24000.0,4030104,Ejected
0.00400422,7000.0,1193453,Ejected
0.00400422,7000.0,1193445,Ejected
0.00400422,9000.0,4030138,Ejected
0.00400422,6000.0,4030076,Ejected
0.00400422,6000.0,3881663,Ejected
0.00400422,10000.0,3881683,Ejected
0.00400422,12000.0,4030132,Ejected
0.00400422,14000.0,3802281,Ejected
0.00400422,5000.0,3502084,Ejected
0.00400422,9000.0,3502118,Ejected
0.00400422,9000.0,4030133,Ejected
0.00400422,7000.0,1193457,Ejected
0.00400422,9000.0,1193459,Ejected
0.00400422,5000.0,1193444,Ejected
0.00400422,4000.0,19463,Ejected
0.00400422,5000.0,3881657,Ejected
0.00400422,9000.0,3502049,Ejected
0.00400422,5000.0,1193422,Ejected
0.00400422,15000.0,3502119,Ejected
0.00400422,7000.0,1193401,Ejected
0.00400422,7000.0,1193403,Ejected
0.00400422,8000.0,1193454,Ejected
0.00400422,8000.0,3881682,Ejected
0.00400422,6000.0,3881684,Ejected
0.00400422,9000.0,4030106,Ejected
0.00400422,19000.0,19412,Ejected
0.00400422,5000.0,1193431,Ejected
0.00400422,23000.0,1193436,Ejected
0.00400422,35000.0,1193380,Ejected
0.00400422,5000.0,3502136,Ejected
0.00400422,5000.0,1193458,Ejected
0.00400422,11000.0,1193374,Ejected
0.00400422,23000.0,19462,Ejected
0.00400422,6000.0,4030045,Ejected
0.00400422,22000.0,19459,Ejected
0.00400422,15000.0,4030091,Ejected
0.00400422,9000.0,3502050,Ejected
0.00400422,9000.0,3881692,Ejected
0.00400422,12000.0,1193367,Ejected
0.00400422,5000.0,4030117,Ejected
0.00400422,6000.0,3502104,Ejected
0.00400422,10000.0,1193372,Ejected
0.00400422,15000.0,1193390,Ejected
0.00400422,5000.0,1193396,Ejected
0.00400422,12000.0,3802318,Ejected
0.00400422,6000.0,19464,Ejected
0.00400422,5000.0,4030118,Ejected
0.00400422,12000.0,3502075,Ejected
0.00400422,37000.0,3802331,Ejected
0.00400422,10000.0,3502141,Ejected
0.00400422,43000.0,19449,Ejected
0.00400422,5000.0,1193394,Ejected
0.00400422,7000.0,3502092,Ejected
0.00400422,5000.0,4030125,Ejected
0.00400422,9000.0,4030058,Ejected
0.00400422,8000.0,3881669,Ejected
0.00400422,7000.0,3881664,Ejected
0.00400422,24000.0,19435,Ejected
0.00400422,6000.0,3502064,Ejected
0.00400422,27000.0,3502097,Ejected
0.00400422,74000.0,3802271,Ejected
0.00400422,13000.0,3502100,Ejected
0.00400422,9000.0,3502074,Ejected
0.00400422,7000.0,1193393,Ejected
0.00400422,10000.0,3881668,Ejected
0.00400422,12000.0,3802284,Ejected
0.00400422,11000.0,3502081,Ejected
0.00400422,22000.0,3502122,Ejected
0.00400422,13000.0,3802305,Ejected
0.00400422,16000.0,3881690,Ejected
0.00400422,10000.0,1193441,Ejected
0.00400422,9000.0,3502120,Ejected
0.00400422,40000.0,3802313,Ejected
0.00400422,9000.0,4030067,Ejected
0.00400422,6000.0,4030072,Ejected
0.00400422,7000.0,1193418,Ejected
0.00400422,4000.0,4030048,Ejected
0.00400422,31000.0,3502140,Ejected
0.00400422,9000.0,1193385,Ejected
0.00400422,14000.0,4030081,Ejected
0.00400422,5000.0,1193451,Ejected
0.00400422,11000.0,4030113,Ejected
0.00400422,11000.0,1193382,Ejected
0.00400422,12000.0,1193423,Ejected
0.00400422,11000.0,4030068,Ejected
0.00400422,7000.0,4030070,Ejected
0.00400422,29000.0,3802253,Ejected
0.00400422,9000.0,3502056,Ejected
0.00400422,10000.0,4030092,Ejected
0.00400422,19000.0,1193439,Ejected
0.00400422,8000.0,1193397,Ejected
0.00400422,5000.0,1193419,Ejected
0.00400422,13000.0,3881665,Ejected
0.00400422,11000.0,4030107,Ejected
0.00400422,8000.0,3502089,Ejected
0.00400422,21000.0,3502109,Ejected
0.00400422,42000.0,1193450,Ejected
0.00400422,9000.0,4030101,Ejected
0.00400422,9000.0,1193375,Ejected
0.00400422,6000.0,1193379,Ejected
0.00400422,17000.0,3502061,Ejected
0.00400422,8000.0,4030122,Ejected
0.00400422,7000.0,1193392,Ejected
0.00400422,40000.0,3502051,Ejected
0.00400422,10000.0,4030136,Ejected
0.00400422,20000.0,3881678,Ejected
0.00400422,22000.0,1193417,Ejected
0.00400422,16000.0,3802263,Ejected
0.00400422,6000.0,3802338,Ejected
0.00400422,9000.0,3502112,Ejected
0.00400422,7000.0,3502107,Ejected
0.00400422,11000.0,1193432,Ejected
0.00400422,25000.0,3502052,Ejected
0.00400422,94000.0,19438,Ejected
0.00400422,6000.0,1193414,Ejected
0.00400422,10000.0,3502086,Ejected
0.00400422,12000.0,4030124,Ejected
0.00400422,8000.0,3881679,Ejected
0.00400422,7000.0,1193426,Ejected
0.00400422,8000.0,3502129,Ejected
0.00400422,8000.0,4030056,Ejected
0.00400422,9000.0,4030126,Ejected
0.00400422,9000.0,3502137,Ejected
0.00400422,7000.0,3881688,Ejected
0.00400422,9000.0,4030100,Ejected
0.00400422,140000.0,3881686,Ejected
0.00400422,30000.0,3802251,Ejected
0.00400422,10000.0,1193447,Ejected
0.00400422,12000.0,4030111,Ejected
0.00400422,17000.0,4030097,Ejected
0.00400422,13000.0,3802288,Ejected
0.00400422,22000.0,3802330,Ejected
0.00400422,17000.0,4030120,Ejected
0.00400422,7000.0,4030134,Ejected
0.00400422,21000.0,4030083,Ejected
0.00400422,14000.0,1193400,Ejected
0.00400422,9000.0,3802265,Ejected
0.00400422,22000.0,19417,Ejected
0.00400422,92000.0,19419,Ejected
0.00400422,12000.0,4030098,Ejected
0.00400422,6000.0,2666264,Ejected
0.00400422,23000.0,3881693,Ejected
0.00400422,8000.0,3802273,Ejected
0.00400422,14000.0,1193429,Ejected
0.00400422,7000.0,3502101,Ejected
0.00400422,14000.0,3502117,Ejected
0.00400422,11000.0,1193452,Ejected
0.00400422,13000.0,4030084,Ejected
0.00400422,7000.0,3502106,Ejected
0.00400422,10000.0,4030103,Ejected
0.00400422,14000.0,3802303,Ejected
0.00400422,18000.0,4030115,Ejected
0.00400422,21000.0,1193425,Ejected
0.00400422,11000.0,1193404,Ejected
0.00400422,25000.0,19470,Ejected
0.00400422,5000.0,3881652,Ejected
0.00400422,20000.0,19482,Ejected
0.00400422,13000.0,19454,Ejected
0.00400422,12000.0,4030061,Ejected
0.00400422,113000.0,4030094,Ejected
0.00400422,7000.0,3881650,Ejected
0.00400422,10000.0,1193437,Ejected
0.00400422,10000.0,3502126,Ejected
0.00400422,17000.0,3881661,Ejected
0.00400422,38000.0,19428,Ejected
0.00400422,9000.0,3881677,Ejected
0.00400422,7000.0,3881655,Ejected
0.00400422,12000.0,3802294,Ejected
0.00400422,22000.0,3802314,Ejected
0.00400422,12000.0,1193398,Ejected
0.00400422,11000.0,4030096,Ejected
0.00400422,31000.0,3802292,Ejected
0.00400422,29000.0,3502080,Ejected
0.00400422,18000.0,1193373,Ejected
0.00400422,11000.0,3802267,Ejected
0.00400422,11000.0,4030135,Ejected
0.00400422,87000.0,4030063,Ejected
0.00400422,18000.0,19442,Ejected
0.00400422,28000.0,19418,Ejected
0.00400422,104000.0,4030119,Ejected
0.00400422,60000.0,3502054,Captured
0.0094955,8000.0,26072,Ejected
0.0094955,3000.0,26081,Ejected
0.0094955,5000.0,26039,Ejected
0.0094955,7000.0,26083,Ejected
0.0094955,7000.0,26079,Ejected
0.0094955,3000.0,26080,Ejected
0.0094955,3000.0,26084,Ejected
0.0094955,9000.0,26068,Ejected
0.0094955,3000.0,26057,Ejected
0.0094955,39000.0,26071,Ejected
0.0094955,7000.0,26077,Ejected
0.0094955,4000.0,26066,Ejected
0.0094955,4000.0,26045,Ejected
0.0094955,4000.0,26037,Ejected
0.0094955,6000.0,4031853,Ejected
0.0094955,4000.0,4031873,Ejected
0.0094955,2000.0,4031841,Ejected
0.0094955,26000.0,4031869,Ejected
0.0094955,3000.0,4031867,Ejected
0.0094955,4000.0,4031843,Ejected
0.0094955,6000.0,4031882,Ejected
0.0094955,3000.0,4031851,Ejected
0.0094955,6000.0,4031834,Ejected
0.0094955,9000.0,4031826,Ejected
0.0094955,17000.0,4031903,Ejected
0.0094955,3000.0,4031831,Ejected
0.0094955,5000.0,4031886,Ejected
0.0094955,6000.0,4031881,Ejected
0.0094955,3000.0,4031818,Ejected
0.0094955,4000.0,4031815,Ejected
0.0094955,4000.0,4031870,Ejected
0.0094955,15000.0,4031906,Ejected
0.0094955,3000.0,4031861,Ejected
0.0094955,10000.0,4031863,Ejected
0.0094955,32000.0,4031858,Ejected
0.0094955,4000.0,26062,Ejected
0.0094955,4000.0,26065,Ejected
0.0094955,3000.0,26049,Ejected
0.0094955,3000.0,4031850,Ejected
0.0094955,5000.0,26075,Ejected
0.0094955,5000.0,4031864,Ejected
0.0094955,5000.0,26050,Ejected
0.0094955,4000.0,26041,Ejected
0.0094955,16000.0,26060,Ejected
0.0094955,7000.0,4031852,Ejected
0.0094955,6000.0,4031837,Ejected
0.0094955,5000.0,4031885,Ejected
0.0094955,3000.0,4031832,Ejected
0.0094955,3000.0,4031860,Ejected
0.0094955,8000.0,26069,Ejected
0.0094955,5000.0,4031893,Ejected
0.0094955,3000.0,4031883,Ejected
0.0094955,4000.0,4031816,Ejected
0.0094955,3000.0,26086,Ejected
0.0094955,6000.0,4031894,Ejected
0.0094955,5000.0,4031829,Ejected
0.0094955,8000.0,4031899,Ejected
0.0094955,11000.0,26085,Ejected
0.0094955,6000.0,4031878,Ejected
0.0094955,7000.0,4031847,Ejected
0.0094955,7000.0,4031836,Ejected
0.0094955,22000.0,26056,Ejected
0.0094955,4000.0,26040,Ejected
0.0094955,3000.0,4031820,Ejected
0.0094955,7000.0,4031904,Ejected
0.0094955,5000.0,4031844,Ejected
0.0094955,41000.0,4031879,Ejected
0.0094955,7000.0,26042,Ejected
0.0094955,8000.0,4031822,Ejected
0.0094955,4000.0,4031839,Ejected
0.0094955,7000.0,4031814,Ejected
0.0094955,5000.0,26076,Ejected
0.0094955,4000.0,26044,Ejected
0.0094955,3000.0,4031823,Ejected
0.0094955,7000.0,4031846,Ejected
0.0094955,5000.0,26078,Ejected
0.0094955,16000.0,4031874,Ejected
0.0094955,7000.0,4031871,Ejected
0.0094955,4000.0,4031828,Ejected
0.0094955,15000.0,26058,Ejected
0.0094955,4000.0,26070,Ejected
0.0094955,3000.0,4031888,Ejected
0.0094955,5000.0,4031891,Ejected
0.0094955,6000.0,4031857,Ejected
0.0094955,8000.0,26047,Ejected
0.0094955,9000.0,4031900,Ejected
0.0094955,8000.0,26051,Ejected
0.0094955,15000.0,26063,Ejected
0.0094955,6000.0,4031901,Ejected
0.0094955,25000.0,4031819,Ejected
0.0094955,4000.0,4031875,Ejected
0.0094955,21000.0,4031905,Ejected
0.0094955,15000.0,4031890,Ejected
0.0094955,4000.0,26074,Ejected
0.0094955,4000.0,4031897,Ejected
0.0094955,7000.0,4031876,Ejected
0.0094955,6000.0,1195187,Ejected
0.0094955,5000.0,1195148,Ejected
0.0094955,4000.0,1195216,Ejected
0.0094955,5000.0,1195197,Ejected
0.0094955,3000.0,1195178,Ejected
0.0094955,4000.0,1195130,Ejected
0.0094955,8000.0,1195134,Ejected
0.0094955,3000.0,1195194,Ejected
0.0094955,3000.0,3883564,Ejected
0.0094955,5000.0,3883565,Ejected
0.0094955,3000.0,3883557,Ejected
0.0094955,3000.0,3883548,Ejected
0.0094955,3000.0,3883533,Ejected
0.0094955,3000.0,3883551,Ejected
0.0094955,9000.0,1195223,Ejected
0.0094955,5000.0,3883513,Ejected
0.0094955,4000.0,3883515,Ejected
0.0094955,4000.0,3883529,Ejected
0.0094955,6000.0,1195168,Ejected
0.0094955,7000.0,1195150,Ejected
0.0094955,3000.0,3883518,Ejected
0.0094955,4000.0,3883522,Ejected
0.0094955,3000.0,3883552,Ejected
0.0094955,3000.0,3883561,Ejected
0.0094955,5000.0,3883558,Ejected
0.0094955,6000.0,3883519,Ejected
0.0094955,7000.0,1195156,Ejected
0.0094955,6000.0,1195153,Ejected
0.0094955,5000.0,3883528,Ejected
0.0094955,25000.0,1195203,Ejected
0.0094955,10000.0,3883560,Ejected
0.0094955,0.0,3503896,Captured
0.0094955,5000.0,3503820,Ejected
0.0094955,5000.0,3503885,Ejected
0.0094955,4000.0,3503871,Ejected
0.0094955,3000.0,3503903,Ejected
0.0094955,4000.0,3883525,Ejected
0.0094955,7000.0,3883546,Ejected
0.0094955,4000.0,1195135,Ejected
0.0094955,5000.0,3503881,Ejected
0.0094955,4000.0,3503810,Ejected
0.0094955,8000.0,3503891,Ejected
0.0094955,6000.0,3503838,Ejected
0.0094955,4000.0,3503872,Ejected
0.0094955,6000.0,1195219,Ejected
0.0094955,4000.0,1195159,Ejected
0.0094955,14000.0,3883556,Ejected
0.0094955,4000.0,1195158,Ejected
0.0094955,12000.0,1195189,Ejected
0.0094955,4000.0,1195171,Ejected
0.0094955,4000.0,1195164,Ejected
0.0094955,3000.0,3503898,Ejected
0.0094955,4000.0,3503812,Ejected
0.0094955,10000.0,3503904,Ejected
0.0094955,3000.0,3503889,Ejected
0.0094955,4000.0,3503873,Ejected
0.0094955,6000.0,3503860,Ejected
0.0094955,4000.0,3503856,Ejected
0.0094955,4000.0,3503874,Ejected
0.0094955,3000.0,3804041,Ejected
0.0094955,4000.0,3503870,Ejected
0.0094955,4000.0,1195205,Ejected
0.0094955,6000.0,3503819,Ejected
0.0094955,4000.0,3883514,Ejected
0.0094955,2000.0,3804043,Ejected
0.0094955,20000.0,3804048,Ejected
0.0094955,5000.0,1195149,Ejected
0.0094955,5000.0,3503839,Ejected
0.0094955,11000.0,3804076,Ejected
0.0094955,4000.0,3503817,Ejected
0.0094955,3000.0,3503851,Ejected
0.0094955,11000.0,3503894,Ejected
0.0094955,14000.0,3883534,Ejected
0.0094955,11000.0,1195213,Ejected
0.0094955,4000.0,3883545,Ejected
0.0094955,2000.0,3804058,Ejected
0.0094955,7000.0,3503892,Ejected
0.0094955,17000.0,3804025,Ejected
0.0094955,0.0,3804080,Captured
0.0094955,6000.0,1195210,Ejected
0.0094955,3000.0,3503822,Ejected
0.0094955,6000.0,3503823,Ejected
0.0094955,11000.0,3804038,Ejected
0.0094955,6000.0,3503827,Ejected
0.0094955,9000.0,3804054,Ejected
0.0094955,3000.0,3804062,Ejected
0.0094955,4000.0,3883537,Ejected
0.0094955,15000.0,3883549,Ejected
0.0094955,4000.0,1195214,Ejected
0.0094955,18000.0,3804059,Ejected
0.0094955,7000.0,3883536,Ejected
0.0094955,3000.0,1195201,Ejected
0.0094955,4000.0,3804071,Ejected
0.0094955,3000.0,3503901,Ejected
0.0094955,4000.0,3804057,Ejected
0.0094955,5000.0,3804029,Ejected
0.0094955,5000.0,3883550,Ejected
0.0094955,34000.0,1195173,Ejected
0.0094955,3000.0,3804087,Ejected
0.0094955,6000.0,3503868,Ejected
0.0094955,14000.0,3883553,Ejected
0.0094955,26000.0,3503811,Ejected
0.0094955,4000.0,3804089,Ejected
0.0094955,4000.0,3804100,Ejected
0.0094955,4000.0,1195198,Ejected
0.0094955,6000.0,3804027,Ejected
0.0094955,5000.0,3804017,Ejected
0.0094955,6000.0,3503895,Ejected
0.0094955,13000.0,1195129,Ejected
0.0094955,16000.0,3804022,Ejected
0.0094955,29000.0,3804066,Ejected
0.0094955,4000.0,3804104,Ejected
0.0094955,8000.0,3503843,Ejected
0.0094955,5000.0,3804111,Ejected
0.0094955,19000.0,3804074,Ejected
0.0094955,12000.0,3883547,Ejected
0.0094955,4000.0,3804077,Ejected
0.0094955,4000.0,3804102,Ejected
0.0094955,7000.0,1195169,Ejected
0.0094955,18000.0,3804034,Ejected
0.0094955,4000.0,3804042,Ejected
0.0094955,6000.0,3503813,Ejected
0.0094955,5000.0,3804109,Ejected
0.0094955,3000.0,3883517,Ejected
0.0094955,8000.0,3503893,Ejected
0.0094955,10000.0,3503855,Ejected
0.0094955,5000.0,3804067,Ejected
0.0094955,11000.0,3503848,Ejected
0.0094955,4000.0,3804086,Ejected
0.0094955,26000.0,1195142,Ejected
0.0094955,5000.0,3804037,Ejected
0.0094955,58000.0,3804094,Ejected
0.0094955,30000.0,3503825,Ejected
0.0094955,7000.0,3503880,Ejected
0.0094955,7000.0,1195154,Ejected
0.0094955,3000.0,3804085,Ejected
0.0094955,11000.0,3883531,Ejected
0.0094955,10000.0,3503864,Ejected
0.0094955,15000.0,3804069,Ejected
0.0094955,8000.0,3804108,Ejected
0.0094955,4000.0,3804063,Ejected
0.0094955,19000.0,3804018,Ejected
0.0094955,4000.0,3804045,Ejected
0.0094955,12000.0,3804103,Ejected
0.0094955,4000.0,3804040,Ejected
0.0094955,5000.0,1195139,Ejected
0.0094955,5000.0,1195182,Ejected
0.0094955,3000.0,3804024,Ejected
0.0094955,21000.0,3503815,Ejected
0.0094955,13000.0,3804107,Ejected
0.0094955,4000.0,1195136,Ejected
0.0094955,10000.0,1195184,Ejected
0.0094955,6000.0,3883523,Ejected
0.0094955,18000.0,3804079,Ejected
0.0094955,4000.0,1195195,Ejected
0.0094955,12000.0,3503828,Ejected
0.0094955,15000.0,1195161,Ejected
0.0094955,5000.0,3883516,Ejected
0.0094955,12000.0,3503853,Ejected
0.0094955,3000.0,3503867,Ejected
0.0094955,4000.0,3503814,Ejected
0.0094955,5000.0,1195147,Ejected
0.0094955,13000.0,1195180,Ejected
0.0094955,5000.0,1195131,Ejected
0.0094955,33000.0,3503830,Ejected
0.0094955,4000.0,3503866,Ejected
0.0094955,16000.0,1195133,Ejected
0.0094955,7000.0,3804083,Ejected
0.0094955,25000.0,3804075,Ejected
0.0094955,5000.0,3883511,Ejected
0.0094955,14000.0,3883521,Ejected
0.0094955,4000.0,3804036,Ejected
0.0094955,3000.0,3503829,Ejected
0.0094955,12000.0,1195140,Ejected
0.0094955,5000.0,3503836,Ejected
0.0094955,4000.0,3804030,Ejected
0.0094955,5000.0,3883554,Ejected
0.0094955,6000.0,3804097,Ejected
0.0094955,25000.0,3503816,Ejected
0.0094955,6000.0,3503846,Ejected
0.0094955,10000.0,3883540,Ejected
0.0094955,6000.0,3804068,Ejected
0.0094955,29000.0,3883559,Ejected
0.0094955,4000.0,3503831,Ejected
0.0094955,6000.0,3503884,Ejected
0.0094955,5000.0,3804031,Ejected
0.0094955,6000.0,3804021,Ejected
0.0094955,7000.0,3503859,Ejected
0.0094955,7000.0,4031845,Ejected
0.0094955,4000.0,3503882,Ejected
0.0094955,19000.0,3503863,Ejected
0.0094955,16000.0,3503826,Ejected
0.0094955,7000.0,3804106,Ejected
0.0094955,4000.0,3804081,Ejected
0.0094955,3000.0,3503842,Ejected
0.0094955,9000.0,4031908,Ejected
0.0094955,7000.0,3804028,Ejected
0.0094955,6000.0,1195224,Ejected
0.0094955,8000.0,1195192,Ejected
0.0094955,5000.0,1195222,Ejected
0.0094955,16000.0,3883568,Ejected
0.0094955,6000.0,1195162,Ejected
0.0094955,4000.0,4046952,Ejected
0.0094955,6000.0,4046951,Ejected
0.0094955,13000.0,4046953,Ejected
0.0094955,4000.0,2679584,Ejected
0.0094955,8000.0,3804090,Ejected
0.0094955,13000.0,3883544,Ejected
0.0094955,14000.0,3503886,Ejected
0.0094955,26000.0,3883562,Ejected
0.0094955,5000.0,3503862,Ejected
0.0094955,30000.0,3804088,Ejected
0.0094955,42000.0,4031896,Ejected
0.0094955,91000.0,1195167,Ejected
0.0094955,89000.0,4046950,Captured
0.030027,3000.0,3885397,Ejected
0.030027,2000.0,3885367,Ejected
0.030027,2000.0,3885375,Ejected
0.030027,2000.0,3885398,Ejected
0.030027,2000.0,3885373,Ejected
0.030027,3000.0,3885353,Ejected
0.030027,2000.0,3885356,Ejected
0.030027,2000.0,3885396,Ejected
0.030027,8000.0,3885365,Ejected
0.030027,2000.0,3885355,Ejected
0.030027,2000.0,3885350,Ejected
0.030027,1000.0,3885354,Ejected
0.030027,3000.0,3885388,Ejected
0.030027,2000.0,3885378,Ejected
0.030027,2000.0,3885351,Ejected
0.030027,1000.0,3885392,Ejected
0.030027,2000.0,3885393,Ejected
0.030027,2000.0,3885380,Ejected
0.030027,15000.0,3885402,Ejected
0.030027,2000.0,3885348,Ejected
0.030027,2000.0,3885358,Ejected
0.030027,2000.0,3885376,Ejected
0.030027,3000.0,3885359,Ejected
0.030027,4000.0,3885361,Ejected
0.030027,2000.0,3885383,Ejected
0.030027,4000.0,3885382,Ejected
0.030027,3000.0,3885391,Ejected
0.030027,4000.0,3885387,Ejected
0.030027,3000.0,3885403,Ejected
0.030027,3000.0,3885366,Ejected
0.030027,4000.0,3885344,Ejected
0.030027,2000.0,3885352,Ejected
0.030027,6000.0,3885385,Ejected
0.030027,2000.0,3885368,Ejected
0.030027,3000.0,3885363,Ejected
0.030027,14000.0,3885357,Ejected
0.030027,6000.0,3885394,Ejected
0.030027,3000.0,3885345,Ejected
0.030027,2000.0,3885374,Ejected
0.030027,6000.0,3885371,Ejected
0.030027,3000.0,3885369,Ejected
0.030027,3000.0,3885381,Ejected
0.030027,53000.0,3885362,Ejected
0.030027,4000.0,3505649,Ejected
0.030027,2000.0,3505658,Ejected
0.030027,2000.0,3505670,Ejected
0.030027,10000.0,3505588,Ejected
0.030027,2000.0,3505610,Ejected
0.030027,2000.0,3505583,Ejected
0.030027,2000.0,3505659,Ejected
0.030027,7000.0,3505626,Ejected
0.030027,4000.0,3505579,Ejected
0.030027,3000.0,3505623,Ejected
0.030027,7000.0,3505640,Ejected
0.030027,3000.0,3505660,Ejected
0.030027,2000.0,3505645,Ejected
0.030027,4000.0,3505578,Ejected
0.030027,2000.0,3505616,Ejected
0.030027,4000.0,3505594,Ejected
0.030027,5000.0,3505585,Ejected
0.030027,6000.0,3505587,Ejected
0.030027,2000.0,3505633,Ejected
0.030027,3000.0,3505600,Ejected
0.030027,4000.0,3505638,Ejected
0.030027,5000.0,3505639,Ejected
0.030027,2000.0,3505591,Ejected
0.030027,4000.0,3505648,Ejected
0.030027,2000.0,3505656,Ejected
0.030027,4000.0,3505601,Ejected
0.030027,2000.0,3505603,Ejected
0.030027,2000.0,3505618,Ejected
0.030027,6000.0,3505622,Ejected
0.030027,16000.0,3505662,Ejected
0.030027,0.0,3505595,Captured
0.030027,2000.0,3505599,Ejected
0.030027,4000.0,3505608,Ejected
0.030027,2000.0,3505605,Ejected
0.030027,8000.0,3505644,Ejected
0.030027,3000.0,3505630,Ejected
0.030027,2000.0,3505627,Ejected
0.030027,4000.0,3505651,Ejected
0.030027,4000.0,3505661,Ejected
0.030027,6000.0,3505664,Ejected
0.030027,6000.0,3505650,Ejected
0.030027,3000.0,3505637,Ejected
0.030027,3000.0,3505631,Ejected
0.030027,2000.0,3505655,Ejected
0.030027,3000.0,3505671,Ejected
0.030027,2000.0,3505584,Ejected
0.030027,2000.0,3505668,Ejected
0.030027,6000.0,3505612,Ejected
0.030027,2000.0,3505647,Ejected
0.030027,3000.0,3505593,Ejected
0.030027,3000.0,3505632,Ejected
0.030027,3000.0,3505621,Ejected
0.030027,3000.0,3505581,Ejected
0.030027,2000.0,1196944,Ejected
0.030027,2000.0,1197006,Ejected
0.030027,0.0,1196937,Captured
0.030027,2000.0,1196932,Ejected
0.030027,4000.0,1196914,Ejected
0.030027,3000.0,1196974,Ejected
0.030027,11000.0,1197004,Ejected
0.030027,3000.0,1196945,Ejected
0.030027,3000.0,1196940,Ejected
0.030027,7000.0,1196939,Ejected
0.030027,3000.0,1196985,Ejected
0.030027,2000.0,1196919,Ejected
0.030027,7000.0,1196927,Ejected
0.030027,3000.0,1196920,Ejected
0.030027,2000.0,1196961,Ejected
0.030027,3000.0,1196992,Ejected
0.030027,2000.0,1196954,Ejected
0.030027,2000.0,1196925,Ejected
0.030027,2000.0,1196936,Ejected
0.030027,4000.0,1196986,Ejected
0.030027,14000.0,1196964,Ejected
0.030027,2000.0,1196963,Ejected
0.030027,2000.0,4033593,Ejected
0.030027,2000.0,3805786,Ejected
0.030027,2000.0,4033595,Ejected
0.030027,9000.0,3805831,Ejected
0.030027,2000.0,4033585,Ejected
0.030027,2000.0,3805827,Ejected
0.030027,2000.0,3805852,Ejected
0.030027,4000.0,3805818,Ejected
0.030027,8000.0,4033605,Ejected
0.030027,2000.0,4033617,Ejected
0.030027,2000.0,4033670,Ejected
0.030027,2000.0,3805840,Ejected
0.030027,2000.0,4033668,Ejected
0.030027,10000.0,4033626,Ejected
0.030027,2000.0,3805799,Ejected
0.030027,2000.0,3805820,Ejected
0.030027,0.0,3805784,Captured
0.030027,3000.0,4033665,Ejected
0.030027,4000.0,4033641,Ejected
0.030027,1000.0,3805810,Ejected
0.030027,3000.0,3805875,Ejected
0.030027,5000.0,4033622,Ejected
0.030027,7000.0,3805796,Ejected
0.030027,4000.0,3805819,Ejected
0.030027,18000.0,3805805,Ejected
0.030027,2000.0,3805868,Ejected
0.030027,3000.0,4033614,Ejected
0.030027,4000.0,4033624,Ejected
0.030027,4000.0,4033610,Ejected
0.030027,3000.0,3805826,Ejected
0.030027,3000.0,3805835,Ejected
0.030027,2000.0,3805801,Ejected
0.030027,1000.0,4033591,Ejected
0.030027,6000.0,3805830,Ejected
0.030027,3000.0,4033594,Ejected
0.030027,3000.0,4033635,Ejected
0.030027,2000.0,4033673,Ejected
0.030027,2000.0,4033599,Ejected
0.030027,3000.0,4033662,Ejected
0.030027,6000.0,3805863,Ejected
0.030027,5000.0,3805795,Ejected
0.030027,4000.0,3805834,Ejected
0.030027,5000.0,4033600,Ejected
0.030027,3000.0,4033648,Ejected
0.030027,5000.0,4033597,Ejected
0.030027,4000.0,1197000,Ejected
0.030027,6000.0,3805841,Ejected
0.030027,8000.0,3805867,Ejected
0.030027,4000.0,3805871,Ejected
0.030027,7000.0,1196926,Ejected
0.030027,7000.0,1196990,Ejected
0.030027,2000.0,3805815,Ejected
0.030027,3000.0,4033602,Ejected
0.030027,15000.0,3805794,Ejected
0.030027,9000.0,4033609,Ejected
0.030027,6000.0,4033589,Ejected
0.030027,0.0,4033598,Captured
0.030027,2000.0,1196988,Ejected
0.030027,2000.0,4033587,Ejected
0.030027,7000.0,1197005,Ejected
0.030027,3000.0,1196928,Ejected
0.030027,2000.0,3805825,Ejected
0.030027,2000.0,4033637,Ejected
0.030027,2000.0,3805821,Ejected
0.030027,3000.0,3805873,Ejected
0.030027,3000.0,1196972,Ejected
0.030027,15000.0,4033653,Ejected
0.030027,3000.0,1196967,Ejected
0.030027,2000.0,1196959,Ejected
0.030027,2000.0,3805844,Ejected
0.030027,14000.0,1196984,Ejected
0.030027,6000.0,4033640,Ejected
0.030027,18000.0,4033659,Ejected
0.030027,2000.0,4033634,Ejected
0.030027,2000.0,4033633,Ejected
0.030027,2000.0,4033586,Ejected
0.030027,4000.0,1196962,Ejected
0.030027,3000.0,3805864,Ejected
0.030027,2000.0,1197007,Ejected
0.030027,6000.0,3805814,Ejected
0.030027,7000.0,3805872,Ejected
0.030027,3000.0,4033645,Ejected
0.030027,6000.0,4033619,Ejected
0.030027,4000.0,3805782,Ejected
0.030027,2000.0,1196969,Ejected
0.030027,4000.0,1196952,Ejected
0.030027,4000.0,1196951,Ejected
0.030027,4000.0,4033636,Ejected
0.030027,2000.0,4033611,Ejected
0.030027,3000.0,4033612,Ejected
0.030027,3000.0,4033621,Ejected
0.030027,3000.0,1196929,Ejected
0.030027,3000.0,1196975,Ejected
0.030027,4000.0,1196948,Ejected
0.030027,3000.0,3805807,Ejected
0.030027,5000.0,4033656,Ejected
0.030027,5000.0,4033596,Ejected
0.030027,3000.0,4033616,Ejected
0.030027,4000.0,3805812,Ejected
0.030027,3000.0,1196996,Ejected
0.030027,3000.0,3805856,Ejected
0.030027,5000.0,3805853,Ejected
0.030027,14000.0,1196977,Ejected
0.030027,5000.0,1196978,Ejected
0.030027,3000.0,3805808,Ejected
0.030027,3000.0,3805811,Ejected
0.030027,10000.0,4033582,Ejected
0.030027,2000.0,4033613,Ejected
0.030027,2000.0,3805783,Ejected
0.030027,6000.0,1196934,Ejected
0.030027,4000.0,1196930,Ejected
0.030027,5000.0,4033630,Ejected
0.030027,6000.0,4033671,Ejected
0.030027,7000.0,3805860,Ejected
0.030027,3000.0,3805859,Ejected
0.030027,3000.0,3805824,Ejected
0.030027,5000.0,3805858,Ejected
0.030027,3000.0,1196956,Ejected
0.030027,3000.0,4033667,Ejected
0.030027,2000.0,4033623,Ejected
0.030027,9000.0,4033627,Ejected
0.030027,10000.0,1196938,Ejected
0.030027,2000.0,4033632,Ejected
0.030027,4000.0,3805802,Ejected
0.030027,3000.0,4033644,Ejected
0.030027,5000.0,4033657,Ejected
0.030027,2000.0,2292466,Ejected
0.030027,3000.0,4033580,Ejected
0.030027,3000.0,1196999,Ejected
0.030027,3000.0,2292439,Ejected
0.030027,1000.0,2292456,Ejected
0.030027,3000.0,2292437,Ejected
0.030027,4000.0,2292476,Ejected
0.030027,0.0,2292480,Captured
0.030027,2000.0,2292444,Ejected
0.030027,2000.0,2292469,Ejected
0.030027,2000.0,2292475,Ejected
0.030027,3000.0,2292436,Ejected
0.030027,3000.0,4033655,Ejected
0.030027,2000.0,2292442,Ejected
0.030027,6000.0,2292470,Ejected
0.030027,3000.0,2292460,Ejected
0.030027,2000.0,2292458,Ejected
0.030027,5000.0,2292446,Ejected
0.030027,5000.0,2292434,Ejected
0.030027,17000.0,2292452,Ejected
0.030027,4000.0,2292457,Ejected
0.030027,3000.0,2292427,Ejected
0.030027,10000.0,2292438,Ejected
0.030027,4000.0,1196915,Ejected
0.030027,2000.0,2292441,Ejected
0.030027,6000.0,2292473,Ejected
0.030027,5000.0,1196958,Ejected
0.030027,3000.0,4033664,Ejected
0.030027,3000.0,2292450,Ejected
0.030027,7000.0,2292465,Ejected
0.030027,4000.0,3805857,Ejected
0.030027,5000.0,2292483,Ejected
0.030027,14000.0,1196931,Ejected
0.030027,4000.0,3505646,Ejected
0.030027,3000.0,1196933,Ejected
0.030027,2000.0,4047431,Ejected
0.030027,2000.0,4047428,Ejected
0.030027,33000.0,4047430,Ejected
0.030027,3000.0,2690208,Ejected
0.030027,7000.0,1196982,Captured
0.030027,52000.0,3885370,Ejected
0.030027,8000.0,1196950,Captured
0.030027,81000.0,3505652,Ejected
0.030027,88000.0,1196995,Ejected
0.030027,39000.0,3505589,Captured
0.030027,90000.0,3805817,Captured
0.1,1000.0,1166039,Ejected
0.1,2000.0,1166026,Ejected
0.1,2000.0,1166032,Ejected
0.1,2000.0,1166033,Ejected
0.1,2000.0,1166052,Ejected
0.1,2000.0,1166031,Ejected
0.1,2000.0,1166024,Ejected
0.1,2000.0,1166009,Ejected
0.1,1000.0,1166021,Ejected
0.1,1000.0,1166029,Ejected
0.1,2000.0,2739239,Ejected
0.1,1000.0,249576,Ejected
0.1,2000.0,1166020,Ejected
0.1,4000.0,1166040,Ejected
0.1,2000.0,1166048,Ejected
0.1,2000.0,249562,Ejected
0.1,2000.0,2739187,Ejected
0.1,2000.0,249552,Ejected
0.1,2000.0,249512,Ejected
0.1,1000.0,1166055,Ejected
0.1,1000.0,2739228,Ejected
0.1,1000.0,249542,Ejected
0.1,1000.0,249550,Ejected
0.1,0.0,249532,Captured
0.1,3000.0,1166011,Ejected
0.1,3000.0,1166035,Ejected
0.1,3000.0,1166058,Ejected
0.1,2000.0,1166037,Ejected
0.1,1000.0,1166045,Ejected
0.1,3000.0,1166028,Ejected
0.1,7000.0,1166012,Ejected
0.1,2000.0,1166014,Ejected
0.1,2000.0,1166003,Ejected
0.1,2000.0,1691263,Ejected
0.1,2000.0,1691304,Ejected
0.1,3000.0,1166047,Ejected
0.1,1000.0,1691273,Ejected
0.1,2000.0,1166008,Ejected
0.1,7000.0,1691284,Ejected
0.1,3000.0,1691262,Ejected
0.1,6000.0,1166025,Ejected
0.1,2000.0,249564,Ejected
0.1,2000.0,1166007,Ejected
0.1,1000.0,249514,Ejected
0.1,0.0,1166019,Captured
0.1,1000.0,249570,Ejected
0.1,1000.0,1691285,Ejected
0.1,1000.0,1691272,Ejected
0.1,2000.0,249567,Ejected
0.1,1000.0,249547,Ejected
0.1,8000.0,249518,Ejected
0.1,2000.0,1166057,Ejected
0.1,7000.0,1166022,Ejected
0.1,2000.0,1166056,Ejected
0.1,1000.0,1691288,Ejected
0.1,11000.0,1691301,Ejected
0.1,2000.0,1691290,Ejected
0.1,2000.0,249589,Ejected
0.1,3000.0,63820,Ejected
0.1,2000.0,1166041,Ejected
0.1,8000.0,249560,Ejected
0.1,2000.0,249524,Ejected
0.1,3000.0,249539,Ejected
0.1,4000.0,249569,Ejected
0.1,2000.0,1691268,Ejected
0.1,2000.0,249537,Ejected
0.1,2000.0,249595,Ejected
0.1,1000.0,1691277,Ejected
0.1,3000.0,1691281,Ejected
0.1,7000.0,1691297,Ejected
0.1,2000.0,1691274,Ejected
0.1,0.0,1691278,Captured
0.1,1000.0,249535,Ejected
0.1,3000.0,249541,Ejected
0.1,2000.0,249587,Ejected
0.1,3000.0,1691265,Ejected
0.1,2000.0,63842,Ejected
0.1,7000.0,249565,Ejected
0.1,1000.0,2739252,Ejected
0.1,1000.0,2739244,Ejected
0.1,2000.0,1691292,Ejected
0.1,3000.0,249521,Ejected
0.1,0.0,1166036,Captured
0.1,2000.0,249573,Ejected
0.1,2000.0,249579,Ejected
0.1,1000.0,4188728,Ejected
0.1,2000.0,249584,Ejected
0.1,2000.0,4188718,Ejected
0.1,5000.0,249590,Ejected
0.1,3000.0,1691286,Ejected
0.1,2000.0,249540,Ejected
0.1,2000.0,2739190,Ejected
0.1,2000.0,2739198,Ejected
0.1,2000.0,63829,Ejected
0.1,2000.0,4188762,Ejected
0.1,1000.0,63821,Ejected
0.1,1000.0,63894,Ejected
0.1,1000.0,63845,Ejected
0.1,2000.0,63873,Ejected
0.1,2000.0,63880,Ejected
0.1,1000.0,63895,Ejected
0.1,2000.0,63874,Ejected
0.1,2000.0,2739227,Ejected
0.1,1000.0,2739197,Ejected
0.1,1000.0,4188726,Ejected
0.1,3000.0,4188750,Ejected
0.1,4000.0,1166054,Ejected
0.1,2000.0,249566,Ejected
0.1,5000.0,249525,Ejected
0.1,3000.0,3212696,Ejected
0.1,2000.0,3212692,Ejected
0.1,4000.0,249585,Ejected
0.1,2000.0,2739202,Ejected
0.1,2000.0,3212666,Ejected
0.1,2000.0,3212646,Ejected
0.1,4000.0,2739247,Ejected
0.1,3000.0,1691295,Ejected
0.1,2000.0,3212653,Ejected
0.1,2000.0,249586,Ejected
0.1,2000.0,63884,Ejected
0.1,3000.0,2739240,Ejected
0.1,2000.0,4188749,Ejected
0.1,4000.0,2739255,Ejected
0.1,2000.0,3212647,Ejected
0.1,3000.0,4188712,Ejected
0.1,1000.0,3212641,Ejected
0.1,3000.0,2739221,Ejected
0.1,4000.0,4188733,Ejected
0.1,2000.0,3212689,Ejected
0.1,4000.0,3212693,Ejected
0.1,2000.0,4188761,Ejected
0.1,2000.0,4188751,Ejected
0.1,2000.0,249559,Ejected
0.1,2000.0,2739243,Ejected
0.1,7000.0,2739217,Ejected
0.1,2000.0,2739184,Ejected
0.1,2000.0,3212648,Ejected
0.1,2000.0,3212672,Ejected
0.1,1000.0,3212659,Ejected
0.1,2000.0,63862,Ejected
0.1,2000.0,3212681,Ejected
0.1,2000.0,3212698,Ejected
0.1,2000.0,2739236,Ejected
0.1,2000.0,63860,Ejected
0.1,2000.0,63824,Ejected
0.1,2000.0,63840,Ejected
0.1,5000.0,63870,Ejected
0.1,1000.0,63893,Ejected
0.1,2000.0,4188759,Ejected
0.1,2000.0,63850,Ejected
0.1,3000.0,63825,Ejected
0.1,1000.0,63830,Ejected
0.1,3000.0,63837,Ejected
0.1,3000.0,63847,Ejected
0.1,2000.0,63889,Ejected
0.1,2000.0,63878,Ejected
0.1,0.0,4188739,Captured
0.1,1000.0,63836,Ejected
0.1,3000.0,4188760,Ejected
0.1,1000.0,63843,Ejected
0.1,2000.0,63832,Ejected
0.1,1000.0,4188757,Ejected
0.1,4000.0,63863,Ejected
0.1,2000.0,63861,Ejected
0.1,0.0,2739201,Captured
0.1,3000.0,249517,Ejected
0.1,0.0,2739223,Captured
0.1,8000.0,2739208,Ejected
0.1,1000.0,3212651,Ejected
0.1,2000.0,3212694,Ejected
0.1,3000.0,4188730,Ejected
0.1,2000.0,63896,Ejected
0.1,2000.0,4188709,Ejected
0.1,2000.0,2739210,Ejected
0.1,2000.0,63892,Ejected
0.1,2000.0,2739182,Ejected
0.1,1000.0,4188754,Ejected
0.1,0.0,63831,Captured
0.1,2000.0,2739225,Ejected
0.1,5000.0,2739205,Ejected
0.1,3000.0,2739192,Ejected
0.1,2000.0,249574,Ejected
0.1,2000.0,2739206,Ejected
0.1,3000.0,2739233,Ejected
0.1,2000.0,3212655,Ejected
0.1,8000.0,249591,Ejected
0.1,3000.0,2739215,Ejected
0.1,10000.0,63858,Ejected
0.1,2000.0,63866,Ejected
0.1,5000.0,3212683,Ejected
0.1,6000.0,3212699,Ejected
0.1,1000.0,2739257,Ejected
0.1,3000.0,1527814,Ejected
0.1,5000.0,63881,Ejected
0.1,1000.0,249522,Ejected
0.1,0.0,249557,Captured
0.1,2000.0,2739218,Ejected
0.1,1000.0,4188729,Ejected
0.1,15000.0,3212688,Ejected
0.1,4000.0,2739253,Ejected
0.1,2000.0,3212664,Ejected
0.1,3000.0,2739179,Ejected
0.1,2000.0,63839,Ejected
0.1,4000.0,3212677,Ejected
0.1,2000.0,4188717,Ejected
0.1,3000.0,4188722,Ejected
0.1,3000.0,63826,Ejected
0.1,4000.0,63877,Ejected
0.1,2000.0,2739200,Ejected
0.1,1000.0,63887,Ejected
0.1,3000.0,4188741,Ejected
0.1,7000.0,63852,Ejected
0.1,2000.0,1166006,Ejected
0.1,5000.0,249592,Ejected
0.1,2000.0,4188738,Ejected
0.1,5000.0,63835,Ejected
0.1,4000.0,249520,Ejected
0.1,4000.0,2739188,Ejected
0.1,6000.0,249529,Ejected
0.1,2000.0,2739256,Ejected
0.1,5000.0,63846,Ejected
0.1,4000.0,1691298,Ejected
0.1,1000.0,4188753,Ejected
0.1,2000.0,2739249,Ejected
0.1,3000.0,2739237,Ejected
0.1,2000.0,1373560,Ejected
0.1,3000.0,1373554,Ejected
0.1,9000.0,1373551,Ejected
0.1,2000.0,1373553,Ejected
0.1,4000.0,1373547,Ejected
0.1,29000.0,63902,Ejected
0.1,2000.0,63834,Ejected
0.1,4000.0,1373561,Ejected
0.1,32000.0,2739183,Ejected
0.1,2000.0,3212690,Ejected
0.1,4000.0,63828,Ejected
0.1,3000.0,63853,Ejected
0.1,2000.0,63898,Ejected
0.1,3000.0,4188737,Ejected
0.1,2000.0,4188744,Ejected
0.1,3000.0,249553,Ejected
0.1,4000.0,4188734,Ejected
0.1,2000.0,2739185,Ejected
0.1,3000.0,2739254,Ejected
0.1,2000.0,2739246,Ejected
0.1,4000.0,249598,Ejected
0.1,8000.0,1691276,Ejected
0.1,2000.0,249510,Ejected
0.1,4000.0,1373562,Ejected
0.1,3000.0,1373548,Ejected
0.1,5000.0,63886,Ejected
0.1,2000.0,249516,Ejected
0.1,4000.0,3212679,Ejected
0.1,2000.0,3212654,Ejected
0.1,2000.0,249515,Ejected
0.1,2000.0,3212673,Ejected
0.1,2000.0,3212644,Ejected
0.1,2000.0,2739191,Ejected
0.1,1000.0,4188713,Ejected
0.1,0.0,63885,Captured
0.1,4000.0,249583,Ejected
0.1,2000.0,1691299,Ejected
0.1,10000.0,1373558,Ejected
0.1,2000.0,3212680,Ejected
0.1,2000.0,1373557,Ejected
0.1,2000.0,4188715,Ejected
0.1,2000.0,1373555,Ejected
0.1,5000.0,2739193,Ejected
0.1,8000.0,2739213,Ejected
0.1,11000.0,249526,Ejected
0.1,4000.0,63865,Ejected
0.1,3000.0,63849,Ejected
0.1,4000.0,63856,Ejected
0.1,2000.0,3212675,Ejected
0.1,2000.0,3212686,Ejected
0.1,7000.0,4188746,Ejected
0.1,3000.0,63888,Ejected
0.1,9000.0,63864,Ejected
0.1,7000.0,63891,Ejected
0.1,2000.0,63827,Ejected
0.1,2000.0,2739180,Ejected
0.1,3000.0,2739186,Ejected
0.1,0.0,3212652,Captured
0.1,4000.0,3212685,Ejected
0.1,2000.0,2739231,Ejected
0.1,5000.0,4188743,Ejected
0.1,2000.0,249505,Ejected
0.1,1000.0,63869,Ejected
0.1,4000.0,1166015,Ejected
0.1,2000.0,63899,Ejected
0.1,2000.0,1527812,Ejected
0.1,2000.0,4188752,Ejected
0.1,4000.0,1166005,Ejected
0.1,4000.0,1691303,Ejected
0.1,3000.0,1166043,Ejected
0.1,84000.0,249506,Ejected
0.1,4000.0,63823,Ejected
0.1,9000.0,3212700,Ejected
0.1,2000.0,4188735,Ejected
0.1,2000.0,1166042,Ejected
0.1,6000.0,249580,Ejected
0.1,7000.0,2739216,Ejected
0.1,13000.0,249563,Ejected
0.1,6000.0,3212676,Ejected
0.1,8000.0,249513,Ejected
0.1,7000.0,63901,Ejected
0.1,20000.0,1691283,Ejected
0.1,6000.0,249575,Ejected
0.1,39000.0,1691291,Ejected
0.1,7000.0,1691266,Captured
0.1,13000.0,249538,Captured
0.1,14000.0,249523,Captured
0.1,13000.0,249531,Captured
0.1,23000.0,1373552,Captured
0.1,61000.0,2739195,Captured
